idx,geo_id,name,centroid_lon,centroid_lat,area_m2,land_m2,water_m2,T_10_CENS_Total,T_10_CENS_White,T_10_CENS_Hispanic,T_10_CENS_Black,T_10_CENS_Asian,T_10_CENS_Native,T_10_CENS_Pacific,T_18_ACS_Total,T_18_ACS_White,T_18_ACS_Hispanic,T_18_ACS_Black,T_18_ACS_Asian,T_18_ACS_Native,T_18_ACS_Pacific,T_19_ACS_Total,T_19_ACS_White,T_19_ACS_Hispanic,T_19_ACS_Black,T_19_ACS_Asian,T_19_ACS_Native,T_19_ACS_Pacific,T_20_CENS_Total,T_20_CENS_White,T_20_CENS_Hispanic,T_20_CENS_Black,T_20_CENS_Asian,T_20_CENS_Native,T_20_CENS_Pacific,T_20_ACS_Total,T_20_ACS_White,T_20_ACS_Hispanic,T_20_ACS_Black,T_20_ACS_Asian,T_20_ACS_Native,T_20_ACS_Pacific,T_22_ACS_Total,T_22_ACS_White,T_22_ACS_Hispanic,T_22_ACS_Black,T_22_ACS_Asian,T_22_ACS_Native,T_22_ACS_Pacific,V_10_VAP_Total,V_10_VAP_White,V_10_VAP_Hispanic,V_10_VAP_Black,V_10_VAP_Asian,V_10_VAP_Native,V_10_VAP_Pacific,V_18_CVAP_Total,V_18_CVAP_White,V_18_CVAP_Hispanic,V_18_CVAP_Black,V_18_CVAP_Asian,V_18_CVAP_Native,V_18_CVAP_Pacific,V_19_CVAP_Total,V_19_CVAP_White,V_19_CVAP_Hispanic,V_19_CVAP_Black,V_19_CVAP_Asian,V_19_CVAP_Native,V_19_CVAP_Pacific,V_20_VAP_Total,V_20_VAP_White,V_20_VAP_Hispanic,V_20_VAP_Black,V_20_VAP_Asian,V_20_VAP_Native,V_20_VAP_Pacific,V_20_VAP_NH_Total,V_20_VAP_NH_White,V_20_VAP_NH_Hispanic,V_20_VAP_NH_BlackAlone,V_20_VAP_NH_AsianAlone,V_20_VAP_NH_NativeAlone,V_20_VAP_NH_PacificAlone,V_20_VAP_NH_OtherAlone,V_20_VAP_NH_TwoOrMore,V_20_CVAP_Total,V_20_CVAP_White,V_20_CVAP_Hispanic,V_20_CVAP_Black,V_20_CVAP_Asian,V_20_CVAP_Native,V_20_CVAP_Pacific,V_22_CVAP_Total,V_22_CVAP_White,V_22_CVAP_Hispanic,V_22_CVAP_Black,V_22_CVAP_Asian,V_22_CVAP_Native,V_22_CVAP_Pacific,V_22_CVAP_RemTwoOrMore,E_08_PRES_Total,E_08_PRES_Dem,E_08_PRES_Rep,E_12_PRES_Total,E_12_PRES_Dem,E_12_PRES_Rep,E_16_PRES_Total,E_16_PRES_Dem,E_16_PRES_Rep,E_16_SEN_Total,E_16_SEN_Dem,E_16_SEN_Rep,E_16_GOV_Total,E_16_GOV_Dem,E_16_GOV_Rep,E_16_AG_Total,E_16_AG_Dem,E_16_AG_Rep,E_18_SEN_Total,E_18_SEN_Dem,E_18_SEN_Rep,E_16-20_COMP_Total,E_16-20_COMP_Dem,E_16-20_COMP_Rep,E_20_PRES_Total,E_20_PRES_Dem,E_20_PRES_Rep,E_20_GOV_Total,E_20_GOV_Dem,E_20_GOV_Rep,E_20_AG_Total,E_20_AG_Dem,E_20_AG_Rep,outer_perimeter_m,parent_state,parent_county,parent_tract,parent_group,parent_vtd
0,18089030700,307,-87.4500178,41.6237794,5118948.0,4978681.0,140267.0,2064,142,850,1126,6,28,2,2073,183,866,1145,0,32,0,1911,181,703,1038,0,29,0,1932,94,897,978,8,39,2,1779,161,531,1096,0,31,0,1853,72,671,1106,0,30,0,1528,130,586,819,3,18,2,1595,185,635,764,0,12,0,1565,180,615,759,0,12,0,1439,82,661,706,5,28,1,1439,82,661,669,4,2,0,0,21,1385,165,439,769,0,12,0,1310,70,390,849,0,0,0,0,1010,937,68,856,807,49,773,709,49,757,697,45,750,694,47,754,701,53,608,568,35,721,666,49,742,673,68,741,646,87,727,667,60,0.0,18,18089,,,
1,18089030800,308,-87.4513593,41.640085,941893.0,941893.0,0.0,4272,218,2507,1684,11,48,4,4702,112,3294,1391,0,0,0,4788,112,3579,1189,9,0,0,3932,170,2244,1604,25,86,10,4435,175,2865,1411,18,0,0,4314,249,2534,1588,29,20,0,3094,199,1827,1122,6,34,1,2930,80,1920,930,0,0,0,3050,70,2205,780,0,0,0,2899,151,1707,1060,16,58,10,2899,151,1707,992,6,7,0,12,24,3049,134,1774,1144,0,0,0,2955,230,1730,1000,4,0,0,0,1715,1568,139,1505,1419,86,1493,1354,92,1439,1330,74,1447,1342,79,1441,1356,85,1084,1014,61,1346,1231,97,1332,1180,144,1324,1134,168,1303,1177,126,0.0,18,18089,,,
2,18089030900,309,-87.4412385,41.6360181,1945376.0,1945376.0,0.0,3570,180,1668,1780,8,20,1,3473,289,1602,1600,0,0,0,3758,269,1933,1575,0,25,0,3647,184,1623,1904,14,52,0,3661,244,2228,1209,0,26,0,3374,145,2139,1090,0,32,0,2674,165,1226,1299,7,15,1,2470,265,955,1255,0,0,0,2395,270,950,1175,0,0,0,2637,153,1167,1335,12,44,0,2637,153,1167,1274,9,3,0,1,30,2453,245,1299,927,0,0,0,2455,145,1520,790,0,0,0,0,1662,1534,120,1540,1450,90,1433,1309,88,1359,1245,76,1362,1275,69,1370,1301,69,1068,1008,51,1260,1167,81,1222,1096,112,1199,1039,143,1176,1072,104,0.0,18,18089,,,
3,18003003100,31,-85.1321766,41.0409018,1647995.0,1647995.0,0.0,2645,999,534,1086,43,41,2,3106,1059,839,1146,104,0,0,2849,1105,574,1087,123,0,0,3076,776,938,991,346,73,2,3153,1524,597,847,210,7,0,2926,1312,561,993,50,84,0,1761,803,302,627,23,25,2,1680,855,160,665,4,0,0,1785,920,205,629,30,0,0,2038,640,551,623,200,61,1,2038,640,551,567,186,4,0,17,73,2058,1307,168,543,44,0,0,1920,1150,225,520,20,4,0,0,947,730,201,817,610,207,700,489,174,693,489,164,688,505,167,688,468,220,568,416,130,673,491,163,727,534,174,716,446,209,702,522,180,0.0,18,18003,,,
4,18089042401,424.01,-87.3694392,41.5142475,7366550.0,7312127.0,54423.0,6444,1785,782,3879,77,46,6,6250,1589,825,3921,145,0,0,6292,1473,840,3993,129,79,0,6334,1309,945,4107,84,123,3,6640,1867,989,3712,107,81,0,6209,1532,971,3723,0,310,0,4622,1547,506,2542,51,30,2,4610,1390,520,2680,20,0,0,4360,1210,465,2680,0,60,0,4790,1142,627,2968,58,94,1,4790,1142,627,2823,45,1,0,14,138,4781,1617,657,2521,0,67,0,4535,1410,565,2505,0,165,0,0,2938,2440,482,2776,2366,410,2651,2090,452,2596,2115,395,2616,2179,383,2561,2160,401,2163,1832,299,2558,2108,407,2725,2222,476,2710,2133,514,2674,2211,463,0.0,18,18089,,,
5,18089042403,424.03,-87.331379,41.511253,5823411.0,5823411.0,0.0,4189,978,411,2801,39,38,0,3933,928,524,2500,9,113,20,3898,836,462,2487,38,103,25,4399,711,535,3109,52,107,2,3976,796,385,2678,42,93,22,4267,680,487,3216,57,90,30,3135,868,257,1986,33,25,0,3060,845,335,1810,0,75,0,3055,790,365,1800,30,70,0,3255,611,344,2252,25,68,2,3255,611,344,2167,19,10,0,10,94,3178,760,336,1977,40,55,0,3275,650,370,2170,35,54,0,20,2098,1789,294,1910,1690,220,1854,1572,237,1806,1566,198,1814,1607,184,1802,1593,209,1501,1309,173,1765,1511,232,1840,1519,307,1825,1460,326,1803,1499,304,0.0,18,18089,,,
6,18089042501,425.01,-87.3788551,41.4787791,3695929.0,3695929.0,0.0,6217,3024,1046,2073,151,47,7,6427,2490,1375,2861,29,17,20,6482,2535,1723,2496,31,14,47,6332,2190,1248,2778,131,196,12,6437,2693,1834,2134,31,8,46,6595,2404,2232,2286,34,0,53,4321,2432,627,1176,92,27,4,4180,2075,565,1490,10,15,0,4170,2060,725,1335,10,15,0,4628,1870,794,1811,94,133,10,4628,1870,794,1698,67,10,0,15,174,3937,1953,801,1143,9,10,0,4205,1765,1140,1265,0,0,0,35,2366,1607,739,2322,1618,704,2339,1472,745,2292,1524,665,2295,1594,643,2258,1592,666,1845,1342,474,2290,1553,683,2541,1702,799,2525,1566,847,2472,1688,784,0.0,18,18089,,,
7,18089042503,425.03,-87.3441596,41.4784486,5636114.0,5636114.0,0.0,3132,1473,399,1220,59,24,0,3065,1316,318,1419,0,21,0,3013,1341,305,1331,0,26,0,3296,1101,503,1655,53,69,4,3206,1133,343,1634,0,24,0,3187,1068,428,1614,0,8,0,2495,1324,283,852,40,16,0,2395,1110,210,1050,0,20,0,2360,1080,205,1050,0,25,0,2676,1014,351,1257,41,53,4,2676,1014,351,1190,32,0,4,16,69,2588,1052,244,1264,0,24,0,2610,1050,320,1235,0,10,0,0,1411,1037,364,1407,1097,310,1442,1088,300,1414,1090,282,1414,1135,254,1396,1112,284,1300,1052,225,1449,1120,303,1580,1191,371,1570,1113,405,1542,1169,373,0.0,18,18089,,,
8,18003003304,33.04,-85.135346,41.1204408,4721412.0,4721412.0,0.0,4295,2796,526,611,355,44,13,3890,2345,367,614,534,44,0,4154,2458,454,752,442,63,0,4143,2265,503,803,526,124,9,4145,2459,280,810,542,69,0,4150,2370,303,717,714,46,0,3258,2297,326,393,227,32,8,2635,1850,110,405,220,45,0,2680,1800,200,500,115,65,0,3155,1899,320,517,358,100,7,3155,1899,320,442,331,17,0,10,136,2738,1851,133,563,118,70,0,2720,1955,150,425,155,38,0,0,1183,658,506,1064,536,528,1192,548,550,1181,584,508,1165,593,527,1147,533,614,860,438,384,1135,568,517,1229,640,561,1221,491,596,1206,619,587,0.0,18,18003,,,
9,18003003500,35,-85.0983403,41.0965666,2599483.0,2599483.0,0.0,4216,2858,149,833,370,29,10,4061,2605,82,961,395,40,0,4248,2724,68,1065,399,19,0,4229,2338,217,1115,510,58,4,4433,2745,113,1149,403,18,0,4376,2249,40,1245,718,62,7,3136,2369,76,443,236,20,8,2950,2145,55,648,70,35,0,3140,2285,45,704,85,20,0,3238,2000,134,702,356,47,4,3238,2000,134,634,341,6,3,10,110,3305,2479,79,640,87,3,0,3225,2225,25,675,255,39,4,15,1344,715,614,1386,706,680,1349,640,598,1344,692,560,1325,685,585,1293,590,703,1117,604,456,1327,699,565,1441,818,584,1412,620,679,1387,767,620,0.0,18,18003,,,
10,18003003700,37,-85.1775739,41.0376661,4027116.0,4011926.0,15190.0,2779,2285,163,277,32,36,4,2661,2005,293,332,22,22,0,2770,2036,334,356,16,38,0,2727,1986,216,444,34,63,3,2607,2016,321,239,0,31,0,2691,2118,413,132,0,11,0,2093,1827,92,134,20,21,2,2045,1665,155,210,10,10,0,2095,1665,175,220,4,30,0,2085,1616,152,251,19,55,3,2085,1616,152,212,14,10,0,14,67,2174,1785,196,167,0,21,0,2110,1765,250,85,0,10,0,0,1067,542,511,1014,479,535,1004,360,575,1002,414,495,1000,439,509,979,361,618,819,372,408,1013,439,528,1131,504,593,1118,389,608,1114,526,588,0.0,18,18003,,,
11,18003002500,25,-85.1522354,41.0526607,1194241.0,1194241.0,0.0,3152,2276,363,474,42,58,3,3487,2686,269,533,66,143,7,3317,2676,101,490,9,41,9,3231,2118,458,494,64,122,8,3195,2313,267,580,3,32,7,3421,2261,592,555,98,19,0,2226,1700,217,271,26,37,2,2375,1895,115,310,0,25,0,2265,1920,44,295,0,15,0,2328,1677,270,270,32,90,4,2328,1677,270,212,22,13,4,12,118,2168,1775,127,242,0,9,0,2340,1765,239,284,40,4,0,0,1227,698,514,1072,589,483,1140,591,417,1134,636,406,1129,660,417,1101,588,513,980,613,313,1136,669,407,1242,756,434,1253,606,516,1227,751,476,0.0,18,18003,,,
12,18003003800,38,-85.17673,41.0162622,3691313.0,3691313.0,0.0,3132,2527,209,374,22,35,1,2897,2175,173,534,0,42,26,3236,2268,173,712,0,40,29,3130,2315,222,476,43,80,10,3345,2085,483,681,0,86,43,3039,1839,448,671,0,72,22,2409,2053,117,210,20,26,1,2475,1985,130,325,0,45,10,2540,2020,120,360,0,40,10,2549,1990,145,320,32,60,9,2549,1990,145,277,16,15,6,0,100,2614,1875,351,284,0,80,16,2350,1680,290,305,0,35,4,30,1074,535,525,1002,434,568,950,316,561,927,367,455,920,377,494,911,319,592,760,316,405,964,389,528,1136,477,628,1130,370,595,1111,493,618,0.0,18,18003,,,
13,18003002600,26,-85.1424382,41.0538225,1127340.0,1127340.0,0.0,3347,1623,671,890,162,59,13,3930,1632,949,859,477,7,8,3954,1584,1096,887,369,0,11,3474,1554,806,835,253,110,7,3677,1546,1140,700,268,0,10,3566,1557,1085,661,263,24,0,2209,1244,372,480,102,39,6,2160,1285,345,479,45,4,0,2170,1305,375,459,30,0,0,2372,1244,497,441,147,63,7,2372,1244,497,378,133,0,0,11,109,2059,1294,388,352,20,0,0,2090,1345,380,320,35,8,0,0,1116,783,324,774,517,257,1016,617,310,1005,615,309,1002,649,309,980,583,397,832,556,223,1004,650,307,1120,749,338,1114,592,412,1089,720,369,0.0,18,18003,,,
14,18003002900,29,-85.1012558,41.057167,1607743.0,1607743.0,0.0,2368,418,459,1494,13,12,8,2536,540,562,1423,24,39,6,2488,604,558,1306,20,53,0,2561,358,736,1361,93,56,0,2529,466,539,1492,23,47,0,2245,364,506,1237,182,13,0,1572,324,261,980,10,7,5,1470,410,190,810,20,35,4,1500,440,200,785,20,45,0,1652,256,441,886,65,35,0,1652,256,441,815,60,1,0,3,76,1562,347,171,977,26,34,0,1515,265,205,979,65,10,0,0,779,716,54,715,678,37,626,561,49,622,557,48,616,559,49,625,546,79,512,467,34,610,553,48,669,590,66,659,524,104,656,580,76,0.0,18,18003,,,
15,18175967400,9674,-86.2258824,38.5385598,343465683.0,341870225.0,1595458.0,4698,4609,54,12,7,15,1,4290,4136,76,0,37,29,0,4188,4059,63,0,38,28,0,4595,4336,78,48,18,100,2,4258,4116,83,0,59,0,0,4361,4140,58,40,19,10,0,3520,3464,27,7,3,14,1,3339,3209,69,0,35,30,0,3254,3149,39,0,40,30,0,3529,3354,49,24,6,71,2,3529,3354,49,11,1,10,0,14,90,3479,3379,38,0,60,0,0,3375,3295,35,15,20,10,0,4,1979,783,1141,1805,649,1156,1921,435,1388,1921,620,1234,1898,609,1238,1844,457,1387,1595,459,1069,1905,500,1351,2102,436,1624,2103,379,1391,2052,452,1600,0.0,18,18175,,,
16,18003002100,21,-85.1563431,41.0650833,1194909.0,1194909.0,0.0,2344,1467,437,380,31,58,1,2180,1281,456,421,70,5,0,2369,1279,700,333,59,59,0,2192,1143,577,410,26,94,2,2386,1544,418,380,27,43,0,2241,1391,467,321,16,274,0,1647,1132,267,207,17,38,0,1410,1010,175,165,54,0,0,1550,1015,310,135,44,35,0,1595,948,342,230,23,58,2,1595,948,342,203,11,18,0,9,64,1592,1192,187,153,24,31,0,1630,1155,270,85,10,54,0,65,493,339,146,419,263,156,436,216,176,437,229,163,430,241,159,422,230,192,331,202,102,427,240,158,464,266,187,456,227,182,446,277,169,0.0,18,18003,,,
17,18167010201,102.01,-87.3557053,39.5802462,44098214.0,43637067.0,461147.0,4734,4464,71,125,52,17,6,4726,4592,41,44,42,0,26,4969,4748,102,81,17,13,0,4707,4367,65,136,47,71,0,5206,4993,117,60,12,9,0,5084,4876,74,107,0,14,0,3566,3404,43,71,26,14,4,3690,3580,20,40,15,0,0,3865,3720,55,60,15,15,0,3658,3424,42,86,32,54,0,3658,3424,42,73,22,4,0,3,90,4225,4095,64,43,16,8,0,4225,4115,30,69,0,14,0,0,2232,1192,1009,2085,924,1161,2248,705,1435,2253,1090,1024,2255,1147,1053,2154,864,1290,1834,729,998,2215,886,1257,2465,812,1600,2448,612,1586,2255,827,1428,0.0,18,18167,,,
18,18167010202,102.02,-87.3834674,39.530226,30508875.0,30085776.0,423099.0,3283,3141,48,68,15,22,2,3162,3053,0,51,0,58,0,2999,2867,0,78,0,47,0,3240,3018,47,83,20,44,0,2918,2764,0,57,0,36,0,3187,2901,28,151,0,30,0,2496,2421,22,40,9,15,0,2335,2230,0,45,0,60,0,2360,2240,0,65,0,49,0,2517,2362,27,55,14,31,0,2517,2362,27,39,12,4,0,15,58,2399,2312,0,43,0,39,0,2485,2335,4,115,0,28,0,0,1429,810,600,1258,640,618,1335,483,785,1314,702,538,1308,732,544,1253,575,678,1067,475,523,1287,571,672,1412,502,880,1408,401,886,1295,519,776,0.0,18,18167,,,
19,18159020200,202,-86.1268885,40.3623733,193174124.0,193174124.0,0.0,3611,3475,80,14,26,16,2,3325,3210,65,4,55,5,0,3327,3214,66,4,50,7,0,3393,3175,74,32,27,59,4,3505,3403,55,2,57,9,0,3434,3272,68,11,78,43,0,2800,2722,42,4,18,14,2,2690,2645,4,4,29,4,0,2580,2540,4,4,29,4,0,2676,2530,40,19,8,55,3,2676,2530,40,12,3,1,0,15,75,2680,2632,10,5,15,2,0,2680,2575,25,14,23,44,0,0,1930,697,1190,1814,562,1252,1886,352,1442,1884,499,1261,1876,593,1235,1821,378,1443,1532,373,1096,1845,439,1354,2002,392,1565,1988,273,1291,1930,426,1504,0.0,18,18159,,,
20,18159020100,201,-85.9209134,40.3169878,205594706.0,205533633.0,61073.0,2817,2690,90,20,6,11,2,2681,2502,169,6,0,4,0,2583,2378,195,5,0,5,0,2546,2365,116,18,16,36,1,2539,2410,94,24,0,35,0,2602,2417,140,9,20,14,7,2149,2078,53,6,4,6,2,2145,1990,150,0,0,4,0,2030,1885,140,0,0,4,0,1985,1867,74,3,11,34,1,1985,1867,74,1,6,3,0,0,34,1974,1901,61,0,0,11,0,2000,1855,115,0,20,4,0,4,1315,518,756,1164,371,793,1227,231,939,1222,350,796,1215,387,778,1182,243,939,938,250,646,1188,291,863,1298,246,1034,1299,174,840,1267,292,975,0.0,18,18159,,,
21,18159020300,203,-86.1273066,40.2611418,193367915.0,193360960.0,6955.0,2808,2754,23,11,12,11,0,2787,2709,2,20,45,16,0,2815,2742,2,17,40,20,0,2685,2546,42,26,23,53,1,2966,2775,84,33,59,36,0,2721,2547,80,22,65,18,0,2167,2142,10,1,6,8,0,2275,2230,4,19,10,14,0,2315,2280,4,4,15,19,0,2133,2038,31,6,20,40,1,2133,2038,31,3,8,4,0,0,49,2375,2333,5,10,8,30,0,2115,2065,25,4,15,8,0,0,1500,589,879,1396,443,953,1440,284,1092,1429,414,940,1418,455,915,1359,272,1087,1214,333,815,1414,349,1021,1530,323,1182,1524,212,975,1472,343,1129,0.0,18,18159,,,
22,18055954900,9549,-87.1055532,39.0896936,282906398.0,281927528.0,978870.0,5068,4960,47,18,21,34,1,4972,4852,78,15,17,21,0,4787,4672,66,20,18,21,0,4992,4776,65,27,39,57,7,4392,4312,52,12,11,9,0,4523,4436,46,13,0,28,0,3941,3875,34,9,12,30,1,4000,3980,19,8,0,0,0,3855,3830,19,8,0,0,0,3916,3763,35,12,29,49,5,3916,3763,35,3,25,11,0,1,78,3539,3491,16,9,0,0,0,3695,3630,14,15,0,29,0,0,2328,965,1317,2219,677,1542,2355,434,1836,2300,873,1327,2333,1226,1058,2145,542,1603,1847,511,1257,2283,680,1544,2491,495,1947,2458,346,1719,2414,582,1832,0.0,18,18055,,,
23,18055955000,9550,-87.1904818,39.1478481,47422622.0,46635034.0,787588.0,3038,2972,22,9,11,15,2,2700,2551,31,60,20,38,0,2877,2730,53,59,17,18,0,2707,2581,45,15,12,38,0,2816,2636,40,56,57,27,0,2691,2573,0,40,45,33,0,2268,2221,12,6,7,13,2,1950,1885,15,10,20,20,0,2040,1980,20,10,15,10,0,2060,1982,21,8,11,24,0,2060,1982,21,3,3,4,0,6,41,2043,1929,10,10,56,23,0,2070,1980,0,15,45,34,0,0,1110,519,536,967,373,594,1041,182,788,1031,401,563,1035,543,464,946,272,674,772,250,477,998,307,660,1137,212,882,1125,174,688,1116,330,786,0.0,18,18055,,,
24,18055955300,9553,-87.0443469,38.9680651,428367318.0,423779882.0,4587436.0,4193,4102,42,12,19,15,2,4281,4103,20,20,54,96,0,4203,3989,17,19,79,110,0,3800,3565,86,25,31,90,2,4477,4261,30,11,67,105,0,4552,4364,79,17,53,33,0,3276,3216,29,3,12,15,2,3520,3365,10,0,35,95,0,3325,3155,10,0,44,110,0,2987,2842,45,5,16,65,2,2987,2842,45,0,12,9,0,4,75,3477,3301,11,0,31,103,0,3365,3285,25,4,23,19,0,4,1907,711,1141,1754,554,1200,1871,362,1431,1842,675,1088,1869,909,928,1727,415,1312,1455,418,965,1785,520,1225,1935,391,1514,1919,298,1248,1884,451,1433,0.0,18,18055,,,
25,18055955400,9554,-86.9324003,39.0319299,30155252.0,29902055.0,253197.0,3462,3368,42,12,18,16,4,3183,3065,58,62,18,11,0,3337,3207,54,80,19,14,0,3202,3006,54,39,34,67,1,3395,3285,36,71,14,8,0,3224,3081,53,69,4,4,0,2660,2606,24,5,14,12,3,2675,2570,35,44,4,0,0,2760,2655,30,48,4,0,0,2543,2418,21,13,26,44,1,2543,2418,21,6,18,1,0,6,73,2766,2687,13,59,4,0,0,2575,2475,39,53,4,4,0,0,1580,575,979,1461,459,1002,1590,350,1156,1569,530,954,1580,712,832,1484,336,1148,1265,382,824,1510,463,1007,1583,404,1147,1596,296,1083,1561,418,1143,0.0,18,18055,,,
26,18055954800,9548,-86.9225363,39.1102517,216187215.0,214155233.0,2031982.0,3717,3636,45,6,13,26,0,3341,3296,39,2,4,3,0,3602,3547,50,2,3,3,0,3436,3249,74,10,12,75,1,3792,3611,97,2,5,13,0,3643,3432,130,2,0,12,0,2825,2772,26,1,6,18,0,2525,2495,29,4,4,0,0,2745,2720,20,4,4,0,0,2679,2541,35,5,10,69,0,2679,2541,35,3,4,13,0,0,83,2939,2876,37,0,4,12,0,2735,2670,55,4,0,14,0,0,1604,604,956,1512,480,1032,1624,321,1222,1596,553,962,1611,714,859,1499,353,1146,1316,385,845,1580,457,1082,1726,376,1323,1708,255,1161,1678,417,1261,0.0,18,18055,,,
27,18055955100,9551,-87.1749594,39.0368338,6800732.0,6800732.0,0.0,3037,2954,41,8,14,26,2,3258,3032,127,26,0,21,52,2925,2724,108,24,0,22,47,2710,2541,72,19,17,54,12,2908,2666,157,33,0,0,52,2700,2473,170,22,15,45,0,2265,2208,19,4,12,22,2,2320,2225,25,0,0,20,20,2120,2035,20,0,0,20,15,2092,1987,39,8,5,33,10,2092,1987,39,0,1,1,4,0,60,2114,2051,16,0,0,0,20,2025,1975,10,20,0,20,0,0,1248,605,598,1213,472,741,1148,272,826,1115,514,548,1144,673,449,1045,351,694,789,285,464,1069,397,644,1118,276,823,1112,201,745,1104,329,775,0.0,18,18055,,,
28,18055955200,9552,-87.1544504,39.035756,4838427.0,4821261.0,17166.0,2219,2152,20,6,9,18,1,2096,2033,63,14,0,38,0,2169,2075,94,14,0,36,0,2267,2124,55,15,4,72,3,2174,2076,88,0,10,27,0,2202,2029,113,0,22,67,0,1738,1698,13,2,4,13,0,1615,1590,25,0,0,0,0,1695,1635,60,0,0,0,0,1695,1600,33,7,3,58,3,1695,1600,33,2,1,2,0,0,57,1776,1703,60,0,14,0,0,1790,1645,80,0,24,40,0,0,1094,503,557,846,322,524,984,227,718,974,430,501,977,558,408,911,284,627,739,251,460,945,339,589,1029,279,730,1026,195,683,1007,310,697,0.0,18,18055,,,
29,18069961600,9616,-85.4785369,40.89977,19208399.0,18941048.0,267351.0,3723,3551,84,46,17,38,0,3908,3661,53,55,139,0,0,3954,3800,45,56,44,0,9,3853,3493,133,71,42,108,2,3666,3416,38,45,43,0,19,3469,3216,33,19,19,53,24,2840,2731,56,19,10,27,0,2928,2823,34,24,45,0,0,2998,2898,19,24,45,0,10,3006,2760,87,47,26,86,2,3006,2760,87,35,16,12,1,0,95,2759,2658,25,20,46,0,18,2780,2660,25,20,20,35,25,0,1381,539,812,1133,377,756,1340,332,914,1292,398,762,1279,423,785,1254,302,952,1023,307,649,1304,372,873,1532,398,1092,1520,270,993,1454,393,1061,0.0,18,18069,,,
30,18069961500,9615,-85.5026853,40.8918617,3553432.0,3524662.0,28770.0,4865,4605,123,59,52,33,7,4886,4628,107,111,31,33,0,4782,4447,112,152,57,44,0,4583,4193,148,83,43,97,2,4740,4373,80,196,79,37,0,4506,4140,49,172,121,53,0,3712,3561,77,32,31,24,1,3827,3637,65,75,25,25,0,3827,3572,75,94,54,35,0,3619,3338,100,57,34,72,1,3619,3338,100,42,25,15,0,11,88,3872,3591,64,131,48,30,0,3560,3380,40,69,33,29,0,10,1696,617,1043,1736,533,1203,1751,442,1166,1711,552,1022,1697,570,1058,1662,394,1268,1480,482,907,1741,520,1144,1971,576,1337,1962,361,1293,1867,517,1350,0.0,18,18069,,,
31,18069961800,9618,-85.4752172,40.857444,12909571.0,12689395.0,220176.0,3223,3091,63,19,22,43,2,2876,2774,46,7,0,32,17,3013,2864,91,0,0,40,19,3074,2796,119,40,29,76,4,2989,2853,58,0,0,40,38,3070,2823,82,0,90,41,34,2410,2332,38,8,12,23,2,2225,2125,50,4,0,25,15,2250,2130,69,0,0,30,20,2370,2198,70,14,16,57,3,2370,2198,70,10,12,27,1,3,49,2359,2256,29,0,0,42,42,2275,2145,50,0,0,39,35,0,1151,490,641,1033,373,660,1092,245,762,1047,331,592,1040,357,610,1013,234,779,849,253,539,1075,311,703,1251,337,875,1240,211,770,1199,357,842,0.0,18,18069,,,
32,18063210300,2103,-86.4695997,39.8649433,79460783.0,79426610.0,34173.0,6022,5843,73,34,48,28,6,6587,6245,87,182,29,43,0,6703,6266,88,237,48,51,0,6579,5986,157,162,122,113,6,6806,6218,62,163,212,41,0,6619,6116,59,146,88,20,0,4302,4214,41,12,23,19,2,4879,4684,25,118,12,45,0,5100,4844,30,170,9,50,0,4891,4527,109,81,64,74,5,4891,4527,109,64,45,0,0,15,131,5199,4810,24,113,212,46,0,4980,4765,60,50,90,18,0,0,2867,878,1959,2933,706,2227,3315,666,2440,3301,790,2369,3299,915,2306,3167,579,2588,2756,743,1932,3354,825,2438,3780,939,2773,3768,579,2378,3687,902,2785,0.0,18,18063,,,
33,18069961700,9617,-85.392513,40.8570923,228061018.0,223968169.0,4092849.0,4542,4422,42,25,30,22,3,4398,4227,127,3,7,36,0,4419,4237,132,5,12,35,0,4449,4196,65,36,43,85,0,4725,4546,119,7,3,53,0,4686,4580,37,13,10,22,0,3445,3378,24,11,13,18,3,3415,3305,70,8,4,39,0,3475,3350,74,8,10,39,0,3490,3318,48,17,18,69,0,3490,3318,48,8,7,15,0,6,88,3537,3413,70,5,4,55,0,3550,3475,39,4,10,19,0,0,2307,722,1545,2249,575,1674,2356,429,1781,2319,589,1574,2309,651,1576,2263,401,1862,1969,497,1414,2319,536,1719,2578,517,2017,2565,334,1732,2494,529,1965,0.0,18,18069,,,
34,18069962100,9621,-85.4851747,40.7056302,250584692.0,249293220.0,1291472.0,3346,3262,38,20,7,20,0,3203,3079,50,0,34,40,0,3135,2967,57,0,58,53,0,3467,3298,62,30,13,46,3,3132,2923,90,0,62,52,0,3118,2922,48,32,28,55,0,2593,2545,23,7,1,17,0,2530,2455,34,0,0,40,0,2515,2425,34,0,0,55,0,2742,2634,29,10,8,37,3,2742,2634,29,7,8,0,1,7,56,2570,2424,80,0,20,54,0,2535,2385,45,25,29,44,0,4,1788,573,1166,1659,453,1206,1751,353,1318,1700,472,1129,1694,484,1161,1650,329,1321,1438,358,1006,1659,396,1213,1754,381,1348,1741,256,1150,1682,387,1295,0.0,18,18069,,,
35,18069961300,9613,-85.5162563,40.9638743,204687781.0,203248314.0,1439467.0,4628,4480,56,34,24,31,2,4591,4330,140,13,9,99,0,4527,4277,141,9,26,74,0,4705,4447,100,27,24,84,2,4111,3837,170,52,14,38,0,4715,4444,182,8,29,61,0,3552,3477,30,13,13,16,1,3505,3355,30,14,10,100,0,3440,3315,25,10,25,75,0,3695,3506,67,12,23,64,2,3695,3506,67,10,15,16,0,8,73,3134,2983,38,44,16,37,0,3595,3485,45,8,20,50,0,0,2558,764,1744,2496,624,1872,2580,530,1910,2543,684,1680,2535,779,1673,2458,456,2002,2212,608,1531,2580,654,1845,2919,681,2182,2920,452,1992,2802,677,2125,0.0,18,18069,,,
36,18069962000,9620,-85.5538822,40.8105742,234392560.0,229202556.0,5190004.0,4250,4110,50,22,25,42,2,4207,4006,44,134,14,11,0,4289,4086,48,119,20,16,0,4104,3815,121,34,26,104,0,4445,4228,65,85,12,56,0,4195,3861,178,110,3,44,0,3243,3161,34,6,12,29,2,3245,3165,29,35,14,10,0,3365,3275,33,35,20,10,0,3162,2984,67,23,15,81,0,3162,2984,67,11,4,8,0,0,88,3435,3323,46,28,3,29,0,3355,3185,105,30,4,25,0,4,1933,674,1219,1873,543,1330,1948,358,1497,1906,477,1279,1905,539,1281,1863,326,1537,1559,358,1146,1896,422,1410,2095,410,1634,2080,274,1388,2011,429,1582,0.0,18,18069,,,
37,18069961400,9614,-85.5331662,40.9004972,20194833.0,20146007.0,48826.0,3883,3701,80,33,43,25,2,3924,3683,140,48,47,0,6,3989,3717,141,40,84,0,7,3749,3326,173,66,66,108,0,4017,3769,157,29,45,0,17,3635,3319,237,52,16,11,0,2932,2821,43,15,26,22,2,2975,2930,24,20,0,0,0,2955,2915,19,15,0,0,0,2851,2586,110,25,48,72,0,2851,2586,110,15,38,7,0,7,88,3111,3057,23,3,0,0,0,2870,2795,39,19,0,10,0,0,1354,549,784,1562,514,1048,1587,394,1072,1547,496,926,1549,539,941,1513,371,1142,1296,430,785,1556,462,1016,1726,483,1193,1718,326,1125,1647,461,1186,0.0,18,18069,,,
38,18069961900,9619,-85.5207754,40.8540222,30598114.0,30043346.0,554768.0,4664,4470,95,37,23,37,0,4385,4163,140,39,11,32,0,4251,4064,127,28,0,32,0,4678,4310,129,55,13,126,11,4526,4373,128,7,0,18,0,5305,5077,166,3,13,1,0,3602,3500,56,15,15,23,0,3480,3295,110,33,0,29,0,3360,3205,95,29,0,35,0,3669,3405,78,34,8,102,11,3669,3405,78,17,2,10,4,12,141,3450,3338,79,5,0,23,0,3865,3710,140,4,15,0,0,0,1809,724,1055,1657,559,1098,1776,423,1229,1708,546,977,1707,599,1007,1666,410,1256,1383,406,902,1740,488,1167,1984,472,1469,1985,320,1316,1908,508,1400,0.0,18,18069,,,
39,18037953702,9537.02,-86.8715914,38.2550788,124607585.0,123821894.0,785691.0,4539,4444,62,8,11,13,0,4668,4612,48,8,0,24,0,4459,4395,53,12,0,16,0,4499,4364,82,10,15,20,4,4133,4065,47,14,0,22,0,4395,4262,116,13,2,39,0,3453,3412,31,3,7,5,0,3705,3660,45,0,0,0,0,3530,3485,35,4,0,0,0,3538,3464,45,5,1,12,4,3538,3464,45,0,1,5,1,4,18,3286,3244,26,10,0,0,0,3520,3430,79,10,0,4,0,0,2279,1248,979,2187,955,1232,2379,750,1456,2315,1037,1167,2298,1053,1194,2144,691,1453,1982,777,1118,2332,923,1338,2570,859,1663,2555,617,1626,2497,1070,1427,0.0,18,18037,,,
40,18037953701,9537.01,-87.0104183,38.2471569,114984041.0,113358260.0,1625781.0,2721,2611,73,8,13,14,4,2598,2507,37,42,12,0,0,2780,2708,35,30,6,0,0,2699,2520,98,18,24,36,5,2889,2755,83,31,19,1,0,3082,2727,207,141,2,3,0,2073,2005,45,4,9,11,3,2010,1985,19,0,0,0,0,2195,2170,25,0,4,0,0,2088,1973,58,16,8,25,1,2088,1973,58,6,6,3,0,4,38,2256,2191,56,3,4,5,0,2365,2165,115,84,4,8,0,0,1311,523,752,1262,396,866,1382,305,999,1335,456,822,1326,497,791,1242,287,955,1107,314,748,1307,384,884,1387,313,1045,1374,247,939,1340,439,901,0.0,18,18037,,,
41,18037953302,9533.02,-86.9473241,38.4102587,8056909.0,8004330.0,52579.0,3910,3540,285,36,36,23,5,4251,4174,55,21,0,0,0,3995,3993,2,0,0,0,0,4306,3735,373,61,42,68,6,4009,3996,0,0,0,0,0,4121,4061,21,29,17,0,0,3008,2800,152,20,31,17,1,2892,2887,4,0,0,0,0,2927,2922,4,0,0,0,0,3344,2977,227,32,27,48,6,3344,2977,227,30,17,6,1,15,71,2771,2769,0,0,0,0,0,2730,2710,20,0,0,0,0,0,1779,795,960,1628,559,1069,1753,512,1098,1733,641,997,1717,722,937,1605,502,1103,1500,471,976,1731,616,1055,1901,628,1226,1882,445,1268,1834,738,1096,0.0,18,18037,,,
42,18037953301,9533.01,-86.94086,38.4246807,8365087.0,8216735.0,148352.0,3271,2715,437,28,73,20,0,2872,2407,388,53,25,0,0,3321,2514,654,38,115,0,0,3718,2545,968,55,89,64,8,3527,2410,815,38,264,0,0,3769,2949,543,79,158,28,0,2456,2135,242,15,54,14,0,2069,1884,150,20,20,0,0,2295,2075,200,15,10,0,0,2791,2045,600,31,62,41,5,2791,2045,600,24,55,7,2,7,51,2158,1951,169,16,30,0,0,2670,2470,145,35,10,15,0,0,1145,591,533,1031,396,635,1345,415,828,1316,538,705,1304,559,707,1228,423,805,1107,357,704,1319,491,783,1450,495,916,1433,350,920,1398,582,816,0.0,18,18037,,,
43,18029080601,806.01,-85.0557916,38.9959604,114916537.0,114795269.0,121268.0,3709,3645,14,8,14,15,7,3555,3510,5,40,0,0,0,3660,3599,11,50,0,0,0,3674,3499,52,26,23,54,1,3475,3379,22,58,16,0,0,3461,3168,52,156,31,19,0,2881,2832,11,4,9,13,4,2570,2535,8,35,0,0,0,2675,2620,14,45,0,0,0,2890,2791,20,11,13,48,1,2890,2791,20,4,7,4,0,0,64,2828,2757,15,49,5,0,0,2805,2625,35,110,18,20,0,0,1598,511,1061,1517,448,1069,1635,304,1270,1608,350,1209,1585,416,1140,1549,305,1244,1214,290,898,1574,341,1204,1736,376,1330,1738,315,1224,1715,360,1355,0.0,18,18029,,,
44,18029080301,803.01,-84.8760107,39.1037843,14631311.0,14012196.0,619115.0,2963,2760,29,123,32,23,1,3379,3315,0,46,0,0,0,3439,3363,0,54,0,0,0,3149,2861,42,101,51,56,5,3715,3635,0,58,0,22,0,3912,3730,0,133,0,49,0,2221,2100,17,65,24,18,1,2530,2510,0,20,0,0,0,2475,2445,0,30,0,0,0,2517,2326,33,50,37,46,5,2517,2326,33,29,25,4,0,12,88,2595,2541,0,36,0,20,0,2675,2540,0,105,0,35,0,0,1038,463,565,1107,503,604,1264,382,819,1228,390,777,1213,432,741,1187,357,830,894,297,565,1121,347,740,1082,286,776,1084,220,746,1072,298,774,2630.555880640814,18,18029,,,
45,18029080204,802.04,-84.8974164,39.2836454,43084113.0,42187059.0,897054.0,1812,1783,12,2,9,6,0,1711,1689,22,0,0,0,0,1827,1806,21,0,0,0,0,1949,1818,7,14,23,53,1,1721,1653,24,0,44,0,0,2006,1885,24,23,74,0,0,1406,1387,7,1,5,5,0,1285,1260,20,0,0,0,0,1325,1305,20,0,0,0,0,1554,1450,6,6,19,41,0,1554,1450,6,3,14,3,0,15,63,1279,1239,24,0,18,0,0,1475,1405,25,0,43,0,0,0,797,207,584,828,180,648,869,119,711,839,123,687,829,139,665,810,113,697,660,113,532,851,132,700,972,163,795,962,126,772,955,150,805,6318.363174179711,18,18029,,,
46,18029080302,803.02,-84.8448646,39.1012422,5678459.0,5085473.0,592986.0,2057,1907,28,97,13,15,1,1549,1390,16,130,0,13,0,1682,1330,214,125,0,13,0,2006,1743,54,117,16,54,2,1794,1371,286,123,0,14,0,1823,1616,166,31,2,8,0,1594,1478,24,70,9,13,0,1410,1250,14,129,0,8,0,1415,1190,74,119,0,8,0,1610,1414,36,82,15,47,1,1610,1414,36,56,11,0,0,10,83,1396,1152,105,126,0,9,0,1340,1215,79,30,0,10,0,0,552,312,225,425,250,175,564,213,319,545,237,274,529,245,265,524,216,308,340,163,169,529,218,300,645,230,403,631,196,362,624,242,382,3508.7339600223954,18,18029,,,
47,18089042610,426.10,-87.455452,41.4674485,7588592.0,7379412.0,209180.0,3598,3118,340,55,69,17,6,4121,3739,214,73,52,46,0,4151,3707,234,99,85,26,0,4300,3440,505,165,134,64,3,3677,3108,251,37,273,0,0,4136,3527,349,0,242,27,0,2708,2387,229,32,45,14,4,3134,2853,135,68,35,46,0,3161,2880,139,72,42,26,0,3324,2752,317,100,94,54,1,3324,2752,317,81,88,3,0,4,79,2809,2478,171,39,125,0,0,3085,2750,265,0,75,0,0,0,1751,786,952,1704,722,982,2159,788,1268,2090,822,1196,2094,878,1179,2033,815,1218,1792,803,962,2201,868,1287,2577,1003,1532,2532,822,1609,2476,910,1566,0.0,18,18089,,,
48,18089042803,428.03,-87.517076,41.5116599,3754129.0,3754129.0,0.0,5711,4704,613,172,207,38,3,5193,4435,439,200,101,4,0,5453,4575,544,189,197,4,0,5738,4305,864,260,217,94,10,5122,4138,609,236,189,0,0,5248,4330,612,215,126,97,0,4501,3827,400,113,147,20,2,4178,3722,220,177,57,3,0,4287,3693,354,140,96,3,0,4650,3665,590,185,145,69,10,4650,3665,590,149,128,5,0,11,102,4208,3519,437,189,75,0,0,4330,3675,465,175,20,4,0,0,2203,1104,1078,2466,1200,1266,2673,1159,1378,2585,1214,1265,2577,1285,1230,2510,1200,1310,2127,1099,978,2632,1244,1326,2984,1402,1542,2963,1175,1651,2905,1328,1577,3119.41020896002,18,18089,,,
49,18089042903,429.03,-87.485898,41.4277103,6648006.0,6632577.0,15429.0,3058,2667,251,61,69,19,0,3336,2747,383,85,114,25,12,3528,2942,366,84,140,37,14,4173,3386,459,167,70,79,5,3378,2923,313,17,118,0,7,4447,3672,530,117,92,22,14,2210,1983,152,31,37,11,0,2543,2233,234,41,32,8,3,2753,2385,265,35,49,14,3,3185,2652,302,112,49,58,3,3185,2652,302,96,32,5,0,22,76,2561,2306,195,14,35,0,2,3290,2745,360,110,40,20,15,0,1327,588,726,1482,542,940,1801,604,1107,1755,637,1060,1760,671,1037,1710,641,1069,1567,611,926,1933,688,1203,2413,853,1532,2383,673,1608,2333,773,1560,0.0,18,18089,,,
50,18089042904,429.04,-87.497076,41.3993601,49212887.0,49131327.0,81560.0,3223,2895,263,31,26,15,3,3421,3024,237,47,90,23,4,3254,2850,250,45,108,17,5,5772,4554,702,305,148,66,1,3417,2657,446,86,213,35,10,5552,4496,526,78,348,138,17,2477,2283,155,14,18,11,3,2447,2247,136,19,28,17,1,2392,2165,165,15,36,6,1,4412,3634,425,198,100,43,1,4412,3634,425,166,72,6,0,8,101,2606,2179,337,37,31,37,0,4330,3700,400,50,125,59,0,0,1282,473,793,1505,528,977,1968,574,1279,1897,642,1178,1900,696,1151,1837,654,1183,1886,683,1165,2336,776,1513,3253,1070,2141,3213,883,2122,3146,1010,2136,9708.931491260879,18,18089,,,
51,18089043204,432.04,-87.3422609,41.375588,34548774.0,34489736.0,59038.0,3695,3303,206,76,104,10,0,4523,3787,450,270,43,20,0,4388,3731,329,255,85,17,0,4867,3987,465,162,170,71,3,4038,3556,344,21,99,18,0,4538,3576,603,44,94,34,0,2751,2511,119,46,68,7,0,3193,2734,301,131,15,19,0,3198,2765,252,136,28,19,0,3567,3016,270,110,109,48,0,3567,3016,270,89,95,2,0,9,86,3109,2712,335,18,39,21,0,3435,2935,440,25,15,0,0,20,1541,631,898,1981,766,1215,2263,819,1310,2193,914,1206,2199,1000,1156,2136,923,1213,1841,829,986,2286,932,1306,2680,1054,1573,2656,826,1711,2585,978,1607,0.0,18,18089,,,
52,18089043301,433.01,-87.2300871,41.4132656,7145771.0,6319431.0,826340.0,4645,4046,395,102,80,30,5,4865,4066,721,78,0,0,0,4523,4025,398,71,0,0,0,5306,4100,572,290,167,133,2,4988,4134,684,88,0,0,0,5601,4332,838,41,228,0,0,3441,3078,237,62,53,20,3,3470,3015,400,55,0,0,0,3210,2945,200,60,0,0,0,4012,3229,350,196,114,96,2,4012,3229,350,168,95,6,2,15,147,3564,3244,244,68,0,0,0,4015,3555,280,40,145,0,0,0,2275,1119,1136,2367,1107,1260,2628,1018,1487,2542,1126,1327,2531,1182,1305,2468,1127,1341,2062,978,1050,2570,1088,1430,2877,1128,1714,2835,961,1737,2784,1093,1691,0.0,18,18089,,,
53,18089040301,403.01,-87.513564,41.532802,4912661.0,4852346.0,60315.0,3462,2794,322,127,207,29,5,3292,2640,270,111,279,44,0,3616,2705,399,245,266,187,0,3841,2609,538,292,360,55,9,3536,2699,303,163,371,37,0,3639,2419,282,334,595,64,0,2735,2293,206,82,145,24,5,2545,2040,240,100,165,45,0,2785,2055,315,235,180,185,0,3006,2161,350,217,254,32,5,3006,2161,350,196,229,2,1,4,63,2919,2206,251,151,314,35,0,2915,1990,230,275,425,50,0,0,1812,905,892,1607,780,827,1732,830,802,1676,813,810,1680,875,773,1629,816,813,1466,820,618,1740,888,815,1987,1056,908,1961,885,1027,1926,951,975,3798.413161728209,18,18089,,,
54,18089042302,423.02,-87.3105699,41.478454,12455782.0,12455782.0,0.0,2823,1793,347,589,100,22,3,2467,1144,244,970,112,91,0,2257,958,149,896,252,112,0,2509,1010,359,1006,146,56,4,2348,873,238,933,300,108,0,2690,1019,291,1095,280,71,0,2306,1540,243,440,84,20,3,1850,965,155,630,50,15,0,1605,750,105,615,60,25,0,2081,909,256,774,128,42,2,2081,909,256,708,111,5,1,7,84,1763,718,204,753,30,16,0,2085,945,215,845,0,25,0,45,965,602,353,887,528,359,886,528,316,866,551,276,867,577,267,853,571,282,631,415,204,879,534,327,1050,572,457,1027,521,453,1011,563,448,0.0,18,18089,,,
55,18089010206,102.06,-87.2761222,41.6108148,6742867.0,4597942.0,2144925.0,2613,288,119,2213,28,25,2,2460,349,398,1713,0,14,0,2671,342,452,1879,0,23,0,2330,326,106,1878,24,33,4,2702,573,552,1577,0,0,0,2280,277,302,1701,0,0,0,1876,264,78,1529,20,17,2,1795,280,140,1375,0,15,0,1885,305,145,1435,0,25,0,1717,302,78,1309,18,26,2,1717,302,78,1274,12,0,0,15,36,1894,574,222,1086,0,0,0,1420,275,90,1055,0,0,0,0,1155,1099,50,1001,951,50,863,766,72,850,773,57,844,774,63,844,775,69,709,651,50,847,769,66,925,835,78,918,795,106,912,828,84,0.0,18,18089,,,
56,18089010207,102.07,-87.2482778,41.5996784,5826535.0,5826535.0,0.0,3094,355,165,2590,15,33,1,3071,450,223,2442,5,16,0,3338,660,677,2052,5,0,0,3126,305,262,2594,24,64,0,3127,405,481,2293,0,0,0,2879,318,697,1866,0,2,0,2230,321,115,1788,10,21,1,2342,400,221,1701,0,15,0,2602,605,566,1436,0,0,0,2224,257,180,1793,15,41,0,2224,257,180,1697,13,0,0,0,77,2242,400,357,1466,0,0,0,2155,315,520,1320,0,0,0,0,1474,1405,63,1325,1287,38,1071,1009,45,1066,1003,39,1061,1015,39,1061,1011,50,855,812,33,982,934,42,944,880,58,939,838,91,926,867,59,0.0,18,18089,,,
57,18089042508,425.08,-87.3764774,41.4661415,6741079.0,6712965.0,28114.0,3275,1471,320,1417,95,22,5,4045,1606,718,1660,111,60,18,4072,1595,768,1624,164,58,17,3813,1267,465,1975,104,75,5,3576,1310,600,1634,30,23,37,3708,1030,423,2068,173,0,0,2556,1264,230,1008,61,15,3,3108,1523,298,1206,42,25,0,3109,1530,356,1121,61,25,0,3039,1079,309,1550,83,68,2,3039,1079,309,1483,64,12,0,2,90,2840,1306,249,1224,0,24,0,3210,915,290,1835,170,0,0,0,1124,816,300,1340,996,344,1530,1115,373,1500,1131,336,1490,1138,324,1471,1123,348,1292,1012,270,1556,1176,363,1812,1351,450,1779,1242,480,1740,1300,440,0.0,18,18089,,,
58,18089042509,425.09,-87.3425209,41.4592779,7570531.0,7566171.0,4360.0,2940,1231,323,1329,90,13,4,3202,1052,490,1540,136,84,0,3256,1123,540,1432,199,70,0,3733,1332,377,1903,172,54,7,3466,1308,638,1305,259,43,0,3930,1217,791,1900,134,9,0,2384,1151,218,961,64,11,2,2592,1007,292,1209,48,40,0,2606,1085,349,1069,74,30,0,3236,1265,283,1567,138,41,3,3236,1265,283,1492,118,4,0,2,72,2627,1176,388,995,46,29,0,2780,1110,400,1250,14,0,0,0,1277,960,302,1303,1009,294,1345,982,317,1298,965,295,1296,999,272,1284,983,301,1088,889,186,1359,1035,301,1574,1196,365,1550,1108,405,1539,1174,365,0.0,18,18089,,,
59,18089040302,403.02,-87.5177296,41.566144,2465369.0,2465369.0,0.0,4433,3383,596,292,135,40,2,4552,3014,1123,233,182,23,0,4131,3024,709,356,42,16,0,4267,2711,886,516,112,108,3,4455,3269,881,230,75,43,0,4624,3431,735,389,58,49,0,3333,2669,378,179,86,24,0,3290,2425,630,220,0,0,0,3115,2395,365,335,20,0,0,3300,2287,582,316,71,76,0,3300,2287,582,280,46,6,0,6,93,3474,2721,498,199,41,0,0,3780,2935,445,354,35,12,0,0,1971,1031,919,1941,993,948,2024,1053,834,1985,1074,819,1983,1146,785,1932,1101,831,1680,1025,613,1991,1123,811,2203,1278,886,2162,1107,993,2121,1185,936,2738.7742617101017,18,18089,,,
60,18089042611,426.11,-87.4329344,41.4413974,13848149.0,13774409.0,73740.0,3569,2992,372,120,76,16,1,4484,3634,546,97,125,79,0,4817,3666,650,244,162,94,0,5347,4193,654,215,151,94,4,4437,3290,626,356,74,91,0,5063,3668,859,391,101,88,0,2489,2125,231,74,49,12,0,2931,2412,320,62,55,79,0,3239,2575,351,138,83,94,0,3777,3056,401,130,107,47,2,3777,3056,401,110,87,11,0,17,95,2914,2212,411,194,15,91,0,3495,2600,595,210,90,0,0,0,1366,534,811,1740,712,1028,2042,781,1178,1948,814,1073,1934,853,1051,1886,813,1073,1701,780,893,2190,893,1266,2831,1122,1678,2788,894,1775,2717,1028,1689,0.0,18,18089,,,
61,18089042613,426.13,-87.498187,41.4602735,7949679.0,7949679.0,0.0,4315,3948,288,46,32,10,1,4655,4045,402,172,35,0,24,4479,3904,358,184,32,0,19,4184,3557,370,119,57,83,2,4914,3697,257,8,55,0,39,4260,3548,264,87,11,43,0,3182,2953,186,19,18,5,0,3432,3083,227,93,10,0,0,3363,3032,202,97,15,0,0,3336,2931,244,65,31,57,1,3336,2931,244,42,17,3,0,6,93,4023,3756,197,7,16,0,0,3385,3085,180,90,10,20,0,0,1998,743,1243,2240,737,1503,2385,732,1524,2311,772,1443,2309,805,1450,2244,784,1460,1836,691,1107,2293,764,1473,2511,848,1637,2483,671,1723,2430,758,1672,0.0,18,18089,,,
62,18101950100,9501,-86.8167723,38.7812563,491193587.0,483785731.0,7407856.0,2669,2606,8,10,20,23,2,2602,2423,79,45,8,47,0,2644,2468,76,44,9,47,0,2559,2441,28,13,21,53,3,2718,2552,95,49,19,3,0,2513,2470,13,19,22,1,0,2029,1984,7,3,16,17,1,2025,1880,39,45,10,45,0,1990,1855,39,45,14,45,0,1974,1886,21,8,18,40,3,1974,1886,21,2,9,7,0,1,48,2105,1987,47,51,23,3,0,2020,1990,15,0,12,4,0,20,1237,397,803,1156,316,840,1242,208,968,1232,378,775,1223,456,728,1154,253,901,1134,274,806,1248,309,896,1344,247,1066,1340,179,851,1293,318,975,0.0,18,18101,,,
63,18101950200,9502,-86.9039959,38.6606291,33188233.0,32807458.0,380775.0,3865,3794,30,14,11,14,0,3593,3540,7,11,5,21,0,3716,3672,7,11,10,16,0,3740,3590,12,36,30,72,4,3576,3389,30,49,35,31,0,3884,3593,78,32,41,23,0,2914,2871,17,8,9,11,0,2775,2740,8,14,4,18,0,2910,2870,8,14,4,12,0,2870,2773,9,23,14,48,2,2870,2773,9,6,11,4,1,0,66,2697,2589,28,13,23,29,0,2865,2770,25,8,40,20,0,0,1821,619,1169,1714,509,1205,1787,366,1325,1776,655,1044,1766,729,1000,1673,431,1242,1567,443,1056,1771,525,1196,1914,430,1443,1913,291,1185,1850,541,1309,0.0,18,18101,,,
64,18101950300,9503,-86.7881262,38.6161662,357267146.0,353022532.0,4244614.0,3800,3725,32,16,10,26,0,4015,3950,21,26,0,18,0,3852,3770,34,24,0,24,0,3513,3304,52,30,25,101,9,3875,3629,122,24,5,95,5,3466,3266,38,37,9,46,9,2910,2861,20,5,8,19,0,3100,3060,10,25,0,4,0,3030,2985,15,20,0,4,0,2719,2588,22,12,15,70,8,2719,2588,22,2,8,7,5,10,77,3089,2972,77,15,0,36,0,2775,2700,15,14,0,45,0,4,1887,690,1150,1725,507,1218,1817,307,1404,1786,562,1115,1785,638,1101,1671,378,1293,1623,410,1135,1772,447,1274,1886,334,1520,1865,239,1196,1792,431,1361,0.0,18,18101,,,
65,18089042405,424.05,-87.372533,41.4916982,8182043.0,8160461.0,21582.0,4287,1424,516,2335,42,39,0,3840,1136,365,2216,0,140,0,4098,1180,493,2299,0,142,0,4304,931,629,2753,46,95,1,3921,1233,254,2430,0,25,0,4234,1212,400,2622,0,0,0,3127,1234,318,1543,32,24,0,2870,1060,150,1575,0,85,0,2885,925,215,1665,0,80,0,3286,819,421,2022,26,69,0,3286,819,421,1920,13,5,0,14,94,3023,1065,118,1814,0,26,0,3290,945,215,2130,0,0,0,0,1975,1546,421,1940,1601,339,2002,1535,382,1963,1538,357,1955,1579,336,1941,1585,356,1674,1396,249,1977,1577,358,2166,1711,425,2144,1608,468,2115,1706,409,0.0,18,18089,,,
66,18089042506,425.06,-87.3739336,41.4429253,4854337.0,4854337.0,0.0,3691,2595,357,661,80,20,1,3075,2353,250,415,38,0,0,3707,2516,231,769,172,0,0,3256,1943,424,796,101,66,3,3570,2337,277,732,170,0,0,3013,1623,189,957,211,5,0,3226,2330,283,555,59,17,1,2755,2115,220,395,25,0,0,3185,2280,200,635,75,0,0,2902,1786,341,685,83,55,1,2902,1786,341,637,69,4,0,7,58,3147,2216,248,619,65,0,0,2600,1510,190,795,100,4,0,0,1279,642,623,1331,680,651,1432,692,669,1401,732,626,1335,737,570,1315,736,579,1152,634,505,1402,723,651,1605,818,770,1522,673,797,1492,716,776,0.0,18,18089,,,
67,18089042507,425.07,-87.3398535,41.4413321,4684250.0,4684250.0,0.0,3639,2340,432,774,99,27,5,4653,3376,706,562,53,0,0,4107,2705,970,421,57,0,0,3487,1894,541,907,125,65,0,4330,2824,967,513,67,0,0,3865,2207,874,771,117,0,0,2949,2024,288,547,78,19,4,3770,2775,525,445,30,0,0,3240,2275,585,345,35,0,0,2891,1722,383,665,83,57,0,2891,1722,383,634,72,4,0,7,69,3102,2041,561,446,51,0,0,2690,1530,500,555,105,0,0,0,1707,1032,655,1554,976,578,1564,902,583,1525,937,528,1509,979,486,1477,956,521,1265,807,434,1558,949,571,1800,1064,706,1750,919,765,1707,1010,697,0.0,18,18089,,,
68,18089043004,430.04,-87.37014,41.4168505,2140517.0,2118347.0,22170.0,2967,2660,244,40,25,8,0,2680,2467,123,101,113,0,0,2534,2317,116,69,122,0,0,2939,2361,337,119,58,86,1,3227,2728,221,212,193,0,0,3439,2682,260,335,191,54,0,2294,2098,156,19,18,8,0,2233,2095,75,30,24,0,0,2150,1995,75,30,49,0,0,2332,1952,216,79,27,70,1,2332,1952,216,55,21,6,0,0,82,2215,1881,80,183,59,0,0,2375,1840,135,264,80,60,0,0,1225,582,624,1276,612,664,1269,497,659,1226,581,568,1224,629,557,1192,594,598,973,521,426,1208,569,603,1341,599,719,1325,514,705,1285,587,698,0.0,18,18089,,,
69,18089043103,431.03,-87.3957108,41.4074805,6834710.0,6732447.0,102263.0,3270,3021,173,17,49,11,1,3478,3033,378,25,42,0,0,3539,3080,340,55,65,0,0,4205,3582,328,80,119,83,3,3373,2918,239,177,33,6,0,4130,3452,302,301,52,57,0,2461,2320,96,10,27,9,1,2480,2295,130,15,40,0,0,2600,2370,140,20,65,0,0,3111,2748,182,52,73,52,3,3111,2748,182,39,54,4,0,2,82,2563,2310,102,111,31,3,0,3090,2635,205,195,45,12,0,0,1333,593,728,1667,605,1062,1991,717,1156,1938,753,1108,1930,801,1080,1865,747,1118,1782,758,995,2055,809,1195,2391,962,1393,2364,716,1544,2280,854,1426,0.0,18,18089,,,
70,18089043104,431.04,-87.3715457,41.3902447,8970565.0,8819346.0,151219.0,4360,4019,221,64,32,24,0,4765,4463,96,29,177,8,0,5072,4642,222,26,175,9,6,6528,5445,620,143,151,111,4,5174,4625,362,17,303,9,5,6548,5810,572,39,234,27,9,3351,3130,130,48,24,19,0,3685,3565,40,15,55,0,0,3815,3570,160,15,60,0,0,4760,4108,370,88,86,77,2,4760,4108,370,64,64,0,0,7,147,3787,3587,131,2,53,0,0,4690,4290,270,39,85,4,0,0,1673,810,843,2107,923,1184,2374,917,1308,2307,1022,1191,2286,1104,1137,2201,1021,1180,2030,1003,987,2554,1125,1374,3250,1387,1814,3191,1080,1919,3094,1287,1807,0.0,18,18089,,,
71,18089043203,432.03,-87.3235218,41.4175197,12131149.0,12131149.0,0.0,4139,3519,334,131,139,16,1,4146,3312,444,216,206,1,0,4401,3530,509,191,213,1,0,6412,4743,780,406,371,117,9,5342,4093,589,395,173,11,0,6272,4811,880,507,11,7,0,3088,2692,203,88,92,11,1,3127,2596,334,109,90,1,0,3197,2685,343,89,77,1,0,4779,3686,486,266,248,91,5,4779,3686,486,239,215,10,3,7,133,3874,3185,448,188,53,0,0,4525,3495,675,340,10,4,0,0,1879,824,1037,2102,907,1195,2489,997,1338,2415,1123,1207,2409,1200,1159,2347,1133,1214,2143,1079,1025,2660,1206,1397,3323,1467,1807,3283,1174,1944,3187,1355,1832,0.0,18,18089,,,
72,18089043003,430.03,-87.3480566,41.4210459,3191162.0,3191162.0,0.0,2458,2188,188,44,38,15,4,2525,2368,155,4,4,0,0,2605,2384,211,7,10,0,0,2555,2003,284,88,121,63,2,2005,1785,220,0,0,0,0,2352,2025,327,0,0,0,0,1958,1787,126,20,18,10,2,1887,1780,105,4,1,0,0,1840,1695,145,4,1,0,0,2055,1707,164,50,85,40,2,2055,1707,164,39,74,4,0,13,54,1594,1445,160,0,0,0,0,2035,1800,240,0,0,0,0,0,1055,514,525,966,486,480,1095,447,575,1053,493,512,1057,524,502,1014,502,512,827,411,397,1076,492,558,1240,535,691,1213,454,669,1188,520,668,0.0,18,18089,,,
73,18089042301,423.01,-87.2682116,41.4690484,56043900.0,56017601.0,26299.0,4429,2983,650,707,100,42,3,4245,3275,615,388,0,0,12,4104,3228,576,344,0,0,9,4301,2839,736,610,82,131,1,3959,3080,633,252,0,5,17,4274,3800,342,124,0,59,0,3452,2494,418,462,72,27,3,3425,2830,300,280,0,0,10,3345,2840,260,245,0,0,10,3532,2493,522,412,62,102,0,3532,2493,522,366,47,4,0,8,92,3298,2786,293,186,0,3,13,3580,3170,295,110,0,10,0,0,1951,1072,857,1926,1135,791,2029,1029,893,1988,1113,792,1987,1190,747,1963,1180,783,1653,979,641,1980,1114,821,2175,1205,939,2143,1099,943,2097,1184,913,0.0,18,18089,,,
74,18089042404,424.04,-87.3395391,41.4914897,4122507.0,4122507.0,0.0,2824,1397,469,954,33,35,9,2601,1453,356,766,34,0,0,2250,1451,359,446,0,0,0,2765,981,484,1273,48,72,0,2176,1179,545,443,0,0,0,2331,1067,471,771,0,10,0,2127,1217,268,622,24,16,6,2210,1290,260,625,35,0,0,1890,1295,235,360,0,0,0,2131,882,305,899,32,37,0,2131,882,305,824,16,3,0,15,86,1694,956,380,360,0,0,0,1975,960,390,615,0,10,0,0,1096,789,293,1063,789,274,1122,772,308,1088,792,264,1083,812,255,1077,811,266,818,627,175,1077,790,269,1195,878,301,1177,808,319,1164,853,311,0.0,18,18089,,,
75,18089042804,428.04,-87.5000924,41.5056661,6635344.0,6635344.0,0.0,3750,2960,325,185,277,22,1,4277,2592,561,463,509,99,0,4112,2819,432,315,399,98,0,4247,2927,526,306,447,73,0,4100,2952,501,211,317,54,0,4492,3271,626,288,296,0,0,2961,2426,205,116,202,13,0,3378,2262,348,323,380,62,0,3454,2494,350,209,319,67,0,3414,2437,353,215,368,54,0,3414,2437,353,180,346,4,0,11,83,3288,2455,380,156,266,39,0,3530,2540,545,220,210,0,0,10,1575,732,822,1729,808,921,1888,831,978,1843,863,924,1839,874,931,1793,841,952,1646,857,755,1953,908,1008,2307,1060,1225,2270,883,1308,2227,976,1251,0.0,18,18089,,,
76,18089042612,426.12,-87.4840823,41.4720045,6641784.0,6641784.0,0.0,4175,3524,428,118,71,25,10,4288,3587,405,54,233,0,17,4284,3708,418,61,88,0,17,4426,3551,541,142,125,68,5,4780,4085,364,144,118,58,11,4779,3646,797,241,45,42,8,3018,2620,258,76,43,19,7,3347,2914,270,26,120,0,10,3463,3048,304,27,70,0,10,3456,2844,380,89,84,49,5,3456,2844,380,76,65,5,2,0,84,4190,3661,340,69,102,19,10,3860,3130,544,130,29,20,10,0,1515,668,831,1864,747,1117,2006,740,1181,1954,765,1121,1949,801,1111,1887,766,1121,1668,732,901,2095,815,1239,2551,978,1541,2524,806,1627,2487,901,1586,2856.6569755579003,18,18089,,,
77,18089043302,433.02,-87.2588947,41.3853114,57797238.0,57797238.0,0.0,5409,4634,450,151,162,46,4,6132,4537,1136,250,176,0,33,6652,5322,923,286,91,0,32,7621,5797,1048,403,220,173,7,6359,5024,634,532,100,35,34,7329,6431,368,327,42,78,51,3771,3293,271,96,98,24,1,4315,3225,840,170,55,0,20,4805,3890,635,195,55,0,20,5508,4358,657,249,130,108,6,5508,4358,657,216,108,10,3,7,149,4523,3622,467,325,53,34,14,5260,4705,195,245,25,44,25,15,2218,983,1212,2315,1048,1267,2892,1128,1604,2762,1241,1394,2768,1367,1326,2668,1278,1390,2233,1043,1143,3013,1285,1653,3837,1496,2276,3744,1236,2248,3638,1427,2211,0.0,18,18089,,,
78,18037953500,9535,-86.8626289,38.4098142,231565798.0,227045901.0,4519897.0,5032,4879,111,12,14,12,2,4772,4342,253,53,1,122,0,5002,4484,278,150,0,89,0,5053,4776,168,31,19,44,3,5061,4585,268,122,0,86,0,4989,4373,439,86,0,91,0,3810,3730,63,2,6,9,1,3658,3586,16,8,0,50,0,3871,3660,86,103,0,35,0,3963,3790,101,20,11,28,3,3963,3790,101,12,8,5,0,0,47,4019,3829,71,90,0,35,0,3760,3510,130,75,0,50,0,0,2438,1128,1264,2265,760,1505,2599,615,1834,2577,959,1489,2531,985,1475,2346,621,1725,2235,615,1545,2585,808,1708,2840,697,2090,2805,542,1902,2755,968,1787,0.0,18,18037,,,
79,18037953400,9534,-86.9267936,38.3801391,18241389.0,17918723.0,322666.0,5397,4979,344,24,29,13,0,5530,5158,360,17,0,4,0,5357,4970,342,33,0,5,0,5503,4704,571,73,70,86,1,5343,5181,131,15,0,0,0,5641,5272,144,18,58,0,0,4131,3878,209,9,17,7,0,4318,4150,154,10,0,4,0,4103,3935,144,25,0,4,0,4230,3721,362,39,46,55,1,4230,3721,362,26,40,3,0,7,71,4304,4212,76,8,0,0,0,4435,4340,50,20,25,0,0,0,2485,1175,1270,2506,937,1569,2652,811,1628,2606,1089,1364,2590,1149,1361,2368,787,1581,2327,754,1474,2586,975,1521,2727,919,1760,2711,647,1788,2665,1123,1542,0.0,18,18037,,,
80,18037953800,9538,-86.9488017,38.2936361,18125776.0,18016565.0,109211.0,5496,4421,997,55,29,22,13,6165,3981,1858,154,234,77,0,5704,3614,1764,520,164,45,0,5727,3889,1588,99,46,121,4,5473,3491,1759,572,0,55,0,5508,3520,1811,484,0,0,0,3966,3354,560,28,19,18,7,3575,2960,485,65,65,0,0,3355,2850,420,45,45,0,0,4161,3065,920,54,27,106,4,4161,3065,920,37,22,8,0,7,102,3339,2713,489,137,0,0,0,3430,2875,440,105,0,0,0,0,1828,800,989,1754,669,1085,1845,513,1208,1783,695,982,1763,737,974,1710,518,1192,1507,500,926,1808,641,1106,2031,625,1349,2013,468,1267,1973,781,1192,0.0,18,18037,,,
81,18037953600,9536,-86.7471192,38.387127,349621069.0,339481999.0,10139070.0,5141,5029,64,20,18,13,2,5399,5251,116,77,23,9,0,5311,5208,82,59,15,6,0,5096,4893,97,18,23,42,0,5220,5034,154,113,25,4,0,4951,4702,232,131,0,12,0,3792,3723,36,10,9,11,1,4015,3980,34,0,0,4,0,3827,3801,24,0,0,4,0,3917,3794,45,7,20,33,0,3917,3794,45,0,15,1,0,11,51,3684,3655,39,0,0,4,0,3495,3420,55,4,0,14,0,0,2225,1196,970,2123,858,1265,2481,599,1731,2451,972,1373,2412,1066,1292,2231,654,1577,2076,654,1330,2436,814,1560,2668,658,1955,2655,548,1627,2587,935,1652,0.0,18,18037,,,
82,18037953200,9532,-87.0117605,38.4089418,253941627.0,250747430.0,3194197.0,6382,6173,148,25,23,17,6,6163,6085,0,78,0,0,0,6614,6492,119,3,0,119,0,7036,6711,201,24,47,38,3,6879,6754,123,2,0,123,0,7128,6767,270,30,0,128,0,4531,4427,72,5,12,10,2,4728,4728,0,4,0,0,0,4937,4882,55,4,0,0,0,5323,5133,113,8,31,24,2,5323,5133,113,3,20,6,1,5,42,5231,5186,40,0,0,0,0,5350,5290,45,0,0,10,0,0,3160,1292,1807,3404,988,2416,3659,869,2583,3572,1305,2130,3553,1403,2090,3263,836,2427,3285,822,2383,3709,1160,2469,4183,1098,3029,4160,722,3066,4067,1448,2619,0.0,18,18037,,,
83,18013974902,9749.02,-86.2837411,39.1037621,346574279.0,339888070.0,6686209.0,3008,2910,32,17,15,31,2,2849,2725,55,66,0,4,0,3041,2917,66,51,0,7,0,3145,2925,73,23,10,75,1,3380,3212,30,128,0,10,0,3491,3385,69,31,0,3,0,2424,2363,23,7,7,22,1,2302,2212,20,65,0,4,0,2531,2451,25,49,0,4,0,2610,2454,47,19,9,50,0,2610,2454,47,9,9,2,0,14,75,2862,2700,28,129,0,8,0,2940,2875,35,30,0,4,0,0,1707,916,753,1592,739,853,1697,624,953,1696,700,896,1686,762,862,1636,619,1017,1526,673,771,1720,713,945,1901,766,1101,1895,615,1001,1855,781,1074,0.0,18,18013,,,
84,18013974901,9749.01,-86.1376107,39.1509424,101774632.0,101604578.0,170054.0,1812,1747,29,14,7,17,3,1831,1760,70,0,0,0,0,1839,1819,20,0,0,0,0,1750,1624,39,17,19,41,0,1423,1406,17,0,0,0,0,1599,1483,41,0,60,56,0,1401,1360,17,7,5,12,3,1378,1338,40,0,0,0,0,1374,1354,20,0,0,0,0,1411,1322,22,14,13,30,0,1411,1322,22,5,11,8,0,0,43,1149,1131,14,0,0,0,0,1315,1220,40,0,30,15,0,0,857,399,432,843,338,505,934,272,591,932,322,546,930,361,529,901,276,625,808,292,483,915,312,565,968,296,644,956,226,539,934,314,620,0.0,18,18013,,,
85,18177000600,6,-84.9269967,39.8525209,20352544.0,20170724.0,181820.0,2068,1915,32,86,8,15,7,2079,1842,102,108,10,26,0,2099,1937,32,104,8,28,0,1818,1570,65,118,7,47,0,2278,2028,22,91,101,46,0,2095,1834,44,145,48,24,0,1746,1630,19,69,8,14,6,1675,1510,49,85,0,15,0,1710,1580,19,84,0,20,0,1526,1353,45,88,5,27,0,1526,1353,45,68,2,0,0,3,55,1831,1685,19,78,0,35,0,1600,1495,8,69,0,24,0,0,733,339,378,600,266,334,607,188,402,607,225,341,604,237,330,597,194,403,438,165,255,603,208,378,698,221,468,694,177,460,691,224,467,0.0,18,18177,,,
86,18177000400,4,-84.8773887,39.8541378,16279278.0,15548103.0,731175.0,3706,3305,59,237,81,39,1,3596,3135,136,248,53,43,0,3790,3331,125,287,38,74,0,4022,3466,165,227,84,43,2,4014,3576,113,256,67,67,0,4104,3728,43,255,80,40,0,2989,2751,31,139,52,23,1,2930,2675,55,164,15,29,0,3080,2835,65,149,10,19,0,3358,2950,139,149,57,26,1,3358,2950,139,117,50,4,1,23,74,3145,2919,53,137,18,20,0,3360,3145,14,140,55,4,0,0,1804,814,962,1538,622,916,1644,571,982,1660,627,943,1660,648,918,1608,531,1077,1315,508,742,1618,600,957,1752,668,1054,1753,505,1126,1717,598,1119,0.0,18,18177,,,
87,18177010500,105,-85.0875322,39.8516278,144840132.0,143767234.0,1072898.0,2335,2245,34,21,8,23,1,2368,2298,0,52,18,0,0,2119,2035,0,55,14,15,0,2248,2086,34,29,26,54,0,2194,2093,0,56,30,15,0,2147,2032,1,88,12,34,0,1704,1657,14,13,2,8,1,1675,1675,0,4,4,0,0,1485,1465,0,4,4,15,0,1647,1533,18,14,21,42,0,1647,1533,18,6,15,10,0,4,61,1498,1468,0,0,3,14,0,1525,1490,4,14,4,14,0,10,1006,381,593,881,300,581,958,208,703,963,256,638,968,270,550,944,201,743,770,226,503,941,240,653,1033,254,754,1028,189,669,1008,251,757,0.0,18,18177,,,
88,18177010400,104,-85.1469395,39.9137447,71631157.0,71503998.0,127159.0,3482,3359,34,48,28,12,1,3336,3305,8,10,0,11,2,3314,3274,8,12,0,15,5,3207,3014,46,44,40,52,1,3301,3212,55,9,0,22,3,3218,3084,102,16,6,13,0,2616,2563,17,17,12,6,1,2580,2555,8,14,0,14,0,2520,2485,4,14,0,14,0,2452,2332,26,25,14,42,0,2452,2332,26,10,9,7,0,4,64,2452,2394,26,8,0,16,0,2410,2370,38,4,0,12,0,0,1670,697,903,1498,549,949,1579,401,1053,1583,507,896,1597,396,596,1514,376,1138,1246,398,726,1533,432,933,1639,451,1132,1639,297,1010,1608,457,1151,0.0,18,18177,,,
89,18027954700,9547,-87.1971508,38.6670908,8289608.0,8283301.0,6307.0,3822,2994,624,101,82,41,6,4323,2726,1059,443,83,28,0,4461,2662,1241,518,21,33,0,4030,2628,958,314,34,103,7,4781,2970,1132,583,41,55,0,4129,2517,1095,447,179,19,0,2714,2238,344,54,64,28,4,2530,2275,90,95,40,30,0,2600,2300,100,145,20,35,0,2852,2015,526,206,26,81,5,2852,2015,526,173,9,6,1,8,114,2994,2644,84,165,40,55,0,2405,2070,210,105,14,8,0,0,1199,507,638,998,359,639,1076,245,772,1064,383,610,1066,461,569,1017,271,746,788,234,528,1053,335,688,1221,336,858,1213,250,760,1157,374,783,0.0,18,18027,,,
90,18027954400,9544,-87.176334,38.7368982,271091252.0,268035609.0,3055643.0,2654,2534,75,20,14,17,1,2892,2801,0,91,0,0,0,2587,2522,0,55,0,10,0,2749,2584,81,32,12,25,0,2521,2451,20,36,0,14,0,2763,2607,75,50,0,76,0,1952,1883,45,10,7,12,1,2145,2065,0,75,0,0,0,1919,1875,0,34,0,10,0,1968,1887,32,10,3,20,0,1968,1887,32,8,0,2,0,13,26,1700,1664,0,39,0,14,0,1825,1775,10,14,0,29,0,0,1064,301,741,1032,218,814,1201,179,972,1182,323,811,1191,439,733,1117,183,934,961,205,726,1156,260,874,1241,212,1013,1232,142,882,1189,239,950,0.0,18,18027,,,
91,18027954300,9543,-87.0230479,38.8652479,179263498.0,178002403.0,1261095.0,3758,3672,28,20,14,22,1,4019,3908,13,22,33,43,0,4172,3979,8,49,89,47,0,3956,3798,40,29,27,48,3,4148,4008,35,36,53,16,0,4219,4070,34,65,12,51,0,2824,2778,17,3,11,12,1,2880,2830,14,0,0,45,0,3045,2940,8,14,24,45,0,2920,2809,26,14,12,40,3,2920,2809,26,10,8,11,2,5,49,3045,2952,33,20,19,16,0,3065,2965,33,29,12,29,0,0,1595,419,1133,1455,322,1133,1510,189,1248,1491,387,1038,1500,565,907,1425,204,1221,1245,225,982,1496,301,1165,1680,234,1430,1674,154,1229,1627,263,1364,0.0,18,18027,,,
92,18027954900,9549,-87.1531247,38.6578422,8274769.0,8165276.0,109493.0,4230,4011,126,35,29,26,2,4478,4205,198,0,39,26,10,4678,4429,143,15,39,37,15,4379,3798,300,173,60,53,1,4592,3859,203,31,67,3,8,4877,4031,200,219,20,22,0,3284,3153,63,21,20,20,2,3325,3135,145,0,20,25,0,3485,3305,110,15,20,40,0,3392,3038,191,96,32,41,1,3392,3038,191,71,25,5,0,2,60,3400,3206,126,28,29,4,0,3595,3390,29,150,10,19,0,0,2037,682,1327,1827,468,1359,1837,385,1376,1809,605,1134,1818,733,1050,1732,393,1339,1452,378,1017,1802,514,1243,2036,490,1503,2012,329,1389,1924,519,1405,0.0,18,18027,,,
93,18027954600,9546,-87.1399017,38.5912436,195585881.0,192840804.0,2745077.0,4445,4231,140,36,20,13,0,4007,3874,67,31,23,12,0,4031,3932,46,38,0,15,0,4731,4375,224,43,26,44,5,4106,3880,154,25,0,47,0,4474,4095,291,48,19,12,0,3336,3229,74,15,16,13,0,3091,3051,20,0,10,10,0,3137,3106,14,0,0,15,0,3625,3391,125,34,19,42,3,3625,3391,125,21,12,0,1,9,66,3338,3183,116,0,0,36,0,3490,3290,165,0,24,4,0,0,1856,535,1287,1835,377,1458,2124,318,1714,2101,602,1411,2112,777,1290,1994,362,1632,1740,334,1351,2095,472,1572,2284,356,1884,2272,259,1653,2182,443,1739,0.0,18,18027,,,
94,18177000200,2,-84.8854254,39.8320466,1984394.0,1973324.0,11070.0,4054,3051,329,611,22,86,6,3845,3161,113,493,0,84,0,3780,3012,61,577,0,83,0,3890,2931,328,506,15,143,2,3719,2651,56,797,0,125,0,3528,2339,146,923,0,55,0,3021,2373,193,393,18,66,3,3020,2490,55,395,0,79,0,2960,2445,40,400,0,59,0,3009,2352,196,346,14,114,2,3009,2352,196,255,7,22,0,8,169,3035,2328,39,549,0,93,0,2890,2120,30,674,0,22,0,30,1025,707,297,799,558,241,747,385,324,744,386,298,749,406,287,736,382,354,513,301,188,709,381,300,810,418,370,798,366,356,786,421,365,0.0,18,18177,,,
95,18177000800,8,-84.9131036,39.8197929,4387607.0,4356616.0,30991.0,4454,3825,163,326,87,34,83,4774,3784,237,566,234,12,3,4563,3620,186,562,256,7,4,4151,3216,219,425,204,65,11,4530,3619,166,566,224,22,5,4261,3547,132,338,218,24,2,3668,3195,106,236,81,30,80,3680,3070,150,350,94,0,0,3565,2970,135,355,94,0,0,3435,2702,156,320,189,56,6,3435,2702,156,254,158,1,0,15,149,3382,2830,109,366,44,0,0,3150,2815,45,199,75,4,0,10,1638,1007,596,1343,736,607,1316,646,619,1333,691,570,1323,707,548,1294,619,675,997,550,396,1280,655,582,1376,675,677,1370,588,680,1348,670,678,0.0,18,18177,,,
96,18177001000,10,-84.8855014,39.8239252,2371992.0,2361053.0,10939.0,4834,3720,268,752,47,85,3,3902,2780,416,570,69,61,16,3859,2829,375,546,59,43,17,4651,3372,436,608,57,161,8,4002,3161,344,504,49,5,0,4067,3350,284,463,26,86,0,3664,2942,161,489,36,64,2,2675,2090,224,259,25,60,0,2710,2150,219,260,15,39,0,3407,2621,241,360,43,116,6,3407,2621,241,284,34,23,5,24,175,3026,2526,251,224,9,2,0,3170,2640,230,250,0,85,0,0,1707,1028,649,1421,869,552,1396,758,569,1420,772,546,1379,755,536,1344,677,667,1049,621,378,1378,768,553,1545,862,639,1531,736,661,1509,853,656,0.0,18,18177,,,
97,18177010700,107,-85.0006543,39.7649311,267390189.0,265330266.0,2059923.0,3873,3768,30,35,19,17,2,4106,3975,17,39,29,50,0,3951,3837,17,30,20,50,0,3758,3555,25,52,20,65,5,3970,3641,11,239,43,36,0,3831,3551,3,247,5,3,0,3044,2980,14,18,13,12,2,3175,3080,15,14,30,30,0,3090,3020,15,10,20,35,0,2962,2823,16,26,9,53,5,2962,2823,16,13,6,5,4,6,89,2928,2814,12,49,41,27,0,2960,2915,0,40,4,0,0,0,1936,739,1148,1770,586,1184,1834,414,1335,1836,498,1229,1837,528,1147,1794,424,1370,1457,398,999,1813,462,1284,2019,490,1490,2012,371,1387,1976,474,1502,9754.43106845804,18,18177,,,
98,18177010100,101,-84.911805,39.8920204,73546107.0,73134871.0,411236.0,2764,2657,36,56,7,18,0,2703,2594,49,60,0,49,0,2642,2544,57,41,0,57,0,2685,2528,39,54,10,48,4,2817,2729,30,53,0,35,0,2874,2714,28,79,47,53,0,2192,2126,19,35,4,13,0,2215,2170,0,45,0,0,0,2135,2110,0,25,0,0,0,2138,2027,30,30,4,43,4,2138,2027,30,22,0,0,0,1,58,2375,2328,0,40,0,4,0,2485,2345,30,80,0,4,0,20,1273,486,762,1126,367,759,1158,272,841,1157,318,775,1167,333,733,1134,260,874,877,246,577,1163,308,811,1308,321,967,1312,263,910,1288,328,960,5790.52530920019,18,18177,,,
99,18177000900,9,-84.8944964,39.8038267,10275059.0,10221184.0,53875.0,6022,4794,193,945,49,69,2,5484,4347,372,754,17,6,0,5601,4368,409,800,21,28,0,5359,3967,279,891,36,155,3,5170,3957,468,591,47,74,0,5232,4098,278,660,67,125,0,4580,3789,99,620,36,50,1,4160,3390,65,684,15,4,0,4200,3390,80,689,20,24,0,4166,3220,167,607,33,111,2,4166,3220,167,519,23,8,0,33,196,3755,3077,65,536,18,72,0,3665,3090,30,410,24,113,0,20,2091,1248,799,1853,1012,841,1752,771,912,1745,820,821,1741,814,825,1705,741,964,1268,612,594,1676,772,845,1797,818,944,1799,717,904,1770,824,946,0.0,18,18177,,,
100,18177000500,5,-84.8939135,39.8400043,3491396.0,3418562.0,72834.0,4408,3514,234,595,21,70,7,3873,2895,361,630,0,56,0,3930,2842,505,603,0,228,0,3963,2908,290,626,33,107,1,3893,2726,468,706,0,249,0,4760,3162,567,962,18,585,0,3208,2655,133,378,14,50,2,2830,2200,215,390,0,45,0,2810,2180,205,390,0,54,0,2869,2219,152,397,14,81,1,2869,2219,152,333,7,14,0,16,128,2745,2109,198,391,0,51,0,2970,2295,50,385,20,105,0,140,1231,774,434,900,564,336,982,482,455,984,511,408,985,531,395,965,482,483,660,342,277,953,479,438,1074,493,560,1073,420,542,1058,500,558,0.0,18,18177,,,
101,18177010300,103,-85.0705774,39.9612244,193716942.0,193236653.0,480289.0,3525,3471,15,20,7,17,0,3396,3286,34,49,26,14,0,3439,3304,62,51,20,15,0,3559,3410,34,23,12,54,2,2954,2839,48,45,14,17,0,3159,2991,42,21,0,7,41,2545,2514,11,4,5,14,0,2615,2565,19,4,29,4,0,2585,2515,49,4,18,4,0,2547,2452,19,15,11,38,1,2547,2452,19,7,7,2,0,1,59,2220,2164,35,4,14,6,0,2315,2235,34,4,0,8,0,40,1488,542,889,1332,400,932,1420,288,1058,1423,348,954,1430,331,764,1376,270,1106,1116,287,762,1356,307,959,1469,317,1125,1472,235,979,1446,323,1123,0.0,18,18177,,,
102,18177010600,106,-85.1735015,39.7987633,49589137.0,48707596.0,881541.0,4733,4612,46,24,15,31,3,4197,4085,12,45,19,36,0,4245,4141,21,43,19,22,0,4349,4092,69,56,25,92,1,4253,4158,30,38,9,22,0,4140,4066,20,25,11,24,0,3622,3556,26,15,6,24,2,3330,3285,8,4,8,29,0,3320,3290,8,4,8,18,0,3431,3274,46,21,18,67,1,3431,3274,46,9,8,4,0,0,90,3419,3384,19,4,0,6,0,3285,3255,4,0,4,16,0,4,1911,855,987,1767,696,1071,1901,410,1381,1902,564,1194,1908,570,1009,1840,433,1407,1455,431,926,1836,486,1246,1998,480,1475,1992,354,1287,1960,488,1472,0.0,18,18177,,,
103,18177010800,108,-84.9959006,39.8111844,14679439.0,14657160.0,22279.0,2973,2859,48,33,17,11,0,2788,2625,13,83,10,6,51,2795,2624,32,68,0,21,50,3101,2829,81,76,24,79,5,2856,2600,162,50,0,11,33,3127,2846,222,47,0,12,0,2175,2123,20,13,10,8,0,2050,1990,14,29,0,4,0,2105,2050,19,25,0,4,0,2317,2167,34,37,19,48,1,2317,2167,34,20,12,6,0,8,70,2123,1989,114,16,0,0,0,2270,2140,115,14,0,0,0,0,1423,559,833,1109,384,725,1148,261,832,1149,310,754,1151,359,695,1123,256,867,863,259,561,1181,320,811,1400,372,1001,1402,285,936,1385,374,1011,0.0,18,18177,,,
104,18057110512,1105.12,-86.0575558,40.0918882,7098625.0,5789080.0,1309545.0,4509,4255,67,85,74,27,0,4414,4127,48,154,0,91,4,4454,4111,71,160,12,104,6,4863,4439,100,148,73,68,9,4513,4193,75,109,13,106,4,4750,4541,89,50,15,15,0,3223,3068,43,52,44,17,0,3269,3129,9,66,0,67,0,3336,3141,35,67,10,76,0,3692,3418,61,94,44,47,5,3692,3418,61,67,28,0,0,16,102,3433,3228,49,62,14,68,0,3660,3570,50,15,10,14,0,0,2434,751,1667,2397,585,1812,2506,707,1667,2481,726,1644,2477,799,1616,2416,579,1837,2143,750,1308,2546,806,1665,2871,968,1850,2865,636,1942,2777,876,1901,0.0,18,18057,,,
105,18027954800,9548,-87.1717845,38.657352,2510563.0,2507723.0,2840.0,3509,3109,287,69,24,13,8,3344,2961,197,168,0,0,0,3150,2793,174,171,0,0,0,3406,2531,467,274,54,70,9,3445,3053,229,136,23,4,0,3144,2714,176,131,107,16,0,2663,2433,162,36,15,13,2,2504,2299,80,125,0,0,0,2389,2184,70,140,0,0,0,2569,2008,291,183,38,49,4,2569,2008,291,153,17,7,0,7,86,2484,2229,93,134,13,7,0,2415,2205,30,99,65,18,0,0,1213,512,678,1131,368,763,1141,275,807,1115,420,641,1122,503,595,1089,281,808,865,248,575,1066,336,699,1108,275,800,1103,203,734,1061,312,749,0.0,18,18027,,,
106,18177000700,7,-84.9438797,39.8161162,14741435.0,14714665.0,26770.0,6076,5660,100,227,58,40,4,6095,5603,79,406,55,15,0,6029,5736,94,143,109,19,0,5962,5307,114,326,93,86,2,5948,5493,86,210,176,100,0,5765,5384,85,167,152,72,0,4728,4484,57,128,42,28,3,4865,4610,19,189,45,0,0,4780,4645,24,74,45,0,0,4700,4311,57,176,61,71,2,4700,4311,57,127,45,5,0,20,135,4648,4419,16,136,78,75,0,4530,4375,20,109,25,74,0,0,2949,1349,1558,2660,1056,1604,2698,853,1713,2707,944,1605,2709,1011,1521,2634,806,1828,2100,801,1205,2654,925,1622,2874,983,1827,2871,754,1816,2819,968,1851,0.0,18,18177,,,
107,18177010200,102,-84.8776233,39.9604441,134396237.0,134230492.0,165745.0,3353,3246,9,45,23,15,12,3178,3119,0,41,6,12,0,3240,3169,6,47,5,17,0,3272,3123,22,59,10,42,2,3566,3513,6,30,6,15,0,3420,3380,10,21,4,4,0,2473,2410,4,30,12,13,6,2330,2280,0,34,0,10,0,2410,2355,0,39,4,14,0,2419,2318,8,27,8,39,1,2419,2318,8,19,4,0,0,6,64,2654,2603,0,32,4,14,0,2565,2555,4,0,4,8,0,0,1522,546,946,1326,416,910,1377,285,1039,1372,357,944,1381,376,885,1337,282,1055,1072,272,753,1378,325,1002,1532,333,1163,1529,253,1086,1506,332,1174,11453.178235521264,18,18177,,,
108,18085962102,9621.02,-85.8165806,41.2125855,6664949.0,6402550.0,262399.0,4730,4223,333,87,65,22,1,4742,4039,414,100,55,36,0,4634,4089,281,117,54,34,0,4907,4163,447,124,79,93,7,4688,4138,282,87,86,25,0,4749,3753,699,73,116,38,0,3602,3292,200,47,47,16,1,3645,3455,130,39,4,19,0,3775,3510,185,49,4,29,0,3930,3415,301,88,58,70,1,3930,3415,301,63,42,11,0,6,92,3629,3354,175,64,11,14,0,3735,3090,500,49,70,31,0,0,2063,471,1569,2005,325,1680,2140,395,1500,2131,426,1580,2113,446,1574,2052,312,1740,1780,414,1280,2092,460,1534,2272,595,1586,2282,384,1611,2195,501,1694,0.0,18,18085,,,
109,18085962101,9621.01,-85.8018063,41.2421496,10350475.0,10176540.0,173935.0,2850,2456,185,51,138,22,4,2823,2468,129,64,162,0,0,3061,2323,287,94,216,334,0,3619,2814,362,97,261,71,2,3022,2262,269,73,290,242,0,3007,2136,367,129,316,253,0,2115,1867,109,27,95,15,4,2000,1795,50,45,110,0,0,1955,1620,85,80,115,55,0,2657,2143,214,58,180,44,2,2657,2143,214,49,172,5,0,11,63,2097,1779,137,62,83,42,0,2075,1745,145,60,100,20,0,0,1268,375,876,1087,237,850,1239,260,887,1219,309,842,1224,342,839,1189,230,959,955,253,665,1269,329,894,1526,434,1053,1520,287,974,1476,389,1087,0.0,18,18085,,,
110,18085961002,9610.02,-85.6927211,41.3717491,25355659.0,12273694.0,13081965.0,2216,2072,102,17,18,10,0,1610,1473,115,0,10,12,0,1691,1575,97,7,14,0,0,2452,2167,172,30,39,32,0,2113,1925,151,15,10,12,0,2451,2231,200,9,0,11,0,1711,1627,59,4,14,7,0,1355,1230,105,0,10,10,0,1410,1295,95,4,15,0,0,1978,1792,109,18,21,25,0,1978,1792,109,6,15,1,0,0,55,1793,1608,155,15,10,10,0,2090,1875,200,10,0,10,0,0,963,339,608,870,253,617,891,215,636,899,269,575,888,276,581,872,185,687,754,222,507,925,253,646,1107,288,798,1104,209,748,1077,286,791,0.0,18,18085,,,
111,18085961001,9610.01,-85.7559505,41.3997697,29542959.0,29383782.0,159177.0,2314,2169,100,33,10,9,1,2578,2389,175,14,0,0,0,2611,2423,173,15,0,0,0,2348,2148,104,32,22,33,3,2479,2345,114,7,10,4,0,2365,2240,62,0,57,3,0,1751,1669,57,12,7,7,0,1940,1840,95,0,0,0,0,1950,1855,95,0,0,0,0,1814,1677,59,23,19,24,2,1814,1677,59,9,9,1,2,5,52,1877,1798,66,0,4,6,0,1965,1875,59,0,29,8,0,0,946,314,616,940,253,687,1005,226,731,986,277,648,989,295,652,962,192,770,839,240,573,1012,264,717,1149,279,847,1148,206,762,1103,273,830,0.0,18,18085,,,
112,18011810606,8106.06,-86.3052734,39.9554326,24572242.0,24489121.0,83121.0,7200,6640,157,105,272,24,7,6525,5885,70,109,365,107,0,7478,6844,0,183,333,118,0,8339,7331,241,136,443,115,12,7507,6765,0,108,488,146,0,8680,7569,281,256,619,26,0,4582,4280,80,62,142,15,4,4175,3840,55,55,200,24,0,4715,4360,0,105,185,65,0,5634,5011,144,87,258,79,6,5634,5011,144,64,219,1,2,23,170,4845,4520,0,57,207,57,0,5945,5270,140,160,315,29,0,25,3595,1249,2317,4153,1251,2902,4646,1764,2456,4678,1637,2897,4666,1801,2767,4487,1309,3178,3977,1810,2068,4703,1935,2628,5198,2517,2561,5233,1475,3445,5107,2105,3002,0.0,18,18011,,,
113,18011810607,8106.07,-86.3363695,39.9470247,15366338.0,15364133.0,2205.0,4378,3720,156,158,316,27,1,7683,6324,398,242,719,18,0,8109,6202,566,359,982,0,0,9651,7206,487,547,1200,134,11,8621,6449,486,414,1272,0,0,9441,7108,204,697,1250,39,0,2778,2399,82,90,199,10,0,4655,4210,130,125,190,0,0,4790,4180,155,185,270,0,0,6388,4856,282,349,762,81,8,6388,4856,282,292,709,4,1,30,214,4983,4311,163,246,276,0,0,5895,4920,45,405,480,40,0,0,1932,771,1136,1968,714,1254,3670,1456,1827,3644,1389,2057,3636,1502,2005,3515,1201,2314,3196,1603,1474,3971,1774,2045,4921,2498,2300,4932,1650,2900,4781,2178,2603,0.0,18,18011,,,
114,18035000400,4,-85.3879593,40.1827145,1147983.0,1147983.0,0.0,1967,1315,49,567,21,22,13,1634,1348,77,164,0,48,0,1554,1340,112,111,0,0,0,1658,1180,50,371,7,67,2,1463,1276,92,104,0,0,0,1566,1358,162,53,0,0,0,1438,1005,29,382,14,21,8,1200,985,44,134,0,35,0,1105,1005,35,69,0,0,0,1259,947,36,217,3,58,0,1259,947,36,202,3,1,0,0,70,1074,986,31,57,0,0,0,1085,1010,60,25,0,0,0,0,589,478,97,517,425,92,503,297,172,497,324,136,488,332,131,473,309,164,366,248,95,465,295,149,485,273,203,480,240,194,476,282,194,0.0,18,18035,,,
115,18035000500,5,-85.4234599,40.1794879,5765515.0,5709845.0,55670.0,4274,4006,63,159,17,22,5,4127,3911,59,142,0,15,0,3995,3738,89,152,0,16,0,3895,3292,93,382,25,97,6,3784,3385,219,106,0,17,0,3590,3153,222,149,21,7,15,3359,3209,40,80,10,15,3,3130,3055,4,59,0,10,0,2990,2885,25,64,0,10,0,2954,2624,50,185,9,68,5,2954,2624,50,136,5,5,3,8,123,2974,2749,143,70,0,10,0,2825,2540,170,110,0,8,0,0,1643,1027,588,1355,830,525,1484,615,770,1456,716,633,1445,767,610,1400,658,742,1160,603,479,1400,652,682,1433,569,843,1426,458,796,1401,615,786,0.0,18,18035,,,
116,18035000600,6,-85.4007155,40.1891304,1388550.0,1346083.0,42467.0,1673,1310,40,285,14,35,0,1439,1155,51,184,0,23,0,1503,1232,7,181,19,26,0,1648,1237,53,285,20,46,5,1479,1112,0,225,11,91,0,1378,814,181,364,10,38,11,1392,1101,29,228,12,31,0,1075,900,15,149,0,15,0,1110,935,0,145,20,15,0,1335,1044,37,198,11,41,3,1335,1044,37,151,1,5,0,2,95,1160,876,0,194,10,84,0,1145,730,105,274,8,24,0,0,501,381,109,377,275,102,413,253,113,405,252,112,399,264,107,395,249,146,333,228,82,420,274,119,491,322,152,485,269,165,484,330,154,0.0,18,18035,,,
117,18035000800,8,-85.4278531,40.1910237,3835594.0,3769093.0,66501.0,4296,3819,110,271,68,29,7,4461,4069,46,303,29,14,0,4678,4130,277,168,89,14,0,4048,3374,178,357,53,59,6,4485,4011,214,184,48,6,0,4332,3651,182,307,71,11,0,3462,3165,63,164,50,24,2,3755,3505,30,185,30,15,0,3800,3525,55,110,90,15,0,3349,2880,111,248,44,44,2,3349,2880,111,212,29,4,0,10,103,3691,3469,52,136,36,2,0,3645,3325,50,219,35,8,0,0,1895,1104,765,1776,993,783,1791,878,767,1772,934,724,1758,1023,669,1691,799,892,1577,912,570,1752,964,713,1869,1058,772,1857,800,878,1814,1001,813,0.0,18,18035,,,
118,18035000902,9.02,-85.4051261,40.2025512,1331780.0,1330387.0,1393.0,6875,6002,164,484,179,28,41,5298,4203,288,546,203,41,28,5457,4222,292,638,238,74,18,5358,4099,389,681,182,16,5,5683,4296,354,767,258,77,8,5086,3720,226,792,287,167,9,6566,5762,150,453,154,27,29,5130,4215,220,525,105,44,10,5255,4205,230,615,110,74,10,5336,4090,386,680,173,13,5,5336,4090,386,591,139,5,2,12,111,5466,4291,289,715,99,64,0,4905,3675,225,750,145,155,0,10,1674,1112,545,1192,764,428,905,547,252,887,521,303,883,580,260,842,504,338,773,551,179,812,532,234,709,502,186,704,416,228,696,483,213,0.0,18,18035,,,
119,18015959300,9593,-86.4940146,40.6307407,272955675.0,272011555.0,944120.0,3023,2970,18,18,6,11,1,2846,2763,48,32,0,0,3,2861,2720,93,46,0,0,2,2982,2851,62,25,15,33,2,2921,2732,152,37,0,0,0,3102,2942,141,15,0,2,4,2241,2211,11,5,5,9,1,2150,2120,15,10,0,0,4,2225,2150,50,19,0,0,4,2225,2159,30,8,8,17,0,2225,2159,30,3,4,4,0,0,25,2311,2194,84,8,0,0,0,2475,2370,99,4,0,4,0,0,1388,589,753,1181,392,789,1307,251,977,1305,357,844,1303,430,817,1275,255,1020,1037,298,684,1267,311,905,1363,282,1057,1365,185,877,1357,306,1051,0.0,18,18015,,,
120,18015959500,9595,-86.747831,40.6427954,34431812.0,30683964.0,3747848.0,2427,2332,75,12,5,14,0,2550,2390,29,53,46,58,13,2577,2439,26,44,40,46,9,2563,2379,86,30,20,49,0,2673,2562,32,21,37,45,12,2627,2545,10,48,46,36,0,1910,1860,45,7,3,9,0,2165,2045,33,15,35,45,0,2235,2130,28,10,30,35,0,2128,1989,65,23,16,34,0,2128,1989,65,12,7,5,0,2,48,2359,2260,32,8,24,31,0,2350,2295,10,0,14,8,0,20,1079,489,573,988,375,613,1105,271,758,1100,334,685,1100,384,664,1064,277,787,914,280,587,1132,323,757,1280,329,926,1272,234,839,1276,345,931,0.0,18,18015,,,
121,18015959900,9599,-86.4455813,40.4918686,155158097.0,155137510.0,20587.0,2684,2603,56,8,7,10,2,2512,2498,14,0,0,0,0,2646,2631,0,15,0,0,0,2646,2512,54,13,14,30,2,2733,2663,0,45,0,25,0,2793,2683,26,31,0,53,0,2015,1982,28,0,3,5,1,1845,1830,15,0,0,0,0,1970,1970,0,0,0,0,0,1981,1911,31,1,10,18,1,1981,1911,31,0,5,0,0,4,30,2079,2061,0,0,0,25,0,2120,2065,8,0,0,40,0,0,1333,471,826,1153,310,843,1338,221,1032,1340,321,916,1333,386,895,1305,242,1063,1073,248,791,1307,278,987,1428,247,1154,1435,171,942,1425,286,1139,0.0,18,18015,,,
122,18015959400,9594,-86.6692293,40.6690156,187530304.0,185707675.0,1822629.0,2592,2494,66,4,5,12,1,2684,2613,20,1,20,32,19,2726,2710,9,1,1,7,0,2584,2401,62,21,17,48,2,2568,2550,8,1,1,10,0,2552,2463,53,3,0,5,0,2019,1958,31,3,5,8,1,2100,2055,19,0,0,10,0,2015,2005,4,0,0,4,0,1989,1875,30,1,15,38,0,1989,1875,30,0,5,0,0,8,71,1973,1960,2,0,0,12,0,1915,1895,15,4,0,4,0,0,1127,496,599,999,366,633,1176,276,834,1181,348,752,1173,404,727,1150,289,861,945,294,615,1177,330,809,1284,330,935,1287,232,826,1271,333,938,0.0,18,18015,,,
123,18015959700,9597,-86.6104437,40.5260678,253630088.0,253173164.0,456924.0,3433,3292,92,16,13,19,0,3140,2989,82,0,68,0,0,3174,3008,158,0,19,0,0,3327,3116,101,20,14,65,4,3248,3014,206,0,39,0,0,3186,2938,211,0,12,10,0,2546,2462,54,4,8,16,0,2410,2350,30,0,30,0,0,2435,2330,94,0,10,0,0,2489,2356,61,9,5,48,1,2489,2356,61,4,1,0,0,4,63,2538,2379,129,0,26,0,0,2395,2250,120,0,10,10,0,0,1430,606,784,1228,414,814,1416,306,1024,1413,417,886,1411,478,885,1378,314,1064,1095,328,713,1388,369,973,1529,345,1161,1532,242,988,1527,374,1153,0.0,18,18015,,,
124,18015959600,9596,-86.6734313,40.581004,12138638.0,11954026.0,184612.0,3241,2855,329,33,8,38,1,3545,2913,575,22,0,11,0,3399,2836,513,23,0,0,0,3381,2836,358,92,20,78,0,3303,2738,452,22,67,0,0,3294,2710,465,6,69,11,0,2411,2177,202,12,5,30,0,2440,2270,140,24,0,10,0,2405,2250,139,24,0,0,0,2549,2209,218,57,19,62,0,2549,2209,218,37,15,14,0,6,50,2091,1956,110,23,4,0,0,2255,2060,165,4,10,14,0,0,1271,619,623,1097,438,659,1272,346,848,1256,427,733,1250,476,717,1203,330,873,960,350,547,1257,403,795,1399,419,940,1402,304,830,1392,437,955,0.0,18,18015,,,
125,18097342300,3423,-86.2380402,39.7313741,5376829.0,5376829.0,0.0,6436,5493,512,369,38,65,7,6746,5253,874,731,0,0,0,6536,5359,959,306,25,53,0,6860,4667,1375,624,48,224,10,6678,4731,1447,660,25,49,0,6539,4504,1306,782,17,33,0,4790,4190,301,253,27,49,3,4490,3963,237,290,0,0,0,4448,4147,150,95,0,30,0,5075,3711,809,399,38,163,4,5075,3711,809,352,33,13,0,6,151,4331,3814,150,319,0,25,0,4160,3575,115,435,0,14,0,15,1451,741,669,1232,558,674,1399,436,863,1390,529,730,1387,574,739,1351,479,872,971,391,531,1334,504,778,1457,496,931,1470,425,751,1453,576,877,0.0,18,18097,,,
126,18097342400,3424,-86.2183709,39.7390625,9756705.0,9535297.0,221408.0,1609,1448,112,26,8,14,4,1435,1273,136,26,0,0,0,1570,1361,186,23,0,0,0,1575,1132,330,73,10,33,4,1546,1283,153,10,0,0,0,1621,1150,345,21,0,26,0,1183,1092,62,12,7,11,3,1010,955,30,25,0,0,0,1110,1065,20,20,0,0,0,1151,891,178,51,10,25,4,1151,891,178,42,7,0,0,0,33,1155,1131,20,8,0,0,0,1045,965,30,20,0,25,0,0,314,153,153,255,114,141,299,76,206,295,89,173,293,105,172,287,84,203,197,70,118,282,93,178,313,93,214,308,87,162,308,111,197,0.0,18,18097,,,
127,18097342500,3425,-86.2353634,39.7564179,3359522.0,3359522.0,0.0,4699,3909,518,229,15,45,8,4681,2889,1260,275,48,68,0,4848,2778,1398,455,46,46,0,5004,2867,1578,409,46,163,1,4618,2870,961,539,49,103,0,5091,3328,1092,342,168,82,0,3482,3022,304,131,14,29,4,2835,2360,220,154,25,70,0,2875,2245,320,254,35,25,0,3628,2332,935,231,30,122,1,3628,2332,935,201,16,17,0,10,117,2656,2112,241,215,30,58,0,2755,2435,150,133,20,15,0,0,1251,717,514,1059,562,497,1225,443,695,1214,518,581,1214,542,602,1187,462,725,848,390,423,1138,478,616,1190,455,715,1192,395,581,1186,518,668,0.0,18,18097,,,
128,18097342600,3426,-86.2043727,39.7555077,3201823.0,3201823.0,0.0,3418,2328,732,316,20,35,6,3495,1719,1164,550,0,58,0,3754,1790,1443,442,0,91,0,3490,1768,1296,358,22,85,10,3780,2037,1119,520,0,85,0,3509,2005,1330,150,0,8,0,2448,1807,425,183,12,29,5,1795,1415,185,150,0,45,0,1820,1480,160,99,0,84,0,2512,1444,787,228,17,63,8,2512,1444,787,188,6,2,0,0,85,2201,1709,228,169,0,86,0,2195,1765,320,105,0,10,0,0,513,314,183,510,311,199,565,242,283,551,283,220,552,282,243,546,265,281,378,187,164,538,264,250,591,280,307,597,252,257,596,314,282,0.0,18,18097,,,
129,18097350100,3501,-86.1908337,39.8119122,1938652.0,1673239.0,265413.0,1310,98,20,1181,7,6,2,1296,191,118,1017,32,0,0,1257,166,142,1001,28,0,0,1390,202,164,986,31,41,1,1259,128,81,1018,32,0,0,1460,360,112,960,28,0,0,1008,85,14,902,7,5,2,1045,170,35,805,35,0,0,970,125,45,770,30,0,0,1093,171,106,786,26,24,0,1093,171,106,755,19,2,0,7,33,920,128,9,745,29,0,0,990,275,35,650,30,0,0,0,803,776,20,701,680,21,598,560,24,595,547,34,597,555,31,590,538,52,474,445,16,568,528,31,577,529,41,579,480,80,579,530,49,0.0,18,18097,,,
130,18097350300,3503,-86.1592091,39.8211605,677826.0,677826.0,0.0,1959,328,50,1575,9,20,1,2525,636,84,1763,25,17,0,2559,711,102,1705,24,18,0,2511,592,193,1688,28,69,5,2290,466,106,1596,26,15,0,2818,651,228,1805,26,7,0,1598,300,34,1257,9,15,1,2030,510,60,1420,20,15,0,1985,525,70,1350,15,15,0,2039,528,149,1316,24,66,2,2039,528,149,1232,9,6,0,17,98,1867,474,72,1285,20,15,0,2065,600,125,1325,20,4,0,0,1073,1022,43,960,929,31,913,833,43,906,825,47,905,844,46,900,826,74,668,612,37,864,794,53,909,829,69,911,757,120,906,825,81,0.0,18,18097,,,
131,18097350400,3504,-86.1443172,39.8217535,1411406.0,1411406.0,0.0,2579,613,55,1885,30,28,2,2876,751,61,1911,85,42,0,2697,864,62,1585,92,55,0,2490,826,187,1459,49,52,3,2605,896,23,1508,122,39,0,2486,1058,22,1391,17,19,0,2051,556,44,1429,19,24,1,2325,700,35,1524,24,40,0,2140,785,35,1249,25,55,0,2021,690,162,1178,34,45,3,2021,690,162,1036,17,8,0,18,90,1998,709,25,1226,13,29,0,2025,880,14,1115,4,10,0,0,1334,1253,75,1314,1224,90,1345,1196,87,1337,1177,112,1333,1205,102,1313,1149,164,1057,958,70,1249,1116,106,1216,1085,109,1218,966,206,1221,1078,143,0.0,18,18097,,,
132,18097370201,3702.01,-86.2531592,39.7018038,4759810.0,4759810.0,0.0,4095,3561,184,272,48,25,3,4289,3768,178,291,0,64,0,4152,3681,195,273,0,59,0,4102,3004,355,571,58,80,3,3545,3005,239,305,0,40,0,3354,2623,329,420,0,11,0,2972,2687,99,132,31,21,3,3096,2779,56,195,0,50,0,3035,2774,50,155,0,45,0,3118,2401,218,354,50,64,2,3118,2401,218,309,35,3,0,11,141,2645,2330,90,184,0,39,0,2605,2275,130,185,0,10,0,0,1243,564,661,1052,410,642,1219,350,773,1207,428,672,1201,482,656,1173,368,805,935,360,536,1162,412,695,1203,410,763,1209,334,668,1200,449,751,0.0,18,18097,,,
133,18097380200,3802,-86.1585,39.7151421,5291049.0,5291049.0,0.0,3117,2239,523,245,96,32,3,3098,2604,242,211,17,24,0,3224,2801,236,159,26,0,6,3291,2353,348,391,129,63,0,3175,2477,216,455,27,0,7,3378,2430,167,632,127,22,13,2407,1834,319,170,64,26,2,2400,2135,150,90,10,25,0,2470,2205,135,120,15,0,0,2591,1940,234,290,79,55,0,2591,1940,234,238,75,12,0,15,77,2358,2000,131,214,21,0,0,2415,2020,65,270,40,24,0,0,861,436,411,828,381,447,861,339,459,859,374,423,858,404,419,831,342,489,696,337,336,847,381,434,926,416,487,930,324,475,926,444,482,0.0,18,18097,,,
134,18097380402,3804.02,-86.0950416,39.6991152,2224962.0,2224962.0,0.0,4586,3818,424,262,55,42,13,4969,4303,274,111,293,0,0,4723,4142,255,102,236,0,0,4867,3049,772,617,324,128,3,5121,4548,349,125,111,0,0,4846,4027,281,473,51,34,0,3404,2959,246,147,39,24,12,3449,3229,85,100,30,0,0,3393,3198,90,75,25,0,0,3614,2439,503,392,204,84,3,3614,2439,503,340,183,3,3,17,126,3394,3183,88,99,26,0,0,3175,2845,35,280,0,15,0,0,1535,772,742,969,393,576,1653,588,942,1637,670,844,1630,718,839,1590,584,1006,1245,554,633,1574,668,836,1644,725,878,1651,571,814,1638,747,891,0.0,18,18097,,,
135,18097380501,3805.01,-86.1208476,39.6973992,2070366.0,2070366.0,0.0,2527,2122,265,66,56,15,0,2449,2123,264,58,0,11,0,2164,1991,132,37,0,0,0,2639,1657,524,147,244,83,8,2247,2008,148,88,0,0,0,2472,1985,318,150,0,6,13,1929,1688,156,41,32,14,0,1830,1735,50,35,0,0,0,1725,1650,55,25,0,0,0,1940,1367,270,101,141,64,6,1940,1367,270,73,120,5,1,7,97,1808,1711,56,35,0,0,0,1680,1530,45,95,0,4,15,0,884,393,476,854,312,542,949,304,569,942,354,511,938,393,511,914,318,596,748,318,393,912,351,525,960,371,573,967,281,530,961,377,584,0.0,18,18097,,,
136,18019050706,507.06,-85.6803436,38.3728114,41308269.0,41038449.0,269820.0,3777,3303,102,292,61,20,17,4199,3479,162,515,0,2,0,4110,3381,232,425,9,4,0,5685,4522,266,609,147,119,7,4311,3524,298,378,0,16,0,5429,4398,160,783,2,23,0,2794,2481,64,194,43,15,10,2998,2520,93,388,1,3,0,2890,2369,128,380,11,3,0,4223,3448,156,421,98,79,5,4223,3448,156,364,75,5,3,22,150,3110,2591,183,322,0,14,0,3960,3260,120,574,4,8,0,0,1723,739,967,1912,777,1135,2602,930,1432,2482,1015,1367,2443,949,1432,2335,851,1484,2229,1037,1102,2712,1120,1498,3320,1438,1817,3290,1142,1998,3176,1341,1835,5549.103720703871,18,18019,,,
137,18019050505,505.05,-85.7874937,38.3157232,2951447.0,2851763.0,99684.0,1642,1497,61,62,13,11,1,1730,1632,57,10,10,12,0,1836,1604,86,103,8,27,0,1809,1500,115,126,27,58,4,1970,1641,98,177,6,40,0,1847,1510,56,233,12,23,0,1318,1230,37,39,9,8,1,1400,1325,44,10,10,10,0,1480,1365,14,65,10,25,0,1457,1250,75,76,16,42,1,1457,1250,75,49,12,9,0,7,55,1660,1441,17,143,5,39,0,1525,1335,10,140,10,25,0,0,887,412,467,808,380,428,855,350,453,849,391,429,842,380,432,813,342,471,712,332,348,860,385,445,955,428,507,955,353,548,925,429,496,0.0,18,18019,,,
138,18019050705,507.05,-85.675094,38.328889,14662305.0,13912094.0,750211.0,1780,1573,52,107,31,12,4,1609,1366,53,169,3,1,0,1577,1332,79,141,6,3,0,2030,1649,90,206,31,40,6,1623,1264,99,230,25,5,0,2038,1484,198,330,14,12,0,1392,1265,34,62,19,6,2,1187,1025,31,126,3,1,0,1155,971,41,124,8,1,0,1636,1373,56,141,25,26,6,1636,1373,56,122,17,0,4,7,57,1302,1078,55,135,22,3,0,1510,1220,85,184,15,14,0,0,997,445,539,904,391,513,935,346,549,932,399,496,907,377,504,870,330,540,859,393,439,957,404,531,1091,466,610,1086,381,645,1041,445,596,4170.512341826472,18,18019,,,
139,18097350500,3505,-86.1234158,39.8215026,1583504.0,1583504.0,0.0,2136,43,34,2053,12,21,0,2262,112,348,1808,0,12,0,2180,156,369,1669,0,7,0,2395,109,280,1975,11,30,3,2379,153,348,1893,0,0,0,2384,281,237,1866,12,24,0,1618,38,15,1550,9,15,0,1685,75,44,1559,0,8,0,1510,119,49,1338,0,4,0,1713,87,147,1454,4,29,2,1713,87,147,1417,1,1,0,16,44,1620,110,22,1486,0,0,0,1540,204,35,1290,0,0,0,10,1237,1224,7,1146,1142,4,869,830,23,852,802,32,850,812,23,847,795,52,657,630,16,796,762,23,794,754,33,800,718,71,799,752,47,0.0,18,18097,,,
140,18097350600,3506,-86.0962752,39.8207012,2419320.0,2419320.0,0.0,4640,122,122,4382,19,35,7,4728,174,242,4323,38,0,0,5336,421,271,4653,37,0,0,4406,246,508,3632,24,88,5,5484,325,164,4957,42,47,0,5417,250,301,4792,31,87,0,3586,105,83,3388,12,25,6,3660,150,88,3380,0,0,0,3915,395,93,3400,0,0,0,3441,190,293,2944,21,56,3,3441,190,293,2849,12,8,3,1,85,4160,307,77,3683,0,43,0,3940,220,165,3485,0,90,0,25,2786,2736,31,2505,2489,16,2083,2005,52,2079,1958,64,2080,1990,60,2062,1947,115,1652,1579,44,1931,1855,55,1854,1781,58,1860,1684,146,1867,1800,67,0.0,18,18097,,,
141,18097351000,3510,-86.1577169,39.8136035,1101526.0,1101526.0,0.0,2359,579,54,1691,36,24,1,2554,550,28,1895,42,55,0,2620,631,42,1864,55,52,0,2555,777,181,1558,43,53,4,2609,874,48,1606,42,39,0,2415,1263,57,1040,30,39,0,1853,507,40,1269,32,20,1,1835,490,14,1250,25,50,0,1945,560,45,1260,30,40,0,1898,640,115,1116,28,29,0,1898,640,115,1060,10,5,0,11,57,1862,662,50,1084,24,39,0,1670,855,55,720,15,40,0,0,1345,1237,98,1123,1035,88,1076,955,74,1067,916,101,1069,966,83,1043,912,131,918,829,59,1077,960,92,1157,1040,103,1171,943,191,1168,1042,126,0.0,18,18097,,,
142,18097351200,3512,-86.1745308,39.8050931,1815622.0,1810521.0,5101.0,2299,73,61,2181,4,18,2,2523,42,158,2323,0,23,0,2690,67,199,2424,0,6,0,2381,125,254,1963,22,44,10,2784,131,197,2456,0,6,0,2727,217,382,2166,0,9,0,1663,61,33,1571,3,16,1,1630,35,24,1549,0,4,0,1570,45,35,1489,0,4,0,1702,108,163,1410,15,26,10,1702,108,163,1349,3,9,6,9,55,1728,104,18,1587,0,4,0,1775,205,34,1544,0,10,0,0,1215,1189,15,1034,1033,1,914,857,28,905,836,36,900,849,30,891,831,60,683,639,22,821,775,30,792,744,38,798,680,93,798,751,47,0.0,18,18097,,,
143,18097351500,3515,-86.1595472,39.8058778,1199910.0,1199910.0,0.0,1864,432,63,1351,25,9,0,1940,496,111,1290,65,23,11,1740,528,66,1087,59,25,0,2023,620,192,1148,46,36,1,1653,717,11,880,45,0,0,1977,811,87,1092,13,94,0,1448,387,47,990,25,8,0,1530,485,55,939,30,0,0,1425,520,50,819,25,0,0,1558,552,128,835,35,27,0,1558,552,128,790,23,0,0,2,63,1425,704,10,678,35,0,0,1635,785,50,730,14,8,0,25,929,861,57,825,771,54,749,666,46,749,641,74,745,661,66,737,647,90,600,557,31,739,661,63,803,722,74,800,633,143,806,714,92,0.0,18,18097,,,
144,18097351600,3516,-86.1566739,39.7994958,1016308.0,1016308.0,0.0,1989,956,67,921,50,16,1,2340,1418,113,762,29,24,0,2395,1509,134,709,27,9,0,2293,1364,129,656,103,35,5,2553,1800,175,560,14,12,0,2589,1863,154,370,131,82,0,1614,860,51,662,38,13,1,1910,1180,65,605,30,0,0,1940,1240,85,580,25,0,0,1964,1204,94,550,89,24,1,1964,1204,94,511,70,0,0,6,79,2004,1416,111,450,14,3,0,1950,1450,100,305,55,25,0,10,1067,893,163,1040,847,193,1169,923,152,1168,868,235,1166,917,213,1136,860,276,1062,900,127,1185,955,189,1297,1087,185,1307,888,355,1298,1058,240,0.0,18,18097,,,
145,18097351700,3517,-86.1404631,39.8027566,2365833.0,2365833.0,0.0,2279,520,68,1665,27,17,0,2352,831,91,1432,16,5,7,2315,860,113,1306,44,16,8,2642,995,134,1442,54,34,1,2427,1237,52,1101,67,20,25,2629,1199,28,1329,51,76,0,1729,440,46,1218,19,15,0,1705,620,74,1000,0,4,0,1765,620,75,1035,20,14,0,2057,799,88,1117,38,25,1,2057,799,88,1063,28,2,0,7,70,1861,950,39,828,30,16,0,2110,930,20,1095,40,80,0,0,1167,1081,75,1149,1036,113,1131,971,91,1125,929,147,1128,963,134,1105,916,189,1043,926,89,1169,1009,131,1324,1152,150,1338,985,298,1324,1141,183,0.0,18,18097,,,
146,18097352100,3521,-86.1093343,39.8034527,1565012.0,1565012.0,0.0,2053,100,94,1867,9,15,2,2104,208,199,1637,0,23,51,1929,295,183,1418,0,33,0,2121,185,420,1493,13,61,6,2127,345,159,1584,0,32,0,1922,356,216,1307,0,43,0,1499,77,57,1370,5,10,2,1390,99,74,1195,0,20,0,1250,130,70,1045,0,4,0,1459,138,227,1085,5,33,3,1459,138,227,1022,2,0,0,12,58,1409,131,73,1185,0,10,0,1235,165,90,960,0,14,0,0,1045,1027,12,895,892,3,767,731,14,766,728,15,764,743,12,762,728,34,539,517,7,687,659,18,669,621,39,673,577,71,670,626,44,0.0,18,18097,,,
147,18135951500,9515,-85.1072036,40.2567562,217709306.0,217136563.0,572743.0,3089,3006,23,13,20,26,3,2764,2728,12,5,20,4,0,2808,2662,9,9,9,3,0,2903,2756,37,17,12,69,0,2754,2625,7,7,4,0,0,2655,2514,23,26,5,4,0,2335,2300,11,2,10,18,1,2135,2130,0,0,0,4,0,2185,2175,0,4,0,4,0,2265,2178,23,2,9,44,0,2265,2178,23,0,6,10,0,4,44,2147,2138,0,0,0,0,0,2155,2110,15,24,0,4,0,0,1347,613,688,1239,447,792,1354,286,1004,1324,394,860,1300,449,811,1286,294,992,1053,295,704,1299,331,924,1403,276,1095,1399,213,923,1345,305,1040,0.0,18,18135,,,
148,18135951400,9514,-84.908777,40.245603,238465265.0,237927458.0,537807.0,2627,2552,36,16,14,14,0,2317,2242,23,24,0,28,0,2499,2452,20,0,0,27,0,2445,2301,59,29,21,31,2,2553,2469,0,0,74,10,0,2646,2562,53,0,24,7,0,2028,1982,26,5,9,10,0,1845,1780,14,25,0,30,0,1950,1910,14,0,0,25,0,1887,1804,25,16,7,26,0,1887,1804,25,8,5,5,0,6,34,1853,1844,0,0,0,8,0,1900,1895,4,0,0,8,0,0,1225,491,697,1142,398,744,1189,249,884,1156,325,766,1150,369,738,1131,237,894,935,260,624,1147,293,813,1246,270,956,1243,189,861,1194,278,916,9610.317913068944,18,18135,,,
149,18097352300,3523,-86.0931306,39.807044,2394909.0,2394909.0,0.0,1477,97,46,1331,4,5,0,1112,137,48,900,0,27,0,1090,146,83,837,0,24,0,1604,129,288,1171,9,22,0,1120,124,35,929,0,36,0,1186,70,27,1089,0,16,0,1097,76,30,993,4,5,0,900,115,30,734,0,25,0,890,120,50,700,0,25,0,1141,110,161,862,5,11,0,1141,110,161,831,5,4,0,13,17,991,97,24,834,0,34,0,950,70,10,865,0,15,0,0,795,775,15,619,617,2,559,531,16,553,515,18,554,527,23,553,519,34,419,393,15,511,486,18,504,470,25,502,441,45,501,473,28,0.0,18,18097,,,
150,18097352400,3524,-86.0920594,39.7947585,2101513.0,2101513.0,0.0,2929,1494,234,1161,17,32,9,3145,1446,467,1208,36,12,0,2721,1097,427,1155,16,19,0,3056,1095,609,1297,17,95,7,2877,1054,504,1279,8,22,0,3321,942,623,1665,0,3,0,2148,1236,145,735,15,25,7,2260,1155,155,930,10,10,0,2055,910,230,885,4,20,0,2240,925,382,885,12,66,6,2240,925,382,836,5,3,0,10,79,1996,839,220,905,10,20,0,2215,860,290,1070,0,4,0,0,965,692,259,796,588,208,812,532,246,804,535,215,804,560,216,792,520,272,597,417,161,763,527,216,802,560,238,799,491,250,800,564,236,0.0,18,18097,,,
151,18097352500,3525,-86.0927433,39.7851386,1326609.0,1326609.0,0.0,2993,2184,248,533,25,22,4,2685,1928,99,662,18,54,0,2813,2036,71,694,18,31,0,3003,1884,334,662,40,85,0,2982,2357,69,546,0,10,0,3181,2065,447,662,0,18,0,2406,1865,149,370,19,20,2,2365,1720,85,540,0,0,0,2375,1690,70,600,0,0,0,2515,1660,241,508,27,76,0,2515,1660,241,460,16,9,0,5,124,2538,1993,69,488,0,0,0,2510,1860,45,600,0,8,0,0,1208,828,358,1039,727,312,1094,720,289,1094,739,274,1094,774,269,1059,710,349,949,726,180,1095,789,262,1187,884,279,1197,769,325,1191,897,294,0.0,18,18097,,,
152,18097352600,3526,-86.1095036,39.7896481,2245789.0,2245789.0,0.0,3339,1434,400,1421,20,92,9,3436,1431,776,1202,11,0,16,3671,1443,846,1338,35,0,24,3739,1386,848,1394,42,158,11,3648,1470,993,1149,37,0,31,3460,1564,776,1107,53,44,0,2364,1179,229,891,14,68,5,2075,1175,129,765,10,0,4,2075,1145,155,745,20,0,4,2682,1157,513,913,33,110,10,2682,1157,513,837,17,11,0,25,122,2213,1155,274,742,20,0,12,2530,1315,385,785,35,10,0,0,1122,919,190,829,667,162,865,580,219,860,594,200,858,624,197,842,596,246,690,502,153,868,623,208,977,704,248,988,623,281,977,724,253,0.0,18,18097,,,
153,18097352700,3527,-86.1255107,39.7866484,2047623.0,2047623.0,0.0,2417,1175,250,940,20,41,2,2545,1456,184,894,0,11,0,2492,1269,106,1059,0,12,0,2423,1188,345,781,44,95,17,2172,921,500,721,0,0,0,2600,1570,478,412,0,10,0,1820,1015,147,614,16,33,0,1855,1140,100,600,0,10,0,1795,1030,80,670,0,10,0,1862,1016,204,557,31,72,13,1862,1016,204,510,16,8,6,4,98,1561,780,295,481,0,0,0,1845,1440,135,255,0,0,0,10,872,696,167,752,588,164,774,562,152,766,555,147,771,595,147,758,565,193,671,521,119,812,623,163,969,748,204,981,649,263,977,756,221,0.0,18,18097,,,
154,18003010804,108.04,-85.0544868,41.1242933,2937583.0,2937583.0,0.0,3918,3393,122,278,105,33,6,4387,3694,249,185,234,25,0,4369,3652,248,142,268,38,0,3975,3124,229,372,159,69,8,4336,3864,209,121,89,33,0,3913,3370,295,119,49,5,0,2977,2653,63,173,70,23,2,3315,2910,110,95,170,25,0,3255,2810,105,95,205,40,0,3113,2540,125,249,112,59,8,3113,2540,125,200,91,14,1,12,130,3211,2945,92,78,58,34,0,3045,2765,135,95,50,4,0,0,1980,858,1108,1933,745,1188,1965,684,1157,1949,763,1068,1940,767,1118,1896,617,1279,1608,688,876,1949,777,1109,2143,906,1191,2148,672,1263,2103,880,1223,0.0,18,18003,,,
155,18003010803,108.03,-85.0715283,41.1273745,5233911.0,5233911.0,0.0,5227,4552,209,320,124,43,3,5399,4663,281,342,0,94,0,5594,4575,582,321,0,85,0,5464,4185,402,532,226,106,8,5549,4586,446,412,0,59,0,5798,4512,595,614,0,26,0,3802,3418,113,188,70,27,1,4000,3605,150,160,0,79,0,3995,3535,210,170,0,74,0,4075,3291,233,317,140,83,3,4075,3291,233,267,117,15,1,13,138,3955,3446,156,312,0,49,0,3885,3425,120,310,0,25,0,0,2523,1086,1419,2423,983,1440,2325,824,1360,2317,916,1262,2306,966,1272,2233,718,1515,1986,835,1074,2341,959,1306,2600,1124,1425,2593,783,1516,2546,1085,1461,0.0,18,18003,,,
156,18003010808,108.08,-85.0259365,41.1287752,5824774.0,5824774.0,0.0,5310,4797,136,244,133,21,4,5055,4433,237,215,165,141,0,5231,4593,226,202,196,114,0,5348,4487,242,360,139,82,0,4764,4238,255,69,160,31,0,4729,4346,99,103,130,38,0,3959,3637,85,142,91,15,2,3700,3395,125,55,89,4,0,3789,3444,150,54,109,4,0,3943,3403,144,215,96,48,0,3943,3403,144,183,79,8,0,16,110,3510,3148,168,42,116,20,0,3430,3185,80,80,65,16,0,4,2903,1123,1760,2908,933,1975,2833,842,1810,2827,933,1762,2799,941,1797,2749,679,2070,2377,880,1429,2788,968,1736,2983,1146,1763,2981,805,1903,2928,1070,1858,0.0,18,18003,,,
157,18035001200,12,-85.3673938,40.2059641,3978564.0,3946029.0,32535.0,2530,714,56,1738,14,50,4,2662,793,46,1804,22,15,0,2665,883,25,1737,20,0,0,2305,797,69,1355,15,60,1,2985,988,32,1952,13,0,0,2415,1071,0,1304,8,7,0,1830,597,25,1191,12,28,2,1855,650,40,1155,0,15,0,1850,700,25,1120,0,0,0,1710,640,43,968,12,46,0,1710,640,43,902,7,9,0,17,92,1911,703,30,1173,0,0,0,1900,919,0,969,0,4,0,0,1125,1062,52,934,889,45,847,721,98,850,726,82,839,727,90,811,698,113,699,604,68,825,709,95,867,727,127,858,633,186,855,714,141,0.0,18,18035,,,
158,18035001300,13,-85.3554957,40.1848521,3516003.0,3409066.0,106937.0,3186,2592,63,475,14,48,7,3309,2946,10,353,0,0,0,3316,2717,14,585,0,0,0,2768,2226,87,359,15,72,8,3236,3105,11,105,0,15,0,3053,2729,26,171,0,71,48,2418,2042,36,302,11,32,3,2530,2255,10,260,0,0,0,2520,2090,15,415,0,0,0,2150,1787,53,235,12,58,4,2150,1787,53,201,7,12,0,9,81,2487,2360,11,104,0,16,0,2375,2100,15,160,0,64,0,35,1102,781,298,964,671,293,1014,488,462,993,538,375,985,569,372,961,513,448,759,451,264,957,505,410,981,475,493,978,377,494,965,485,480,0.0,18,18035,,,
159,18035001500,15,-85.3744081,40.1708987,2856697.0,2856697.0,0.0,2761,2359,64,299,8,32,7,2345,2086,9,225,25,0,0,2554,2208,20,280,21,25,0,2621,2181,59,284,11,59,8,2305,1796,16,449,16,28,0,2459,1832,43,562,7,15,0,2037,1831,31,142,3,22,5,1955,1775,10,155,10,0,0,2070,1880,20,145,4,25,0,2146,1841,43,183,10,45,5,2146,1841,43,163,5,5,0,8,81,1913,1624,18,239,4,30,0,2000,1645,40,290,4,18,0,0,966,661,291,832,540,292,780,343,385,776,406,304,759,437,286,752,368,384,572,309,232,749,371,346,813,346,449,799,283,418,791,369,422,0.0,18,18035,,,
160,18003011303,113.03,-85.069552,41.0419021,7648406.0,7648406.0,0.0,2079,614,184,796,480,37,0,1991,594,120,628,636,13,10,1875,490,162,652,558,13,8,2141,413,296,779,650,28,4,2230,749,129,829,510,13,7,2272,649,109,1005,491,0,0,1385,488,106,501,283,21,0,1170,470,80,369,230,8,0,1060,370,90,369,215,8,0,1466,350,179,518,410,21,3,1466,350,179,478,400,0,0,7,52,1311,571,69,464,196,8,0,1385,535,64,575,205,0,0,0,589,467,113,513,398,115,437,281,130,429,290,120,433,307,112,423,271,152,436,343,84,465,338,118,557,417,133,550,370,151,544,411,133,0.0,18,18003,,,
161,18003011501,115.01,-85.2059086,41.0777901,10002276.0,9953590.0,48686.0,3741,2958,266,428,79,33,7,4011,2793,210,943,69,4,7,3838,2706,212,837,90,5,15,3883,2736,304,606,139,109,4,3617,3008,129,390,54,8,11,3687,2969,110,443,113,9,7,3005,2502,154,279,63,26,3,2950,2280,105,525,35,4,0,2895,2240,110,490,60,4,0,3207,2402,203,395,98,99,2,3207,2402,203,352,85,16,2,18,129,2870,2535,89,193,39,4,0,3100,2605,70,345,79,4,0,0,1458,747,700,1295,619,676,1411,612,693,1403,660,642,1402,676,664,1367,553,814,1065,555,479,1371,664,655,1494,751,709,1496,580,775,1467,729,738,0.0,18,18003,,,
162,18035001000,10,-85.4039001,40.2108549,1941581.0,1941581.0,0.0,4521,4045,103,255,101,32,6,5279,4060,294,770,136,0,0,5733,4587,254,762,106,0,0,4914,3920,270,511,138,61,6,5983,4510,278,812,375,16,0,5771,4430,150,791,389,11,14,4217,3832,89,185,94,24,4,4490,3655,285,545,0,0,0,5095,4225,250,620,0,0,0,4533,3686,220,418,126,53,4,4533,3686,220,348,92,5,2,22,158,5224,4237,248,664,59,15,0,5130,4285,155,544,124,14,0,15,1167,782,372,813,500,313,880,476,295,850,468,314,849,524,281,812,454,358,702,448,209,853,515,296,942,596,320,937,484,342,919,584,335,0.0,18,18035,,,
163,18035001100,11,-85.3895362,40.2118653,2974651.0,2944954.0,29697.0,3142,2544,102,420,32,47,2,3076,2361,270,218,137,121,7,3023,2319,225,233,132,126,11,2924,2223,127,423,70,70,1,2999,2344,250,207,115,115,0,2687,2206,64,277,89,34,0,2497,2108,61,272,29,31,2,2405,2050,65,145,35,85,0,2450,2065,50,175,25,105,0,2349,1824,99,305,47,56,1,2349,1824,99,254,39,2,0,19,112,2381,2082,21,151,10,77,0,2115,1795,25,255,8,27,0,0,1293,819,454,1062,624,438,1065,550,440,1064,605,376,1059,639,371,1016,558,458,799,454,285,1026,566,409,1098,580,486,1090,466,496,1070,591,479,0.0,18,18035,,,
164,18035001600,16,-85.3889851,40.1738265,2318131.0,2305094.0,13037.0,2418,2140,47,205,5,27,3,2358,2241,0,110,0,7,0,2297,2144,0,146,0,7,0,2180,1792,51,261,2,77,1,2305,2100,0,203,0,2,0,2487,2263,36,166,0,2,0,1804,1657,30,95,4,22,1,1760,1690,0,65,0,4,0,1685,1565,0,105,0,4,0,1666,1450,35,128,1,54,1,1666,1450,35,96,0,11,0,2,72,1662,1477,0,182,0,3,0,1785,1645,0,134,0,4,0,0,733,508,202,676,459,217,664,285,321,649,340,255,650,370,242,630,324,306,468,249,185,607,292,282,623,255,360,628,213,341,613,275,338,0.0,18,18035,,,
165,18035001700,17,-85.4182643,40.1604526,11325084.0,11278646.0,46438.0,1353,1252,9,75,7,7,3,1248,969,19,251,9,0,0,1169,933,14,222,0,0,0,1283,1034,35,161,12,41,1,1114,982,7,125,0,0,0,979,884,15,77,3,0,0,1022,973,3,32,6,6,3,865,735,14,100,10,0,0,855,735,15,104,0,0,0,899,781,9,77,12,19,1,899,781,9,49,3,2,0,0,55,864,800,4,58,0,0,0,745,700,15,30,4,0,0,0,519,302,203,428,218,210,469,146,286,471,196,231,464,214,220,454,170,284,369,145,202,462,170,270,514,154,355,509,128,312,499,174,325,0.0,18,18035,,,
166,18177001102,11.02,-84.8355523,39.832705,14816407.0,14480170.0,336237.0,2624,2160,101,245,104,27,2,3060,2735,0,252,21,52,0,3220,2756,0,387,36,41,0,2693,2086,133,311,107,56,5,2453,2228,0,199,26,0,0,2315,2109,52,63,75,16,0,2079,1801,55,136,76,17,1,2415,2225,0,110,20,50,0,2515,2265,0,195,15,40,0,2162,1748,76,207,83,47,4,2162,1748,76,171,69,5,1,11,81,2081,1949,0,120,14,0,0,1895,1765,35,65,15,19,0,0,1196,527,653,1040,447,593,1145,454,644,1150,461,628,1153,488,615,1128,417,711,914,399,480,1128,467,626,1213,520,675,1211,405,725,1191,479,712,4003.6019551500476,18,18177,,,
167,18177001101,11.01,-84.859697,39.8127466,8751792.0,8726599.0,25193.0,3633,3161,73,252,133,20,4,3833,3290,0,215,312,16,0,3726,3111,0,285,311,19,0,3865,3229,116,284,191,31,3,4258,3786,0,284,172,15,1,4479,3712,153,337,264,10,3,2980,2655,44,184,90,14,3,2990,2765,0,85,125,15,0,2905,2645,0,135,105,20,0,3138,2710,73,197,129,19,3,3138,2710,73,164,120,0,1,12,58,3333,3190,0,121,0,15,1,3305,3000,60,205,25,8,4,0,2062,861,1171,1871,702,1169,1917,675,1166,1955,714,1159,1952,758,1118,1895,578,1317,1652,666,919,1948,739,1154,2125,848,1246,2134,619,1380,2098,755,1343,0.0,18,18177,,,
168,18175967200,9672,-85.9532503,38.6378374,337109074.0,335881407.0,1227667.0,4529,4406,51,8,31,34,2,4708,4593,27,29,59,0,13,4864,4683,105,26,50,0,0,4626,4373,66,28,41,90,5,5124,4851,148,29,34,62,0,5024,4783,113,30,5,25,0,3304,3225,34,1,15,26,2,3505,3415,25,15,50,0,0,3715,3550,95,20,50,0,0,3457,3294,30,14,21,77,5,3457,3294,30,9,16,12,2,10,84,3870,3679,129,4,30,19,0,3860,3735,105,10,4,4,0,0,1653,672,937,1505,582,923,1732,384,1271,1728,556,1111,1720,537,1127,1672,441,1231,1433,408,966,1748,453,1240,1949,423,1495,1946,364,1286,1901,444,1457,0.0,18,18175,,,
169,18171951100,9511,-87.4457182,40.3098682,553094605.0,550944038.0,2150567.0,3762,3693,18,12,21,13,3,3739,3594,78,57,10,0,0,3708,3559,96,43,10,0,0,3669,3491,86,18,25,53,0,3728,3552,122,40,11,3,0,3759,3613,138,3,0,5,0,2841,2795,10,3,14,12,3,2790,2740,28,14,10,0,0,2795,2730,33,14,10,0,0,2844,2726,57,6,13,37,0,2844,2726,57,3,8,4,0,2,44,2934,2829,60,17,10,2,0,2975,2890,82,4,0,8,0,0,1801,768,972,1606,547,1059,1730,331,1307,1732,474,1174,1713,498,1171,1675,361,1314,1414,352,1010,1726,393,1288,1950,391,1528,1942,285,1332,1936,406,1530,36607.2984565447,18,18171,,,
170,18003011604,116.04,-85.2686492,41.0380376,4243949.0,4243949.0,0.0,4090,3680,150,153,88,21,3,4604,4319,135,152,18,4,0,4393,4083,121,188,34,0,0,4356,3673,223,256,132,55,6,4260,4101,30,94,35,0,0,4649,4015,243,324,63,14,0,3041,2771,104,96,64,13,3,3495,3325,55,100,10,4,0,3215,3060,40,120,0,0,0,3285,2818,140,166,98,47,4,3285,2818,140,129,78,6,4,6,104,3183,3083,31,71,0,0,0,3335,2965,135,209,20,4,0,0,2314,993,1307,2237,820,1417,2260,783,1315,2252,854,1250,2230,884,1269,2190,647,1543,1912,833,1030,2247,898,1264,2434,1048,1313,2429,746,1459,2386,976,1410,0.0,18,18003,,,
171,18003011702,117.02,-85.1676905,40.9596011,90733750.0,90733750.0,0.0,3309,2766,210,284,22,24,5,3440,2514,346,371,188,21,0,3455,2561,378,349,142,0,0,2964,2360,221,269,38,102,1,3501,2760,329,164,215,0,0,3004,2376,315,103,66,0,0,2455,2139,119,167,15,15,4,2498,1973,95,280,130,20,0,2603,2063,175,265,95,0,0,2330,1947,113,185,23,59,1,2330,1947,113,158,15,9,0,5,83,2689,2220,233,152,85,0,0,2315,2035,190,90,0,0,0,0,1535,609,902,1449,537,912,1473,451,951,1457,532,840,1450,528,883,1410,390,1020,1229,449,753,1458,504,913,1591,551,1013,1589,372,1044,1548,526,1022,0.0,18,18003,,,
172,18175967500,9675,-86.1060645,38.6061027,3861309.0,3861309.0,0.0,3104,3005,26,18,19,17,0,2985,2881,0,22,11,71,0,3095,2968,0,21,13,70,23,3173,2965,29,45,42,81,1,3593,3497,0,12,15,28,37,3511,3354,78,16,6,28,13,2373,2312,14,9,12,10,0,2345,2240,0,20,8,70,0,2445,2320,0,20,14,70,0,2475,2338,25,31,27,50,1,2475,2338,25,12,18,5,1,2,74,2861,2770,0,11,15,28,0,2715,2655,4,15,4,23,0,15,1292,572,688,1170,494,676,1183,335,776,1180,468,677,1155,433,690,1126,337,789,939,334,542,1156,381,743,1284,362,899,1272,316,771,1244,358,886,0.0,18,18175,,,
173,18175967600,9676,-86.0641391,38.6059059,82186734.0,81762073.0,424661.0,4075,3972,45,20,26,33,0,4337,4242,25,23,11,36,0,4279,4199,16,29,7,28,0,4288,4063,63,50,18,71,6,3797,3707,27,36,8,19,0,3931,3770,38,76,14,47,0,3093,3032,23,16,19,22,0,3420,3345,10,25,4,35,0,3370,3305,4,25,4,30,0,3319,3174,36,27,17,50,6,3319,3174,36,16,13,2,2,8,68,3019,2971,4,15,7,15,0,3120,3035,25,0,15,38,0,10,1681,696,956,1539,587,952,1717,455,1193,1719,614,1053,1699,586,1066,1637,443,1194,1458,451,932,1687,500,1143,1819,470,1322,1817,407,1139,1774,453,1321,0.0,18,18175,,,
174,18175967300,9673,-86.1788695,38.7021453,333580930.0,330655240.0,2925690.0,4551,4469,31,20,13,25,0,4592,4441,70,40,0,41,0,4539,4332,88,41,0,78,0,4439,4225,54,46,23,77,5,4344,4242,28,73,0,1,0,4306,4108,59,97,0,42,0,3419,3375,12,4,6,19,0,3370,3315,39,20,0,0,0,3440,3390,29,25,0,0,0,3438,3316,28,12,20,54,2,3438,3316,28,5,14,6,2,1,66,3259,3200,30,19,0,5,0,3395,3260,45,70,0,28,0,0,1914,780,1089,1805,661,1144,1931,398,1435,1929,600,1253,1891,571,1258,1826,437,1389,1588,459,1040,1830,471,1300,1860,400,1419,1841,337,1196,1800,411,1389,0.0,18,18175,,,
175,18163000800,8,-87.5387924,37.9591296,1280326.0,1280326.0,0.0,2844,2043,138,632,21,35,1,2989,2136,35,721,54,32,0,3116,2180,102,776,43,33,0,2689,1708,144,694,26,71,49,2956,2062,122,737,10,16,0,2838,1945,158,732,0,3,64,2108,1611,79,397,10,27,0,2145,1625,10,490,0,15,0,2195,1660,30,465,0,20,0,2050,1395,91,463,11,57,31,2050,1395,91,420,8,7,28,15,86,2269,1721,31,497,0,3,0,2215,1615,45,550,0,4,0,0,1000,677,310,711,481,230,808,448,314,797,462,277,797,491,279,779,453,326,634,396,204,792,489,275,876,535,319,874,468,350,876,601,275,0.0,18,18163,,,
176,18163000900,9,-87.5205138,37.9553369,2631741.0,2631741.0,0.0,5944,4727,265,865,46,50,9,5963,4330,531,1064,0,38,0,5832,4095,649,1132,0,0,0,5767,3883,345,1262,69,146,75,5974,4476,361,1173,0,0,0,5181,4164,92,965,0,1,0,4425,3743,151,470,32,35,5,4420,3430,185,770,0,40,0,4470,3410,260,795,0,0,0,4437,3251,204,784,53,116,38,4437,3251,204,688,39,9,37,8,201,4806,3819,133,862,0,0,0,4400,3675,35,685,0,4,0,0,2229,1349,857,1935,1107,828,1995,921,931,1963,1022,798,1957,1047,839,1911,943,968,1563,884,599,1921,1037,812,2040,1105,900,2037,953,973,2031,1243,788,0.0,18,18163,,,
177,18083955600,9556,-87.515859,38.6663618,2533892.0,2354637.0,179255.0,2959,2769,66,88,18,23,1,2943,2736,62,78,48,19,0,2915,2674,74,90,51,25,0,2840,2521,87,113,36,65,5,2776,2511,79,111,54,21,0,2801,2439,79,249,18,16,0,2357,2241,31,55,11,18,0,2284,2127,59,55,23,19,0,2269,2106,40,70,23,18,0,2218,1989,56,74,27,52,4,2218,1989,56,57,16,7,1,6,86,2127,1958,41,91,25,19,0,2120,1935,15,155,0,19,0,0,1185,569,595,1110,449,661,1151,342,751,1122,511,538,1125,624,476,1038,362,676,905,331,515,1094,434,628,1185,376,783,1171,261,782,1142,427,715,0.0,18,18083,,,
178,18105000100,1,-86.5330518,39.1672522,1251296.0,1251296.0,0.0,5154,4262,196,316,348,43,5,4827,4159,173,193,288,38,0,4506,3873,111,229,284,37,0,5268,3912,441,306,502,64,13,4163,3710,68,206,145,26,0,3756,3056,79,155,462,4,0,4858,4081,166,247,333,36,5,4540,4080,105,150,165,30,0,4225,3765,85,185,150,30,0,4847,3626,415,250,460,58,13,4847,3626,415,185,392,5,1,14,209,3954,3563,67,186,109,20,0,3400,2870,73,150,305,4,0,0,2049,1637,384,1460,1079,381,1274,1017,186,1275,967,232,1254,986,214,1200,950,250,1039,898,91,1227,1009,174,1456,1285,155,1091,858,185,1070,918,152,0.0,18,18105,,,
179,18105000201,2.01,-86.5158924,39.1790308,2206743.0,2206743.0,0.0,6925,5466,166,215,1061,24,9,6639,4734,278,218,1410,11,3,6776,5012,257,171,1339,8,3,3070,2326,124,121,501,13,4,4958,3826,132,148,840,12,3,4732,3722,130,83,803,7,3,6785,5404,162,202,1002,24,9,5555,4690,270,145,439,10,0,5730,4965,250,125,395,4,0,2983,2314,112,105,457,11,1,2983,2314,112,80,406,2,0,6,63,4370,3809,130,125,295,10,0,4145,3645,130,69,305,4,0,0,2328,1638,679,1859,1086,773,1173,771,324,1162,696,407,1136,722,375,1090,663,427,1086,852,191,957,661,258,596,469,118,593,401,169,577,449,128,0.0,18,18105,,,
180,18105000502,5.02,-86.5891178,39.1301669,4796808.0,4796808.0,0.0,3035,2612,140,166,99,36,1,3332,2746,258,212,45,109,0,3280,2552,284,360,152,21,53,3320,2719,244,231,52,102,5,3392,2464,486,316,161,20,60,3343,2521,584,164,96,4,54,2347,2071,82,104,74,22,1,2480,2140,160,100,15,64,0,2435,2040,150,160,49,14,0,2579,2169,155,155,42,72,0,2579,2169,155,113,33,7,0,1,101,2348,2047,49,173,48,2,0,2295,2090,55,105,25,4,0,15,1352,775,560,1149,593,556,1295,607,573,1297,652,529,1291,718,511,1239,616,623,1000,554,388,1295,683,549,1457,790,636,1458,649,647,1433,771,662,0.0,18,18105,,,
181,18105000901,9.01,-86.503474,39.1601037,1963006.0,1963006.0,0.0,2512,1881,134,129,340,34,4,3265,2403,136,125,594,7,7,3284,2381,138,164,595,6,8,2410,1725,154,109,347,44,3,3334,2325,114,159,734,2,24,2725,1801,98,196,616,14,20,2307,1750,113,109,315,26,2,2565,2235,55,85,190,4,0,2535,2200,65,70,190,4,0,2130,1560,117,93,306,27,1,2130,1560,117,64,266,8,0,17,98,2429,2165,36,60,172,3,0,1925,1670,60,65,115,10,0,4,1209,886,311,1138,844,294,1166,877,208,1175,880,247,1160,904,226,1118,840,278,1101,900,169,1176,919,220,1210,981,208,1212,857,325,1197,951,246,0.0,18,18105,,,
182,18003004000,40,-85.1046647,41.0394666,2268322.0,2268322.0,0.0,3111,492,319,2252,54,30,3,3404,439,732,2080,153,0,0,3294,385,529,2016,364,0,0,3513,322,510,1794,891,58,10,3496,712,443,2023,308,0,0,3495,766,381,1535,775,0,0,2132,420,196,1479,32,22,3,2010,365,155,1455,45,0,0,1955,320,165,1380,90,0,0,2383,285,308,1286,502,40,6,2383,285,308,1208,488,0,3,4,87,2184,475,240,1359,100,0,0,2155,615,185,1150,205,0,0,0,1430,1311,109,854,775,79,1042,902,113,1040,903,103,1031,909,104,1032,878,154,795,697,75,976,851,108,990,849,126,977,778,160,968,838,130,0.0,18,18003,,,
183,18003004101,41.01,-85.1070221,41.1419313,3701869.0,3660238.0,41631.0,2242,1720,114,322,78,17,6,2267,1736,113,235,143,18,12,2338,1841,84,245,118,23,16,2708,2003,185,351,149,58,3,2316,1772,118,302,85,26,0,2466,2108,72,242,27,13,0,1643,1355,59,164,55,11,4,1710,1415,75,140,65,14,0,1750,1480,50,144,59,19,0,2164,1706,114,206,110,44,3,2164,1706,114,174,95,9,0,11,55,1797,1495,36,202,36,26,0,2030,1795,35,185,0,15,0,0,1201,591,599,999,446,553,1006,403,535,1002,430,512,991,444,519,974,356,618,860,383,442,1030,452,544,1196,564,607,1191,397,668,1165,506,659,0.0,18,18003,,,
184,18003011202,112.02,-85.0432831,41.0549416,7845095.0,7845095.0,0.0,3176,2941,133,76,17,42,2,3140,2820,280,22,0,18,10,2918,2689,128,78,0,23,7,3337,2852,173,218,38,64,2,3001,2758,145,74,12,12,9,3172,2987,53,104,27,13,0,2400,2274,68,33,9,26,0,2330,2155,135,19,0,20,0,2185,2030,90,45,0,25,0,2542,2248,104,112,24,49,2,2542,2248,104,70,19,15,1,4,81,2375,2218,112,38,4,16,0,2435,2295,55,75,14,4,0,0,1133,496,625,1030,392,638,1094,278,755,1093,348,658,1086,361,671,1071,273,798,825,276,511,1092,340,705,1240,377,828,1232,279,775,1206,394,812,0.0,18,18003,,,
185,18003010602,106.02,-85.2024147,41.1540012,16416602.0,16410294.0,6308.0,3581,3097,187,197,83,35,7,3958,3175,265,366,152,12,0,4052,3276,306,318,161,11,0,4560,3422,295,532,188,129,1,4260,3389,331,344,211,14,0,4327,3331,359,441,99,46,72,2636,2368,101,101,52,26,6,2965,2580,39,180,155,0,0,2935,2570,75,120,150,0,0,3360,2669,167,315,111,90,1,3360,2669,167,250,100,16,0,13,145,3052,2602,110,149,184,7,0,3150,2610,130,250,70,39,35,20,1438,652,769,1343,483,860,1431,421,897,1421,482,825,1412,519,833,1374,406,968,1199,468,688,1489,534,897,1782,651,1080,1781,473,1083,1747,668,1079,0.0,18,18003,,,
186,18003010603,106.03,-85.1794507,41.1621889,7607239.0,7572336.0,34903.0,1622,1486,52,39,30,11,1,1629,1503,41,47,25,13,0,1712,1536,62,64,28,30,0,1778,1485,117,98,37,34,3,1880,1707,79,17,34,53,0,1776,1562,101,31,36,52,0,1289,1205,30,24,18,9,1,1335,1245,25,35,15,15,0,1385,1270,25,45,20,25,0,1437,1232,71,63,32,27,3,1437,1232,71,50,19,5,0,0,60,1591,1476,30,13,26,45,0,1490,1345,55,25,30,35,0,0,789,351,431,774,283,491,785,211,536,777,246,483,773,275,477,764,193,571,644,219,402,788,256,508,870,290,557,866,194,575,853,281,572,0.0,18,18003,,,
187,18057111006,1110.06,-86.1328671,39.9526005,6255211.0,6222171.0,33040.0,4275,3656,146,170,261,31,4,4809,4026,272,171,348,26,0,4396,3697,216,278,231,27,0,4171,3315,260,179,297,87,1,4422,3588,179,419,315,9,0,4045,3190,306,413,257,0,0,3286,2911,99,88,168,24,3,3495,3110,110,65,195,10,0,3250,2915,130,75,105,10,0,3291,2711,152,109,226,58,1,3291,2711,152,76,192,4,0,19,137,3324,2888,62,162,208,8,0,3185,2695,140,145,205,0,0,0,2020,894,1104,2137,871,1266,2480,1054,1236,2473,1036,1310,2460,1096,1275,2377,918,1459,2083,1023,985,2393,1106,1200,2487,1274,1167,2479,872,1372,2400,1159,1241,0.0,18,18057,,,
188,18003010604,106.04,-85.1765116,41.1365607,5153965.0,5153217.0,748.0,2744,2183,387,80,57,50,1,3032,2243,464,256,0,141,11,2879,2192,382,293,0,83,17,2768,1940,529,145,50,110,6,2771,1954,435,358,0,84,8,2812,1987,324,446,27,31,0,2053,1740,206,40,39,31,1,1980,1620,130,100,0,130,0,2020,1640,180,115,0,85,0,2022,1504,335,72,41,75,3,2022,1504,335,52,34,12,3,7,75,1921,1513,147,171,0,82,0,1855,1555,60,205,25,10,0,0,794,372,408,665,278,387,692,217,450,689,259,372,683,250,405,671,201,470,513,214,278,665,256,386,717,302,399,717,236,397,705,303,402,0.0,18,18003,,,
189,18003010812,108.12,-85.0257881,41.0953835,9454931.0,9453220.0,1711.0,4141,3657,114,297,56,32,4,4446,4212,87,61,101,12,0,4496,4077,67,290,80,18,0,4397,3632,191,414,69,88,0,4849,4623,50,86,94,0,0,4528,4239,52,146,46,50,0,3086,2794,60,179,35,23,1,3540,3340,60,25,100,10,0,3465,3150,40,180,80,20,0,3447,2943,123,261,51,57,0,3447,2943,123,227,36,6,0,16,96,3819,3665,7,49,96,0,0,3595,3400,4,110,35,34,0,10,2141,891,1231,2063,720,1343,2169,721,1305,2157,819,1216,2146,843,1250,2084,582,1502,1881,797,1033,2201,838,1294,2472,975,1438,2460,644,1603,2416,882,1534,0.0,18,18003,,,
190,18003011900,119,-84.8425272,40.9652312,64063262.0,64063262.0,0.0,1927,1879,34,3,1,7,1,1808,1750,33,0,9,16,0,1854,1819,15,0,2,18,0,1960,1835,44,26,6,36,3,1884,1770,94,9,2,4,0,1740,1582,115,81,0,3,0,1490,1464,17,2,0,4,1,1440,1405,8,0,4,14,0,1475,1450,4,0,0,19,0,1496,1411,23,14,6,31,3,1496,1411,23,4,4,0,2,5,47,1552,1449,84,10,0,4,0,1390,1320,55,10,0,4,0,0,866,384,460,795,285,510,802,201,564,801,259,490,806,279,493,766,157,609,652,231,399,794,234,537,887,220,654,881,142,601,864,235,629,9689.85182655172,18,18003,,,
191,18003010500,105,-85.2750279,41.1400977,92686520.0,92460789.0,225731.0,2301,2178,41,16,25,43,1,2727,2435,73,81,73,65,0,2681,2464,60,74,61,32,0,2789,2490,98,63,41,94,5,2841,2532,64,62,51,36,0,2771,2505,16,18,1,21,0,1787,1707,25,10,17,30,1,2100,1980,20,20,50,24,0,2075,1980,20,15,50,4,0,2197,2005,49,38,29,65,4,2197,2005,49,24,23,21,2,6,67,2116,2024,14,9,41,1,0,2210,2170,15,10,0,10,0,8,1060,375,668,1133,322,811,1287,295,934,1284,360,859,1276,374,863,1222,254,968,1075,326,719,1311,360,918,1498,407,1061,1493,274,1048,1481,395,1086,0.0,18,18003,,,
192,18003010811,108.11,-85.0648503,41.0893842,7475737.0,7475737.0,0.0,5433,4524,205,605,91,49,7,5320,4563,51,633,26,134,0,5703,4470,83,790,282,184,0,5729,4232,294,895,193,92,8,5799,4385,54,804,484,74,0,5723,4008,55,1005,611,46,0,4087,3539,115,367,54,31,5,3900,3395,25,440,15,8,0,4100,3410,25,510,120,24,0,4258,3339,164,551,118,52,5,4258,3339,164,461,85,7,2,26,174,4182,3426,15,516,201,29,0,4215,3405,10,534,244,28,0,0,2436,1028,1383,2522,998,1524,2457,926,1368,2428,981,1299,2425,1029,1319,2358,776,1582,2062,967,1027,2448,1050,1316,2669,1224,1389,2653,854,1554,2607,1153,1454,0.0,18,18003,,,
193,18003011801,118.01,-85.0463856,40.9541519,90585570.0,89991163.0,594407.0,3861,3681,73,66,16,20,9,4046,3903,119,12,0,12,0,4073,3914,125,14,0,20,0,3838,3444,145,97,48,81,8,4102,3987,70,15,0,30,0,3866,3770,63,1,0,21,0,2982,2866,49,36,12,16,5,3252,3147,85,10,0,10,0,3237,3122,80,15,0,20,0,2963,2706,92,61,36,54,8,2963,2706,92,48,21,5,2,6,83,3045,2969,30,17,0,30,0,2820,2770,28,4,0,14,0,0,1875,657,1194,1841,502,1339,1751,345,1308,1743,464,1179,1732,514,1165,1689,331,1358,1457,406,1006,1761,444,1267,1997,482,1484,1983,329,1416,1946,476,1470,0.0,18,18003,,,
194,18003011304,113.04,-85.0527477,41.0172665,25790604.0,25790604.0,0.0,5081,1862,632,2275,328,48,35,5669,2029,681,2690,298,101,0,5774,2136,577,2689,408,0,0,5296,1763,634,2215,614,149,6,5861,2661,275,2558,403,5,0,5558,2450,431,2110,592,11,0,3531,1515,352,1479,183,32,21,3700,1655,350,1515,154,20,0,3655,1725,305,1520,120,0,0,3768,1427,361,1551,363,88,3,3768,1427,361,1454,328,5,0,20,173,3739,1981,142,1480,126,3,0,3680,1895,140,1290,340,8,0,0,1931,1436,483,1746,1267,479,1724,1119,534,1702,1136,471,1688,1162,478,1671,1047,624,1403,974,391,1675,1130,501,1780,1197,552,1763,1039,595,1738,1183,555,0.0,18,18003,,,
195,18003011502,115.02,-85.208574,41.0304254,24418914.0,24418914.0,0.0,2602,2219,122,215,44,22,3,2875,2481,172,188,94,0,80,3061,2617,135,234,160,0,106,2663,2089,184,223,99,70,14,3085,2495,132,334,123,104,81,2863,2288,44,373,134,139,61,2142,1901,76,126,27,14,1,2390,2180,105,80,14,0,0,2490,2280,90,95,14,0,0,2227,1825,128,155,67,47,3,2227,1825,128,131,59,8,0,3,73,2500,2220,97,144,2,34,0,2335,2020,45,215,20,55,0,0,1214,544,653,1231,505,726,1220,446,699,1205,491,629,1198,505,652,1178,406,772,1030,460,540,1207,500,667,1323,559,728,1320,419,770,1306,552,754,0.0,18,18003,,,
196,18003010807,108.07,-85.068914,41.1523019,4775367.0,4775367.0,0.0,4399,3909,190,239,47,35,4,3907,3335,150,341,69,59,0,4251,3697,150,323,62,64,0,4521,3740,258,336,101,79,6,5269,4404,235,525,137,25,0,5410,4455,212,449,237,55,0,3353,3059,107,142,36,23,2,3010,2685,90,135,60,8,0,3250,2940,85,135,45,8,0,3518,2984,175,237,71,57,3,3518,2984,175,161,45,3,0,7,143,3714,3419,89,128,66,0,0,3960,3490,90,175,165,24,0,15,2148,972,1155,2042,826,1216,1988,632,1210,1975,706,1114,1970,758,1137,1922,589,1333,1662,701,892,2025,772,1173,2309,948,1315,2305,667,1370,2258,891,1367,0.0,18,18003,,,
197,18003011605,116.05,-85.2541506,41.0270989,15975422.0,15971593.0,3829.0,3094,2806,90,88,106,11,1,3325,3018,96,140,62,9,0,3343,2800,105,111,314,12,0,3693,3004,200,200,221,65,9,3310,2428,77,398,406,0,1,3645,2547,184,372,435,37,33,2570,2370,56,61,72,9,1,2700,2455,95,94,50,8,0,2650,2345,65,60,164,14,0,3047,2539,132,140,180,42,7,3047,2539,132,110,168,7,1,18,72,2708,2109,36,383,165,0,4,2960,2250,110,365,175,34,35,0,1650,654,983,1661,564,1097,1695,639,957,1690,652,958,1687,675,971,1637,511,1126,1527,678,809,1728,710,970,1907,840,1027,1901,589,1187,1878,763,1115,0.0,18,18003,,,
198,18003011701,117.01,-85.2782545,40.958872,89502457.0,89341949.0,160508.0,3354,3099,88,123,21,27,1,3511,3249,29,126,68,39,0,3534,3360,57,13,51,53,0,4247,3740,180,161,81,80,0,3561,3365,63,13,93,27,0,4209,3802,264,0,105,22,0,2446,2297,52,67,13,20,0,2555,2425,8,70,10,35,0,2615,2530,20,4,15,45,0,3117,2819,99,107,37,50,0,3117,2819,99,87,32,7,0,6,67,2522,2453,20,2,25,18,0,3120,2960,105,0,35,15,0,0,1508,571,917,1652,525,1127,1928,511,1308,1918,587,1227,1906,622,1233,1870,451,1419,1611,536,1024,2014,619,1337,2405,780,1581,2391,543,1578,2349,724,1625,0.0,18,18003,,,
199,18157000200,2,-86.878079,40.4349302,824972.0,824972.0,0.0,1925,1488,199,185,41,27,2,2002,1539,265,159,10,2,0,1899,1487,235,158,8,2,0,1931,1406,221,224,12,57,0,1666,1259,304,89,6,1,0,1860,1293,383,108,0,35,0,1492,1205,124,122,36,17,0,1495,1270,110,95,10,4,0,1325,1180,100,40,10,4,0,1455,1104,136,145,12,49,0,1455,1104,136,124,5,7,0,2,77,1157,1006,108,35,4,3,0,1170,935,155,65,0,18,0,0,517,338,168,362,225,137,449,228,173,448,245,161,447,256,163,434,246,188,327,204,108,427,247,161,462,271,178,460,225,178,461,277,184,0.0,18,18157,,,
200,18157005500,55,-86.9121404,40.4182759,1280664.0,1279502.0,1162.0,4484,3118,201,82,1070,13,14,4697,3080,142,79,1361,14,0,4872,3166,192,159,1317,16,0,5684,2931,389,200,2097,47,309,5213,3090,239,208,1575,10,0,5366,3087,393,307,1510,22,0,4454,3095,201,82,1065,13,14,3495,3035,125,50,275,15,0,3680,3110,155,125,285,15,0,5483,2837,374,197,2011,42,308,5483,2837,374,169,1606,3,0,16,478,3819,3176,184,164,296,10,0,4060,3070,325,259,380,23,0,0,1167,769,385,305,199,106,441,300,93,435,286,124,431,292,115,414,283,131,324,251,51,446,313,110,530,385,126,523,335,161,515,363,152,0.0,18,18157,,,
201,18003001200,12,-85.1441406,41.0773468,1054580.0,1054580.0,0.0,1079,741,81,238,13,21,0,1069,783,48,203,10,40,11,1182,873,67,204,12,39,11,1473,1115,80,179,53,39,6,1175,839,39,206,65,69,18,1502,1176,42,187,51,20,20,1013,708,69,219,13,16,0,1005,775,35,165,4,29,10,1085,835,45,165,4,34,10,1388,1076,73,161,52,24,5,1388,1076,73,143,41,1,2,5,47,1068,800,33,158,13,26,20,1355,1100,20,174,30,8,20,10,282,182,93,344,230,114,351,204,118,346,214,103,342,209,117,338,193,145,242,174,56,361,239,108,508,361,138,419,221,175,406,270,136,0.0,18,18003,,,
202,18091042300,423,-86.7204865,41.6104569,977244.0,977244.0,0.0,2342,1853,296,159,20,25,2,2190,1695,306,179,0,31,0,2205,1655,330,209,0,36,0,2297,1593,361,264,35,70,7,2375,1641,328,327,44,64,0,2757,1977,235,455,63,61,0,1775,1457,184,104,17,21,1,1715,1395,135,169,0,10,0,1765,1415,140,199,0,10,0,1829,1322,243,205,25,53,5,1829,1322,243,181,18,4,0,0,61,1915,1402,150,304,10,45,0,2025,1520,130,325,10,40,0,0,688,437,238,607,348,259,651,275,308,638,308,267,628,333,255,610,295,315,483,261,198,605,292,281,641,298,319,629,240,309,615,294,321,0.0,18,18091,,,
203,18091042900,429,-86.8388204,41.3492068,287035184.0,286770676.0,264508.0,3760,3616,78,31,15,24,2,3804,3615,86,67,0,42,0,3677,3539,69,65,0,9,0,3810,3483,151,35,28,88,8,4101,3864,48,175,0,14,0,4103,3629,162,266,0,16,0,2922,2832,50,15,11,16,2,2935,2855,45,24,0,4,0,2864,2799,39,24,0,4,0,2970,2761,84,24,15,61,8,2970,2761,84,17,8,8,2,15,75,3282,3202,12,74,0,2,0,3235,3040,80,109,0,12,0,0,1910,925,922,1781,815,966,1880,552,1186,1851,691,1036,1816,844,895,1747,632,1115,1515,641,829,1846,678,1112,2058,656,1356,2014,480,1225,1929,646,1283,0.0,18,18091,,,
204,18163001200,12,-87.5616349,37.9605013,749817.0,749817.0,0.0,1893,1063,30,771,18,20,7,1632,889,50,626,6,0,0,1636,868,51,712,5,0,0,1612,777,86,685,17,40,19,1533,769,66,688,5,5,0,1475,822,47,579,8,19,0,1485,912,19,529,14,14,4,1345,770,30,550,0,0,0,1335,745,25,564,0,0,0,1239,660,52,484,14,34,7,1239,660,52,439,5,3,5,7,68,1256,646,30,581,0,5,0,1190,665,25,480,0,19,0,0,671,543,123,535,422,113,560,397,130,561,402,128,556,401,135,545,401,144,462,348,96,560,416,128,617,467,139,606,409,165,604,482,122,0.0,18,18163,,,
205,18157010400,104,-86.9251046,40.4279579,806142.0,806142.0,0.0,7333,5075,252,291,1712,35,12,6656,4282,402,306,1688,0,16,6841,4325,399,311,1843,0,16,8044,5258,513,335,1909,15,1667,7471,4771,556,378,1822,0,18,7685,4881,594,437,1804,26,8,7141,5040,239,282,1573,34,11,5585,4222,358,263,728,0,10,5736,4252,355,257,868,0,0,7982,5243,502,304,1895,14,1658,7982,5243,502,260,116,10,6,27,1818,6456,4720,499,280,940,0,0,6740,4795,550,330,1035,20,0,0,2414,1412,984,677,389,288,976,620,236,946,544,327,937,595,293,890,549,341,688,499,150,836,539,245,739,503,210,730,424,260,712,466,246,0.0,18,18157,,,
206,18157000100,1,-86.8892996,40.4430402,3841079.0,3638151.0,202928.0,2835,2252,309,228,37,28,5,2935,2330,406,147,0,63,5,2970,2361,386,129,29,84,0,2719,1869,371,303,108,63,11,2833,2161,388,198,37,68,0,2859,2290,234,223,72,58,0,2172,1814,173,140,33,21,4,2310,1975,150,130,0,65,0,2390,2070,130,120,0,85,0,2288,1645,250,229,102,54,6,2288,1645,250,208,87,6,1,14,77,2294,1865,186,192,0,70,0,2110,1725,115,215,0,60,0,0,797,523,262,666,395,271,709,322,307,702,373,262,699,399,266,679,339,340,519,310,181,691,377,279,777,407,336,775,341,328,767,442,325,0.0,18,18157,,,
207,18097350700,3507,-86.1097244,39.8144598,1668565.0,1668565.0,0.0,1488,60,52,1371,3,9,3,1366,48,104,1209,0,10,0,1582,123,110,1337,0,13,0,1566,103,292,1142,7,52,1,1567,97,86,1375,0,5,0,1595,136,166,1258,0,28,0,1096,49,33,1010,2,8,3,1050,50,15,980,0,4,0,1225,125,25,1060,0,4,0,1171,83,188,878,2,47,0,1171,83,188,835,0,10,0,8,47,1210,97,14,1086,0,3,0,1170,145,29,995,0,4,0,0,790,774,13,685,682,3,517,490,18,516,479,22,514,488,23,513,478,35,376,351,12,471,447,20,464,437,22,470,413,43,464,436,28,0.0,18,18097,,,
208,18035002301,23.01,-85.3877672,40.1129991,78504691.0,78406860.0,97831.0,3729,3622,34,49,4,21,1,3641,3602,0,18,0,21,0,3619,3580,0,18,0,21,0,3500,3290,50,50,21,62,1,3613,3577,0,18,0,18,0,3511,3432,0,24,24,13,0,2875,2819,15,27,2,13,1,2965,2930,0,20,0,20,0,2975,2940,0,20,0,20,0,2797,2661,23,35,16,37,1,2797,2661,23,24,10,3,0,10,66,3076,3046,0,22,0,4,0,2930,2875,0,20,25,12,0,0,2040,939,1074,1836,732,1104,1892,506,1288,1876,686,1090,1874,740,1065,1807,527,1280,1628,569,974,1892,613,1211,2033,566,1438,2025,419,1310,1981,596,1385,0.0,18,18035,,,
209,18035002700,27,-85.2772107,40.3091687,153221947.0,152243668.0,978279.0,4963,4840,40,34,15,27,5,4518,4365,41,10,5,100,0,4557,4351,41,39,7,112,0,4850,4611,55,54,29,78,3,4889,4711,49,52,8,59,1,5019,4857,48,50,20,38,6,3873,3802,18,20,10,18,3,3425,3330,30,0,4,60,0,3445,3335,20,10,4,65,0,3835,3691,25,29,17,53,1,3835,3691,25,15,9,14,0,5,76,3938,3881,21,10,9,29,2,4145,4095,14,10,0,19,4,4,2377,1098,1228,2165,851,1314,2275,627,1537,2242,839,1282,2244,917,1251,2161,612,1549,1895,659,1114,2235,725,1435,2429,661,1725,2410,463,1604,2365,681,1684,0.0,18,18035,,,
210,18035000300,3,-85.3748151,40.1858019,1130202.0,1130202.0,0.0,1606,580,52,974,5,12,2,1708,370,54,1276,0,52,0,1548,390,77,1057,0,119,0,1398,331,52,1003,1,28,1,1376,306,90,986,0,121,0,1429,425,51,975,0,28,0,1120,438,22,651,3,12,1,1145,300,25,815,0,10,0,1120,310,45,740,0,25,0,1010,235,17,745,0,19,0,1010,235,17,711,0,0,0,6,41,904,247,47,592,0,16,0,1005,360,40,610,0,20,0,0,684,627,42,581,560,21,474,393,64,466,387,59,458,390,58,460,385,75,353,308,36,447,384,56,511,414,93,509,370,110,498,406,92,0.0,18,18035,,,
211,18035001400,14,-85.3632074,40.1730631,1342406.0,1342406.0,0.0,2021,1795,40,162,7,29,2,1930,1771,58,107,0,0,0,1835,1634,59,150,0,0,0,1801,1459,47,222,2,46,7,1827,1605,86,146,0,0,0,1786,1405,132,206,0,0,0,1553,1431,21,79,4,14,2,1505,1450,20,28,0,0,0,1435,1370,20,32,0,0,0,1432,1220,24,143,2,34,4,1432,1220,24,114,2,4,0,13,55,1375,1308,34,32,0,0,0,1335,1160,90,84,0,0,0,0,749,488,252,667,407,260,676,268,363,663,330,281,662,358,269,638,283,355,512,266,217,629,291,309,639,259,370,633,203,343,624,272,352,0.0,18,18035,,,
212,18035002302,23.02,-85.509861,40.1050151,91213423.0,90818490.0,394933.0,4034,3928,23,31,23,20,4,3960,3853,50,23,11,23,0,3952,3833,59,33,2,25,0,3978,3691,61,79,33,98,5,3932,3810,70,18,10,24,0,3985,3848,39,61,19,47,0,3147,3074,19,17,17,18,1,3160,3085,35,20,0,19,0,3150,3075,30,25,4,19,0,3108,2936,31,35,17,82,2,3108,2936,31,30,6,2,1,0,102,3152,3086,23,20,10,24,0,3175,3125,10,19,10,12,0,8,2066,958,1066,1851,782,1069,1945,506,1309,1915,662,1135,1906,743,1097,1835,509,1326,1643,601,949,1924,627,1226,2100,611,1452,2080,454,1247,2036,654,1382,0.0,18,18035,,,
213,18035000700,7,-85.3995977,40.1962303,1235493.0,1197827.0,37666.0,2910,2639,75,141,43,17,3,3616,3032,149,302,127,10,6,3280,2724,165,339,50,11,9,2844,2289,161,246,72,64,11,3359,2913,124,260,80,18,0,3314,2818,154,264,80,28,33,2742,2505,62,128,41,13,3,3410,2945,150,280,25,0,0,3185,2665,165,310,20,4,0,2640,2160,149,197,67,46,10,2640,2160,149,139,40,8,10,11,123,3168,2744,124,240,39,11,0,3090,2665,160,190,10,29,0,55,703,501,190,568,389,179,632,365,185,613,369,188,616,411,173,594,381,213,460,341,90,607,407,170,668,481,169,664,416,187,647,459,188,0.0,18,18035,,,
214,18035002401,24.01,-85.5112799,40.1622799,40564551.0,40031045.0,533506.0,5787,5502,94,114,64,29,6,5346,5147,0,38,72,20,0,5223,5153,0,0,53,17,0,5304,4829,115,172,57,101,7,5512,5324,0,8,155,25,0,5750,5476,0,204,64,6,0,4339,4187,46,48,45,20,2,4205,4130,0,40,20,20,0,4085,4055,0,0,15,15,0,4023,3752,58,81,40,74,1,4023,3752,58,51,31,10,1,12,108,4014,3959,0,2,27,26,0,4120,4090,0,4,14,8,0,0,2835,1373,1327,2463,1043,1420,2377,763,1429,2335,908,1263,2307,1014,1202,2229,760,1469,2014,843,1043,2382,897,1382,2661,930,1679,2657,655,1639,2612,924,1688,0.0,18,18035,,,
215,18155965700,9657,-84.8944703,38.8401857,222004319.0,216429049.0,5575270.0,4414,4284,65,24,8,24,3,4406,4212,63,94,37,0,0,4786,4557,62,111,56,0,0,3968,3786,33,44,17,78,3,4860,4720,22,98,0,20,0,4222,4069,52,7,6,86,0,3279,3203,33,14,5,19,3,3230,3150,20,20,35,0,0,3370,3275,20,20,55,0,0,2938,2826,15,14,16,60,2,2938,2826,15,5,8,11,0,6,67,3512,3444,10,45,0,19,0,3010,2895,23,4,4,79,0,0,1354,618,697,1176,539,637,1374,343,949,1345,463,825,1326,515,771,1285,399,886,1048,334,679,1358,392,931,1579,346,1207,1556,309,1086,1511,363,1148,36999.534877623475,18,18155,,,
216,18155965800,9658,-85.1106442,38.8465715,243691558.0,243153432.0,538126.0,3411,3346,34,13,2,21,2,3307,3142,118,22,0,25,70,3078,2917,116,17,0,28,75,3039,2892,52,13,9,66,7,2809,2651,125,0,0,33,82,2649,2447,42,82,16,52,42,2409,2376,13,7,1,15,0,2400,2305,50,20,0,25,0,2305,2220,40,15,0,30,0,2210,2111,27,10,8,56,7,2210,2111,27,0,2,11,0,0,59,2080,2006,44,0,0,32,0,2005,1935,0,20,0,35,0,15,1162,475,647,1078,413,665,1143,244,838,1123,336,745,1119,388,700,1060,279,781,907,262,611,1122,290,805,1280,265,994,1256,226,883,1213,274,939,4457.514686469376,18,18155,,,
217,18155965900,9659,-85.1330265,38.7362409,113362213.0,111943764.0,1418449.0,2788,2688,48,19,13,17,0,2915,2803,27,15,56,14,0,2821,2717,33,22,41,8,0,2730,2584,29,23,21,48,7,3058,2845,64,57,73,0,0,3025,2824,113,34,2,18,0,2203,2147,24,10,8,14,0,2275,2200,24,4,34,10,0,2280,2195,24,10,40,10,0,2199,2075,24,17,17,43,4,2199,2075,24,9,10,2,0,3,76,2481,2303,50,40,76,0,0,2475,2345,80,34,4,20,0,0,1172,545,596,1037,472,565,1192,343,771,1174,443,690,1150,476,645,1114,379,735,970,340,584,1162,381,748,1293,353,932,1268,287,877,1227,347,880,17631.00731949229,18,18155,,,
218,18071967502,9675.02,-85.8941911,38.8993717,135375048.0,134586963.0,788085.0,5160,4853,146,54,85,34,5,6206,5395,325,52,395,39,0,6643,5502,493,47,572,32,0,5595,4969,341,78,109,97,3,6795,5818,198,23,693,47,0,6739,5958,412,59,247,40,0,3868,3688,85,29,54,20,3,4690,4275,120,50,205,40,0,5080,4455,205,45,340,30,0,4298,3868,231,50,71,73,2,4298,3868,231,34,63,4,0,13,85,4978,4483,96,24,334,40,0,4920,4635,75,20,150,34,0,0,2490,970,1477,1991,650,1341,2615,568,1916,2610,800,1713,2585,805,1724,2502,597,1905,2173,627,1446,2599,683,1844,2846,654,2138,2830,465,1822,2731,627,2104,0.0,18,18071,,,
219,18071967501,9675.01,-85.8617467,39.0122331,96546502.0,94952471.0,1594031.0,2534,2450,33,11,28,13,0,2616,2579,0,37,0,0,0,2619,2572,0,47,0,0,0,2661,2477,77,21,33,46,6,2229,2208,0,21,0,0,0,2337,2294,43,0,0,0,0,1946,1899,22,5,14,9,0,2000,2000,0,0,0,0,0,1965,1965,0,0,0,0,0,2105,1982,41,17,24,35,6,2105,1982,41,7,15,0,0,2,58,1823,1822,0,0,0,0,0,1885,1860,30,0,0,0,0,0,1166,398,743,1226,352,874,1387,252,1056,1377,371,948,1367,376,958,1317,256,1061,1188,300,814,1355,313,1001,1442,284,1136,1430,204,940,1386,287,1099,0.0,18,18071,,,
220,18091040300,403,-86.9038021,41.7063635,1809847.0,1809847.0,0.0,2677,1768,198,684,19,34,4,2121,1573,125,322,53,38,0,2062,1486,64,402,47,46,0,2576,1451,304,719,32,103,10,2069,1417,201,366,53,17,0,2130,1310,387,345,69,56,28,2027,1422,137,451,14,25,1,1490,1175,39,230,40,15,0,1490,1120,30,280,45,15,0,1913,1203,204,439,24,60,7,1913,1203,204,385,8,12,0,9,92,1613,1103,183,277,50,4,0,1755,1120,320,240,30,45,0,0,939,703,212,770,567,203,730,449,241,715,482,193,708,484,195,706,470,236,601,427,154,701,454,228,776,457,304,757,398,297,747,463,284,0.0,18,18091,,,
221,18091041400,414,-86.8794492,41.6729867,21521823.0,21438104.0,83719.0,3895,2403,230,1213,53,33,3,4124,2625,139,1252,40,89,0,4393,2953,106,1238,39,81,0,4688,2303,381,1883,54,116,12,4434,3001,200,1049,61,135,0,4674,2634,206,1602,48,144,0,2907,1990,148,725,39,25,3,3015,1835,95,1005,0,79,0,3175,2045,75,995,0,65,0,3481,1928,247,1210,37,90,9,3481,1928,247,1114,29,23,2,0,138,3110,2151,71,812,0,70,0,3165,2045,80,920,50,74,0,0,1738,1273,442,1373,1016,357,1466,929,467,1427,972,381,1418,1013,360,1393,950,443,1072,748,293,1421,937,446,1611,987,595,1585,874,607,1546,978,568,0.0,18,18091,,,
222,18091042200,422,-86.6916735,41.5766639,19065686.0,18971917.0,93769.0,3218,2941,159,58,48,14,0,2966,2705,179,42,40,0,0,3069,2738,203,70,59,0,0,3385,2879,234,90,59,98,4,3091,2547,281,263,0,0,0,3463,2929,257,266,0,0,0,2541,2382,90,35,32,10,0,2455,2375,70,0,10,0,0,2570,2465,95,0,15,0,0,2689,2360,154,52,37,71,2,2689,2360,154,44,33,3,0,13,82,2401,2231,129,33,0,0,0,2545,2330,165,49,0,0,0,0,1580,859,688,1470,740,730,1470,633,740,1440,685,677,1433,733,650,1363,588,775,1212,629,539,1438,680,707,1572,728,794,1555,534,885,1515,684,831,0.0,18,18091,,,
223,18091041500,415,-86.8640064,41.6258049,72718391.0,72470116.0,248275.0,5020,4674,141,121,59,42,5,5236,4741,181,58,81,145,0,5316,4827,189,46,94,134,8,4907,4319,242,150,57,90,6,5337,4886,171,30,68,154,8,5225,4801,188,79,79,69,6,3914,3694,72,71,43,27,5,4185,3950,65,10,30,130,0,4255,4045,85,10,0,114,0,3989,3615,126,82,34,74,5,3989,3615,126,62,26,15,1,18,126,4523,4304,79,14,0,139,0,4395,4260,85,24,15,8,0,0,2452,1315,1088,2451,1247,1204,2695,1059,1476,2649,1242,1262,2610,1331,1198,2566,1157,1409,2270,1128,1074,2624,1184,1363,2807,1176,1591,2757,928,1595,2691,1158,1533,0.0,18,18091,,,
224,18091042800,428,-86.8269416,41.4639661,160888583.0,160716840.0,171743.0,3005,2868,74,26,8,32,0,2857,2711,123,0,20,3,0,3099,2966,109,0,23,2,0,3056,2851,82,26,16,44,2,3222,3121,62,0,25,5,0,3369,3206,53,0,61,17,0,2233,2161,40,12,7,17,0,2245,2140,85,0,20,4,0,2301,2211,60,0,25,4,0,2349,2217,41,7,13,39,1,2349,2217,41,6,5,8,0,4,68,2417,2365,37,0,24,4,0,2540,2470,50,0,0,23,0,0,1487,692,765,1426,570,856,1569,427,1029,1545,554,915,1525,656,813,1471,494,977,1207,472,689,1523,519,955,1726,490,1189,1698,378,1067,1634,520,1114,0.0,18,18091,,,
225,18091042500,425,-86.7653872,41.6175621,24045328.0,20257394.0,3787934.0,5059,4682,185,134,36,21,5,4859,4569,183,24,32,51,0,4959,4607,232,20,54,46,0,5433,4783,318,152,43,96,0,4942,4575,171,25,57,33,0,5105,4703,129,14,89,50,0,3833,3624,110,67,16,14,3,3870,3620,165,25,10,50,0,3830,3555,195,20,15,45,0,4177,3753,203,94,32,69,0,4177,3753,203,65,22,21,0,14,99,3678,3505,109,27,0,34,0,3890,3765,85,15,0,24,0,0,2595,1382,1181,2338,1134,1204,2474,917,1368,2462,1078,1246,2441,1164,1190,2369,969,1400,2082,966,1052,2463,1054,1331,2735,1124,1566,2703,864,1623,2617,1074,1543,0.0,18,18091,,,
226,18091040100,401,-86.9182237,41.7033449,9465239.0,7506551.0,1958688.0,3900,1964,230,1671,18,36,7,4425,1767,276,2405,13,46,0,4307,1807,388,2183,13,35,0,4032,1853,267,1839,22,70,5,4423,1690,405,2393,5,27,0,4100,1724,377,2053,0,45,0,3303,1722,178,1371,12,32,4,3770,1635,190,1899,10,33,0,3685,1685,235,1729,10,27,0,3531,1701,212,1549,13,50,5,3531,1701,212,1508,6,14,0,15,75,3790,1597,240,1916,0,22,0,3500,1585,215,1683,0,22,0,0,928,738,168,823,658,165,781,498,230,766,526,196,761,538,192,737,513,224,602,419,160,725,483,217,759,467,282,744,413,270,724,465,259,0.0,18,18091,,,
227,18091041300,413,-86.8365399,41.7209382,16929894.0,16929894.0,0.0,2622,1883,112,609,17,39,6,2407,1552,112,715,20,22,0,2350,1553,189,579,13,28,0,2752,1834,138,657,21,92,1,2141,1721,241,158,14,16,0,2647,1816,335,333,0,7,0,1807,1419,54,316,9,27,1,1515,1120,30,325,20,20,0,1510,1155,40,275,15,30,0,1995,1434,77,390,18,64,1,1995,1434,77,343,12,1,0,10,118,1368,1181,48,109,13,16,0,1950,1515,180,255,0,8,0,0,1027,749,261,612,415,197,919,467,386,899,519,327,889,535,309,878,504,374,787,491,270,900,518,350,975,542,420,965,461,438,935,536,399,0.0,18,18091,,,
228,18091040400,404,-86.9017997,41.6900066,2863259.0,2863259.0,0.0,3141,2495,188,409,53,29,1,2855,2313,157,344,34,29,0,2889,2067,248,471,49,142,0,3158,2324,280,415,62,90,2,2840,1820,212,745,30,144,0,2865,1773,279,762,0,170,0,2512,2048,114,305,34,21,1,2230,1865,90,235,19,30,0,2285,1700,105,360,40,75,0,2482,1917,179,270,37,71,2,2482,1917,179,229,30,7,1,14,105,2178,1476,82,549,21,45,0,2325,1490,160,605,0,69,0,0,1342,890,436,1153,760,393,1255,670,476,1235,739,413,1217,804,361,1182,706,476,1050,671,343,1229,730,452,1348,740,577,1325,612,608,1290,748,542,0.0,18,18091,,,
229,18091042700,427,-86.682582,41.4929593,223797527.0,223225608.0,571919.0,5354,4907,192,214,19,43,8,4953,4485,268,159,23,18,0,4761,4388,239,93,24,12,5,5249,4571,241,209,34,138,11,4755,4338,198,123,27,44,6,4903,4166,389,228,36,21,6,3908,3654,103,115,7,31,3,3690,3435,119,110,15,12,0,3540,3330,109,73,15,12,0,4020,3525,166,139,26,119,5,4020,3525,166,101,13,8,0,2,205,3512,3210,115,126,16,42,0,3725,3240,235,213,25,14,0,4,2253,1189,1009,2149,1040,1109,2335,758,1445,2296,926,1233,2265,1069,1112,2197,790,1407,1873,808,985,2282,875,1327,2539,841,1650,2511,654,1570,2422,864,1558,0.0,18,18091,,,
230,18091040900,409,-86.8761148,41.7146535,1873970.0,1873970.0,0.0,2778,1075,133,1564,12,35,0,2973,721,172,2203,0,13,0,2793,680,144,2015,44,21,0,2604,715,173,1651,16,54,2,2970,613,182,2227,90,25,0,2478,546,146,1731,98,47,0,1976,866,75,1018,8,23,0,2130,660,70,1390,0,15,0,1980,610,50,1285,10,19,0,1807,559,88,1127,5,41,1,1807,559,88,1058,5,5,0,15,77,2067,556,28,1452,20,30,0,1760,505,50,1165,15,35,0,0,1203,1037,152,1038,916,122,976,764,165,956,779,137,950,792,128,945,776,169,805,671,106,914,741,148,937,736,186,922,662,221,904,723,181,0.0,18,18091,,,
231,18091041700,417,-86.6537221,41.7273783,109687896.0,108540709.0,1147187.0,3391,3214,75,61,12,35,2,3350,3108,139,9,94,0,0,3357,3095,117,10,135,0,0,3411,3053,147,70,32,95,2,3467,3138,143,16,87,6,0,3271,2958,81,12,0,7,0,2651,2538,50,38,9,20,1,2540,2465,25,10,40,0,0,2430,2325,20,10,75,0,0,2731,2464,98,52,22,72,2,2731,2464,98,30,16,2,0,5,116,2760,2688,33,16,30,0,0,2665,2595,55,10,0,4,0,0,1603,886,683,1472,740,732,1696,627,946,1656,742,812,1637,819,752,1583,673,910,1362,656,667,1656,710,893,1861,711,1119,1824,576,1091,1785,716,1069,16449.38082354742,18,18091,,,
232,18091041900,419,-86.5664083,41.5623635,230533382.0,227764608.0,2768774.0,5390,5172,122,52,15,21,2,6081,5480,515,71,0,15,0,6016,5275,664,65,0,12,0,5305,4815,224,75,17,133,2,5468,4870,478,104,0,16,0,5007,4339,564,40,0,21,0,4120,3994,65,23,11,19,0,4585,4395,120,50,0,15,0,4550,4200,295,45,0,10,0,4163,3868,116,22,14,89,2,4163,3868,116,10,5,0,0,6,158,4019,3650,270,90,0,14,0,3790,3405,345,20,0,19,0,0,2420,1309,1065,2309,1082,1227,2554,797,1605,2526,986,1369,2499,1140,1272,2424,874,1550,2097,914,1107,2492,942,1467,2760,900,1804,2727,692,1715,2666,950,1716,0.0,18,18091,,,
233,18091041100,411,-86.8600183,41.7389707,7772926.0,5825646.0,1947280.0,2187,1913,36,205,21,16,2,2203,1926,83,184,19,5,0,2279,2056,85,136,12,3,0,2286,1932,73,207,47,25,2,2314,2092,61,152,11,4,0,2653,2492,8,123,26,4,0,1842,1647,24,147,17,10,2,1910,1705,55,130,14,4,0,2005,1835,60,105,8,4,0,2054,1778,59,164,36,19,0,2054,1778,59,156,28,0,0,3,30,2055,1892,51,101,7,5,0,2430,2330,4,70,20,4,0,0,1443,812,617,1379,712,667,1343,670,594,1335,684,614,1320,699,593,1280,600,680,1270,722,531,1386,738,625,1598,884,698,1565,698,830,1532,791,741,0.0,18,18091,,,
234,18091042000,420,-86.7141234,41.6464402,29443459.0,28195115.0,1248344.0,2517,2108,207,174,19,20,2,2702,2142,389,143,11,17,0,2572,2014,332,206,0,14,0,2548,2132,214,131,11,37,0,2655,1781,405,452,0,12,0,2727,1753,339,566,0,21,0,1954,1658,133,143,13,16,0,1985,1620,235,105,10,14,0,1915,1580,225,95,0,14,0,1980,1692,136,94,10,23,0,1980,1692,136,75,2,1,0,6,68,1774,1412,239,119,0,13,0,1805,1425,190,170,0,18,0,0,957,552,389,896,461,435,993,372,549,982,435,486,979,491,449,940,395,545,811,404,382,976,431,513,1106,449,629,1085,352,626,1050,444,606,0.0,18,18091,,,
235,18041954000,9540,-85.0837599,39.6136348,158594350.0,158579677.0,14673.0,3837,3752,37,15,16,15,1,3649,3643,0,6,0,0,0,3474,3450,0,8,16,0,0,3688,3526,28,17,28,74,2,3594,3491,0,12,21,0,0,3404,3264,1,2,42,24,0,2970,2915,22,10,11,12,1,2835,2835,0,0,0,0,0,2825,2820,0,0,10,0,0,2949,2826,18,11,20,55,2,2949,2826,18,4,8,0,0,7,86,2869,2852,0,0,10,0,0,2800,2770,0,0,25,10,0,0,1747,777,934,1671,635,1036,1786,389,1322,1747,581,1067,1728,601,1063,1658,416,1242,1422,413,931,1756,462,1235,1954,402,1531,1933,306,1347,1872,404,1468,0.0,18,18041,,,
236,18041954100,9541,-85.127934,39.6687154,5061936.0,5061936.0,0.0,2813,2698,47,41,14,14,0,2526,2400,41,81,4,0,0,2878,2715,34,107,5,17,0,2878,2730,36,65,15,33,0,2850,2727,32,68,10,13,0,2819,2577,21,168,1,44,10,2231,2144,29,33,11,11,0,2035,1950,30,60,0,0,0,2250,2150,20,70,0,15,0,2292,2186,28,42,4,29,0,2292,2186,28,29,1,2,0,6,40,2208,2137,14,54,0,15,0,2270,2085,14,133,0,34,0,10,1008,513,466,880,416,464,1019,282,678,1004,399,547,994,407,541,965,296,669,741,286,402,954,317,596,1006,266,724,992,203,686,957,274,683,0.0,18,18041,,,
237,18041954500,9545,-85.1412597,39.6319262,12639996.0,12600820.0,39176.0,3571,3410,30,103,14,18,3,3824,3717,45,18,44,0,0,3673,3617,38,18,0,0,0,3445,3169,64,103,20,63,3,3456,3424,4,25,0,0,0,3361,3188,71,99,0,4,0,2720,2611,22,63,11,15,1,2965,2889,44,14,15,0,0,2780,2725,40,19,0,0,0,2704,2525,44,49,13,53,3,2704,2525,44,28,10,3,2,4,88,2487,2457,3,24,0,0,0,2435,2335,70,28,0,0,0,4,1443,667,752,1364,598,766,1437,389,964,1403,552,771,1397,557,782,1334,374,960,1121,359,688,1371,433,882,1465,384,1061,1451,275,996,1402,383,1019,0.0,18,18041,,,
238,18041954200,9542,-85.2277772,39.7083064,214284688.0,214147926.0,136762.0,3449,3362,14,27,21,22,0,3225,3143,42,40,0,0,0,3172,3097,39,36,0,0,0,2991,2884,20,35,18,44,1,2982,2925,30,27,0,0,0,3005,2954,16,35,0,0,0,2617,2567,5,16,13,15,0,2520,2480,10,30,0,0,0,2485,2445,15,29,0,0,0,2350,2286,12,19,11,20,0,2350,2286,12,18,10,2,0,2,20,2398,2351,13,28,0,0,0,2320,2300,10,8,0,0,0,0,1493,593,865,1351,482,869,1530,286,1163,1507,422,989,1500,481,921,1431,287,1144,1233,332,840,1492,353,1080,1608,279,1312,1597,202,1096,1535,297,1238,0.0,18,18041,,,
239,18041954600,9546,-85.2121815,39.5826106,159102579.0,158926782.0,175797.0,3325,3272,29,13,5,4,1,3086,2958,23,65,0,24,0,3121,3041,5,55,0,0,0,3173,3058,22,36,5,37,1,3173,3119,6,48,0,0,0,3468,3347,18,82,16,26,0,2501,2476,13,5,4,3,1,2315,2236,15,40,0,19,0,2355,2330,4,20,0,0,0,2408,2326,12,26,3,29,1,2408,2326,12,14,1,5,0,2,48,2403,2369,4,20,0,0,0,2610,2515,4,39,15,4,0,20,1372,588,761,1226,449,777,1391,264,1073,1359,384,886,1342,419,872,1299,285,1014,1094,279,757,1361,316,998,1521,261,1234,1522,212,1069,1466,306,1160,0.0,18,18041,,,
240,18041954400,9544,-85.1425259,39.6466234,5336320.0,5336320.0,0.0,4713,4455,51,154,18,30,1,4322,3831,116,394,0,0,0,4418,3837,173,372,0,57,0,4641,4269,76,162,27,86,1,4506,3547,225,456,0,44,0,4689,4002,213,184,0,82,0,3423,3260,29,92,12,27,1,3270,2955,45,270,0,0,0,3320,2970,44,250,0,55,0,3625,3371,57,110,12,59,0,3625,3371,57,81,9,5,0,5,97,3455,3070,29,293,0,45,0,3540,3385,15,72,0,45,0,20,1469,757,663,1228,573,655,1435,389,959,1397,508,778,1374,533,770,1341,410,931,1066,377,620,1370,428,882,1532,387,1122,1519,302,1041,1462,391,1071,0.0,18,18041,,,
241,18097353300,3533,-86.1590885,39.7887992,1628444.0,1628444.0,0.0,2494,1558,133,727,71,35,4,2404,1767,87,487,63,22,0,2421,1772,82,506,61,0,0,2717,1758,162,619,134,39,4,2288,1670,83,490,19,0,0,2453,1864,112,425,18,49,0,2310,1484,104,652,61,29,3,2235,1695,90,435,20,15,0,2235,1665,75,475,14,0,0,2475,1623,147,533,123,38,4,2475,1623,147,492,95,6,0,18,94,2113,1566,63,460,9,0,0,2225,1695,105,405,20,4,0,0,1110,910,189,1076,870,206,1199,924,161,1188,880,224,1188,941,214,1143,867,276,1129,947,142,1212,980,186,1300,1098,171,1315,932,323,1293,1069,224,0.0,18,18097,,,
242,18097353500,3535,-86.1740355,39.7921084,2088962.0,2084259.0,4703.0,1863,540,124,1107,94,14,1,2510,1047,121,837,506,49,25,2428,1095,88,863,379,66,27,2480,894,163,736,667,34,11,2379,1186,106,728,353,15,21,2145,1090,129,548,337,41,0,1482,490,83,819,91,11,1,1935,1010,125,670,85,0,0,1900,1035,85,675,40,0,0,2242,827,130,635,620,33,8,2242,827,130,604,582,7,0,13,79,1924,1145,99,630,37,0,0,1810,1060,100,480,125,45,0,0,756,697,53,566,489,77,773,582,130,762,546,169,758,578,150,734,547,187,630,523,88,663,520,117,537,450,76,539,407,112,537,456,81,0.0,18,18097,,,
243,18097353600,3536,-86.18805,39.7921231,4303318.0,4016277.0,287041.0,2112,164,113,1822,13,17,9,3128,848,290,1807,141,29,0,3122,769,295,1864,157,32,12,2708,626,431,1513,93,60,5,3200,752,353,1877,137,81,9,2901,875,438,1457,86,89,12,1610,153,70,1383,11,16,5,2400,845,50,1475,4,30,0,2305,725,55,1455,8,30,0,2172,570,285,1202,83,54,2,2172,570,285,1151,60,9,0,9,88,2296,710,136,1344,6,81,0,2250,770,255,1115,39,55,0,20,962,935,17,1082,1041,41,1028,921,72,1020,897,84,1020,912,86,1002,888,114,809,734,52,941,844,80,907,811,83,914,736,144,906,808,98,0.0,18,18097,,,
244,18163001400,14,-87.5491736,37.9736404,1379735.0,1379735.0,0.0,2279,985,61,1212,7,26,3,1589,700,45,731,3,0,0,1729,1064,51,498,29,0,1,1765,797,104,799,26,29,16,1750,1115,61,481,17,0,0,1907,998,195,503,92,6,0,1622,789,33,785,5,24,2,1170,535,10,619,4,0,0,1215,790,4,395,20,0,0,1370,682,59,579,23,26,9,1370,682,59,542,13,9,7,7,51,1192,810,0,372,9,0,0,1320,765,104,410,35,4,0,0,786,647,121,682,563,119,595,440,123,585,450,101,635,480,131,619,471,148,433,343,74,554,430,109,542,417,117,547,377,140,548,440,108,0.0,18,18163,,,
245,18163001800,18,-87.5743359,37.9742489,1604010.0,1597724.0,6286.0,648,357,8,270,6,8,0,555,515,0,40,0,0,0,665,619,0,46,0,0,0,501,388,10,73,19,9,1,707,653,0,54,0,0,0,681,611,0,17,50,3,0,549,323,8,208,5,8,0,500,460,0,40,0,0,0,640,595,0,45,0,0,0,456,365,7,55,19,8,1,456,365,7,55,14,4,0,0,11,692,635,0,55,0,0,0,635,565,0,15,50,4,0,0,212,171,39,239,191,48,202,145,45,196,143,45,192,139,47,188,138,50,163,121,38,188,142,42,197,155,38,183,125,52,183,147,36,1567.6538343372602,18,18163,,,
246,18163001900,19,-87.5803165,37.9817424,1156377.0,1139468.0,16909.0,1323,1093,36,163,2,30,1,972,787,33,115,0,34,0,982,739,19,200,0,30,0,1009,728,30,202,13,30,5,1050,775,12,250,0,26,0,1058,789,16,231,0,16,0,1057,901,24,111,1,22,0,840,695,10,100,0,30,0,845,675,4,139,0,24,0,833,629,23,148,7,24,3,833,629,23,125,5,2,2,9,38,819,629,3,161,0,23,0,840,685,15,135,0,14,0,0,331,217,107,261,164,97,233,113,107,231,120,93,230,123,97,226,112,114,139,76,58,202,108,89,199,98,99,202,86,104,203,116,87,0.0,18,18163,,,
247,18063210203,2102.03,-86.404212,39.8317404,5130243.0,5061214.0,69029.0,3320,3144,78,55,25,19,1,3599,3411,77,38,16,40,0,3327,3187,47,54,13,17,0,3420,3066,171,87,30,67,1,3639,3587,41,4,11,0,0,3467,3351,81,15,12,9,5,2581,2478,43,28,16,14,1,2847,2724,35,31,3,41,0,2620,2529,33,34,3,15,0,2719,2519,100,33,14,52,1,2719,2519,100,22,6,3,0,1,68,3009,2966,36,0,0,0,0,2825,2770,45,4,0,4,4,0,1438,532,885,1493,447,1046,1546,420,1024,1532,487,962,1525,543,938,1473,373,1100,1204,412,744,1496,486,963,1630,541,1058,1624,396,951,1588,525,1063,0.0,18,18063,,,
248,18063210612,2106.12,-86.4424491,39.7379854,17576261.0,17451329.0,124932.0,3707,3524,66,50,62,20,4,4663,4459,152,23,9,20,0,4300,4002,214,60,10,15,0,5073,4508,133,169,126,60,2,4487,3690,244,499,25,29,0,4467,3657,70,545,195,22,0,2941,2824,43,29,37,14,0,3705,3540,120,25,0,20,0,3526,3296,185,25,0,15,0,4158,3762,90,117,91,41,1,4158,3762,90,88,80,2,1,12,123,3771,3039,229,479,0,30,0,3820,3085,70,479,180,0,0,0,2278,775,1477,2257,612,1645,2618,697,1763,2597,766,1726,2582,846,1673,2509,604,1905,2250,774,1404,2700,857,1768,3130,1068,1997,3117,732,2005,3032,989,2043,0.0,18,18063,,,
249,18063210614,2106.14,-86.3603402,39.7504706,13975376.0,13902963.0,72413.0,6722,4440,557,1160,567,64,8,6980,3910,678,1709,677,0,0,6776,3914,297,1950,665,0,0,7558,4151,785,1805,708,167,21,7083,4774,490,1383,362,0,0,7461,4583,513,1809,514,23,0,4600,3197,328,677,381,50,4,4776,2968,249,1116,448,0,0,4747,3029,155,1101,463,0,0,5426,3231,495,1101,519,110,15,5426,3231,495,1012,457,11,5,26,189,4864,3853,188,614,220,0,0,5105,3600,315,805,350,19,0,0,2309,1179,1105,2698,1290,1408,3112,1425,1465,3019,1412,1438,2992,1514,1376,2922,1319,1603,2410,1318,997,2982,1509,1363,3227,1733,1432,3218,1393,1452,3140,1653,1487,0.0,18,18063,,,
250,18063210611,2106.11,-86.3614214,39.7771361,11550122.0,11428694.0,121428.0,9019,7280,446,851,385,65,22,9713,7569,495,1190,485,176,52,11563,8901,673,1228,792,121,0,12767,8368,1034,2202,968,217,38,11912,7931,798,2364,831,79,0,13578,9495,469,2545,897,20,186,6286,5244,266,488,254,47,18,6910,5610,220,740,100,125,0,8265,6800,305,705,220,120,0,9356,6410,690,1397,666,158,34,9356,6410,690,1267,574,11,8,53,343,8494,6427,382,1324,213,85,0,9735,7580,294,1470,215,20,0,155,3377,1535,1796,3612,1419,2193,4738,1814,2608,4668,1886,2545,4628,1994,2482,4487,1673,2814,4205,1971,2077,4965,2175,2628,5878,2789,2940,5863,2139,2981,5727,2605,3122,0.0,18,18063,,,
251,18063210610,2106.10,-86.417097,39.7920843,15891552.0,15725271.0,166281.0,4716,4408,99,92,92,18,11,4994,4259,201,303,235,46,0,5067,4185,264,421,198,43,0,5520,4768,154,208,270,83,7,5223,4310,179,311,423,38,0,5601,4566,322,353,435,13,0,3562,3390,52,51,57,12,6,3830,3318,121,248,146,25,0,3791,3227,164,323,80,25,0,4216,3731,96,113,184,61,3,4216,3731,96,96,157,0,0,19,117,3705,3281,106,219,101,20,0,4105,3465,240,200,190,15,0,0,2521,816,1676,2539,675,1864,2825,694,1950,2772,774,1873,2760,856,1825,2673,623,2050,2435,790,1554,2885,874,1919,3298,1111,2118,3296,751,2086,3226,1019,2207,0.0,18,18063,,,
252,18063210609,2106.09,-86.4266363,39.7684984,10546917.0,10422035.0,124882.0,4277,3972,88,98,104,15,3,4919,4177,388,90,249,48,0,4912,4119,481,100,211,75,0,5359,4471,194,333,237,98,11,5015,4110,671,79,192,12,2,5382,4274,691,234,164,14,16,3141,2949,57,61,61,11,2,3600,3262,124,92,119,0,0,3699,3253,281,102,65,0,0,3979,3414,125,203,146,69,8,3979,3414,125,183,125,9,2,7,114,3782,3256,440,41,43,0,0,3935,3240,525,120,55,0,0,0,2029,748,1248,2155,678,1477,2434,716,1545,2405,787,1514,2391,884,1447,2309,639,1670,2036,766,1190,2494,874,1545,2912,1084,1758,2900,759,1702,2828,1004,1824,0.0,18,18063,,,
253,18063210702,2107.02,-86.4274374,39.692634,6931632.0,6931632.0,0.0,4159,3770,95,171,121,6,3,4500,4024,46,284,123,21,1,4792,4006,54,377,170,1,2,7097,6096,205,261,361,113,6,7006,5319,589,305,603,0,16,7004,5233,625,255,713,0,11,2997,2717,61,141,74,5,3,3435,3149,37,194,29,21,1,3685,3281,47,285,62,1,1,5028,4421,127,123,228,88,5,5028,4421,127,96,203,5,0,15,161,4723,4034,293,200,185,0,0,4715,3930,285,195,300,0,0,0,2055,727,1299,1714,490,1224,3027,848,1957,2981,938,1916,2961,1061,1832,2876,742,2134,2677,983,1601,3199,1077,2026,3829,1368,2374,3830,913,2352,3733,1252,2481,0.0,18,18063,,,
254,18163002000,20,-87.5686357,37.9816081,761388.0,761388.0,0.0,1177,994,26,134,3,19,3,909,797,0,109,3,0,3,993,904,0,85,4,0,4,901,639,42,199,6,11,7,919,851,0,64,4,0,4,959,774,0,178,7,25,7,912,804,16,75,3,12,3,865,770,0,90,0,0,0,905,825,0,75,0,0,0,718,548,27,131,4,8,1,718,548,27,121,0,0,1,0,21,857,801,0,48,0,0,0,815,710,0,85,0,0,0,20,257,155,93,221,137,84,203,99,94,199,109,78,206,105,91,198,102,96,132,74,51,186,97,81,193,98,91,189,89,92,191,109,82,0.0,18,18163,,,
255,18163002100,21,-87.5517678,37.9808701,1746866.0,1746866.0,0.0,2303,1955,66,237,12,21,9,2135,1788,70,232,7,38,0,2229,1944,58,203,7,17,0,2056,1506,112,378,17,29,10,2127,1703,72,262,5,64,0,2180,1739,35,349,0,52,0,1695,1496,38,137,8,14,4,1605,1460,40,90,0,25,0,1650,1525,25,79,0,20,0,1581,1246,64,223,9,28,6,1581,1246,64,198,7,4,6,4,52,1645,1417,22,172,0,32,0,1645,1380,30,220,0,20,0,0,579,351,214,720,391,329,496,214,247,496,243,204,489,256,207,479,235,244,321,165,140,452,230,204,475,227,235,482,191,244,477,269,208,0.0,18,18163,,,
256,18163001500,15,-87.5499566,37.966975,1009431.0,1009431.0,0.0,2062,786,57,1206,15,26,6,2120,837,38,1200,0,0,45,1973,632,60,1164,0,0,117,1842,656,117,1041,13,41,3,1993,576,45,1253,0,0,118,2222,771,33,1395,0,1,0,1502,626,32,824,11,17,4,1560,630,14,920,0,0,0,1445,520,25,894,0,0,0,1387,508,64,786,10,39,3,1387,508,64,729,7,6,2,4,67,1374,468,22,891,0,0,0,1630,625,20,985,0,4,0,0,1017,867,138,802,686,116,697,542,120,689,538,118,696,551,126,688,542,146,544,438,86,673,540,115,705,575,116,699,520,152,697,591,106,0.0,18,18163,,,
257,18163001700,17,-87.5683218,37.9653071,1657545.0,1615684.0,41861.0,2117,1461,39,584,31,16,8,2135,1413,72,482,144,24,0,1893,1295,51,327,191,25,4,2127,1376,62,619,27,35,9,1748,1403,81,240,0,22,6,1738,1280,164,268,0,23,10,1838,1315,32,456,20,15,5,1730,1180,50,435,40,25,0,1595,1160,35,305,70,25,0,1778,1205,50,464,21,35,7,1778,1205,50,422,15,4,0,7,75,1564,1260,58,225,0,21,0,1615,1200,135,245,0,25,0,10,910,679,223,841,599,242,831,543,225,824,533,236,812,549,230,791,533,258,747,526,199,859,600,231,1006,727,261,976,603,338,973,728,245,2250.496502411542,18,18163,,,
258,18163002300,23,-87.550474,37.9898309,2138744.0,2138744.0,0.0,2575,2231,56,243,15,24,11,2705,2633,5,34,0,33,0,2776,2610,6,136,0,24,0,2421,1853,104,342,14,86,12,2740,2335,9,355,0,41,0,2206,1756,42,388,0,33,0,1920,1734,34,124,9,21,6,2085,2030,0,20,0,35,0,2075,1995,0,55,0,25,0,1845,1484,69,206,9,63,3,1845,1484,69,175,7,7,3,12,88,1948,1812,0,95,0,38,0,1630,1425,25,160,0,19,0,0,711,431,267,648,363,285,614,253,306,593,285,255,596,298,270,576,266,310,406,211,173,565,280,259,612,296,296,610,252,303,606,349,257,0.0,18,18163,,,
259,18097322000,3220,-86.1683282,39.8293353,2346630.0,2346630.0,0.0,3249,1345,68,1779,49,43,0,3248,1364,241,1640,20,0,0,3479,1382,280,1812,38,0,0,3422,1467,187,1674,55,74,2,3322,1199,303,1787,46,0,0,3362,1417,136,1850,64,120,0,2609,1178,43,1352,33,31,0,2545,1175,110,1250,10,0,0,2660,1205,125,1315,0,0,0,2803,1278,127,1316,45,59,0,2803,1278,127,1229,32,4,0,12,121,2642,1088,112,1410,25,0,0,2670,1180,70,1405,10,35,0,10,1876,1608,252,1747,1464,283,1634,1356,182,1632,1305,254,1625,1360,225,1590,1276,314,1509,1290,171,1655,1391,215,1773,1525,223,1788,1315,415,1774,1511,263,0.0,18,18097,,,
260,18097342000,3420,-86.3086254,39.746681,9674631.0,9674631.0,0.0,6639,4055,661,1602,298,54,18,6810,2970,1123,2433,365,199,0,6723,3065,1038,2460,253,155,0,6690,2930,1087,2278,291,156,17,6668,2554,1212,2659,197,80,0,6883,3222,1580,1774,264,46,0,4610,3049,389,936,216,38,13,4390,2410,345,1345,225,80,0,4220,2475,200,1360,99,70,0,4916,2408,719,1473,218,112,14,4916,2408,719,1366,188,16,3,30,186,3438,1904,99,1275,86,65,0,3580,2480,249,690,130,20,0,0,2642,1554,1065,2554,1489,1065,2677,1451,1075,2658,1464,997,2653,1600,963,2603,1408,1195,2127,1330,729,2590,1525,975,2714,1627,1045,2735,1392,1027,2722,1676,1046,0.0,18,18097,,,
261,18097380502,3805.02,-86.125543,39.7044097,2255765.0,2255765.0,0.0,4258,3152,463,491,133,42,4,3762,2882,317,452,115,58,10,3800,2570,248,906,70,35,9,4695,2644,703,1037,230,139,5,3699,2619,145,867,65,81,9,3975,2356,208,1154,265,141,5,3453,2685,278,345,122,33,2,2845,2325,145,310,20,29,0,2955,2110,135,650,15,24,0,3665,2278,467,709,140,117,4,3665,2278,467,617,127,8,0,4,164,2787,2003,76,604,21,3,0,3195,1960,120,840,165,29,0,84,1029,575,441,743,393,350,866,394,399,856,418,368,857,448,372,830,391,439,643,357,255,844,432,375,922,473,427,922,399,391,913,501,412,0.0,18,18097,,,
262,18097310201,3102.01,-86.2370538,39.8896539,8914087.0,8914087.0,0.0,3931,1811,501,1493,115,50,5,3634,1361,401,1899,39,88,0,3878,1496,553,1874,0,61,0,4603,1368,755,2237,224,100,6,4261,1580,535,2210,0,71,0,4487,1627,535,2172,149,34,0,2887,1486,318,989,91,34,5,2475,1155,130,1169,25,0,0,2770,1275,160,1329,0,0,0,3454,1181,498,1588,173,90,3,3454,1181,498,1480,149,4,0,10,132,2811,1265,117,1426,0,2,0,3000,1205,190,1604,0,8,0,0,2140,1436,689,1870,1288,582,1787,1283,402,1777,1231,439,1779,1288,448,1748,1212,536,1564,1201,313,1823,1363,406,2062,1600,426,2072,1355,620,2056,1604,452,0.0,18,18097,,,
263,18097310305,3103.05,-86.2698563,39.8443421,3741154.0,3741154.0,0.0,6699,1222,1558,3733,211,52,9,6421,1064,777,4200,300,260,0,5937,990,1338,3289,281,237,0,6588,754,1761,3861,189,106,7,5040,745,654,3184,323,0,0,6058,660,1114,4211,406,0,0,4673,1062,994,2474,158,36,7,4540,1155,250,2925,200,210,0,4155,1050,395,2445,265,190,0,4795,661,1179,2803,136,64,7,4795,661,1179,2688,118,2,7,18,122,3726,869,266,2350,230,0,0,3580,645,215,2460,210,0,0,45,2206,1924,270,1967,1722,245,1876,1591,215,1868,1544,244,1868,1593,225,1853,1537,316,1504,1306,155,1821,1555,222,1898,1648,228,1915,1459,378,1910,1643,267,0.0,18,18097,,,
264,18063210105,2101.05,-86.418205,39.825968,20207602.0,20034115.0,173487.0,5651,5291,143,111,100,20,6,6849,6085,302,353,69,0,0,7554,6699,250,528,57,0,0,8622,7010,402,701,326,147,13,7783,6574,155,867,205,0,0,8926,7150,242,1287,164,107,0,4111,3887,83,66,62,16,5,4604,4319,0,261,20,0,0,5180,4876,0,288,20,0,0,6072,5082,224,399,241,97,11,6072,5082,224,343,195,8,7,25,188,5377,4876,0,452,57,0,0,6090,5495,20,470,65,40,0,0,2810,903,1866,2956,842,2114,3644,1044,2361,3601,1106,2344,3578,1197,2287,3479,883,2596,3041,1145,1787,3828,1312,2408,4643,1772,2760,4639,1156,2839,4527,1602,2925,0.0,18,18063,,,
265,18109510500,5105,-86.4027054,39.520563,79414460.0,77643468.0,1770992.0,4292,4129,70,22,21,53,3,4322,4001,101,58,140,43,0,4339,4103,121,34,82,23,6,4243,3997,84,21,20,110,0,4341,4094,123,57,62,38,5,4247,4061,7,34,68,97,3,3264,3154,47,11,15,37,3,3370,3255,30,8,30,30,0,3385,3280,40,8,30,14,0,3314,3151,57,9,9,79,0,3314,3151,57,5,7,9,0,2,83,3288,3189,50,7,8,17,0,3235,3115,4,4,43,49,0,35,1738,683,1030,1699,528,1171,1790,353,1356,1762,450,1181,1746,529,1160,1710,358,1352,1444,391,1002,1817,440,1318,2127,443,1640,2124,324,1275,2057,482,1575,0.0,18,18109,,,
266,18109510800,5108,-86.4141111,39.4230385,2961771.0,2961771.0,0.0,3794,3693,38,16,17,31,1,3738,3553,73,25,0,80,0,3498,3317,93,5,0,77,0,3632,3373,54,55,19,69,5,3784,3642,71,3,0,27,0,3770,3695,0,1,0,20,0,2803,2748,18,4,8,23,1,2815,2725,19,10,0,60,0,2660,2575,30,4,0,55,0,2809,2666,30,22,5,43,0,2809,2666,30,11,0,11,0,16,75,2843,2773,14,6,0,24,0,2790,2765,0,4,0,19,0,0,1273,482,757,1168,354,814,1359,230,1045,1340,343,887,1331,404,866,1271,237,1034,1029,254,711,1315,300,957,1464,294,1129,1451,197,864,1407,300,1107,0.0,18,18109,,,
267,18163002400,24,-87.5559188,38.0015536,2032599.0,1993899.0,38700.0,3065,2811,32,181,15,20,2,3530,3358,0,138,20,14,0,3382,3048,75,215,21,23,0,3091,2634,85,234,36,79,14,3274,2953,75,219,13,14,0,3188,2701,159,191,38,40,0,2441,2303,20,92,10,16,1,2745,2620,0,95,20,15,0,2705,2460,60,145,20,25,0,2477,2163,55,145,29,61,7,2477,2163,55,115,19,7,6,0,112,2535,2292,53,161,14,13,0,2605,2275,134,170,4,20,0,0,1251,673,555,629,301,328,1067,402,600,1056,474,502,1049,490,520,1017,397,620,758,366,357,1027,479,511,1141,527,592,1129,427,622,1127,620,507,0.0,18,18163,,,
268,18163002600,26,-87.5829973,37.9932973,2361098.0,2319466.0,41632.0,3151,2589,75,430,16,55,5,3525,2674,95,756,0,0,0,3445,2673,29,743,0,0,0,3319,2256,159,774,24,102,13,3670,2822,27,732,0,89,0,3203,2321,35,800,0,47,0,2302,1979,50,234,8,41,2,2560,2155,20,380,0,0,0,2540,2225,0,310,0,0,0,2265,1673,79,410,18,75,8,2265,1673,79,358,15,4,8,15,113,2608,2201,0,318,0,88,0,2195,1770,10,360,0,49,0,0,791,518,257,637,406,231,639,305,296,624,321,257,622,329,265,604,309,295,431,234,176,591,314,256,620,322,290,615,276,301,619,370,249,0.0,18,18163,,,
269,18163003000,30,-87.6181477,37.9884763,3926089.0,3870414.0,55675.0,4846,4621,39,119,27,32,0,4874,4663,12,46,8,0,153,4726,4558,35,48,4,0,84,4742,4270,100,186,52,116,1,4928,4701,95,50,4,0,82,4936,4550,73,214,53,39,5,3901,3772,26,59,20,24,0,3700,3660,10,20,0,0,0,3680,3630,30,15,0,0,0,3769,3481,58,87,33,88,0,3769,3481,58,62,22,6,0,9,131,3660,3554,91,14,0,0,0,3615,3435,70,64,0,39,0,4,2107,1065,1016,1847,820,1027,1950,717,1077,1941,869,949,1937,894,978,1865,736,1129,1567,756,744,1906,877,961,2039,897,1099,2038,714,1220,2039,1125,914,0.0,18,18163,,,
270,18163002500,25,-87.5667433,37.9902627,1364423.0,1330922.0,33501.0,2014,1718,44,219,9,24,4,1838,1353,164,284,0,30,0,1870,1327,44,438,0,38,0,1722,1247,85,318,12,58,15,1710,1254,40,347,0,45,0,1390,890,111,332,0,50,10,1536,1369,29,113,5,22,2,1295,1095,65,99,0,30,0,1310,1075,45,150,0,40,0,1285,992,64,173,10,48,7,1285,992,64,135,5,10,6,4,69,1249,1044,40,123,0,47,0,1035,740,110,140,0,44,0,10,514,313,190,371,223,148,415,191,199,413,213,168,408,211,181,395,193,202,277,152,108,384,200,168,414,209,194,408,186,199,404,234,170,0.0,18,18163,,,
271,18091040500,405,-86.8849501,41.6912574,3190241.0,3190241.0,0.0,3431,2707,176,474,66,19,4,3452,2745,76,481,150,0,0,3411,2631,119,533,121,0,0,3493,2651,259,418,110,66,1,3314,2641,107,388,145,2,0,3435,2596,220,627,54,4,0,2815,2320,116,315,57,14,2,2745,2390,50,285,15,0,0,2785,2345,105,325,15,0,0,2952,2350,169,305,77,45,1,2952,2350,169,265,75,2,0,8,83,2728,2333,97,249,54,4,0,2905,2280,150,414,55,4,0,0,1659,1066,566,1557,1015,542,1650,936,616,1637,1031,530,1603,1041,512,1559,940,619,1330,900,383,1587,987,552,1679,1016,640,1645,822,757,1613,990,623,0.0,18,18091,,,
272,18091040700,407,-86.880373,41.705429,1114724.0,1114724.0,0.0,1535,1021,122,373,9,18,0,1650,1133,194,400,0,0,0,1650,1198,151,391,0,0,0,1532,966,156,343,9,58,1,1671,1182,134,424,0,0,0,1681,1311,168,243,0,17,0,1088,784,68,219,8,12,0,1210,915,85,210,0,0,0,1220,970,70,180,0,0,0,1124,774,87,208,9,38,1,1124,774,87,176,7,6,0,5,69,1253,1007,35,209,0,0,0,1260,1060,54,125,0,15,0,0,622,434,179,533,381,152,568,335,199,563,368,165,554,372,164,542,345,197,448,302,132,540,347,179,587,357,220,572,300,232,551,350,201,0.0,18,18091,,,
273,18091040800,408,-86.8909297,41.7073268,1241705.0,1241705.0,0.0,2988,2098,209,649,26,39,1,2884,1830,413,538,69,80,11,2806,1832,298,585,29,70,11,2968,1989,243,666,19,73,5,2779,1958,342,480,20,13,0,3188,2210,251,721,41,1,0,2226,1679,125,392,15,23,0,2010,1425,185,300,55,30,0,1910,1390,110,345,15,30,0,2135,1533,153,390,11,57,2,2135,1533,153,334,11,6,0,6,92,1773,1351,89,309,15,15,0,2085,1575,145,330,30,4,0,0,1250,897,332,1016,719,297,1001,599,329,984,635,282,970,656,268,940,630,310,813,564,212,976,630,309,1089,659,404,1079,570,424,1037,659,378,0.0,18,18091,,,
274,18163003100,31,-87.6148819,37.9665928,2425620.0,2399957.0,25663.0,2604,2443,52,76,14,10,2,2504,2403,8,86,0,7,0,2647,2564,8,50,0,25,0,2440,2124,58,152,31,60,4,2634,2587,11,14,0,22,0,2469,2227,131,109,0,14,0,2020,1927,33,39,6,8,0,1895,1855,4,25,0,4,0,1905,1855,10,15,0,25,0,1890,1693,32,86,19,49,3,1890,1693,32,66,10,9,1,8,71,1984,1934,11,15,0,21,0,1800,1680,40,65,0,14,0,0,1012,592,400,837,460,377,900,354,470,896,431,403,886,439,416,862,381,481,650,317,299,845,401,412,900,385,498,902,332,504,906,494,412,0.0,18,18163,,,
275,18097340500,3405,-86.2129746,39.8186204,3863786.0,3853140.0,10646.0,4528,1299,315,2890,48,64,4,5040,1109,365,3510,131,0,13,5750,1121,482,4122,99,0,13,4932,1473,416,2919,119,72,15,6138,1020,491,4591,111,0,11,5935,1904,187,3589,146,25,5,3435,1186,219,2001,42,46,2,3415,1000,130,2240,20,0,0,3840,1035,160,2620,15,0,0,3986,1373,287,2215,102,65,8,3986,1373,287,2096,82,7,2,7,132,4386,961,174,3168,36,0,0,4540,1570,130,2724,100,0,0,30,1743,1503,229,1494,1257,237,1381,1101,218,1374,1084,220,1367,1104,233,1348,1050,298,1082,898,153,1300,1050,216,1313,1057,236,1318,960,284,1313,1067,246,0.0,18,18097,,,
276,18097354700,3547,-86.1236569,39.7749396,523906.0,523906.0,0.0,1431,718,223,466,8,30,0,1485,518,364,518,41,57,0,1569,548,389,542,43,56,0,1559,691,320,507,21,49,5,1535,656,538,255,34,58,0,1484,566,471,375,16,56,0,1061,589,138,316,5,21,0,865,450,90,300,0,30,0,900,465,90,315,0,30,0,1052,549,192,281,12,32,1,1052,549,192,250,11,2,0,6,42,864,550,98,191,0,28,0,875,510,65,265,4,30,0,0,380,283,90,239,181,58,336,225,70,330,219,78,333,239,78,325,233,92,299,238,53,372,275,80,474,363,100,476,311,127,470,359,111,0.0,18,18097,,,
277,18097360202,3602.02,-86.0205182,39.8185942,2985635.0,2985635.0,0.0,3321,985,232,2089,37,26,1,3247,671,286,2222,34,57,0,3278,1056,371,1779,64,53,0,3179,654,547,1954,25,90,0,3118,901,285,1856,0,76,0,2744,821,328,1585,10,14,0,2269,829,136,1284,26,15,0,2230,630,100,1425,10,55,0,2270,825,140,1209,20,55,0,2243,571,326,1317,17,70,0,2243,571,326,1232,10,14,0,13,77,2214,665,81,1383,0,73,0,1955,555,140,1240,10,15,0,0,1374,1066,295,1239,1003,236,1118,868,205,1110,866,185,1106,876,202,1100,846,254,858,689,148,1045,837,185,1052,855,185,1064,780,225,1052,862,190,0.0,18,18097,,,
278,18097310104,3101.04,-86.2405682,39.9184223,9185176.0,9118617.0,66559.0,3532,2382,168,836,139,32,4,3009,2273,103,568,54,20,0,2920,2263,98,507,44,17,0,3576,2252,245,833,189,48,0,3025,2476,126,367,47,20,0,3207,2426,232,432,104,42,0,3109,2218,113,655,108,26,4,2724,2063,84,527,45,10,0,2663,2082,89,452,35,4,0,3208,2119,176,693,159,44,0,3208,2119,176,660,139,0,0,10,104,2746,2240,117,347,41,12,0,2780,2175,165,355,75,14,0,0,2057,1247,786,1768,1064,704,1754,1085,538,1748,1074,567,1748,1135,557,1705,1015,690,1511,1050,412,1761,1164,536,1902,1334,537,1914,1067,717,1901,1305,596,0.0,18,18097,,,
279,18097310105,3101.05,-86.244477,39.9037291,7035314.0,7035314.0,0.0,3535,1881,269,1259,117,43,7,3746,1837,352,1473,122,51,0,3774,1934,335,1477,18,74,0,3830,1493,435,1733,136,97,11,3911,2087,197,1567,26,74,0,4086,1932,382,1685,58,35,0,2746,1579,172,897,86,30,2,2635,1455,150,985,40,20,0,2610,1475,140,965,20,20,0,2985,1288,293,1263,113,76,11,2985,1288,293,1154,85,4,0,27,134,2960,1716,130,1089,12,21,0,3085,1580,185,1295,15,14,0,0,1937,1356,560,1812,1255,557,1758,1227,413,1752,1227,443,1753,1264,442,1717,1139,578,1598,1200,345,1779,1302,420,1905,1467,408,1927,1225,576,1916,1436,480,0.0,18,18097,,,
280,18097310106,3101.06,-86.2112489,39.9050362,2247924.0,2247924.0,0.0,3817,1705,618,1385,109,44,5,4014,1582,1021,1579,19,45,0,4195,1629,1005,1669,47,51,0,4161,1496,619,1817,187,91,3,4256,1630,895,1807,74,0,0,4324,1756,396,2092,84,16,0,3132,1572,419,1046,87,37,4,2840,1500,235,1105,0,49,0,3010,1545,235,1195,30,54,0,3461,1404,438,1427,156,67,3,3461,1404,438,1341,139,5,1,13,120,3185,1588,162,1370,57,0,0,3650,1720,95,1735,80,15,0,0,1538,1085,445,1655,1035,620,1781,1149,523,1779,1119,566,1779,1169,566,1738,1078,660,1480,1015,415,1736,1161,519,1787,1273,486,1798,1044,660,1790,1241,549,0.0,18,18097,,,
281,18097310108,3101.08,-86.3174103,39.8392095,9483390.0,6599031.0,2884359.0,3255,2638,80,375,144,16,2,3365,2451,107,636,154,22,0,3291,2541,136,422,155,44,0,3597,2700,152,568,134,48,2,3725,2800,134,633,129,36,0,3878,2595,213,994,98,15,0,2757,2326,46,256,113,11,2,2808,2179,65,455,95,10,0,2760,2260,100,275,95,35,0,3081,2405,108,422,106,37,0,3081,2405,108,372,93,3,0,12,88,3075,2504,98,355,86,23,0,3135,2305,160,585,63,8,0,0,2142,1020,1102,2210,1019,1191,2255,1225,889,2245,1171,995,2242,1262,941,2192,1030,1162,2107,1261,792,2280,1296,925,2422,1456,922,2424,1092,1171,2407,1400,1007,0.0,18,18097,,,
282,18003002000,20,-85.1449843,41.0655582,1460262.0,1460262.0,0.0,3321,1756,682,805,79,58,5,3188,1610,402,895,293,24,0,3525,1769,493,1035,275,27,0,3105,1457,808,740,73,103,5,3490,1586,642,951,342,13,0,3241,1273,899,1037,48,1,0,2323,1373,404,463,62,40,5,2055,1350,175,474,44,14,0,2220,1445,235,459,43,14,0,2252,1207,510,436,54,79,2,2252,1207,510,368,43,8,0,4,112,2059,1301,346,390,14,14,0,2080,1040,325,668,45,4,0,0,837,574,243,754,531,223,726,438,214,715,453,197,712,485,193,698,437,261,604,404,165,721,479,208,842,559,254,829,438,298,818,554,264,0.0,18,18003,,,
283,18091041200,412,-86.8232625,41.7555758,3639288.0,3211933.0,427355.0,1057,916,17,100,9,13,0,872,858,0,0,14,0,0,924,893,0,0,31,0,0,1024,936,27,16,18,15,1,974,940,3,18,12,1,0,1254,1107,67,30,36,2,0,897,796,10,73,6,8,0,760,745,0,0,15,0,0,825,795,0,0,34,0,0,943,876,16,10,9,14,1,943,876,16,6,4,0,0,7,34,882,867,1,8,8,4,0,1150,1020,65,24,39,4,0,0,654,383,254,619,350,269,592,324,247,595,332,243,583,337,239,574,305,269,562,338,216,612,354,249,691,420,266,685,343,319,664,393,271,2994.2723582713497,18,18091,,,
284,18091041600,416,-86.7779305,41.7044312,86946299.0,86946299.0,0.0,6330,5840,172,199,82,58,3,6408,5903,263,136,106,0,0,6551,5978,252,258,63,0,0,6262,5324,286,298,110,156,14,6715,6172,176,298,68,1,0,6791,6012,18,449,100,30,0,5010,4694,111,121,53,39,1,5145,4810,180,80,70,0,0,5415,4965,185,200,65,0,0,5079,4444,170,189,91,105,11,5079,4444,170,149,70,9,7,22,208,5639,5258,124,178,72,2,0,5600,5130,4,340,100,30,0,0,3078,1724,1289,2847,1483,1364,3037,1207,1618,3001,1382,1441,2939,1465,1357,2866,1283,1583,2576,1305,1200,2989,1342,1554,3298,1359,1886,3253,1106,1901,3149,1350,1799,6495.309931299951,18,18091,,,
285,18091041800,418,-86.6070437,41.6727379,106101201.0,103110398.0,2990803.0,6059,5564,373,67,20,33,4,5889,5403,474,12,0,0,0,5761,5401,346,14,0,0,0,5933,5208,414,80,41,91,1,5484,5128,255,101,0,0,0,5561,5215,136,195,49,0,0,4536,4276,199,29,12,26,1,4230,4090,124,8,0,0,0,4280,4175,94,14,0,0,0,4532,4061,261,41,25,68,0,4532,4061,261,17,14,9,0,8,162,3897,3700,97,104,0,0,0,3845,3695,25,70,0,0,0,50,2567,1363,1143,2447,1167,1280,2647,826,1655,2615,1015,1406,2573,1167,1306,2504,874,1630,2170,934,1168,2621,997,1537,2975,1002,1902,2940,771,1834,2851,1044,1807,0.0,18,18091,,,
286,18091042100,421,-86.6943044,41.6114248,9719915.0,9478740.0,241175.0,6393,5145,957,232,43,52,0,6054,4617,1191,407,86,0,22,5839,4486,1103,448,56,0,11,6455,4773,1156,302,61,131,5,5340,3892,1141,490,67,0,13,5393,4027,1117,360,22,41,0,4708,3983,544,129,31,36,0,4065,3520,370,145,30,0,0,3920,3465,335,90,25,0,0,4773,3748,701,144,50,99,5,4773,3748,701,87,37,13,0,19,168,3629,3192,325,119,20,0,0,3835,3365,360,80,0,25,0,0,2192,1377,778,1850,1099,751,2112,883,1026,2059,1007,869,2001,1087,817,1946,904,1042,1663,915,686,2015,994,942,2284,1047,1178,2241,827,1175,2185,1052,1133,0.0,18,18091,,,
287,18153050501,505.01,-87.3136065,38.9706668,178063050.0,176538458.0,1524592.0,3036,2345,87,593,4,14,1,2932,2146,112,682,17,25,0,2804,2072,117,612,29,31,0,2993,2016,99,842,5,24,6,2882,2059,97,694,46,41,0,2739,1841,88,731,42,67,0,2629,1987,78,558,3,11,1,2562,1846,92,609,16,24,0,2537,1858,97,556,27,24,0,2783,1834,82,830,5,23,6,2783,1834,82,828,4,4,3,5,23,2704,1921,77,649,44,34,0,2545,1685,65,720,40,50,0,4,852,397,426,622,248,374,739,161,547,716,312,372,732,403,313,655,199,456,623,220,369,719,251,448,783,189,585,775,143,523,750,232,518,0.0,18,18153,,,
288,18153050502,505.02,-87.4171169,38.9465115,77777758.0,77749186.0,28572.0,1260,880,46,333,0,5,0,1207,957,24,177,4,53,0,1153,955,16,161,8,18,0,1036,989,26,4,1,13,2,930,885,0,5,0,40,0,927,853,24,33,0,17,0,1128,770,42,318,0,4,0,1028,799,23,161,4,51,0,983,797,13,148,8,21,0,763,739,15,0,0,3,2,763,739,15,0,0,0,0,2,7,717,673,0,0,0,40,0,675,635,0,25,0,15,0,0,222,95,116,322,118,204,234,52,173,229,95,123,233,129,100,213,62,151,205,73,116,201,68,128,202,50,149,204,37,138,198,61,137,0.0,18,18153,,,
289,18153050102,501.02,-87.3072531,39.2242361,118896439.0,116937674.0,1958765.0,2771,2707,24,11,9,26,1,2764,2733,25,0,0,6,0,2814,2765,8,17,0,24,0,2584,2455,22,26,14,54,1,3031,2961,9,21,0,40,0,3001,2972,0,18,0,11,0,2083,2048,13,5,5,16,0,2125,2100,15,0,0,4,0,2205,2170,0,10,0,19,0,1997,1921,9,8,7,37,1,1997,1921,9,4,1,5,1,5,51,2450,2393,0,16,0,40,0,2450,2430,0,10,0,10,0,0,1147,508,606,1083,399,684,1180,261,859,1163,492,614,1162,583,548,1075,324,751,996,333,598,1141,375,732,1232,286,919,1214,206,786,1187,347,840,0.0,18,18153,,,
290,18153050101,501.01,-87.3968559,39.1852598,101827024.0,100525303.0,1301721.0,3234,3139,21,7,16,38,0,3295,3081,58,111,0,45,0,3285,3030,85,95,0,75,9,3026,2903,35,12,13,59,3,3121,2955,58,108,0,0,6,3239,2865,102,222,10,37,6,2458,2403,10,1,7,25,0,2375,2320,10,0,0,45,0,2440,2335,30,0,0,75,0,2394,2308,19,11,5,46,1,2394,2308,19,4,0,2,1,0,60,2428,2421,15,0,0,0,0,2490,2435,15,0,10,35,0,0,1330,619,670,1238,462,776,1360,339,973,1323,583,668,1321,710,587,1244,398,846,1158,404,702,1295,455,810,1370,343,1009,1357,238,906,1321,406,915,0.0,18,18153,,,
291,18153050302,503.02,-87.3908233,39.1067355,15761348.0,13993683.0,1767665.0,2744,2668,34,22,7,22,0,2415,2394,0,0,21,0,0,2527,2502,0,0,25,0,0,2727,2504,46,32,4,118,1,2583,2532,0,0,51,0,0,2787,2710,0,77,0,0,0,2006,1969,18,5,6,19,0,1810,1790,0,0,20,0,0,1955,1930,0,0,25,0,0,2054,1901,44,12,4,72,1,2054,1901,44,1,1,5,0,9,93,1882,1837,0,0,50,0,0,2055,2055,0,0,0,0,0,0,1207,668,514,1060,462,598,1134,319,760,1117,546,511,1117,667,423,1032,388,644,965,392,518,1118,438,650,1206,314,876,1209,226,828,1175,364,811,0.0,18,18153,,,
292,18153050301,503.01,-87.4363608,39.0981844,21138917.0,20991398.0,147519.0,3001,2905,34,20,28,22,0,3180,3073,35,0,72,0,0,3156,3080,0,0,76,0,0,3317,3062,49,49,39,105,3,3131,3001,0,0,130,0,0,3146,3022,33,5,0,59,0,2375,2319,20,5,20,16,0,2620,2515,35,0,75,0,0,2460,2385,0,0,75,0,0,2623,2445,31,28,24,80,3,2623,2445,31,7,19,8,0,0,113,2549,2421,0,0,130,0,0,2405,2355,15,4,0,25,0,0,1484,795,653,1300,578,722,1344,410,880,1317,689,560,1338,811,503,1198,469,729,1184,520,607,1351,553,762,1478,406,1042,1463,296,971,1428,482,946,0.0,18,18153,,,
293,18003001600,16,-85.0939589,41.0653724,4175354.0,4175354.0,0.0,2206,1005,394,777,37,33,9,2202,938,524,430,315,0,0,2180,881,447,530,328,0,0,2021,749,513,609,118,40,7,2240,799,642,548,257,25,0,2400,803,759,830,35,16,0,1522,797,230,476,14,21,5,1155,775,145,235,0,0,0,1140,730,125,280,0,0,0,1442,615,318,422,56,36,5,1442,615,318,338,53,9,2,24,83,1098,666,137,298,0,0,0,1190,595,80,488,19,4,0,0,541,422,105,478,357,121,443,284,134,435,278,120,440,289,130,431,275,156,366,282,72,421,299,110,425,319,100,414,269,120,415,315,100,0.0,18,18003,,,
294,18003001700,17,-85.1187496,41.0646376,1562668.0,1562668.0,0.0,2177,230,444,1481,48,37,6,2191,192,499,1338,174,20,0,2364,167,360,1693,158,16,0,2625,400,516,1659,37,56,3,2547,208,473,1749,154,0,0,2563,267,457,1848,9,52,97,1314,161,239,885,29,18,3,1105,175,115,745,70,4,0,1150,145,80,855,65,4,0,1608,286,317,956,25,37,3,1608,286,317,893,14,8,2,8,80,1104,163,96,777,70,0,0,1210,210,185,800,10,0,15,0,670,637,28,606,586,20,514,473,27,506,458,31,505,464,32,501,464,37,358,323,25,473,430,35,515,440,65,508,388,95,495,426,69,0.0,18,18003,,,
295,18003010100,101,-84.8810095,41.228061,125845671.0,125689879.0,155792.0,4763,4616,73,34,22,23,1,5097,5027,27,24,0,27,0,5141,5038,47,33,0,31,0,4953,4751,93,45,23,43,3,5187,5109,49,10,0,27,0,5521,5437,54,8,0,15,0,3131,3068,36,12,7,12,1,3255,3210,30,15,0,0,0,3325,3255,50,25,0,0,0,3306,3193,40,33,12,29,3,3306,3193,40,12,4,3,0,7,47,3701,3662,43,2,0,0,0,3830,3785,40,10,0,0,0,0,1493,439,1026,1490,324,1166,1481,245,1161,1485,327,1092,1476,366,1075,1449,219,1230,1247,266,950,1475,296,1145,1612,291,1293,1616,200,1195,1597,317,1280,9597.34348765574,18,18003,,,
296,18003011802,118.02,-84.940027,40.9633461,94756171.0,94756171.0,0.0,1774,1726,26,8,5,13,0,1692,1620,28,19,0,17,0,1721,1650,35,18,0,8,0,1659,1601,18,12,3,15,2,1735,1671,7,39,0,26,0,1575,1552,10,0,0,0,0,1284,1258,12,5,2,9,0,1245,1215,15,20,0,14,0,1275,1235,19,20,0,10,0,1270,1229,11,5,3,13,0,1270,1229,11,4,0,2,0,0,24,1288,1240,3,40,0,27,0,1190,1180,10,0,0,0,0,0,879,262,600,872,196,676,859,147,665,854,194,615,853,232,595,830,133,697,664,161,487,836,182,633,916,176,724,914,109,657,891,178,713,0.0,18,18003,,,
297,18003011201,112.01,-85.0568896,41.0701296,9514197.0,9499351.0,14846.0,1942,1693,109,114,10,22,6,2221,1884,197,107,0,46,0,2296,1912,204,141,0,54,0,2064,1688,131,161,17,68,14,2379,2031,159,152,0,63,0,2140,1733,142,226,0,82,0,1398,1261,59,59,7,18,3,1650,1435,100,70,0,35,0,1650,1430,90,75,0,40,0,1506,1278,82,97,11,45,9,1506,1278,82,78,0,9,3,7,49,1718,1512,78,75,0,39,0,1500,1240,80,110,0,59,0,15,458,229,215,446,182,264,435,121,295,427,135,256,425,152,251,424,119,305,387,147,223,459,146,295,556,159,374,550,122,335,542,177,365,0.0,18,18003,,,
298,18003001300,13,-85.1334488,41.0780686,1560517.0,1560517.0,0.0,2277,1194,178,819,70,44,3,1702,985,259,493,26,62,0,1711,882,236,591,43,66,0,1972,1024,177,692,64,26,4,1727,956,184,578,40,46,0,1746,919,141,656,31,31,0,2035,1144,136,680,55,35,2,1440,955,90,325,4,30,0,1410,845,70,415,8,45,0,1786,996,140,580,51,22,0,1786,996,140,559,47,1,0,3,40,1439,939,65,370,6,41,0,1385,905,60,385,4,34,0,0,580,463,106,447,355,92,622,453,129,616,436,144,484,345,119,474,323,151,530,398,104,576,422,132,683,509,157,554,325,198,550,398,152,0.0,18,18003,,,
299,18003000100,1,-85.1257316,41.1031582,1892709.0,1892709.0,0.0,2358,2065,92,146,28,35,2,2611,1938,297,372,46,4,0,2802,2042,371,368,0,21,0,2407,1909,185,190,60,74,4,2710,2044,429,324,0,24,0,2675,2123,421,192,0,49,0,1804,1639,61,68,18,26,0,1810,1575,20,160,0,4,0,1915,1675,50,185,0,4,0,1813,1510,112,94,37,56,4,1813,1510,112,80,27,4,1,0,79,1916,1625,138,147,0,12,0,1895,1660,175,34,0,19,0,0,1064,519,533,975,449,526,982,413,468,977,435,447,971,482,442,944,390,554,816,413,363,998,479,467,1130,566,528,1135,425,586,1112,565,547,0.0,18,18003,,,
300,18003000300,3,-85.1216845,41.0934445,1325344.0,1325344.0,0.0,3298,2876,162,202,38,22,8,3271,2916,128,227,0,0,0,3299,2944,152,185,7,0,0,3396,2687,242,311,88,84,4,3494,3116,145,175,48,0,0,3293,3018,104,57,46,50,0,2484,2235,86,120,24,18,6,2435,2210,50,180,0,0,0,2480,2250,65,160,4,0,0,2465,2038,135,172,62,60,3,2465,2038,135,119,40,2,0,9,122,2663,2389,66,167,45,0,0,2550,2365,50,50,35,49,0,0,1601,932,648,1396,762,634,1465,739,573,1466,775,573,1454,802,586,1408,667,741,1292,811,430,1467,835,563,1589,962,574,1589,730,694,1551,926,625,0.0,18,18003,,,
301,18163003200,32,-87.6288084,37.9685781,5432266.0,5385812.0,46454.0,4050,3794,54,145,34,24,1,4044,3745,37,239,23,0,0,3994,3618,53,270,53,0,0,3732,3318,87,202,32,72,0,3971,3592,52,183,115,29,0,3901,3328,205,232,114,22,0,3248,3066,38,101,27,19,1,3100,2965,30,90,10,0,0,3065,2915,25,105,25,0,0,3041,2757,55,125,25,57,0,3041,2757,55,91,18,0,0,7,113,2967,2789,23,56,70,32,0,3015,2685,50,155,105,20,0,0,1638,902,713,1477,714,763,1549,568,855,1530,695,730,1524,718,759,1455,594,861,1162,547,562,1470,663,750,1546,656,853,1541,543,908,1534,804,730,0.0,18,18163,,,
302,18163003300,33,-87.5710713,38.0029552,3901494.0,3827127.0,74367.0,3877,3508,85,224,33,25,4,3662,3108,116,432,0,11,0,3713,3213,121,362,0,22,0,3685,3084,158,311,18,103,9,3684,2967,130,540,0,20,0,3584,2937,170,323,15,51,0,3080,2858,55,118,26,22,3,3030,2720,79,205,0,10,0,3020,2740,89,175,0,20,0,2949,2553,97,196,15,75,6,2949,2553,97,150,10,7,0,6,126,2949,2528,89,303,0,20,0,2895,2525,125,210,10,25,0,0,1395,747,626,1307,613,694,1241,496,669,1234,573,591,1231,559,631,1188,471,717,898,427,435,1185,544,604,1287,558,705,1285,453,747,1285,667,618,0.0,18,18163,,,
303,18163003400,34,-87.5681728,38.0249685,2567931.0,2558992.0,8939.0,2879,2755,35,47,28,8,6,2896,2866,2,28,2,0,0,2710,2684,2,24,2,0,0,2798,2545,55,111,33,68,4,2859,2832,0,25,2,0,0,2938,2785,40,10,74,7,0,2242,2177,20,21,15,7,4,2330,2320,4,8,0,0,0,2155,2145,4,14,0,0,0,2191,2054,23,57,16,38,3,2191,2054,23,37,9,3,2,2,61,2191,2179,0,10,0,0,0,2165,2100,40,10,10,4,0,0,1416,632,763,1597,704,893,1371,493,811,1355,575,692,1355,575,738,1310,479,831,1080,473,567,1309,556,711,1349,549,779,1353,424,857,1348,672,676,0.0,18,18163,,,
304,18163003500,35,-87.5487971,38.0232094,6394446.0,6289183.0,105263.0,3079,2776,58,215,21,8,5,3171,2835,15,287,34,0,0,3281,2716,31,509,26,0,0,3219,2741,60,305,47,56,2,3443,2888,33,522,0,0,0,3584,2955,65,520,23,21,7,2531,2279,31,190,17,7,4,2600,2325,15,239,20,0,0,2655,2185,19,430,15,0,0,2662,2282,38,248,40,43,1,2662,2282,38,225,25,6,1,8,77,2921,2452,20,456,0,0,0,3085,2560,19,465,15,24,0,4,1383,586,781,1619,643,976,1394,496,824,1384,563,749,1383,558,787,1340,474,866,1176,504,638,1407,583,784,1553,625,905,1558,468,997,1550,740,810,0.0,18,18163,,,
305,18163003702,37.02,-87.5020323,37.9551553,2604975.0,2604975.0,0.0,4528,3152,276,1026,49,46,5,4755,2832,474,1392,14,59,0,4865,2917,351,1516,28,53,0,4556,2872,256,1250,64,127,9,4944,2897,385,1617,29,16,0,4849,2774,408,1628,39,0,0,3462,2613,185,609,35,33,3,3410,2515,4,830,15,60,0,3590,2610,0,895,30,55,0,3553,2411,172,818,56,97,6,3553,2411,172,753,27,11,4,13,162,3470,2524,0,899,29,17,0,3590,2455,50,1050,40,0,0,0,1704,1031,648,1477,822,655,1580,726,737,1562,792,674,1559,818,691,1511,739,772,1070,569,459,1443,748,641,1455,739,686,1452,633,754,1444,836,608,0.0,18,18163,,,
306,18003000500,5,-85.1373216,41.0951967,2033875.0,2033875.0,0.0,3002,1968,317,321,374,44,6,3134,1637,217,576,620,20,92,3119,1570,276,496,761,19,69,2853,1692,291,451,349,96,7,3010,1506,386,638,528,0,0,2999,1769,310,398,592,15,0,2169,1573,163,190,212,31,4,1970,1470,145,250,55,10,15,1925,1435,165,220,70,10,10,2218,1480,176,296,213,59,7,2218,1480,176,249,191,12,3,8,99,2050,1364,291,305,88,0,0,2170,1540,225,290,100,4,0,4,904,535,352,726,393,333,696,328,297,691,346,283,689,363,289,668,308,360,601,345,237,714,385,295,820,477,319,814,367,361,795,460,335,0.0,18,18003,,,
307,18003000600,6,-85.1499177,41.0851354,857181.0,857181.0,0.0,1975,1579,183,153,31,53,4,1843,1413,212,169,27,30,0,1959,1530,213,166,31,22,0,1885,1274,329,216,22,81,0,1979,1608,177,135,11,51,0,1923,1476,100,275,14,58,0,1415,1204,103,69,17,26,3,1305,1055,135,85,8,25,0,1425,1165,130,95,8,19,0,1367,1006,192,131,7,49,0,1367,1006,192,105,4,3,0,6,51,1451,1223,98,81,3,44,0,1355,1130,30,140,4,45,0,0,449,267,174,423,238,185,397,173,180,400,204,140,398,209,157,382,188,194,318,180,116,401,214,162,466,250,195,468,199,198,453,260,193,0.0,18,18003,,,
308,18163003801,38.01,-87.4809461,37.9653549,3903466.0,3893476.0,9990.0,5309,4477,137,552,117,25,6,5165,4320,145,607,93,0,0,4949,4072,157,647,73,0,0,5283,4032,210,764,132,107,27,4589,3747,214,627,1,0,0,5260,4192,153,820,1,73,0,4297,3720,95,379,81,20,4,4260,3720,85,400,50,0,0,4015,3380,140,465,35,0,0,4264,3392,152,506,104,82,22,4264,3392,152,429,81,5,11,15,179,3825,3174,202,452,3,0,0,3770,3150,155,390,4,70,0,0,2483,1147,1306,2256,888,1368,2514,1004,1377,2487,1065,1327,2478,1052,1369,2395,920,1475,1959,894,1008,2359,1064,1232,2355,1104,1208,2363,872,1402,2353,1259,1094,0.0,18,18163,,,
309,18157000300,3,-86.8660241,40.4311803,2001733.0,2001733.0,0.0,3191,2571,450,129,27,32,5,3410,2686,500,126,98,0,0,3507,2821,482,155,49,0,0,3299,2294,628,262,52,78,9,3569,2643,707,168,51,0,0,3444,2283,995,102,52,38,0,2439,2090,247,71,22,21,1,2380,2120,150,45,60,0,0,2390,2145,155,65,30,0,0,2435,1834,380,138,42,42,9,2435,1834,380,115,25,11,2,3,65,2520,2206,211,82,30,0,0,2490,1900,450,85,25,10,0,10,1358,820,517,1113,618,495,1129,494,534,1126,561,479,1122,576,500,1084,492,592,885,496,330,1116,569,492,1223,639,548,1225,511,586,1225,664,561,0.0,18,18157,,,
310,18157000400,4,-86.885182,40.4262125,1694151.0,1665767.0,28384.0,4486,3393,493,454,120,69,7,4694,3205,341,845,247,56,0,4244,3108,397,575,113,50,0,4500,2828,476,817,207,140,2,4230,3249,351,504,82,44,0,3978,3113,83,518,439,30,0,3599,2832,322,308,106,54,4,3560,2695,135,539,135,55,0,3185,2570,120,410,35,50,0,3596,2437,317,517,186,104,1,3596,2437,317,472,158,15,0,32,165,3278,2767,107,355,14,42,0,3210,2855,30,245,54,19,0,0,1278,881,377,958,633,325,1170,676,359,1162,707,352,1129,713,347,1108,692,416,908,615,245,1137,719,360,1265,812,413,1242,683,431,1230,791,439,0.0,18,18157,,,
311,18157000700,7,-86.871807,40.4203849,1913191.0,1913191.0,0.0,3086,2411,340,250,70,38,2,3697,2656,607,357,71,29,0,3808,2803,621,307,60,23,0,3168,2099,505,418,74,98,3,3537,2367,330,738,70,28,0,3482,2334,252,667,173,25,0,2540,2076,227,155,66,27,1,2610,2270,119,179,39,4,0,2750,2450,105,165,34,0,0,2558,1791,375,268,56,73,2,2558,1791,375,238,37,11,0,11,95,2604,2129,81,351,46,3,0,2530,2070,95,295,50,10,0,0,1150,752,373,880,527,353,989,514,365,987,554,353,984,563,364,946,507,439,777,496,236,963,557,356,1079,637,409,1069,523,437,1052,629,423,0.0,18,18157,,,
312,18157000800,8,-86.8634549,40.4059272,2012728.0,2011506.0,1222.0,1852,1540,196,75,29,6,0,1980,1595,241,119,10,35,0,1977,1522,295,124,9,47,0,1933,1421,260,170,29,59,1,1846,1389,320,111,13,13,0,1836,1441,237,134,0,33,0,1439,1254,114,44,18,5,0,1355,1195,80,59,8,14,0,1335,1180,75,44,8,29,0,1460,1157,154,87,15,43,0,1460,1157,154,65,14,2,0,15,53,1277,1136,52,51,15,14,0,1390,1245,65,60,0,16,0,0,747,439,293,608,342,266,667,290,310,667,327,278,665,351,279,650,297,353,518,278,199,658,330,290,727,363,329,732,298,329,726,377,349,0.0,18,18157,,,
313,18057110600,1106,-86.0042555,40.0529469,3280686.0,3224760.0,55926.0,4201,3772,156,229,34,22,17,4294,3940,145,203,27,18,0,4192,3881,137,156,37,8,0,4175,3450,218,355,93,69,3,4202,3913,114,166,28,7,0,4290,3742,166,267,101,18,0,3178,2909,87,147,26,16,7,3310,3035,115,145,0,4,0,3225,3010,105,105,0,10,0,3255,2776,122,230,69,52,1,3255,2776,122,199,45,5,0,6,102,3157,2967,59,132,1,4,0,3300,2955,74,185,95,4,0,0,1609,703,885,1557,575,982,1818,624,1000,1789,671,957,1779,746,938,1715,587,1128,1559,694,771,1805,737,969,1978,873,1063,1977,616,1081,1898,818,1080,0.0,18,18057,,,
314,18003010813,108.13,-85.0848662,41.1600804,9997807.0,9991003.0,6804.0,4204,3484,388,250,63,44,9,4131,3520,230,206,138,22,0,4010,3297,375,162,133,26,0,4065,3162,407,297,104,116,2,3537,2848,270,87,281,29,0,3615,2824,267,295,128,68,0,3049,2641,211,150,35,27,3,3020,2785,65,115,35,15,0,2860,2565,125,120,30,20,0,3116,2538,235,183,83,87,1,3116,2538,235,158,66,13,0,12,94,2688,2278,125,71,194,27,0,2720,2265,125,145,130,60,0,0,1499,702,778,1433,573,860,1603,560,951,1598,607,885,1584,624,905,1545,495,1050,1268,528,703,1579,615,913,1738,697,1005,1736,490,1079,1693,663,1030,0.0,18,18003,,,
315,18003011603,116.03,-85.2573061,41.0527441,7305382.0,7305382.0,0.0,6211,5635,210,167,163,32,4,6465,5956,222,127,160,0,0,6529,6161,219,78,71,0,0,6358,5464,292,246,227,91,8,6709,6334,273,76,26,0,0,6694,5856,402,249,101,42,25,4714,4348,127,110,100,24,4,4985,4605,220,70,80,0,0,5045,4745,220,30,50,0,0,4906,4321,179,153,156,64,6,4906,4321,179,127,133,6,3,13,124,5368,5054,268,20,25,0,0,5355,4680,359,204,65,20,0,25,3634,1456,2148,3502,1235,2267,3539,1286,2018,3540,1366,2017,3526,1393,2053,3431,1050,2381,3170,1360,1712,3565,1443,2017,3823,1681,2070,3834,1178,2379,3789,1562,2227,0.0,18,18003,,,
316,18003000400,4,-85.0966573,41.0850371,3150595.0,3130562.0,20033.0,2568,2120,135,249,39,33,3,2463,2181,28,150,16,80,8,2512,2039,42,294,64,110,53,2559,1892,210,337,49,69,8,2907,2176,36,417,116,197,61,2791,1957,19,677,75,70,48,1976,1695,81,155,24,29,2,2035,1820,25,100,20,64,0,2045,1750,25,155,20,90,0,2058,1586,133,222,47,54,6,2058,1586,133,191,29,7,2,19,91,2465,1913,20,282,67,175,0,2335,1775,15,440,35,65,0,4,951,574,366,865,491,374,911,497,322,898,516,299,901,550,305,867,468,399,816,524,263,928,567,318,1037,657,350,1038,511,421,1014,634,380,0.0,18,18003,,,
317,18003003200,32,-85.1498304,41.0406315,3704661.0,3704661.0,0.0,5325,3684,718,765,154,56,13,5298,3496,976,707,87,81,0,5361,3383,967,808,164,75,0,5459,3401,771,821,357,130,4,5376,3108,683,1374,164,80,0,5333,3116,628,1259,280,27,0,3747,2813,375,445,94,36,10,3485,2760,285,380,35,30,0,3545,2740,305,415,40,40,0,4025,2697,475,523,225,84,3,4025,2697,475,455,206,10,0,21,161,3494,2499,223,684,45,42,0,3395,2215,345,720,80,24,0,0,2540,1481,1030,2378,1295,1083,2279,1288,834,2274,1326,811,2255,1352,842,2189,1118,1071,2076,1372,627,2324,1437,815,2573,1676,835,2575,1281,1109,2524,1590,934,0.0,18,18003,,,
318,18003010601,106.01,-85.2002547,41.1058178,17577341.0,17570823.0,6518.0,3568,2895,243,318,103,22,1,3491,2833,240,323,136,0,13,3488,2894,175,349,106,6,14,4269,3214,342,466,176,104,4,3548,2930,107,247,286,10,23,4692,3301,508,326,562,97,0,2783,2351,149,187,81,17,1,2705,2295,174,165,55,0,0,2740,2355,124,190,49,0,0,3467,2732,212,316,132,79,3,3467,2732,212,270,116,7,2,16,112,2860,2479,84,148,124,0,0,3460,2805,260,219,125,10,0,50,1346,680,653,1527,662,865,1723,659,962,1713,718,876,1700,766,867,1648,584,1064,1513,695,765,1801,782,957,2116,938,1129,2103,684,1219,2066,909,1157,0.0,18,18003,,,
319,18003011000,110,-84.8991415,41.0484147,160664349.0,160637669.0,26680.0,2610,2536,45,10,11,9,1,2611,2534,77,0,0,21,0,2658,2604,54,0,0,14,0,2560,2419,53,17,24,28,1,2495,2440,41,0,0,30,0,2346,2286,43,0,0,17,0,1956,1909,28,7,6,7,1,2100,2045,54,0,0,0,0,2115,2075,39,0,0,0,0,2022,1926,28,10,22,27,1,2022,1926,28,4,19,6,0,5,34,1899,1860,31,0,0,13,0,1890,1845,25,0,0,20,0,0,961,349,584,1253,350,903,1298,234,996,1297,333,888,1290,371,883,1263,224,1039,1141,312,796,1305,306,966,1459,300,1135,1459,210,1086,1436,314,1122,9717.582288956775,18,18003,,,
320,18003003901,39.01,-85.1607342,41.0228368,4488497.0,4319968.0,168529.0,3360,2801,216,290,35,32,6,3391,3009,167,169,37,9,0,3471,3028,169,245,18,11,0,3463,2500,314,508,86,79,3,3590,3264,64,255,0,7,0,3359,2817,250,221,42,29,0,2664,2306,136,177,24,25,5,2670,2450,75,105,39,10,0,2730,2480,65,150,19,10,0,2702,2105,181,290,54,59,3,2702,2105,181,245,44,18,0,6,103,2899,2700,56,150,0,2,0,2735,2435,85,145,39,25,0,0,1543,739,791,1468,625,843,1437,562,789,1430,625,697,1421,651,720,1395,489,906,1184,556,588,1417,636,730,1534,719,786,1524,509,872,1490,684,806,0.0,18,18003,,,
321,18003010809,108.09,-85.0301375,41.113356,7002366.0,7002366.0,0.0,5105,4227,203,564,80,40,3,6467,5016,305,980,175,99,0,5722,4028,320,1044,340,115,0,5634,4190,261,862,199,126,4,6231,4251,485,1073,444,74,0,4991,3873,142,533,395,98,0,3685,3190,120,303,53,24,3,4400,3520,145,550,100,40,0,4015,3040,190,550,135,50,0,4227,3380,156,504,113,71,3,4227,3380,156,432,88,1,0,18,152,4002,2992,243,543,143,34,0,3660,3060,85,270,150,55,0,40,2578,1118,1446,2520,1002,1518,2542,932,1454,2524,1040,1341,2511,1044,1398,2452,797,1655,2097,916,1119,2527,1036,1409,2779,1178,1531,2780,847,1653,2739,1115,1624,0.0,18,18003,,,
322,18003011100,111,-85.0123716,41.0749885,4001157.0,3988224.0,12933.0,2844,2704,60,39,15,24,1,3006,2975,1,2,0,29,0,2974,2890,25,33,0,27,0,2736,2448,114,95,37,41,6,2902,2585,243,30,0,45,0,2755,2379,339,26,0,12,0,2145,2062,30,20,8,18,0,2165,2145,0,0,0,15,0,2150,2100,15,19,0,15,0,2088,1916,78,45,21,29,4,2088,1916,78,35,13,3,4,1,38,1972,1826,99,18,0,35,0,1920,1755,150,14,0,10,0,0,1168,507,644,1115,400,715,1153,302,770,1151,381,686,1141,387,705,1109,258,851,946,339,579,1150,376,733,1278,414,833,1274,300,808,1260,426,834,0.0,18,18003,,,
323,18003010400,104,-85.2564856,41.2275697,94743275.0,94604392.0,138883.0,3603,3434,64,31,53,26,1,3747,3613,31,71,0,32,0,3774,3623,36,74,0,41,0,4199,3828,106,72,74,102,1,3824,3706,36,63,0,19,0,4190,3941,44,81,0,20,0,2698,2593,37,15,35,23,1,2679,2604,20,20,0,30,0,2654,2589,0,25,0,39,0,3110,2871,66,36,51,70,1,3110,2871,66,23,37,11,0,14,88,2818,2747,0,37,0,15,0,3120,3045,0,60,0,19,0,0,1775,556,1201,1787,442,1345,1923,376,1436,1914,467,1322,1904,499,1337,1855,313,1542,1698,474,1183,2024,494,1469,2398,586,1762,2397,377,1785,2340,570,1770,0.0,18,18003,,,
324,18003010900,109,-84.905438,41.13605,166220705.0,164593932.0,1626773.0,6369,6228,67,41,6,22,6,6638,6444,151,16,1,21,0,6687,6473,164,21,1,26,0,6538,6202,100,75,50,68,5,6735,6592,40,17,1,23,0,6543,6296,60,85,9,43,0,4341,4259,43,16,2,18,4,4400,4340,30,4,0,20,0,4474,4413,35,4,0,25,0,4473,4276,63,31,27,51,3,4473,4276,63,5,15,5,1,9,99,4318,4271,20,4,0,22,0,4300,4225,45,14,8,14,0,0,2300,635,1618,2175,484,1691,2196,354,1759,2173,462,1609,2168,521,1588,2122,311,1811,1795,375,1376,2190,429,1711,2451,443,1970,2446,298,1786,2405,453,1952,9819.506794425872,18,18003,,,
325,18003002200,22,-85.1755893,41.0596183,7441289.0,7441289.0,0.0,4221,2915,577,681,38,56,1,4243,2539,835,887,61,83,0,4472,2585,835,1040,31,124,8,4246,2467,742,839,107,131,2,4501,3021,583,891,0,112,8,4265,2613,731,934,58,48,8,3017,2281,332,358,23,39,1,2745,2005,260,400,20,69,0,2960,2055,265,544,10,89,0,3124,1991,488,505,55,104,2,3124,1991,488,421,50,22,0,14,138,3158,2362,208,486,0,80,0,2935,2150,190,555,0,39,0,0,1629,929,679,1467,764,703,1446,731,597,1442,763,570,1432,778,594,1393,657,736,1216,692,471,1436,778,599,1575,864,658,1569,673,728,1544,844,700,0.0,18,18003,,,
326,18003003600,36,-85.1272577,41.0173574,6687670.0,6687670.0,0.0,5587,2024,769,2593,218,42,8,6247,1731,660,3398,438,117,0,5965,1432,1125,3050,360,81,0,6678,1874,1044,2780,927,116,14,6228,1489,1410,2726,613,66,0,6364,1476,1383,2473,1055,19,11,3962,1691,431,1702,128,35,7,4180,1485,185,2310,165,120,0,4050,1250,305,2365,130,80,0,4919,1626,670,1975,585,84,11,4919,1626,670,1878,560,10,4,29,142,3887,1414,359,1889,235,66,0,3890,1390,450,1645,350,20,10,40,2007,1553,436,1942,1498,444,1609,1154,382,1586,1156,358,1582,1161,378,1572,1086,486,1287,959,276,1637,1203,388,1903,1411,463,1885,1217,559,1855,1370,485,0.0,18,18003,,,
327,18003003902,39.02,-85.1479367,41.0114731,4305620.0,4305620.0,0.0,2450,1625,205,592,21,39,2,2821,1628,434,765,0,23,0,2824,1561,418,800,0,40,0,2914,1680,237,844,84,67,6,3121,1743,344,977,0,56,0,3123,1820,349,913,19,60,0,1896,1342,132,393,12,26,2,2165,1430,155,554,0,25,0,2180,1430,125,585,0,25,0,2292,1394,162,637,49,49,3,2292,1394,162,582,41,7,0,14,92,2458,1593,100,708,0,36,0,2375,1510,165,629,20,34,0,20,1089,627,454,993,547,446,1017,507,439,1009,534,399,1002,548,415,983,469,514,856,486,340,1014,557,422,1106,639,452,1112,490,529,1094,612,482,0.0,18,18003,,,
328,18003000701,7.01,-85.1480042,41.0951819,1497460.0,1497460.0,0.0,3108,2441,341,263,48,36,5,3098,2528,233,182,122,31,0,3200,2550,300,186,148,6,0,3152,2158,413,398,77,100,18,3098,2323,487,218,53,7,0,3238,2361,506,247,94,42,0,2156,1824,188,100,28,22,4,2190,1915,115,110,20,30,0,2135,1880,109,125,14,4,0,2344,1731,241,229,48,69,13,2344,1731,241,162,39,7,11,16,137,2193,1884,119,184,2,5,0,2125,1755,145,150,25,40,0,0,866,495,358,730,386,344,750,308,364,740,344,311,728,361,322,708,320,388,622,335,247,758,380,335,888,469,382,885,370,390,862,465,397,0.0,18,18003,,,
329,18003000800,8,-85.1622523,41.0966772,2708794.0,2668998.0,39796.0,4172,3559,263,250,69,58,8,4060,3400,97,477,0,120,0,4219,3560,97,468,0,124,0,4044,3112,381,400,54,106,5,4118,3528,195,322,0,105,0,4085,3101,255,504,109,91,7,3171,2805,158,125,46,47,4,3025,2685,48,250,0,34,0,3080,2760,54,230,0,35,0,3138,2529,238,254,32,86,1,3138,2529,238,185,22,10,0,12,142,3257,2810,149,261,0,34,0,3340,2665,194,365,65,50,0,0,1552,813,713,1503,692,811,1494,600,767,1467,677,665,1472,717,678,1428,580,848,1248,630,557,1457,701,688,1580,795,737,1581,601,786,1547,812,735,0.0,18,18003,,,
330,18003000900,9,-85.1690243,41.0881903,2074802.0,2038752.0,36050.0,3166,2677,212,208,32,51,4,3324,2793,348,146,25,15,5,3344,2907,218,129,74,8,0,3350,2422,429,391,55,104,1,3191,2506,348,204,108,6,0,2948,2243,353,201,126,9,0,2426,2127,127,121,24,33,4,2545,2265,159,95,15,10,0,2615,2390,114,79,25,10,0,2603,1988,264,246,38,79,1,2603,1988,264,189,36,5,0,5,116,2382,2142,88,116,35,4,0,2200,1955,99,90,55,10,0,0,949,507,425,854,424,430,837,319,437,835,373,380,826,379,391,801,316,485,743,366,333,884,404,431,1054,494,522,1047,363,551,1021,498,523,0.0,18,18003,,,
331,18163003803,38.03,-87.4613002,37.9682791,3881456.0,3795177.0,86279.0,5360,4722,106,316,186,24,2,5317,4388,98,771,91,9,0,5452,4558,98,745,72,9,0,5432,4535,178,391,188,91,18,4850,4005,90,533,237,18,1,5283,4114,206,529,415,5,1,4253,3813,63,212,143,17,1,4305,3820,19,390,45,10,0,4265,3785,19,380,50,10,0,4291,3683,116,253,154,55,11,4291,3683,116,226,135,5,8,8,110,3811,3252,22,290,217,20,0,3915,3360,0,300,240,4,0,19,3038,1295,1718,2844,1050,1794,2974,1112,1709,2962,1210,1651,2958,1222,1685,2874,1009,1865,2434,1103,1268,2863,1258,1541,2943,1334,1561,2943,1007,1820,2941,1561,1380,0.0,18,18163,,,
332,18163003900,39,-87.5765835,38.0359905,3154847.0,3154376.0,471.0,3280,2985,56,169,49,19,6,3295,2592,88,321,270,24,0,3149,2565,121,56,376,21,0,3223,2784,73,234,52,55,5,3188,2616,92,30,423,16,0,3031,2825,103,39,0,27,11,2599,2424,29,91,37,16,4,2605,2245,40,135,165,25,0,2595,2250,35,55,230,20,0,2577,2268,48,161,38,40,3,2577,2268,48,127,31,2,0,9,92,2521,2221,21,28,229,14,0,2535,2435,30,40,0,25,0,0,1420,677,732,1694,717,977,1358,491,780,1349,566,704,1347,563,737,1308,489,819,1050,459,551,1310,552,714,1390,555,811,1396,452,870,1386,683,703,0.0,18,18163,,,
333,18003001000,10,-85.1691854,41.0782912,2033749.0,2033749.0,0.0,1247,1033,104,83,5,26,1,1146,836,219,101,10,41,0,1241,893,259,95,9,44,0,1181,820,163,151,8,44,0,1275,1034,174,76,6,38,0,1308,937,331,49,21,21,7,916,784,63,50,4,18,1,810,650,90,60,0,29,0,860,685,100,60,0,24,0,873,651,101,81,4,33,0,873,651,101,65,2,8,0,4,42,881,747,86,42,0,26,0,820,660,125,20,0,4,0,15,308,196,106,274,162,112,293,115,143,294,131,124,294,141,130,281,125,156,232,117,99,283,134,130,297,147,142,302,120,139,295,156,139,0.0,18,18003,,,
334,18003001100,11,-85.1548327,41.075319,883316.0,872203.0,11113.0,1559,1274,73,179,26,16,1,1603,1291,103,117,73,29,0,1556,1202,118,149,76,21,0,1481,1207,92,130,25,30,5,1573,1270,108,104,78,22,0,1571,1362,77,64,55,9,4,1340,1139,57,116,19,12,1,1405,1200,90,95,4,20,0,1360,1115,85,125,15,20,0,1277,1084,68,84,10,23,1,1277,1084,68,63,6,1,0,11,44,1387,1177,75,97,16,20,0,1395,1255,50,60,25,0,0,0,664,502,153,591,437,154,658,436,150,647,424,169,645,445,164,628,423,205,612,464,106,684,483,160,783,587,172,785,490,245,765,564,201,0.0,18,18003,,,
335,18157001000,10,-86.8896278,40.406019,1003717.0,1003717.0,0.0,1416,1265,46,75,23,13,1,1455,1316,103,11,20,5,0,1404,1291,76,18,19,0,0,1362,1111,55,92,40,34,0,1523,1180,115,57,178,0,0,1411,1136,91,80,106,8,0,1083,985,32,42,20,7,1,1075,985,75,0,8,4,0,1040,965,60,0,8,0,0,1046,906,33,47,29,20,0,1046,906,33,40,21,0,0,4,42,1159,872,77,42,174,0,0,1025,860,25,55,80,4,0,0,741,439,293,637,342,295,675,372,256,670,373,272,668,392,257,645,341,304,570,353,200,671,395,256,727,437,274,736,338,344,728,434,294,0.0,18,18157,,,
336,18157001100,11,-86.8816893,40.4069148,1446377.0,1446377.0,0.0,3109,2655,230,180,33,21,0,3071,2684,93,269,0,25,0,3170,2772,65,314,0,19,0,3048,2459,272,214,45,52,2,3023,2613,29,359,0,22,0,3056,2542,99,278,120,17,0,2444,2172,137,97,27,18,0,2400,2200,40,140,0,25,0,2540,2315,34,170,0,20,0,2445,2054,174,128,34,32,1,2445,2054,174,107,28,3,0,12,67,2485,2227,27,219,0,18,0,2410,2115,65,160,55,14,0,0,1503,920,563,1249,736,513,1336,712,502,1329,746,489,1331,794,480,1294,686,608,1100,662,378,1330,773,498,1456,874,552,1468,677,638,1442,845,597,0.0,18,18157,,,
337,18157001200,12,-86.8726053,40.4077798,1960612.0,1946177.0,14435.0,3078,2498,349,186,30,33,0,2925,2382,105,426,6,50,0,3027,2436,273,311,7,51,0,3152,2283,411,361,26,76,4,2918,2179,463,276,0,47,0,3048,2185,391,468,0,42,0,2369,2017,213,97,20,23,0,2190,1915,35,225,4,14,0,2200,2000,59,134,4,10,0,2433,1905,261,191,16,48,4,2433,1905,261,161,10,5,1,12,78,2059,1830,74,142,0,7,0,2155,1830,50,269,0,8,0,0,1232,757,452,967,537,430,1058,472,497,1047,521,439,1038,549,441,1016,482,534,814,441,322,1043,531,462,1159,600,520,1161,478,536,1154,609,545,0.0,18,18157,,,
338,18081610404,6104.04,-86.124697,39.6057669,3857380.0,3855497.0,1883.0,4909,4517,201,66,115,20,1,4723,4250,298,161,14,14,0,4784,4345,282,120,36,13,0,5036,4264,305,167,154,125,10,4814,4352,183,245,34,13,0,5082,4560,310,110,102,0,0,3630,3401,106,32,81,18,1,3661,3501,97,59,5,0,0,3642,3477,88,51,30,0,0,3961,3432,197,103,101,97,10,3961,3432,197,81,84,5,3,9,150,3690,3416,66,193,22,0,0,3710,3395,130,110,70,0,0,0,2427,847,1549,2320,666,1654,2585,672,1748,2583,775,1670,2572,853,1653,2508,630,1878,1948,656,1221,2486,772,1631,2675,872,1744,2666,611,1671,2578,816,1762,0.0,18,18081,,,
339,18081610606,6106.06,-86.1567857,39.6269383,5559267.0,5559267.0,0.0,5682,5336,184,55,90,21,7,5153,4806,101,117,129,18,0,5271,4851,157,120,143,17,0,6068,5298,249,124,259,120,9,5718,5244,209,142,45,29,0,6897,5832,596,16,306,100,0,4296,4104,97,27,53,15,4,3820,3580,55,95,84,0,0,3960,3755,50,80,74,0,0,4735,4249,154,71,165,90,7,4735,4249,154,43,134,6,1,14,134,4342,4166,71,91,13,0,0,5200,4680,295,4,160,55,0,0,3045,1063,1952,2562,763,1799,2885,806,1893,2886,911,1812,2877,1019,1782,2811,746,2065,2266,811,1361,2856,940,1820,3142,1072,2012,3136,770,1946,3055,1011,2044,0.0,18,18081,,,
340,18039000701,7.01,-85.8492786,41.742494,33797368.0,32637110.0,1160258.0,3425,3163,137,56,42,24,3,3327,3138,126,29,16,3,11,3237,3160,37,16,7,4,15,3543,3026,221,125,76,73,5,3436,3320,94,22,0,0,0,3724,3036,304,346,0,4,0,2636,2484,75,33,25,17,1,2538,2462,46,18,2,2,13,2531,2478,24,11,5,2,13,2745,2405,140,74,52,55,4,2745,2405,140,53,47,9,0,7,84,2551,2493,33,21,0,0,0,2775,2345,145,280,0,4,0,0,1689,602,1060,1630,472,1158,1669,368,1233,1663,444,1144,1657,435,1171,1654,310,1344,1394,434,919,1683,443,1198,1867,502,1346,1873,370,1325,1857,490,1367,8124.309101161418,18,18039,,,
341,18039000803,8.03,-85.7382703,41.7176553,61780358.0,61595361.0,184997.0,3760,3574,73,47,42,31,5,3683,3460,223,0,0,0,0,3783,3479,304,0,0,0,0,4278,3925,146,38,52,97,9,3993,3560,299,0,0,0,0,4198,3785,77,83,0,89,0,2615,2529,36,11,22,17,1,2630,2630,0,0,0,0,0,2570,2570,0,0,0,0,0,3043,2824,81,13,38,60,5,3043,2824,81,6,29,11,1,15,76,2671,2674,0,0,0,0,0,2860,2810,0,0,0,4,0,40,1382,443,920,1331,314,1017,1495,290,1137,1498,349,1085,1493,344,1116,1474,245,1229,1206,308,873,1530,337,1159,1762,379,1354,1757,283,1229,1739,337,1402,8038.097179949048,18,18039,,,
342,18039000702,7.02,-85.8112885,41.7180478,33723178.0,32912247.0,810931.0,3520,2722,606,99,52,38,6,3964,2906,771,197,6,134,2,4031,2835,867,173,31,166,19,3349,2574,496,151,55,102,1,3861,2585,861,186,44,138,37,3195,2303,477,220,43,126,20,2487,2077,310,37,37,26,3,2279,2129,23,37,2,32,2,2194,2011,57,19,10,42,2,2487,2027,296,67,41,68,1,2487,2027,296,48,35,13,0,3,65,1858,1662,57,17,21,21,14,1795,1570,100,8,14,35,0,79,1149,483,648,1070,360,710,990,240,704,997,291,649,997,295,667,984,202,782,860,297,535,1021,297,696,1165,335,813,1167,257,801,1158,337,821,1404.214925026173,18,18039,,,
343,18039000804,8.04,-85.73578,41.6457096,45134257.0,44982987.0,151270.0,5042,4796,127,43,73,26,2,5644,5202,245,154,43,0,0,5661,5310,195,156,0,0,0,5211,4756,201,89,73,72,5,5217,5020,87,99,11,0,0,5014,4638,138,104,107,27,0,3354,3230,66,18,39,16,2,3885,3655,135,85,10,0,0,3825,3615,130,75,0,0,0,3540,3304,99,37,45,42,1,3540,3304,99,20,36,0,0,7,74,3608,3486,49,63,12,0,0,3660,3395,95,60,89,14,0,0,1748,520,1210,1684,357,1327,1584,287,1202,1583,365,1153,1588,347,1200,1560,221,1339,1284,331,926,1601,346,1218,1809,400,1387,1806,279,1263,1797,360,1437,0.0,18,18039,,,
344,18039000601,6.01,-85.810934,41.6748231,38206953.0,37908675.0,298278.0,5181,4867,160,48,80,27,10,5515,4930,232,142,139,42,69,5704,5141,249,104,162,45,0,6003,5263,404,105,138,82,7,5062,4640,145,85,166,0,0,5290,4890,227,97,38,15,0,3601,3426,94,19,51,15,6,3434,3273,67,34,53,8,0,3548,3357,75,33,84,8,0,4122,3710,224,47,86,54,3,4122,3710,224,21,68,0,0,11,88,3161,3045,31,29,59,0,0,3375,3265,30,65,15,0,0,0,2484,720,1747,2325,536,1789,2516,531,1861,2517,638,1776,2509,658,1803,2476,425,2051,2118,600,1464,2589,638,1893,2947,722,2179,2959,520,2073,2925,663,2262,0.0,18,18039,,,
345,18039002202,22.02,-85.9748494,41.6618791,3164396.0,3164396.0,0.0,5034,1742,2038,1180,62,73,10,4917,1958,1380,1482,37,4,0,4887,1984,1459,1384,81,3,0,5148,1248,2692,1106,78,131,5,5012,1354,2103,1603,97,4,0,4986,1653,2073,1328,0,13,0,3550,1477,1189,829,45,54,9,3075,1525,500,1019,30,4,0,3190,1575,590,954,70,4,0,3639,1013,1725,821,66,99,2,3639,1013,1725,745,50,5,1,3,97,3056,1126,891,958,74,6,0,3130,1385,930,799,0,14,0,0,1521,1070,428,1195,813,382,1075,710,313,1068,713,292,1068,734,295,1055,660,395,807,574,206,1033,706,296,1105,754,338,1108,691,358,1109,753,356,0.0,18,18039,,,
346,18039002201,22.01,-85.9841394,41.6315035,15819466.0,15819466.0,0.0,3335,1766,1073,463,54,41,5,5169,2811,1583,726,25,49,10,5364,2923,1655,727,23,51,7,3662,1822,1177,552,37,125,6,5343,2711,2130,432,17,61,17,5238,2204,2498,413,29,76,7,2405,1467,639,263,34,25,5,3335,2290,585,425,0,45,0,3425,2330,635,420,0,50,0,2703,1513,763,337,28,92,5,2703,1513,763,304,20,11,4,5,83,3166,2269,542,318,0,45,10,2955,1910,610,344,15,59,4,0,968,489,470,972,446,526,1014,370,594,1013,409,550,1004,416,563,998,315,683,788,344,416,977,399,548,1030,442,572,1037,373,583,1032,425,607,0.0,18,18039,,,
347,18039001302,13.02,-85.9336294,41.5751806,94538851.0,94459560.0,79291.0,4536,3770,346,379,31,20,4,3646,3276,325,32,0,13,33,3710,3268,382,40,0,20,36,3740,3204,320,136,40,26,3,3683,2965,474,28,100,116,18,3650,3018,258,76,176,122,0,3352,2777,236,311,18,16,3,2380,2235,135,4,0,4,0,2461,2291,150,4,0,20,0,2554,2270,187,66,14,13,1,2554,2270,187,43,10,0,0,12,32,2505,2172,204,4,5,115,0,2440,2115,160,14,29,125,0,0,1166,281,866,1139,198,941,1187,200,937,1192,249,909,1191,255,917,1172,178,994,984,224,746,1199,245,935,1334,279,1046,1348,213,944,1341,267,1074,0.0,18,18039,,,
348,18039001402,14.02,-86.0292558,41.6725979,11622302.0,10791652.0,830650.0,4534,4059,233,160,46,48,1,4443,4005,147,186,39,95,20,4662,4162,160,209,43,88,33,4481,3584,460,193,45,143,1,4668,4289,251,54,0,74,72,4521,3967,270,160,81,34,56,3264,3002,120,84,24,39,1,3277,3014,71,75,40,63,0,3290,2989,86,79,45,89,0,3312,2734,280,108,32,113,0,3312,2734,280,91,23,11,0,16,157,3206,2980,119,31,0,73,0,3010,2770,80,85,40,34,0,0,1683,744,918,1562,547,1015,1464,387,981,1459,488,876,1453,466,923,1448,364,1084,1152,452,650,1492,476,962,1737,535,1168,1744,399,1184,1736,548,1188,0.0,18,18039,,,
349,18039000602,6.02,-85.8418623,41.6332147,53303197.0,53236476.0,66721.0,4512,3919,454,55,68,20,1,4613,3600,781,122,104,333,11,4469,3366,853,129,127,358,13,4986,3917,802,92,75,96,5,5156,3904,854,401,183,285,12,5664,4335,805,425,323,7,0,3001,2687,228,29,39,14,0,3107,2758,193,26,52,67,10,2843,2459,230,17,61,62,15,3482,2853,460,51,48,73,4,3482,2853,460,32,31,13,3,9,81,3308,2767,249,118,103,51,10,3650,2950,320,214,175,0,0,0,1592,491,1087,1768,443,1325,1675,314,1275,1674,398,1198,1670,409,1216,1652,287,1365,1372,371,961,1720,396,1279,1968,447,1491,1980,334,1376,1961,427,1534,0.0,18,18039,,,
350,18039002002,20.02,-85.8980144,41.6418389,11675821.0,11656806.0,19015.0,4254,3577,418,159,86,19,2,4419,3661,467,221,47,23,0,4612,3672,577,271,58,34,0,4308,3148,800,156,104,104,2,3866,3220,342,256,0,48,0,3378,2914,368,20,0,52,0,3076,2698,217,86,68,13,0,2962,2613,198,120,35,0,0,3117,2668,240,150,50,15,0,3199,2471,486,109,66,67,2,3199,2471,486,83,62,9,1,7,80,2683,2441,124,100,0,20,0,2550,2310,190,20,0,28,0,0,2048,807,1226,1948,640,1308,1846,543,1202,1845,629,1146,1838,649,1150,1823,415,1408,1535,588,900,1840,626,1172,2005,709,1274,2014,552,1241,1994,635,1359,0.0,18,18039,,,
351,18039000202,2.02,-85.7985691,41.5991192,15419144.0,15077621.0,341523.0,3942,2485,1193,218,36,54,1,3729,2329,1218,141,50,0,0,3934,1957,1370,440,177,0,0,3731,2177,1333,146,35,144,6,4503,2520,1330,477,175,0,1,3742,2285,760,472,174,0,41,2768,1914,679,139,23,27,1,2300,1835,340,120,0,0,0,2235,1650,390,195,0,0,0,2699,1712,841,101,19,104,2,2699,1712,841,60,16,0,0,6,64,2674,2070,420,175,0,0,1,2390,1965,240,145,0,0,40,0,880,407,452,951,338,613,908,318,529,907,345,507,901,362,512,891,295,596,743,310,402,896,344,523,983,385,576,994,305,569,980,377,603,0.0,18,18039,,,
352,18039000901,9.01,-85.6999099,41.4938382,124255176.0,124100973.0,154203.0,4610,4454,101,23,3,19,1,4583,4298,70,193,0,11,0,4563,4261,128,150,0,13,3,5008,4710,191,47,12,43,1,4511,4066,310,123,0,3,1,4728,4375,339,11,2,8,7,2982,2902,53,3,1,12,1,2960,2870,60,19,0,8,0,2945,2835,70,25,0,10,4,3278,3107,115,15,4,32,1,3278,3107,115,9,1,0,0,13,33,2577,2475,81,20,0,0,0,2655,2600,44,4,0,0,4,10,1444,311,1102,1344,206,1138,1370,183,1126,1377,253,1059,1375,264,1074,1353,134,1219,1084,218,834,1379,231,1117,1567,254,1290,1572,169,1094,1559,239,1320,0.0,18,18039,,,
353,18039000902,9.02,-85.7119092,41.58065,61392656.0,61244570.0,148086.0,2977,2908,45,16,12,10,2,3310,3198,80,2,30,0,0,3383,3290,41,23,29,0,0,3062,3021,14,8,2,12,5,3465,3353,47,38,27,0,0,3331,3221,43,37,18,10,0,1819,1789,22,8,6,6,2,2080,2040,40,4,0,0,0,2150,2110,40,4,0,0,0,1885,1859,8,8,2,11,1,1885,1859,8,0,0,3,0,0,15,2352,2303,45,8,0,0,0,2185,2135,40,8,0,0,0,0,555,129,418,512,87,425,545,87,431,547,113,412,546,114,419,535,70,465,434,88,330,535,100,422,591,100,481,594,64,411,589,97,492,0.0,18,18039,,,
354,18039001401,14.01,-86.0324343,41.6340464,27257199.0,27257199.0,0.0,4897,4523,158,151,32,42,2,5384,4776,296,207,10,143,24,5257,4742,254,205,16,40,37,4992,4301,298,173,71,131,3,5287,4108,798,295,13,59,0,4976,3705,1165,43,0,68,0,3572,3373,72,79,23,29,1,4048,3741,194,50,10,32,0,3915,3626,169,61,15,41,0,3766,3342,160,92,43,93,1,3766,3342,160,70,32,13,0,15,134,3806,3200,465,79,14,59,0,3400,2865,475,20,0,49,0,0,2009,706,1276,1960,546,1414,2050,415,1537,2043,549,1391,2037,582,1399,2001,343,1658,1640,493,1091,2068,517,1492,2351,546,1764,2351,407,1716,2332,542,1790,0.0,18,18039,,,
355,18039000201,2.01,-85.8530642,41.6053674,4723776.0,4637904.0,85872.0,3543,2257,1105,122,43,44,1,3752,2284,1125,266,60,16,23,3552,2092,1172,198,82,8,0,3448,1496,1741,129,33,150,7,3239,2058,888,235,54,4,0,3200,1421,1578,181,20,0,0,2426,1710,624,55,29,27,0,2027,1606,350,4,45,15,0,1972,1481,405,10,70,10,0,2359,1163,1070,59,17,99,1,2359,1163,1070,33,14,13,1,1,64,2213,1590,532,36,56,3,0,2005,1245,710,30,20,0,0,0,907,428,473,849,346,503,948,361,514,939,384,490,900,369,490,891,298,593,757,332,390,932,371,520,1051,412,611,995,292,585,986,362,624,0.0,18,18039,,,
356,18039001301,13.01,-86.0320919,41.5722843,47017352.0,46819009.0,198343.0,3068,2929,62,28,35,15,0,3187,2979,61,37,72,37,7,3204,3002,60,31,75,36,5,3388,3141,86,73,28,37,5,3220,2935,162,26,74,25,4,3379,2974,213,77,95,22,6,2260,2173,45,8,26,11,0,2430,2325,10,19,43,33,0,2455,2340,20,24,38,33,0,2428,2263,61,45,24,31,2,2428,2263,61,27,23,1,0,4,49,2502,2336,82,19,44,21,0,2615,2375,150,25,54,25,0,0,1400,347,1032,1370,272,1098,1361,224,1060,1367,310,1006,1353,304,1020,1339,163,1176,1145,295,819,1351,281,1039,1456,285,1144,1464,186,1076,1454,266,1188,0.0,18,18039,,,
357,18039002001,20.01,-85.909972,41.6185171,6504877.0,6504877.0,0.0,2781,2223,270,228,43,25,4,3151,2492,436,223,0,54,0,2875,2453,186,232,0,69,0,3172,2188,513,375,40,78,6,4000,3717,243,39,0,71,0,3850,3195,630,24,0,63,0,2051,1758,143,106,28,15,3,2148,1877,167,105,0,0,0,2138,1967,65,100,0,5,0,2300,1752,297,180,22,55,2,2300,1752,297,146,9,4,2,5,85,3055,2922,96,41,0,2,0,2940,2535,385,25,0,4,0,0,1227,498,715,1155,398,757,1196,330,790,1189,406,730,1192,400,758,1184,281,903,947,363,548,1169,390,742,1241,414,794,1245,321,793,1232,410,822,0.0,18,18039,,,
358,18157001300,13,-86.8779735,40.3918302,3233348.0,3231960.0,1388.0,4848,3830,706,238,58,58,5,4909,3510,716,623,48,12,0,4835,3287,871,613,32,32,0,4741,3190,956,443,79,84,1,4940,3273,926,647,48,6,0,4884,3432,982,387,48,11,0,3672,3063,417,123,45,39,4,3605,2955,225,405,10,10,0,3375,2690,245,400,15,30,0,3518,2551,597,251,58,61,1,3518,2551,597,214,42,6,0,6,102,3128,2468,240,401,14,3,0,3055,2525,275,220,30,10,0,0,1976,1135,813,1595,847,748,1701,720,848,1687,791,768,1682,847,769,1630,716,914,1316,672,572,1661,796,794,1808,890,867,1807,666,949,1793,862,931,0.0,18,18157,,,
359,18157001501,15.01,-86.9150836,40.380188,5600016.0,5585651.0,14365.0,4200,3225,389,500,87,41,1,4476,3088,328,904,72,22,24,5056,3548,348,980,114,0,24,4891,3103,450,1124,110,82,0,4959,3579,221,828,123,0,24,5375,3690,137,1208,107,8,0,3020,2472,218,255,70,28,1,2946,2405,75,435,10,20,0,3388,2772,80,500,30,0,0,3492,2459,293,551,103,63,0,3492,2459,293,515,87,8,0,22,108,3668,3109,72,441,45,0,0,3960,3125,105,615,110,10,0,0,1653,897,739,1217,577,640,1402,568,712,1387,619,653,1384,643,682,1340,569,771,987,475,453,1445,651,725,1772,801,908,1770,619,918,1747,804,943,0.0,18,18157,,,
360,18157001502,15.02,-86.8896634,40.3768259,4175298.0,4152321.0,22977.0,6302,4868,679,638,87,45,18,6394,4796,952,419,156,130,34,6489,4923,907,512,240,10,88,6120,4183,976,723,115,141,8,6178,4675,899,500,236,8,170,6032,4395,927,605,346,77,51,4527,3746,380,315,61,33,11,4585,3760,440,194,45,115,0,4610,3945,345,250,25,0,0,4523,3350,577,414,78,109,8,4523,3350,577,375,57,12,5,9,138,4310,3757,276,204,21,0,0,3940,3415,285,165,30,30,0,15,2451,1379,1043,2115,1063,1052,2309,973,1128,2297,1071,1057,2293,1124,1069,2233,954,1279,1838,922,806,2294,1090,1097,2541,1241,1232,2535,911,1353,2519,1210,1309,0.0,18,18157,,,
361,18057110700,1107,-86.0094047,40.0386615,3803730.0,3764507.0,39223.0,3423,3004,196,159,50,32,3,3131,2486,386,110,106,37,6,2883,2478,154,109,108,29,5,3402,2851,219,157,43,98,4,2899,2518,126,103,98,47,7,2795,2524,21,202,11,51,0,2525,2267,123,86,33,23,1,2365,2170,45,85,19,33,0,2360,2160,55,90,19,28,0,2620,2288,127,86,22,69,4,2620,2288,127,59,12,11,4,14,105,2196,1983,47,80,18,38,0,2115,1940,10,140,4,39,0,0,1190,504,657,1199,438,761,1421,467,841,1411,510,798,1370,526,788,1322,420,902,1106,474,582,1379,540,783,1576,688,851,1446,426,821,1384,543,841,0.0,18,18057,,,
362,18035000904,9.04,-85.4258697,40.2115356,5479091.0,5466386.0,12705.0,5480,4846,89,336,193,25,10,6071,5297,291,246,226,0,0,5955,5176,167,353,244,0,0,5520,4489,321,394,220,79,15,5774,5113,115,309,222,2,0,5246,4427,153,381,283,33,0,4731,4248,71,254,146,17,7,5070,4690,85,155,140,0,0,4985,4610,75,190,120,0,0,4486,3707,271,263,169,58,7,4486,3707,271,207,137,5,2,17,140,4981,4614,56,190,104,4,0,4440,4000,75,269,90,8,0,0,2932,1632,1267,2457,1273,1184,2707,1325,1197,2664,1360,1169,2648,1465,1118,2534,1150,1384,2395,1314,971,2700,1431,1177,2918,1611,1245,2905,1195,1499,2855,1484,1371,0.0,18,18035,,,
363,18135952100,9521,-85.0936301,40.0651315,293220613.0,292748672.0,471941.0,3023,2925,58,11,2,18,6,3046,2942,0,81,0,0,0,2929,2875,0,54,0,0,0,2751,2569,87,18,18,53,0,2903,2829,5,23,0,46,0,2861,2716,26,22,0,68,0,2300,2229,41,5,1,15,2,2325,2290,0,40,0,0,0,2205,2165,0,40,0,0,0,2166,2026,65,9,11,47,0,2166,2026,65,0,5,6,0,10,54,2265,2191,1,10,0,20,0,2260,2185,10,24,0,48,0,0,1213,469,706,1088,345,743,1162,205,905,1129,296,760,1134,331,687,1089,227,862,878,208,621,1119,241,828,1268,223,1030,1267,175,853,1202,237,965,0.0,18,18135,,,
364,18135952000,9520,-84.8777457,40.0851494,231970995.0,231729006.0,241989.0,3317,3210,48,34,12,20,5,3043,2901,14,83,42,0,0,3153,3000,42,55,27,54,0,3069,2883,51,43,16,54,2,3171,2886,68,61,30,51,0,3217,2901,138,5,15,58,0,2509,2444,30,20,8,11,4,2445,2390,8,35,10,0,0,2570,2475,24,30,10,30,0,2383,2257,35,21,8,41,1,2383,2257,35,11,0,4,0,13,63,2655,2540,32,44,8,17,0,2655,2555,70,4,4,23,0,0,1415,523,849,1313,410,903,1330,249,1015,1301,344,892,1304,388,850,1265,250,1015,1003,249,699,1307,293,963,1457,254,1173,1440,185,1049,1397,272,1125,19495.042237842437,18,18135,,,
365,18135951700,9517,-84.9626877,40.1555833,20760242.0,20605589.0,154653.0,3316,3149,93,31,27,26,4,3420,3133,43,71,0,15,0,3341,3022,34,72,0,21,0,3171,2909,93,50,33,66,2,3327,3037,25,48,0,47,0,3187,3048,8,11,81,27,0,2545,2438,56,12,16,19,1,2640,2520,39,70,0,10,0,2475,2355,39,70,0,14,0,2484,2313,52,34,20,51,0,2484,2313,52,24,17,2,0,3,73,2479,2377,16,44,0,43,0,2420,2375,4,10,0,29,0,0,1313,645,625,1191,503,688,1279,346,843,1254,453,699,1247,503,680,1195,344,851,934,338,513,1203,386,752,1265,337,890,1243,242,808,1202,332,870,0.0,18,18135,,,
366,18135951800,9518,-85.005518,40.1500861,27048690.0,26992974.0,55716.0,2416,2325,44,17,12,25,0,2432,2318,42,31,0,59,0,2290,2194,41,24,0,42,0,2376,2204,55,26,27,51,2,2286,2230,40,8,0,8,0,2368,2305,58,5,0,0,0,1846,1792,28,7,6,17,0,1860,1800,15,14,0,25,0,1790,1745,15,14,0,20,0,1850,1743,27,14,14,31,0,1850,1743,27,12,10,0,0,1,57,1791,1765,16,8,0,11,0,1850,1820,25,4,0,0,0,0,1094,527,544,992,399,593,1010,302,643,979,379,534,985,412,526,955,284,671,747,281,414,958,327,585,1030,305,698,1026,203,674,988,294,694,0.0,18,18135,,,
367,18135951900,9519,-85.1192008,40.1599393,130496721.0,130192163.0,304558.0,4545,4437,29,31,11,41,1,4441,4236,67,42,15,92,0,4426,4215,69,69,16,67,24,4160,3945,64,44,12,76,3,4185,3930,79,139,2,44,28,4015,3714,36,186,5,49,32,3457,3394,13,14,6,28,1,3360,3260,25,4,0,69,0,3270,3165,19,10,0,48,0,3303,3163,41,16,4,49,2,3303,3163,41,12,0,2,0,0,85,3038,2942,31,9,0,24,0,2915,2830,18,0,0,36,15,14,2002,901,1054,1834,697,1137,1975,465,1405,1931,611,1207,1908,712,1132,1872,459,1413,1629,510,1008,1935,546,1319,2118,491,1583,2115,364,1419,2028,513,1515,0.0,18,18135,,,
368,18135951600,9516,-84.8242525,40.2018635,14405230.0,14324349.0,80881.0,3838,3291,459,68,10,12,0,3613,2928,644,41,0,13,0,3480,2705,648,127,0,41,0,3627,2758,710,84,12,74,8,3515,2776,675,64,0,39,0,3637,2846,648,84,0,59,0,2768,2480,245,26,5,12,0,2360,2185,160,25,0,0,0,2435,2230,180,30,0,0,0,2652,2204,357,36,3,55,6,2652,2204,357,19,1,7,0,7,57,2450,2297,158,0,0,0,0,2520,2275,250,0,0,0,0,0,1326,670,625,1168,551,617,1225,344,818,1183,428,693,1171,457,670,1157,352,805,930,326,554,1173,378,750,1281,357,887,1261,292,812,1227,358,869,4855.753238040354,18,18135,,,
369,18163000500,5,-87.5202977,37.9662297,1296406.0,1296406.0,0.0,2106,1923,31,115,19,13,0,2364,2170,30,112,52,0,23,2111,2012,10,33,56,0,0,2048,1742,60,162,31,42,11,2049,1917,22,52,58,0,0,2030,1838,30,61,65,30,0,1661,1540,24,74,11,10,0,1840,1730,30,60,0,0,0,1660,1590,4,35,30,0,0,1628,1432,34,95,29,32,8,1628,1432,34,76,19,0,7,5,55,1664,1554,0,50,61,0,0,1620,1480,4,55,65,20,0,0,1211,621,579,1114,504,610,1126,532,519,1126,558,517,1121,559,534,1087,492,595,979,541,412,1126,602,496,1218,676,526,1215,511,668,1210,738,472,0.0,18,18163,,,
370,18163000400,4,-87.5201468,37.9733921,1275396.0,1275396.0,0.0,2360,2195,42,74,32,18,1,2388,2195,21,84,88,32,8,2362,2108,35,90,129,27,13,2213,1941,49,141,43,29,2,2287,2057,38,85,105,27,12,2452,2282,33,82,30,4,0,2005,1877,37,57,27,13,1,1915,1820,4,25,40,0,0,1885,1795,10,4,45,0,0,1840,1634,36,103,37,27,0,1840,1634,36,85,27,6,0,4,48,1731,1659,15,2,26,4,0,1815,1765,15,18,15,4,0,0,1091,591,489,1516,755,761,961,445,441,949,467,427,945,476,442,912,418,494,813,457,327,959,510,417,1049,575,452,1045,447,553,1045,634,411,0.0,18,18163,,,
371,18163000600,6,-87.5357423,37.9663666,876363.0,876363.0,0.0,1973,1712,27,179,38,9,5,1826,1561,13,140,51,11,50,1878,1546,77,178,50,27,0,1913,1525,55,217,52,32,27,1899,1533,62,247,78,8,0,1972,1550,60,286,84,5,0,1533,1356,20,119,25,7,3,1300,1210,15,65,0,8,0,1350,1190,39,85,10,25,0,1478,1224,36,134,34,28,17,1478,1224,36,107,15,5,13,8,70,1394,1187,27,130,42,5,0,1490,1235,24,170,50,8,0,0,992,556,424,886,471,415,840,447,333,837,471,317,838,476,335,806,432,374,686,412,251,837,499,313,917,561,339,916,440,429,915,628,287,0.0,18,18163,,,
372,18163001300,13,-87.5524026,37.9605902,725765.0,725765.0,0.0,2038,821,48,1143,16,21,11,1996,552,171,1214,5,77,0,1944,558,185,1154,5,61,0,1725,695,157,826,9,38,3,2064,559,246,1231,4,35,0,1479,529,107,706,14,1,125,1436,646,30,745,8,15,7,1195,390,15,768,4,23,0,1130,395,10,713,4,19,0,1247,550,90,578,3,29,0,1247,550,90,542,2,0,0,7,56,1319,486,26,796,0,18,0,975,470,10,485,4,4,0,0,775,666,100,622,532,90,594,449,115,583,446,112,584,449,121,569,442,127,424,326,78,544,419,110,527,413,109,527,378,131,530,432,98,0.0,18,18163,,,
373,18163003701,37.01,-87.5017553,37.9682337,2571895.0,2557142.0,14753.0,1866,1549,28,226,56,14,0,1929,1628,56,111,117,19,0,1961,1523,55,202,168,15,0,1974,1551,83,219,75,32,5,1946,1508,0,211,221,14,0,1819,1367,0,197,232,47,0,1487,1280,18,150,35,10,0,1540,1380,15,100,35,20,0,1520,1310,15,130,55,14,0,1543,1259,51,157,44,25,5,1543,1259,51,132,35,0,2,0,64,1506,1330,0,109,51,17,0,1355,1150,0,89,79,18,0,15,925,416,498,973,426,547,871,383,438,865,401,429,858,397,444,830,351,479,754,381,350,857,426,410,914,461,431,913,357,517,908,524,384,0.0,18,18163,,,
374,18163000300,3,-87.5305758,37.9774347,1721044.0,1721044.0,0.0,4248,3565,120,442,83,41,8,3381,2893,34,380,60,27,0,3551,3011,34,392,103,28,0,3657,2787,197,466,92,81,22,3679,2919,38,648,78,0,0,3492,2882,35,468,91,7,0,3523,3054,82,278,76,33,7,2890,2595,24,224,20,29,0,2950,2650,25,230,30,29,0,3026,2406,137,306,76,70,11,3026,2406,137,250,64,8,10,10,141,2947,2535,29,364,19,0,0,2765,2375,35,290,45,4,0,4,1369,819,537,1049,543,506,1065,490,504,1055,563,423,1047,545,468,1022,491,531,818,444,338,1034,551,447,1115,589,504,1109,495,559,1105,670,435,0.0,18,18163,,,
375,18163010404,104.04,-87.656347,37.9891565,28302899.0,28004721.0,298178.0,6764,6473,41,59,156,26,6,7228,6892,108,18,209,12,0,7328,7012,101,20,212,0,0,6767,6260,127,111,128,109,4,7335,6857,212,4,289,0,0,6633,6038,188,29,299,29,0,5355,5150,30,47,102,22,5,5465,5240,90,4,120,10,0,5505,5300,75,4,130,0,0,5444,5097,90,73,89,76,3,5444,5097,90,48,75,0,1,7,126,5525,5168,139,5,218,0,0,5135,4755,95,29,240,20,0,0,3625,1466,2116,3524,1182,2342,3552,1065,2320,3522,1289,2096,3524,1347,2116,3380,1004,2376,2966,1131,1737,3567,1342,2141,3929,1406,2475,3917,1029,2735,3909,1805,2104,0.0,18,18163,,,
376,18163000100,1,-87.536163,37.9981391,2638033.0,2600512.0,37521.0,1928,1745,75,72,12,14,3,2094,1831,18,172,28,49,0,2054,1757,20,190,43,48,0,1981,1638,107,161,11,51,17,1911,1668,25,151,45,27,0,1986,1837,34,111,0,4,0,1534,1416,54,43,9,12,3,1555,1425,14,69,15,29,0,1480,1330,14,84,25,30,0,1569,1352,60,105,11,38,9,1569,1352,60,81,5,4,8,0,59,1412,1281,19,70,24,19,0,1490,1390,29,70,0,8,0,0,690,393,283,885,481,404,598,230,333,584,265,270,587,268,303,559,221,338,389,180,194,556,251,289,603,259,331,596,207,352,603,308,295,0.0,18,18163,,,
377,18163010600,106,-87.6467574,38.1345706,76454338.0,76351195.0,103143.0,1599,1574,8,4,9,1,0,1788,1780,8,0,0,0,0,1679,1673,6,0,0,0,0,1563,1496,23,8,12,25,2,1766,1766,0,0,0,0,0,1813,1774,0,0,39,0,0,1242,1234,4,0,1,1,0,1415,1410,10,0,0,0,0,1325,1320,4,0,0,0,0,1234,1187,21,3,3,20,2,1234,1187,21,0,0,0,1,0,25,1490,1491,0,0,0,0,0,1500,1475,0,0,25,0,0,0,889,320,562,912,228,684,874,185,643,875,257,585,872,254,601,831,170,661,757,222,506,880,251,607,948,244,688,945,179,724,941,347,594,0.0,18,18163,,,
378,18081611300,6113,-85.9652629,39.3534085,3309595.0,3309595.0,0.0,3930,3647,229,21,6,23,4,3949,3256,316,272,44,71,12,4049,3517,293,145,24,58,12,3810,3464,210,55,17,58,2,3974,3737,160,0,31,33,13,3653,3588,13,23,0,13,16,2937,2748,157,11,3,20,2,2935,2615,0,235,15,70,0,2950,2760,0,125,10,55,0,2885,2672,117,32,5,51,1,2885,2672,117,27,4,7,0,0,58,2947,2891,0,0,20,31,0,2920,2885,0,15,0,15,0,4,1180,476,670,1043,408,635,1235,238,943,1226,345,786,1225,367,801,1197,252,945,916,266,611,1218,299,877,1429,285,1110,1418,223,845,1341,320,1021,0.0,18,18081,,,
379,18053000700,7,-85.6927092,40.5491655,8178008.0,8178008.0,0.0,3696,2762,274,613,23,44,0,3448,2631,273,546,30,44,46,3495,2818,181,492,28,28,43,3433,2353,246,709,21,101,5,3343,2654,151,517,13,20,23,3385,2671,248,428,14,37,42,2831,2238,162,402,12,29,0,2665,2075,140,400,0,15,0,2745,2255,120,330,0,0,0,2701,1965,164,468,16,74,5,2701,1965,164,408,10,11,3,9,131,2687,2239,71,365,0,6,0,2610,2215,45,290,0,27,0,25,1072,629,418,1016,574,442,1009,403,549,1000,448,475,993,472,481,971,413,558,715,351,328,936,409,493,1002,407,573,1002,328,533,968,400,568,0.0,18,18053,,,
380,18053000100,1,-85.6624711,40.5582079,3216252.0,3216252.0,0.0,4064,2950,289,779,39,34,5,4018,2849,289,695,134,71,0,3882,2867,332,564,92,138,0,3788,2633,355,671,35,125,8,3808,2784,163,743,70,155,0,3652,2614,288,671,10,121,0,3045,2362,154,492,27,26,4,3090,2300,225,420,60,64,0,3030,2275,250,419,0,122,0,2932,2181,204,448,22,77,5,2932,2181,204,389,18,7,5,12,116,2998,2221,162,524,0,124,0,2625,2010,100,419,0,113,0,10,1367,727,618,1279,633,646,1189,485,589,1171,495,591,1167,545,564,1113,461,652,958,480,417,1157,528,574,1279,606,641,1268,456,646,1232,567,665,0.0,18,18053,,,
381,18053000600,6,-85.6926748,40.5673968,5098708.0,5098708.0,0.0,3013,2494,154,302,37,44,3,2344,1987,112,299,18,0,0,2348,1989,130,290,13,11,0,2917,2170,206,421,40,60,0,2322,2012,205,175,15,15,0,2458,2145,184,116,0,26,0,2368,2056,86,181,23,27,3,1900,1630,55,205,20,0,0,1895,1605,75,200,15,0,0,2311,1816,144,259,28,53,0,2311,1816,144,221,16,6,0,9,99,1828,1588,140,85,13,4,0,2015,1750,170,85,0,14,0,0,1042,506,517,921,436,485,862,287,524,849,348,444,832,369,431,800,284,516,658,266,361,841,327,484,959,352,579,942,250,541,910,339,571,0.0,18,18053,,,
382,18053010700,107,-85.5011248,40.4280137,98775757.0,98491810.0,283947.0,5736,5421,107,89,86,29,3,5509,5173,63,79,82,107,0,5535,5049,78,140,133,131,12,5564,5047,132,104,123,111,4,5544,5035,102,139,228,36,9,5648,4964,160,300,213,30,11,4730,4493,77,64,69,22,3,4512,4322,34,55,23,79,0,4525,4280,45,70,34,95,0,4665,4274,96,77,95,81,2,4665,4274,96,45,77,8,0,10,155,4294,4052,47,76,93,35,0,4325,4055,64,95,79,16,0,10,1850,650,1161,1777,541,1236,1910,449,1281,1925,524,1292,1901,607,1235,1832,403,1429,1572,487,1014,1857,517,1266,1968,548,1371,1997,356,1324,1935,502,1433,0.0,18,18053,,,
383,18053010200,102,-85.7735135,40.4579024,306326256.0,306282012.0,44244.0,4413,4212,77,75,16,33,3,4157,3781,113,90,140,30,0,4070,3750,133,102,51,29,3,4554,4148,120,149,62,73,2,4124,3729,236,66,40,120,2,4790,4346,169,202,36,79,1,3423,3300,47,37,11,21,3,3271,3001,60,74,115,8,0,3132,2961,54,67,20,10,0,3487,3225,92,82,36,58,1,3487,3225,92,68,29,11,0,0,62,3028,2808,163,39,25,6,0,3555,3315,145,77,24,12,0,4,2114,663,1398,2055,601,1454,2167,438,1618,2146,583,1456,2146,648,1445,2052,412,1640,1770,463,1233,2137,524,1555,2407,546,1820,2399,380,1599,2319,539,1780,0.0,18,18053,,,
384,18053000900,9,-85.6375766,40.5202605,8801528.0,8711029.0,90499.0,2833,2299,112,382,16,35,5,2900,2210,179,466,0,45,0,2822,2162,125,484,0,51,0,2686,2012,149,450,12,75,3,2664,1950,238,442,0,32,0,2330,1691,227,392,0,19,0,2159,1875,54,193,10,27,4,2205,1820,145,200,0,45,0,2195,1840,110,200,0,54,0,2093,1687,76,268,7,53,1,2093,1687,76,222,5,10,0,0,93,2066,1700,116,211,0,34,0,1845,1500,115,215,0,23,0,0,925,437,470,826,365,461,851,257,551,841,296,463,842,340,458,814,270,544,626,225,373,822,277,510,910,276,613,913,205,561,890,291,599,0.0,18,18053,,,
385,18053010100,101,-85.7604175,40.5997932,195502838.0,194636802.0,866036.0,5694,5346,170,77,66,54,1,6238,5833,321,98,0,8,0,6224,5747,350,73,17,36,0,5407,4914,196,98,76,126,7,6030,5581,327,41,19,56,0,5557,5123,198,34,64,79,0,4456,4242,106,39,44,42,1,4870,4630,225,4,0,4,0,4905,4590,260,4,15,35,0,4251,3907,133,48,58,99,5,4251,3907,133,26,43,2,0,9,131,4672,4376,252,0,19,50,0,4335,3995,185,20,65,69,0,0,2707,894,1762,2637,757,1880,2834,550,2152,2794,720,1920,2756,807,1861,2670,542,2128,2302,526,1672,2727,620,2024,2970,598,2321,2967,404,2077,2846,587,2259,0.0,18,18053,,,
386,18053000500,5,-85.6870157,40.5849367,14482810.0,14240233.0,242577.0,4863,4229,123,347,150,26,10,4965,4598,57,135,131,71,0,4867,4377,45,122,287,61,0,4971,4068,203,423,151,113,2,5195,4542,169,311,240,68,0,4913,4159,191,326,272,91,0,4003,3589,75,223,105,17,5,4115,3870,15,90,100,20,0,3830,3600,15,75,110,15,0,4101,3450,119,311,116,84,1,4101,3450,119,259,95,10,0,6,162,4189,3860,81,151,70,11,0,3940,3515,125,200,69,24,0,0,2760,995,1738,2647,840,1807,2698,738,1822,2671,853,1699,2646,916,1685,2545,644,1901,2256,738,1433,2635,825,1746,2853,904,1900,2838,604,1917,2757,798,1959,0.0,18,18053,,,
387,18053000400,4,-85.6380295,40.5680108,10153661.0,10078777.0,74884.0,4040,3284,200,515,19,34,2,3446,2838,189,306,91,22,0,3400,2650,138,598,0,14,0,3405,2625,217,466,23,92,3,3230,2488,177,544,0,23,0,3342,2658,227,450,0,11,0,3045,2606,106,297,16,31,2,2655,2265,70,210,90,20,0,2505,2070,45,375,0,15,0,2591,2108,109,287,19,68,3,2591,2108,109,244,16,3,3,2,106,2509,2039,90,354,0,20,0,2550,2170,100,280,0,8,0,0,1190,625,539,1045,509,536,1053,367,619,1027,434,512,1012,459,516,986,379,607,792,349,394,1012,403,568,1152,397,725,1134,316,630,1098,416,682,0.0,18,18053,,,
388,18053010800,108,-85.5167691,40.5762085,237829829.0,237523525.0,306304.0,4688,4511,75,48,21,25,6,4418,4269,32,52,17,43,5,4329,4171,110,24,11,15,0,4432,4132,128,85,11,95,1,4239,4062,91,19,16,53,0,4455,4280,91,47,0,32,0,3596,3475,52,30,11,21,6,3443,3328,30,23,15,44,0,3365,3265,64,8,10,14,0,3433,3244,75,41,6,79,1,3433,3244,75,25,5,9,0,0,75,3301,3165,65,7,15,57,0,3350,3220,74,34,0,20,0,0,2051,703,1302,1985,582,1403,2061,358,1589,2042,487,1413,2028,619,1328,1953,395,1558,1652,394,1198,1993,440,1487,2169,397,1723,2150,294,1388,2089,440,1649,0.0,18,18053,,,
389,18053010600,106,-85.5838236,40.5159709,56819358.0,56777367.0,41991.0,3327,3095,96,89,12,38,0,3320,2796,187,334,0,20,0,3281,2847,161,201,71,14,0,3451,3096,91,116,29,94,2,3184,2833,156,156,39,7,0,3404,3151,146,24,50,33,0,2595,2463,63,39,10,25,0,2605,2295,150,139,0,20,0,2575,2290,120,100,50,15,0,2754,2520,68,49,20,73,1,2754,2520,68,38,19,13,1,13,82,2511,2324,80,73,24,3,0,2665,2535,69,4,30,29,0,0,1481,554,902,1333,460,873,1456,331,1048,1448,428,922,1427,481,898,1396,354,1042,1106,342,725,1438,398,995,1645,415,1194,1626,289,1054,1573,407,1166,0.0,18,18053,,,
390,18053010400,104,-85.6347487,40.4610887,36620633.0,36620633.0,0.0,3251,3100,74,32,7,37,1,2750,2523,83,140,0,4,0,2793,2518,83,203,0,4,0,2763,2518,87,64,14,74,0,2848,2564,106,186,0,3,0,2712,2536,100,91,0,10,0,2457,2363,45,10,5,29,0,2069,2014,35,15,0,4,0,2119,2054,20,40,0,4,0,2158,2010,46,29,11,65,0,2158,2010,46,14,10,4,0,1,73,2249,2173,22,51,0,2,0,2230,2170,23,24,0,8,0,0,1182,474,673,1151,440,711,1232,295,866,1224,381,743,1208,432,728,1179,319,860,957,276,623,1165,324,794,1214,280,915,1213,205,790,1165,297,868,0.0,18,18053,,,
391,18053000800,8,-85.6593613,40.5117658,9793927.0,9793927.0,0.0,6911,5574,237,1030,56,52,7,6691,5705,108,789,34,49,0,6942,5536,130,1161,64,47,0,6319,4472,540,1079,108,123,7,7221,5779,138,1213,78,5,0,7568,5606,97,1666,142,34,0,6024,5071,177,705,47,44,5,6054,5179,100,711,30,45,0,6343,5259,115,897,45,40,0,5492,4040,445,805,94,103,5,5492,4040,445,689,74,3,1,40,200,6403,5452,115,781,60,0,0,6395,5170,89,1035,54,34,0,4,1902,920,958,1630,792,838,1555,596,830,1524,610,815,1523,655,806,1474,559,915,1182,500,628,1470,610,805,1600,688,872,1582,516,900,1536,640,896,0.0,18,18053,,,
392,18053010300,103,-85.6037106,40.412977,73002602.0,72851280.0,151322.0,4190,4105,34,23,10,18,1,3971,3810,87,10,49,15,0,3884,3657,136,60,4,27,0,3949,3645,92,68,16,87,13,3853,3650,135,37,5,26,0,3866,3687,44,100,9,13,0,3213,3172,21,2,7,13,1,2950,2885,40,10,10,14,0,2925,2790,45,60,4,30,0,3112,2927,47,35,14,62,9,3112,2927,47,12,4,4,3,10,105,2952,2815,25,36,5,15,0,2985,2860,20,100,4,8,0,0,1628,662,923,1538,542,996,1618,340,1181,1603,446,1038,1609,516,1023,1552,364,1188,1252,373,821,1606,418,1128,1815,414,1356,1825,317,1184,1771,445,1326,0.0,18,18053,,,
393,18053000200,2,-85.6598624,40.542013,3792336.0,3792336.0,0.0,3926,2133,359,1419,29,34,10,3763,1521,506,1772,0,16,13,3578,1712,522,1377,0,77,21,3706,1897,442,1338,22,102,1,3698,1644,530,1517,1,180,0,3348,1645,436,1239,3,182,34,2870,1705,200,945,17,24,5,2635,1235,265,1130,0,4,0,2475,1340,295,810,0,15,0,2708,1481,234,933,10,84,1,2708,1481,234,840,1,11,0,9,132,2653,1349,289,928,0,55,0,2525,1380,274,810,0,24,0,30,1228,928,266,1025,769,256,1009,579,365,978,573,326,966,591,332,957,565,392,730,444,247,946,564,344,1038,614,397,1021,513,377,992,602,390,0.0,18,18053,,,
394,18081611200,6112,-85.9932526,39.4503043,135681157.0,135312099.0,369058.0,4412,4112,146,80,50,33,0,4749,4429,234,43,0,41,0,4785,4490,222,34,0,38,0,5480,4834,235,142,122,125,3,5008,4602,265,93,0,48,0,5612,4965,379,226,0,53,0,3158,2991,74,38,32,25,0,3564,3363,160,4,0,40,0,3646,3444,160,4,0,35,0,4091,3676,140,77,87,99,1,4091,3676,140,53,79,13,0,15,115,3721,3476,199,0,0,50,0,4190,3835,270,50,0,40,0,0,1717,612,1079,1702,475,1227,2076,437,1511,2072,553,1400,2065,643,1361,2009,409,1600,1641,479,1075,2129,563,1492,2525,638,1830,2529,440,1559,2417,635,1782,0.0,18,18081,,,
395,18081610900,6109,-86.0669539,39.4886307,3927728.0,3927728.0,0.0,5040,4752,130,97,42,17,8,4719,4653,0,60,6,0,0,4808,4747,0,55,6,0,0,4908,4446,200,147,46,64,1,5166,4640,9,485,8,24,0,5049,4262,136,682,19,43,0,3915,3726,77,62,28,13,2,3875,3835,0,30,4,0,0,3990,3950,0,30,4,0,0,3850,3584,109,66,22,51,1,3850,3584,109,54,18,8,0,3,74,4116,3781,7,278,10,28,0,3760,3440,55,239,0,24,0,0,1985,839,1116,1845,688,1157,1989,577,1261,1978,689,1157,1972,744,1163,1918,559,1359,1529,626,823,1944,688,1179,2168,768,1344,2153,571,1301,2065,716,1349,0.0,18,18081,,,
396,18081611400,6114,-86.132925,39.3820059,192453635.0,190315334.0,2138301.0,7296,7042,62,131,26,38,2,7979,7385,147,275,70,63,0,8086,7502,147,250,95,57,0,7944,7406,123,123,54,173,8,8173,7725,127,204,88,26,0,7983,7625,146,110,97,75,0,5581,5387,39,109,18,27,2,6281,5927,115,175,24,58,0,6389,6011,115,190,39,58,0,6191,5840,70,80,35,114,6,6191,5840,70,68,26,4,6,13,164,6491,6204,86,139,34,15,0,6380,6115,115,90,54,8,0,0,3336,1105,2187,3319,851,2468,3687,610,2889,3677,803,2659,3669,979,2566,3574,598,2976,3003,660,2226,3737,771,2846,4293,791,3422,4268,554,2692,4103,799,3304,0.0,18,18081,,,
397,18081611000,6110,-86.0498639,39.4757382,4724426.0,4724426.0,0.0,4078,3896,52,75,23,30,0,4299,3922,205,109,42,0,0,4276,3906,221,99,23,0,0,3682,3343,133,74,25,80,3,4221,3892,195,97,9,0,0,3829,3612,91,109,5,16,0,3385,3261,31,50,21,22,0,3560,3280,160,105,19,0,0,3530,3285,135,90,15,0,0,3139,2891,90,45,22,58,2,3139,2891,90,40,8,7,0,29,74,3400,3156,154,95,8,0,0,3110,2940,55,94,4,15,0,0,1470,648,798,1257,468,789,1370,434,842,1356,470,805,1336,499,786,1297,393,904,1077,429,592,1329,482,796,1463,539,890,1426,365,851,1377,492,885,0.0,18,18081,,,
398,18173030300,303,-87.4095269,38.0653219,150101667.0,148216081.0,1885586.0,4640,4414,52,56,97,28,0,5020,4841,0,94,60,10,0,5500,5255,7,147,75,30,0,6131,5518,140,116,204,94,1,5437,5261,9,82,75,28,0,5913,5501,13,151,235,19,0,3388,3259,30,28,57,22,0,3880,3765,0,55,50,10,0,4195,4015,4,85,65,25,0,4632,4264,80,57,133,66,1,4632,4264,80,41,121,10,1,11,104,4261,4107,13,58,73,19,0,4675,4380,15,94,190,4,0,0,2401,1015,1359,2150,744,1406,2481,713,1639,2443,884,1442,2424,869,1504,2355,687,1668,2051,758,1227,2709,1007,1644,3526,1319,2164,3486,962,2361,3434,1522,1912,0.0,18,18173,,,
399,18173030200,302,-87.3245268,38.1668631,180096876.0,177154498.0,2942378.0,3509,3443,24,16,12,24,0,3852,3742,1,77,0,29,3,3892,3767,2,104,0,16,3,3401,3212,38,35,11,79,0,4137,3979,4,128,0,22,4,3618,3421,32,83,0,54,5,2660,2625,12,2,9,16,0,2835,2785,4,38,0,25,4,2870,2810,4,43,0,10,4,2589,2454,21,20,7,60,0,2589,2454,21,8,3,3,0,7,93,3094,3031,6,55,0,12,1,2720,2660,25,0,0,28,4,0,1694,763,884,1682,661,1021,1713,442,1174,1697,672,946,1693,716,932,1589,495,1094,1391,522,811,1687,599,1036,1849,496,1319,1815,391,1309,1780,731,1049,0.0,18,18173,,,
400,18173030100,301,-87.1416336,38.1404564,336305209.0,333058006.0,3247203.0,3521,3453,19,13,14,22,1,3740,3721,0,0,19,0,0,3639,3613,0,0,26,0,0,3396,3296,30,14,14,40,1,3790,3750,0,0,20,20,0,3243,3210,0,2,0,29,0,2678,2642,7,7,8,14,1,2915,2895,0,0,20,0,0,2830,2800,0,0,25,0,0,2586,2520,18,5,13,20,1,2586,2520,18,2,10,1,0,7,28,3024,2981,0,0,14,10,0,2580,2555,0,4,0,20,0,0,1704,836,824,1633,659,974,1719,409,1228,1709,644,990,1701,752,911,1591,482,1109,1364,504,799,1653,560,1051,1795,453,1319,1786,389,1246,1744,670,1074,0.0,18,18173,,,
401,18173030703,307.03,-87.3899282,37.961809,4673992.0,4673992.0,0.0,5592,5124,125,213,107,38,7,5961,5612,94,129,83,31,12,5661,5311,142,73,87,34,14,5652,4920,133,303,135,127,5,5624,5181,173,27,111,77,0,6087,5382,68,333,169,77,0,3936,3690,59,102,68,23,4,4340,4120,10,125,50,30,0,4045,3855,20,55,65,35,0,4126,3667,77,176,90,94,2,4126,3667,77,133,67,8,0,10,164,4052,3842,28,26,89,59,0,4340,3915,15,175,170,60,0,0,2615,1111,1483,2532,944,1588,2625,893,1536,2602,1001,1457,2589,1017,1496,2507,832,1675,2074,874,1125,2587,1046,1451,2865,1184,1619,2846,889,1803,2789,1321,1468,0.0,18,18173,,,
402,18173030400,304,-87.3585341,38.0374203,8041162.0,8041162.0,0.0,2920,2822,33,33,14,14,0,2651,2605,11,19,0,16,0,2648,2602,0,23,0,23,0,2897,2657,41,52,24,105,7,2850,2818,0,23,0,9,0,3027,2949,37,11,0,67,0,2144,2097,18,13,8,6,0,1965,1950,0,4,0,14,0,2075,2050,0,4,0,25,0,2192,2038,28,26,17,74,3,2192,2038,28,13,11,4,2,5,91,2246,2235,0,5,0,12,0,2435,2370,35,10,0,20,0,0,1088,547,518,1079,472,607,1167,361,729,1164,474,613,1152,484,635,1113,375,738,935,389,509,1120,430,655,1196,370,801,1179,298,786,1153,488,665,0.0,18,18173,,,
403,18147952702,9527.02,-86.9469331,38.1663303,93811237.0,93012099.0,799138.0,3129,2798,304,12,22,7,0,2848,2411,406,0,18,3,13,2821,2415,386,0,20,0,0,3126,2639,408,28,14,46,2,2819,2408,380,28,3,0,0,2966,2537,392,31,0,0,0,2312,2127,170,8,11,5,0,2105,1935,155,0,4,0,15,2095,1980,115,0,4,0,0,2343,2045,236,20,10,40,1,2343,2045,236,14,4,7,0,0,37,2019,1840,162,15,4,0,0,2005,1880,105,20,0,0,0,0,1344,711,589,1253,516,737,1361,407,850,1320,559,689,1319,574,703,1292,429,863,1151,428,662,1339,499,793,1475,439,1005,1456,329,955,1415,594,821,0.0,18,18147,,,
404,18147952701,9527.01,-86.8690387,38.125126,178711647.0,176571212.0,2140435.0,4514,4397,58,17,29,17,0,4497,4367,23,41,34,32,0,4573,4444,26,41,37,25,0,4500,4223,77,55,70,66,1,4128,3995,29,52,50,2,0,4287,4097,28,80,59,4,0,3408,3328,34,7,21,15,0,3455,3350,25,15,35,35,0,3545,3445,25,15,35,25,0,3509,3329,36,41,47,42,1,3509,3329,36,32,34,9,0,8,61,3288,3199,26,14,50,2,0,3405,3285,25,42,55,4,0,0,2387,1205,1143,2268,956,1312,2475,752,1530,2451,1028,1318,2423,1046,1318,2351,810,1541,2106,806,1196,2430,932,1422,2570,855,1666,2562,633,1697,2521,1088,1433,0.0,18,18147,,,
405,18001030600,306,-84.9532843,40.6592117,9205422.0,9182289.0,23133.0,3544,3319,155,36,22,18,0,3358,3143,66,95,54,0,0,3549,3201,61,228,59,0,0,3412,3044,212,29,49,65,7,3337,2985,48,209,114,20,1,3303,2943,239,28,105,26,1,2539,2421,80,13,13,11,0,2440,2330,35,55,20,0,0,2565,2410,40,100,15,0,0,2530,2313,120,15,27,53,4,2530,2313,120,0,19,5,0,11,62,2262,2150,26,45,21,0,0,2325,2135,175,0,15,0,0,4,1670,496,1139,1577,364,1213,1609,256,1262,1605,353,1164,1593,365,1181,1556,233,1323,1334,287,987,1577,319,1206,1690,301,1341,1686,224,1161,1647,330,1317,0.0,18,18001,,,
406,18001030100,301,-84.9286621,40.8835444,201426114.0,201082228.0,343886.0,4748,4456,220,24,15,32,5,4609,4337,230,10,25,12,0,4732,4439,238,14,33,17,0,4589,4266,194,28,19,74,3,4975,4653,300,10,0,29,0,4919,4486,128,130,0,130,0,3599,3436,126,8,9,23,4,3510,3340,140,10,15,4,0,3595,3415,135,15,25,10,0,3548,3348,110,12,15,53,2,3548,3348,110,5,14,10,0,4,57,3778,3605,172,9,0,15,0,3740,3615,40,50,0,89,0,0,2440,901,1500,2252,693,1559,2334,496,1689,2325,692,1470,2307,804,1440,2266,495,1771,1991,585,1306,2326,626,1620,2541,575,1920,2529,371,1740,2499,604,1895,9783.51695222195,18,18001,,,
407,18001030500,305,-84.9342356,40.702854,217704006.0,217367767.0,336239.0,6060,5971,56,13,13,6,4,6419,6293,102,16,2,7,0,6716,6567,86,47,4,11,0,6718,6532,93,18,15,49,5,6655,6505,90,50,0,11,0,6587,6509,50,8,0,20,0,3352,3313,26,2,7,4,2,3590,3505,75,4,0,4,0,3755,3675,60,10,0,4,0,3736,3634,45,0,10,36,4,3736,3634,45,0,7,15,1,5,29,3757,3695,55,0,0,5,0,3800,3750,30,10,0,10,0,0,1516,346,1148,1424,212,1212,1471,190,1208,1479,302,1088,1460,334,1092,1420,180,1240,1252,238,990,1434,236,1169,1544,196,1327,1543,138,1108,1511,220,1291,9682.514040211034,18,18001,,,
408,18001030400,304,-84.9468488,40.7812075,187346987.0,187280588.0,66399.0,3398,3295,86,5,2,6,1,3212,3085,108,0,13,6,0,3141,3006,123,0,0,12,0,3674,3458,103,31,22,39,5,3968,3721,201,0,0,12,0,4084,3794,176,37,26,4,0,2373,2314,49,2,2,1,1,2325,2265,40,0,15,4,0,2345,2295,40,0,0,10,0,2483,2371,64,7,12,20,3,2483,2371,64,1,4,0,0,4,39,2880,2792,61,0,0,10,0,2905,2835,39,15,10,4,0,0,1669,556,1068,1512,405,1107,1576,262,1237,1560,419,1040,1558,510,1012,1509,257,1252,1298,315,934,1558,359,1157,1741,324,1390,1730,192,1234,1692,352,1340,9742.497774402073,18,18001,,,
409,18051050100,501,-87.7740773,38.289878,350237007.0,329212828.0,21024179.0,4026,3901,53,26,21,29,0,4006,3917,27,4,31,27,0,4014,3935,6,34,32,7,0,4072,3726,102,102,26,87,0,4102,4022,4,36,24,16,0,4106,3972,2,103,15,10,0,2976,2908,29,13,10,20,0,2995,2945,4,4,14,25,0,3020,2990,4,4,14,4,0,2997,2793,60,41,17,62,0,2997,2793,60,27,16,0,0,2,99,3055,3025,2,2,15,19,0,3045,2995,4,34,8,10,0,0,1825,710,1076,1708,565,1143,1887,379,1429,1886,586,1193,1893,617,1231,1838,431,1407,1500,415,1025,1842,520,1273,1974,405,1532,1964,312,1452,1940,711,1229,50453.722745468796,18,18051,,,
410,18001030700,307,-84.9322265,40.6101769,215646481.0,213952349.0,1694132.0,6167,5966,116,25,16,39,0,6776,6432,190,6,42,16,0,6539,6245,145,7,62,3,0,7067,6810,180,17,29,45,2,6434,5991,287,10,68,3,0,6919,6587,237,34,61,48,0,3906,3800,59,6,12,28,0,4160,4010,114,4,14,19,0,4010,3890,84,4,25,4,0,4248,4100,99,11,23,25,1,4248,4100,99,3,13,6,0,0,27,3705,3591,82,4,24,3,0,4010,3895,70,4,15,25,0,0,1856,534,1278,1670,373,1297,1782,297,1410,1773,432,1243,1758,451,1271,1726,275,1451,1530,334,1154,1765,378,1349,1922,366,1534,1922,247,1335,1886,391,1495,9814.199045839476,18,18001,,,
411,18059410302,4103.02,-85.8120003,39.7691871,34678697.0,34602807.0,75890.0,6047,5789,116,52,73,47,1,6176,6001,0,24,94,59,0,6721,6583,0,21,2,114,0,8152,7490,171,176,109,176,12,8013,7902,111,0,0,8,0,8332,7842,174,120,150,17,0,4383,4235,66,27,44,36,1,4550,4468,0,24,2,59,0,5104,4974,0,21,2,114,0,6133,5718,93,87,85,122,7,6133,5718,93,60,56,12,0,4,190,5817,5755,61,0,0,0,0,6055,5770,75,55,150,10,0,0,2766,988,1749,2424,711,1713,3385,798,2311,3362,964,2128,3350,1124,2069,3264,732,2532,2902,931,1831,3612,1051,2408,4429,1329,2991,4389,836,2663,4278,1171,3107,0.0,18,18059,,,
412,18059410401,4104.01,-85.7780244,39.8070464,2284493.0,2284493.0,0.0,2350,2233,45,30,29,17,7,2543,2404,23,23,93,0,0,2614,2479,19,23,96,0,0,2372,2095,88,55,69,60,4,2063,1816,55,36,156,0,0,2253,2019,0,9,196,29,0,1769,1692,33,19,21,15,5,1846,1781,22,0,42,0,0,1955,1896,18,0,42,0,0,1920,1722,51,41,55,43,2,1920,1722,51,29,29,4,1,1,83,1507,1338,53,9,100,0,0,1895,1695,0,10,160,30,0,0,812,328,472,758,260,498,875,239,568,864,293,503,867,329,504,836,221,615,622,218,373,850,276,535,952,290,631,943,209,533,928,290,638,0.0,18,18059,,,
413,18059410402,4104.02,-85.7865596,39.7946335,4547266.0,4520291.0,26975.0,4397,4223,63,34,50,21,1,4322,4076,28,90,130,0,0,4209,3996,48,32,131,0,0,4708,4376,107,74,55,88,7,4692,4172,38,297,185,0,0,4908,4313,60,226,246,0,0,3265,3159,37,14,33,14,1,3264,3074,7,85,98,0,0,3055,2904,31,29,98,0,0,3648,3426,68,45,42,54,6,3648,3426,68,20,23,0,3,11,97,3700,3296,24,219,166,0,0,3935,3590,60,169,115,0,0,0,1570,610,941,1256,383,873,1841,441,1241,1836,547,1122,1836,621,1134,1776,422,1354,1458,469,885,1867,564,1209,2170,662,1444,2163,450,1207,2103,651,1452,0.0,18,18059,,,
414,18059410801,4108.01,-85.9225401,39.7618803,21858783.0,21858214.0,569.0,4579,4374,58,55,74,25,1,4750,4625,96,2,27,0,0,4782,4620,21,2,139,0,0,4823,4327,146,138,73,115,12,4569,4191,157,3,218,0,0,4601,3902,315,147,185,64,0,3390,3257,36,31,52,17,0,3726,3661,45,4,20,0,0,3701,3656,20,4,20,0,0,3670,3349,80,78,48,89,5,3670,3349,80,56,33,10,3,17,122,3244,3044,152,2,40,0,0,3345,3010,175,75,69,14,0,0,2310,722,1570,2242,564,1678,2346,531,1678,2343,646,1587,2334,718,1556,2281,453,1828,1963,583,1298,2367,652,1638,2640,743,1832,2638,490,1677,2579,690,1889,0.0,18,18059,,,
415,18059410802,4108.02,-85.9280912,39.7182489,23573976.0,23562502.0,11474.0,4471,4355,31,36,41,11,0,4614,4360,254,0,0,0,0,4710,4328,312,0,70,0,0,4609,4361,63,37,50,75,4,4983,4642,282,0,55,4,0,5096,4929,49,15,72,31,0,3296,3233,22,12,20,10,0,3284,3159,130,0,0,0,0,3339,3154,155,0,35,0,0,3599,3445,43,19,30,47,1,3599,3445,43,10,15,4,0,7,75,3812,3660,129,0,26,4,0,3955,3865,20,15,54,4,0,0,1888,770,1096,2604,633,1971,2788,610,1992,2793,755,1908,2791,913,1814,2706,516,2190,2311,692,1532,2767,754,1929,3017,799,2158,3025,522,2027,2955,767,2188,0.0,18,18059,,,
416,18059410201,4102.01,-85.9069815,39.8950119,36641747.0,36484115.0,157632.0,5625,4636,228,542,179,39,2,6946,5727,460,637,122,0,0,7356,6025,446,795,90,0,0,9321,7221,472,1105,372,137,9,7551,5993,279,1073,67,139,0,9073,7486,461,1106,43,20,0,3910,3300,133,340,109,29,2,4800,4360,0,395,45,0,0,5075,4570,0,465,35,0,0,6586,5170,305,741,257,106,3,6586,5170,305,678,200,11,0,26,196,5563,4650,0,742,24,138,0,6625,5655,205,750,0,20,0,0,2459,1004,1433,2663,942,1721,3633,1248,2088,3625,1331,2080,3609,1462,2051,3509,1101,2408,3132,1370,1644,3985,1585,2270,5020,2133,2785,5018,1463,2898,4945,1953,2992,0.0,18,18059,,,
417,18059410202,4102.02,-85.8366994,39.9100641,44501589.0,44384936.0,116653.0,5380,5141,96,87,25,42,1,5547,5141,0,319,26,61,0,5535,5219,0,275,39,0,0,6294,5642,172,190,114,133,11,5761,5594,0,115,52,0,0,6693,6072,250,227,69,75,0,3904,3769,57,43,12,28,1,4385,4070,0,230,25,60,0,4355,4130,0,185,40,0,0,4721,4326,98,94,73,102,7,4721,4326,98,62,44,13,6,14,158,4393,4333,0,0,50,0,0,5020,4555,135,225,25,75,0,0,2386,854,1491,2217,668,1549,2642,623,1849,2632,753,1697,2628,871,1664,2570,602,1968,2225,684,1422,2710,817,1795,3130,1012,2046,3130,674,1829,3057,976,2081,0.0,18,18059,,,
418,18059410901,4109.01,-85.9243306,39.8379495,40702654.0,40638841.0,63813.0,3847,3076,116,588,55,24,9,3547,2638,34,692,115,0,0,4016,2889,79,851,113,0,0,4394,2990,222,972,106,100,9,3979,3075,46,680,112,0,0,4027,2897,198,765,109,6,0,2746,2261,73,369,36,13,4,2561,2049,0,413,97,0,0,2810,2132,48,523,105,0,0,3183,2268,139,627,76,66,7,3183,2268,139,575,51,7,5,11,127,2721,2197,46,397,85,0,0,2780,2065,120,503,85,4,0,0,1995,910,1066,1736,727,1009,1931,724,1059,1925,792,1012,1920,865,993,1875,693,1182,1564,688,792,1984,853,1051,2309,1046,1188,2311,741,1174,2272,1017,1255,0.0,18,18059,,,
419,18059410902,4109.02,-85.8947471,39.8157617,52444546.0,52283905.0,160641.0,4583,4312,86,127,59,16,1,5166,4639,63,224,233,0,0,4828,4341,96,187,192,0,0,4910,4449,103,141,119,74,4,5044,4761,79,106,98,0,0,5297,4934,14,251,38,78,0,3550,3375,54,75,40,8,1,3889,3636,20,72,158,0,0,3775,3498,37,97,140,0,0,3943,3648,63,82,75,59,3,3943,3648,63,72,43,4,0,8,105,3726,3587,39,36,64,0,0,3940,3770,15,100,0,60,0,0,2550,847,1672,2631,752,1879,2886,751,1959,2881,861,1847,2878,989,1807,2801,665,2136,2458,822,1533,2864,892,1879,3097,1000,2036,3096,638,1913,3034,952,2082,0.0,18,18059,,,
420,18059410301,4103.01,-85.7790656,39.8403366,79894831.0,79022124.0,872707.0,4962,4758,52,50,66,34,8,5225,5011,0,31,3,177,0,5295,5006,124,29,2,137,0,5026,4654,103,87,72,86,10,4411,4081,166,42,14,108,0,4747,4442,205,59,41,0,0,3812,3688,31,22,39,25,3,4087,3870,0,31,2,175,0,4083,3829,85,29,2,135,0,3887,3642,63,53,46,70,10,3887,3642,63,30,19,4,8,9,112,3536,3254,112,41,16,110,0,3650,3410,175,50,20,0,0,0,2493,801,1651,2563,703,1860,2451,537,1761,2454,658,1620,2445,772,1571,2371,506,1865,1985,599,1288,2461,659,1706,2769,702,1991,2761,454,1653,2693,680,2013,0.0,18,18059,,,
421,18175967701,9677.01,-86.015453,38.5243223,90207676.0,89872047.0,335629.0,3334,3236,51,14,6,28,2,3310,3095,118,83,27,20,20,3193,3060,69,49,25,18,15,3213,3025,47,40,14,63,3,3036,2928,25,75,12,10,4,3154,3067,31,38,26,15,2,2468,2421,19,7,5,19,2,2602,2520,58,0,4,0,0,2533,2465,38,0,4,0,0,2452,2340,21,14,10,44,3,2452,2340,21,2,7,5,2,6,69,2193,2180,0,0,4,0,0,2355,2315,15,4,10,4,0,10,1231,449,754,1165,403,762,1300,284,968,1297,414,829,1274,392,843,1246,288,958,1053,304,710,1269,329,903,1352,303,1025,1344,268,916,1323,310,1013,0.0,18,18175,,,
422,18175967702,9677.02,-86.1030615,38.456347,147561685.0,146540785.0,1020900.0,3971,3842,46,19,26,36,1,3605,3550,53,2,0,0,0,3686,3642,33,2,9,0,0,3848,3613,63,56,20,86,2,3790,3671,63,0,7,49,0,3846,3738,20,69,5,14,0,2959,2894,22,8,10,26,1,2794,2766,27,0,0,0,0,2693,2661,27,0,10,0,0,2988,2837,39,22,11,65,1,2988,2837,39,20,6,9,1,6,70,2817,2725,36,0,4,46,0,2870,2800,20,40,4,14,0,0,1600,610,954,1440,512,928,1598,345,1178,1601,501,1040,1590,465,1071,1536,379,1157,1315,391,868,1592,411,1129,1765,390,1330,1750,337,1220,1715,401,1314,0.0,18,18175,,,
423,18009975100,9751,-85.3241468,40.5297001,197720018.0,197439619.0,280399.0,3461,3377,32,23,6,20,4,3434,3255,17,0,48,114,0,3477,3272,29,24,87,65,0,3111,2893,62,37,15,88,6,3564,3302,38,117,39,68,0,3364,3101,76,166,17,4,0,2606,2566,16,10,3,11,1,2725,2605,8,0,0,115,0,2680,2605,8,0,0,60,0,2444,2309,40,21,8,66,2,2444,2309,40,11,4,7,0,0,73,2795,2722,2,0,0,70,0,2620,2550,25,40,0,4,0,0,1378,678,659,1245,527,718,1307,314,917,1271,416,755,1271,461,740,1227,292,935,1031,322,630,1262,343,859,1392,293,1062,1377,188,865,1349,316,1033,0.0,18,18009,,,
424,18009975200,9752,-85.3646165,40.4665233,4550603.0,4550603.0,0.0,2754,2665,33,20,12,22,3,2723,2613,58,19,0,36,0,2567,2487,41,0,0,41,0,2708,2490,63,48,10,100,0,2398,2290,45,50,0,17,0,2560,2411,0,123,0,60,0,2154,2098,19,7,10,20,1,2065,2005,34,0,0,25,0,2005,1950,24,0,0,34,0,2082,1946,43,21,8,65,0,2082,1946,43,10,3,11,0,3,66,1961,1871,22,50,0,10,0,1975,1835,0,80,0,20,0,40,1277,647,596,1019,461,558,1050,316,671,1043,400,562,1038,434,562,1004,335,669,826,316,445,1041,371,626,1143,370,737,1124,256,687,1110,359,751,0.0,18,18009,,,
425,18009975300,9753,-85.3712545,40.4438826,5117155.0,5055800.0,61355.0,3011,2905,32,19,6,38,5,2813,2636,93,0,0,84,0,2894,2721,97,0,0,76,0,2912,2647,89,56,13,83,7,2961,2810,111,0,0,40,0,2829,2713,57,0,0,46,0,2278,2213,18,8,4,29,3,2035,1930,25,0,0,85,0,2080,1980,25,0,0,75,0,2194,2033,47,20,7,70,4,2194,2033,47,11,0,8,0,12,83,2039,1969,27,0,0,41,0,2125,2060,20,0,0,44,0,0,1178,610,532,948,410,538,974,241,668,968,365,528,955,368,534,929,277,652,756,239,446,959,295,615,1083,278,774,1075,207,667,1048,312,736,0.0,18,18009,,,
426,18009975400,9754,-85.3213654,40.4309374,221470387.0,220513384.0,957003.0,3540,3456,20,33,15,20,1,3159,3111,23,23,0,0,0,3075,2995,29,30,21,0,0,3381,3248,38,25,25,49,6,3003,2972,13,15,3,0,0,3321,3202,8,77,7,27,0,2814,2757,14,21,10,17,1,2655,2625,10,15,0,0,0,2585,2540,15,29,4,0,0,2807,2698,25,17,19,44,2,2807,2698,25,11,12,3,0,4,54,2447,2415,2,12,4,0,0,2625,2570,0,44,4,8,0,0,1543,700,805,1424,527,897,1550,372,1094,1538,526,903,1525,594,883,1447,371,1076,1265,398,782,1520,451,1022,1731,435,1268,1707,282,1114,1672,426,1246,0.0,18,18009,,,
427,18057110805,1108.05,-85.9801921,39.9431573,8265683.0,7787785.0,477898.0,7998,7128,161,304,385,28,3,7566,6639,328,260,348,13,0,7098,6094,358,230,384,14,0,7793,6521,254,336,488,116,7,7760,6919,383,137,286,31,0,8321,7248,265,177,494,64,0,5397,4866,93,175,249,21,2,5484,4989,205,140,120,4,0,5049,4579,205,125,125,4,0,5722,4875,153,230,335,89,4,5722,4875,153,188,306,0,4,33,163,5820,5381,215,77,108,4,0,6110,5595,155,150,195,15,0,0,3744,1472,2249,4229,1195,3034,4298,1534,2447,4296,1488,2675,4288,1560,2643,4143,1199,2944,3856,1712,2045,4427,1757,2554,4964,2262,2615,4982,1442,3204,4837,1974,2863,0.0,18,18057,,,
428,18089042606,426.06,-87.3978221,41.4640265,1831836.0,1831836.0,0.0,3352,2273,484,517,101,30,1,3033,1842,490,560,183,91,0,3048,1909,523,569,117,61,0,3327,1932,533,780,91,68,13,2816,1625,501,670,69,2,0,3124,1606,663,774,153,9,0,2573,1832,316,357,72,17,0,2125,1250,395,335,89,10,0,1965,1295,310,280,55,0,0,2600,1592,369,570,73,50,5,2600,1592,369,501,55,3,2,0,78,1945,1241,282,381,40,4,0,2170,1285,390,380,105,14,0,0,1233,731,494,1160,668,492,1225,654,497,1171,661,463,1176,702,449,1148,679,469,982,613,345,1207,689,488,1385,766,596,1356,685,609,1331,746,585,0.0,18,18089,,,
429,18089042607,426.07,-87.4179637,41.4646676,7585622.0,7585622.0,0.0,7239,6096,833,175,122,52,13,6831,5407,834,98,364,104,6,6735,5218,873,96,474,45,0,6248,4919,845,247,110,116,3,6971,5362,1079,107,394,48,0,6688,5407,1059,130,95,149,0,5624,4788,600,125,96,41,10,5590,4635,515,94,295,60,0,5640,4505,595,95,395,45,0,5007,4066,604,174,77,92,3,5007,4066,604,141,63,6,0,14,113,5775,4586,715,96,331,32,0,5385,4570,675,109,10,10,0,10,2944,1433,1481,3085,1462,1623,3138,1285,1684,3011,1429,1465,3027,1525,1421,2929,1457,1472,2440,1233,1148,3045,1398,1572,3413,1494,1872,3349,1258,1926,3277,1421,1856,0.0,18,18089,,,
430,18153050400,504,-87.3259885,39.0835873,182252298.0,177179235.0,5073063.0,2451,2406,21,6,6,12,0,2024,1907,18,48,40,11,0,1954,1833,23,46,35,17,0,2217,2138,26,11,8,25,2,2103,1943,24,68,42,26,0,2003,1980,16,0,0,16,0,1891,1864,6,3,3,11,0,1695,1635,10,20,20,8,0,1630,1545,15,30,20,14,0,1720,1668,12,5,8,20,1,1720,1668,12,1,5,0,0,1,33,1670,1559,8,45,25,27,0,1655,1635,15,0,0,4,0,0,1082,563,488,1008,427,581,1068,247,773,1044,497,497,1059,608,429,929,319,610,865,293,528,1016,357,634,1095,238,838,1083,166,725,1050,301,749,0.0,18,18153,,,
431,18153050200,502,-87.5250294,39.1081318,480437746.0,474255924.0,6181822.0,2978,2880,27,32,6,31,0,2975,2844,85,0,0,46,0,3037,2819,111,64,0,43,0,2917,2789,31,19,13,53,3,2866,2528,180,77,0,0,0,2949,2652,111,79,0,0,0,2315,2241,16,28,4,23,0,2365,2265,55,0,0,50,0,2410,2230,75,60,0,45,0,2254,2170,17,6,3,41,0,2254,2170,17,4,0,14,0,2,47,2195,2011,128,75,0,0,0,2295,2135,94,65,0,0,0,0,1562,639,870,1468,492,976,1554,324,1173,1543,642,819,1561,809,720,1400,407,993,1402,428,902,1540,488,1016,1628,327,1273,1611,238,1132,1582,416,1166,68667.50750793234,18,18153,,,
432,18167010703,107.03,-87.3928257,39.4065656,9397501.0,9397501.0,0.0,4260,3416,151,487,190,26,1,4728,3792,98,383,369,154,55,4473,3481,142,461,301,128,43,4534,3850,133,279,161,94,1,3918,3313,190,193,128,103,25,4305,3687,205,298,67,68,0,3515,2824,134,402,138,22,1,3955,3210,85,270,250,35,30,3585,2890,80,315,180,39,20,3726,3238,73,198,134,62,0,3726,3238,73,170,120,12,0,14,99,3081,2746,90,113,40,68,15,3470,3025,115,215,65,49,0,0,1683,846,810,1557,691,866,1610,644,878,1601,799,701,1598,839,713,1543,697,846,1250,565,624,1576,710,811,1774,724,1009,1763,559,1086,1647,685,962,0.0,18,18167,,,
433,18167010704,107.04,-87.34262,39.404474,45804521.0,45255249.0,549272.0,2380,2162,38,63,97,15,1,1925,1537,195,98,46,20,0,2306,1820,181,149,102,17,0,2612,2267,49,52,162,49,0,2161,1586,140,181,157,62,0,2576,1822,149,234,234,36,0,1821,1671,24,46,70,10,1,1395,1195,140,35,10,20,0,1685,1425,160,60,25,15,0,2007,1768,30,37,115,34,0,2007,1768,30,32,108,1,0,6,62,1521,1252,126,77,44,24,0,1865,1450,130,130,150,10,0,0,1165,522,624,1094,382,712,1190,364,763,1178,499,621,1181,523,633,1120,383,737,1013,389,588,1212,452,728,1439,505,909,1438,359,984,1323,460,863,0.0,18,18167,,,
434,18167010601,106.01,-87.2627585,39.4741865,41570378.0,40892786.0,677592.0,3754,3594,52,65,29,16,2,3566,3459,47,10,46,6,0,3413,3225,119,10,61,0,0,3868,3498,103,82,81,82,4,3384,3116,146,11,97,16,0,3518,3106,103,18,190,16,88,2892,2787,32,45,17,10,1,2895,2825,19,10,35,4,0,2755,2670,45,10,30,0,0,3023,2743,76,60,61,68,4,3023,2743,76,38,52,8,4,5,97,2455,2382,44,9,24,3,0,2540,2365,45,19,23,8,90,0,1754,916,812,1657,765,892,1731,577,1063,1721,806,820,1718,829,837,1661,645,1016,1449,605,752,1723,686,978,1931,650,1247,1934,469,1320,1783,633,1150,0.0,18,18167,,,
435,18167011202,112.02,-87.4052463,39.3890845,6357336.0,6357336.0,0.0,2325,1933,40,116,219,15,0,2544,1856,117,81,490,0,0,2491,1956,113,68,354,0,0,2531,1932,100,176,274,45,6,2624,2248,33,105,238,0,0,2656,2327,50,24,250,49,0,1797,1537,23,66,158,11,0,1620,1335,10,50,225,0,0,1565,1360,10,40,155,0,0,1907,1494,55,111,212,22,1,1907,1494,55,96,205,4,0,10,43,1846,1614,21,67,138,0,0,2000,1790,49,4,155,4,0,0,1020,528,483,1000,412,588,1010,422,535,1008,514,438,1007,535,447,969,420,549,791,367,381,979,456,491,1073,472,574,1069,341,631,995,433,562,0.0,18,18167,,,
436,18167011201,112.01,-87.4627799,39.3878458,52740069.0,51804425.0,935644.0,6976,4731,572,1483,130,87,2,6921,4773,414,1489,135,197,61,6467,4532,375,1394,64,192,32,6224,4074,454,1417,131,151,1,6362,4141,446,1590,50,208,33,5477,3839,341,1175,52,88,0,6014,3899,551,1419,91,80,2,5816,4011,275,1315,15,169,15,5437,3737,295,1205,15,154,15,5464,3435,428,1367,102,134,0,5464,3435,428,1325,94,90,0,5,87,5330,3389,365,1362,0,169,15,4755,3230,290,1150,10,73,0,0,1853,937,877,1724,763,961,1742,622,1014,1729,853,784,1721,879,794,1650,678,972,1353,595,684,1680,705,914,1836,665,1141,1826,516,1175,1689,617,1072,0.0,18,18167,,,
437,18167010602,106.02,-87.3237753,39.4553582,25019614.0,24478677.0,540937.0,2058,1799,45,90,118,13,0,2605,2318,28,189,66,4,0,2629,2202,44,270,110,4,0,2550,2031,85,133,251,40,3,2325,1923,43,192,164,3,0,2573,2157,41,163,212,0,0,1690,1502,33,62,90,6,0,2055,1850,30,175,0,4,0,2165,1865,45,240,10,4,0,2169,1755,70,95,209,35,3,2169,1755,70,77,192,7,0,4,64,1935,1723,47,161,9,2,0,2180,1965,40,120,55,0,0,0,901,433,455,989,435,554,1066,469,535,1063,551,473,1055,554,479,1003,459,544,913,470,417,1066,524,516,1215,579,617,1212,422,728,1112,519,593,0.0,18,18167,,,
438,18167011102,111.02,-87.4091339,39.4711643,2457623.0,2456879.0,744.0,4423,3082,90,927,297,40,5,3764,2716,179,697,168,33,0,3568,2463,256,618,244,32,0,4080,2647,245,938,105,16,2,3848,2686,260,651,245,38,0,3424,2566,134,595,147,8,0,4279,2998,89,886,280,39,5,3608,2703,161,675,42,12,0,3455,2464,241,574,149,22,0,4022,2619,239,928,97,10,2,4022,2619,239,909,87,0,0,146,22,3768,2690,250,615,180,35,0,3385,2565,130,569,110,10,0,0,1100,879,213,781,621,160,627,392,165,614,409,163,585,411,145,567,387,180,391,287,85,563,385,150,632,439,176,587,350,197,555,378,177,0.0,18,18167,,,
439,18167011101,111.01,-87.4091452,39.45783,974816.0,974816.0,0.0,2637,2141,61,332,60,37,5,2929,2308,159,269,179,12,0,2463,2078,21,188,159,15,0,2453,1839,129,344,76,64,8,2141,1851,13,136,139,1,0,2274,1767,3,402,102,0,0,2233,1834,48,260,53,33,3,2272,2042,13,158,53,16,0,2180,1916,13,183,51,16,0,2041,1561,80,280,65,44,7,2041,1561,80,249,50,9,1,9,82,1908,1716,12,135,47,2,0,1965,1610,4,319,39,0,0,0,917,649,246,712,482,230,647,388,216,643,410,181,643,423,184,617,390,227,458,305,122,631,411,193,729,475,240,729,386,284,703,466,237,0.0,18,18167,,,
440,18093951201,9512.01,-86.383351,38.7572057,216144743.0,213312300.0,2832443.0,3778,3678,36,22,16,24,2,3690,3646,0,44,0,0,0,3563,3527,0,36,0,0,0,3589,3425,40,25,11,74,2,3548,3491,0,57,0,0,0,3269,3215,0,54,0,0,0,2868,2808,22,11,9,20,1,2609,2589,0,15,0,0,0,2559,2549,0,10,0,0,0,2816,2709,22,15,5,52,2,2816,2709,22,9,1,8,0,0,67,2787,2765,0,20,0,0,0,2630,2620,0,10,0,0,0,0,1506,615,851,1430,500,930,1564,321,1167,1527,441,1003,1502,529,930,1466,352,1114,1223,347,823,1520,398,1078,1711,371,1306,1702,291,1079,1625,392,1233,0.0,18,18093,,,
441,18093951202,9512.02,-86.4894319,38.8001368,37587376.0,37022191.0,565185.0,2645,2568,29,17,14,22,2,3356,3203,69,0,32,52,0,3556,3386,79,0,31,60,0,2528,2395,25,21,28,51,0,3159,3085,0,0,59,15,0,3113,2944,20,0,149,0,0,1995,1951,16,11,10,15,0,2545,2440,20,0,30,50,0,2675,2555,25,0,30,60,0,1962,1876,18,4,18,39,0,1962,1876,18,4,11,0,0,4,49,2355,2282,0,0,61,12,0,2315,2145,20,0,150,0,0,0,1105,443,650,994,348,646,1124,252,804,1104,333,723,1087,396,666,1042,256,786,919,268,609,1115,307,771,1253,305,917,1249,221,800,1205,302,903,0.0,18,18093,,,
442,18093950601,9506.01,-86.6324267,38.9608885,119024295.0,118945560.0,78735.0,3115,3016,33,14,23,35,0,3025,2918,20,45,0,42,0,3166,3096,21,0,0,49,0,3114,2894,55,30,31,86,4,3239,3177,52,0,0,10,0,3315,3258,0,0,0,30,0,2315,2250,18,6,15,25,0,2245,2210,15,20,0,0,0,2480,2465,15,0,0,0,0,2342,2205,19,15,21,62,0,2342,2205,19,7,13,9,0,6,83,2427,2392,35,0,0,0,0,2310,2310,0,0,0,0,0,0,1178,371,784,1180,287,893,1374,222,1096,1349,287,993,1348,345,959,1301,231,1070,1170,262,865,1391,278,1072,1580,277,1265,1580,216,1047,1524,294,1230,0.0,18,18093,,,
443,18093950701,9507.01,-86.5411963,38.786104,135433764.0,134196105.0,1237659.0,4122,4025,21,21,18,38,3,4117,3992,17,49,13,46,0,4329,4141,36,131,16,28,0,3955,3759,31,28,31,93,2,4693,4401,42,201,24,0,0,4355,4072,84,147,0,28,0,3162,3106,13,6,11,28,2,3035,3025,0,10,0,0,0,3135,3085,0,45,0,0,0,3139,3013,13,15,22,77,1,3139,3013,13,9,17,10,0,0,77,3347,3267,0,74,0,0,0,3285,3165,50,39,0,20,0,4,1678,645,1011,1585,514,1071,1777,368,1320,1731,475,1161,1726,568,1101,1659,368,1291,1497,408,1017,1758,438,1261,1955,424,1493,1950,304,1306,1886,413,1473,0.0,18,18093,,,
444,18093950702,9507.02,-86.6346174,38.7729344,208720563.0,206587770.0,2132793.0,2757,2688,21,16,11,25,0,2871,2871,0,0,0,0,0,2572,2572,0,0,0,0,0,2508,2354,39,5,10,77,3,2244,2244,0,0,0,0,0,1972,1931,25,0,0,0,0,2114,2068,13,4,9,20,0,2490,2490,0,0,0,0,0,2250,2250,0,0,0,0,0,1982,1872,32,3,8,46,1,1982,1872,32,0,8,7,0,8,55,1977,1967,0,0,0,0,0,1660,1635,25,0,0,0,0,0,1050,383,640,1024,315,709,1088,201,848,1064,268,741,1057,338,689,1027,204,823,928,215,675,1077,237,811,1215,222,966,1202,179,791,1157,229,928,0.0,18,18093,,,
445,18093950602,9506.02,-86.5383931,38.9176245,42794637.0,42778466.0,16171.0,4166,4026,52,16,36,32,5,4083,3998,31,3,30,8,0,3951,3866,32,0,32,9,0,4075,3825,52,47,58,78,0,3930,3668,27,0,34,4,0,4161,3928,9,7,45,8,4,3195,3112,26,8,28,21,3,3130,3085,14,0,19,10,0,2995,2940,14,0,24,10,0,3243,3060,36,31,40,59,0,3243,3060,36,20,33,12,0,6,76,3103,3072,12,0,24,1,0,3270,3220,4,4,30,10,4,0,1756,632,1098,1709,531,1178,1922,400,1450,1875,504,1293,1852,613,1197,1789,415,1374,1515,429,1018,1880,487,1346,2099,487,1570,2094,351,1375,2018,476,1542,0.0,18,18093,,,
446,18065975600,9756,-85.2992089,40.0247855,175605675.0,171466894.0,4138781.0,4215,4034,62,72,18,30,0,4497,4339,131,15,0,11,0,4468,4297,131,12,12,15,0,4055,3868,53,35,23,60,1,4597,4441,106,8,8,32,0,4881,4608,158,31,15,40,0,3264,3130,46,59,9,24,0,3605,3480,115,0,0,18,0,3620,3490,105,0,10,16,0,3216,3094,38,15,10,44,0,3216,3094,38,8,7,2,0,8,59,3779,3664,107,0,11,41,0,3960,3740,149,29,10,42,0,0,2075,890,1131,1799,676,1123,2006,478,1428,2001,650,1209,1999,730,1079,1935,489,1446,1656,513,1062,1970,573,1317,2101,499,1565,2103,379,1321,2082,543,1539,0.0,18,18065,,,
447,18065976700,9767,-85.5371097,39.8274347,89556482.0,88966803.0,589679.0,4523,4431,24,21,22,22,2,4849,4757,16,72,0,4,0,4757,4658,33,63,0,3,0,4421,4202,48,49,32,70,4,4622,4550,8,58,0,6,0,4619,4534,34,36,0,27,6,3413,3355,14,8,15,18,1,3665,3620,0,45,0,4,0,3635,3580,10,45,0,4,0,3416,3277,30,19,12,55,3,3416,3277,30,15,11,0,0,3,80,3536,3497,10,39,0,4,0,3395,3360,19,14,0,8,0,0,2011,740,1220,1772,548,1224,1983,430,1443,1961,565,1267,1957,621,1223,1903,395,1508,1482,421,990,1924,501,1347,2093,464,1597,2093,344,1206,2077,533,1544,0.0,18,18065,,,
448,18065976800,9768,-85.3479151,39.8198297,203429646.0,202736771.0,692875.0,4177,4067,53,32,17,14,1,3766,3674,22,43,21,6,2,3631,3522,21,64,21,5,2,4080,3900,56,29,12,74,1,3783,3676,18,74,10,13,0,3768,3671,35,48,10,10,0,3186,3120,30,12,11,13,1,2910,2860,12,24,8,12,0,2855,2800,12,44,0,8,0,3185,3076,38,7,6,48,1,3185,3076,38,7,5,5,1,1,52,2959,2907,5,44,0,8,0,2915,2890,14,4,0,4,0,4,2017,827,1132,1784,592,1192,1963,404,1454,1954,590,1199,1949,647,1084,1880,404,1476,1531,421,1008,1885,475,1313,1998,407,1552,2013,308,1180,1994,473,1521,0.0,18,18065,,,
449,18065975900,9759,-85.4025486,39.9123328,56604691.0,55486238.0,1118453.0,4508,4341,53,54,52,21,8,4591,4491,11,14,70,5,0,4564,4497,11,47,0,9,0,4452,4142,78,97,37,70,1,4313,4255,5,45,0,8,0,4624,4519,0,34,55,16,0,3548,3451,30,27,33,14,3,3575,3525,4,10,40,4,0,3670,3625,4,35,0,4,0,3614,3402,47,61,22,59,1,3614,3402,47,24,12,5,0,18,106,3351,3313,0,35,0,3,0,3655,3565,0,30,55,8,0,0,2325,1072,1223,2045,852,1193,2229,608,1482,2222,810,1250,2199,873,1134,2118,592,1526,1811,617,1075,2171,709,1351,2306,682,1577,2318,497,1456,2278,691,1587,0.0,18,18065,,,
450,18065975800,9758,-85.537036,40.0274662,80897023.0,80766131.0,130892.0,4589,4461,34,31,26,36,5,4493,4318,67,62,26,20,0,4586,4378,33,40,127,8,0,4647,4379,82,63,25,92,4,4570,4446,33,32,46,7,0,4703,4442,137,14,42,73,0,3456,3385,20,12,19,21,3,3555,3475,40,10,4,19,0,3630,3520,19,0,85,8,0,3575,3402,43,25,22,70,4,3575,3402,43,11,12,3,0,6,98,3650,3577,22,0,48,6,0,3695,3605,40,0,34,16,0,0,2186,1008,1116,1886,777,1109,2116,483,1514,2108,679,1278,2100,777,1225,2037,510,1527,1621,516,1007,2044,590,1370,2198,531,1623,2196,385,1333,2153,601,1552,0.0,18,18065,,,
451,18065975500,9755,-85.2785733,39.93387,158727283.0,158293111.0,434172.0,5531,4730,144,610,29,23,0,5663,4749,198,438,28,237,0,5861,4859,237,508,26,233,0,6040,5059,198,683,47,50,3,5712,4794,240,532,25,191,0,5588,4845,224,416,9,148,12,4800,4037,124,602,17,22,0,4865,4125,115,424,10,184,0,5020,4215,140,469,10,174,0,5377,4445,188,664,32,43,1,5377,4445,188,656,21,5,1,7,54,4860,4040,161,484,4,139,0,4735,4090,154,390,8,105,0,4,1578,698,836,1381,514,867,1506,324,1092,1498,470,910,1502,487,811,1461,337,1124,1208,351,779,1462,395,984,1534,348,1153,1535,269,972,1520,376,1144,0.0,18,18065,,,
452,18103952800,9528,-86.1372376,40.7178307,47062107.0,46482780.0,579327.0,2807,2555,106,56,38,56,0,3087,2337,149,575,18,28,0,3013,2177,253,527,22,31,0,2676,2389,115,62,38,71,7,2976,2103,385,433,26,10,0,3115,2291,432,312,10,49,0,2073,1923,60,32,25,35,0,2680,2000,95,550,10,24,0,2545,1845,135,520,8,30,0,2011,1840,66,32,18,52,2,2011,1840,66,20,14,10,0,0,61,2528,1836,255,430,8,11,0,2575,1930,305,289,4,34,0,10,1216,398,800,1037,362,675,1209,250,897,1182,351,757,1173,407,728,1133,264,869,926,265,619,1147,303,804,1244,274,945,1241,218,830,1194,279,915,0.0,18,18103,,,
453,18103952300,9523,-86.0819299,40.7486536,2392950.0,2354162.0,38788.0,2820,2547,69,128,24,68,0,2831,2422,46,299,17,39,0,3027,2534,9,420,9,39,0,2753,2389,114,140,24,93,2,2878,2481,1,336,8,42,0,2719,2377,74,83,0,173,0,2057,1884,33,79,14,46,0,2035,1820,0,160,15,34,0,2190,1935,0,205,10,40,0,2038,1801,64,85,15,75,2,2038,1801,64,52,4,19,0,4,94,1947,1759,0,143,10,40,0,1960,1755,50,73,0,85,0,0,1114,558,528,434,204,230,1009,281,636,989,366,539,982,420,513,948,298,650,733,262,415,962,326,583,1052,308,712,1048,245,614,1007,313,694,0.0,18,18103,,,
454,18103952100,9521,-86.0616571,40.7921685,142411710.0,140211462.0,2200248.0,4493,4244,57,72,24,86,0,4585,4089,84,276,80,65,0,4346,3896,71,198,97,94,0,4355,4005,73,88,27,154,2,4389,3978,60,251,15,97,0,4309,3991,33,227,10,59,0,3598,3422,31,49,18,64,0,3800,3480,80,165,10,64,0,3720,3370,65,150,38,94,0,3514,3293,28,44,21,114,0,3514,3293,28,38,14,36,0,3,102,3772,3434,48,173,19,89,0,3580,3385,25,95,12,54,0,0,2215,854,1305,1976,671,1305,2007,390,1495,1953,543,1257,1944,661,1209,1882,420,1462,1582,425,1086,1950,488,1396,2206,484,1685,2191,352,1504,2134,474,1660,0.0,18,18103,,,
455,18103952000,9520,-86.0526723,40.9035139,363698533.0,360993392.0,2705141.0,4767,4598,33,21,17,97,4,4454,4258,61,35,22,78,0,4502,4312,59,32,12,87,0,4423,4101,84,40,26,157,8,4459,4341,44,30,4,40,0,4230,4100,0,19,2,103,6,3541,3424,19,8,9,82,4,3505,3365,30,14,14,75,0,3435,3310,25,10,8,85,0,3459,3257,45,17,15,114,6,3459,3257,45,0,9,40,0,5,103,3485,3419,17,10,1,39,0,3455,3340,0,12,4,94,4,0,2176,724,1390,1961,529,1432,2133,330,1682,2092,507,1405,2089,653,1349,2010,391,1619,1715,396,1237,2061,439,1549,2264,384,1832,2255,278,1436,2161,414,1747,0.0,18,18103,,,
456,18103952200,9522,-86.0820995,40.7631948,5527495.0,5527495.0,0.0,2876,2678,55,74,28,65,1,2614,2320,26,217,0,35,16,2859,2474,65,277,0,43,0,2740,2470,76,82,13,80,3,2852,2550,79,189,0,34,0,3009,2509,202,284,18,35,0,2283,2148,34,47,17,55,1,2105,1820,25,213,0,35,10,2250,1875,55,279,0,45,0,2242,2030,53,58,10,71,2,2242,2030,53,44,7,24,1,11,72,2304,2028,66,188,0,37,0,2300,1955,110,195,4,39,0,0,1131,551,548,1311,558,753,1059,278,709,1024,388,550,1016,425,537,988,296,692,768,273,442,1006,329,628,1111,317,767,1098,236,685,1059,307,752,0.0,18,18103,,,
457,18103952700,9527,-86.0808152,40.6431205,189752347.0,189014571.0,737776.0,4768,4104,124,469,19,46,6,7040,6920,37,27,38,0,17,7119,6984,67,6,82,2,0,4603,4267,100,91,31,104,6,7103,6788,97,5,193,40,0,6869,6231,143,82,226,51,0,3936,3358,96,432,9,37,6,5371,5296,28,19,10,0,15,5506,5461,8,4,34,4,0,3546,3333,55,54,22,76,1,3546,3333,55,42,19,25,0,4,68,5205,5148,13,2,9,40,0,5155,4980,54,58,18,43,0,4,1724,596,1091,1452,424,1028,1634,285,1270,1617,426,1090,1611,528,1030,1564,332,1232,1274,312,913,1591,366,1178,1744,332,1388,1737,242,1183,1685,343,1342,0.0,18,18103,,,
458,18103952600,9526,-85.9548621,40.6483782,206035563.0,203337796.0,2697767.0,3745,3590,85,21,16,25,3,3536,3340,9,23,25,139,0,3425,3235,36,23,18,113,0,3480,3270,83,44,20,64,1,3106,2921,39,23,2,117,0,3169,3038,38,40,0,49,0,2794,2708,41,14,8,17,3,2735,2590,4,15,29,100,0,2520,2395,20,19,18,79,0,2644,2522,46,14,17,37,1,2644,2522,46,10,9,11,0,0,46,2321,2209,16,13,8,71,0,2375,2295,20,24,0,47,0,0,1687,535,1105,1569,461,1108,1656,270,1290,1631,381,1154,1627,478,1090,1581,292,1289,1305,287,956,1595,342,1197,1724,310,1384,1713,245,1137,1673,326,1347,0.0,18,18103,,,
459,18103952400,9524,-86.0555693,40.7580077,1655689.0,1550997.0,104692.0,2896,2649,79,93,11,69,5,2827,2482,57,173,0,115,0,2655,2353,61,149,0,92,0,2673,2352,69,109,14,134,5,2771,2505,87,73,0,106,0,2644,2220,101,278,0,8,0,2149,1997,44,59,8,56,2,2170,1890,25,165,0,85,0,2140,1920,30,130,0,65,0,2024,1810,45,58,13,97,4,2024,1810,45,40,0,35,1,0,93,2240,2079,30,49,0,76,0,2140,1865,65,200,0,10,0,0,1017,503,492,839,362,477,944,219,643,912,302,532,909,341,521,879,241,638,704,213,437,900,265,587,987,254,705,973,179,602,938,256,682,0.0,18,18103,,,
460,18103952500,9525,-86.067379,40.7366589,6658622.0,6544467.0,114155.0,2199,2009,63,95,23,28,4,2266,1696,431,113,30,8,4,2214,1722,330,133,31,10,6,2196,1948,47,92,20,77,6,2356,1934,273,120,20,9,0,2430,2202,36,115,25,28,0,1631,1527,23,52,15,18,1,1580,1280,199,75,15,10,4,1585,1310,154,95,10,10,4,1615,1458,31,48,16,45,5,1615,1458,31,40,11,12,0,0,63,1752,1539,117,88,4,10,0,1875,1760,15,60,10,25,0,0,841,384,439,774,312,462,799,210,537,780,263,455,774,308,435,746,215,531,608,196,384,769,237,503,864,236,612,853,179,519,828,235,593,0.0,18,18103,,,
461,18103952900,9529,-86.1454254,40.6571281,12236561.0,12229831.0,6730.0,5532,4333,235,912,19,52,7,2661,2095,209,315,28,25,0,2655,2088,200,345,19,26,0,6063,3932,425,1527,44,113,6,2794,1933,160,666,13,47,0,3458,2394,263,803,3,14,0,4448,3395,181,832,12,41,3,1969,1544,110,275,20,25,0,1984,1569,95,285,10,25,0,5032,3220,291,1375,38,75,6,5032,3220,291,1346,24,18,2,37,94,2170,1428,86,607,1,49,0,2655,1780,145,715,4,15,0,4,1089,461,614,1023,313,710,1151,253,816,1119,309,714,1116,375,682,1101,291,810,749,233,486,1099,306,743,1270,336,895,1252,265,698,1212,350,862,0.0,18,18103,,,
462,18057110907,1109.07,-86.0875262,39.9880042,5585588.0,5499761.0,85827.0,5383,4767,85,117,387,14,7,5518,4957,117,95,338,17,0,5430,4899,105,56,357,17,0,5358,4553,139,141,440,36,7,5832,5258,34,45,448,29,0,5830,4970,70,111,427,13,0,3635,3290,44,66,226,8,2,3920,3535,105,68,190,15,0,3945,3590,85,38,215,15,0,3869,3335,81,99,297,21,2,3869,3335,81,82,267,0,1,9,94,4195,3821,27,25,288,24,0,4335,3880,29,125,280,12,0,0,2875,908,1949,3017,841,2176,3164,1214,1727,3172,1087,2000,3160,1182,1917,3042,854,2188,2809,1246,1515,3209,1312,1820,3543,1711,1763,3542,1045,2310,3439,1430,2009,0.0,18,18057,,,
463,18057110904,1109.04,-86.105765,39.9941361,4488552.0,4408329.0,80223.0,4546,4097,99,94,235,16,2,4796,4357,48,59,332,0,0,4879,4357,91,52,379,0,0,4652,3993,162,110,305,27,9,4820,4235,100,87,371,0,0,4758,4162,181,98,274,4,0,3100,2808,52,60,166,12,2,3480,3155,40,50,235,0,0,3495,3100,75,35,275,0,0,3397,2954,102,70,220,16,2,3397,2954,102,55,202,0,0,12,72,3480,3107,82,34,251,0,0,3425,3055,120,45,205,4,0,0,1676,561,1100,2632,744,1888,2894,1033,1660,2907,953,1870,2891,1013,1826,2808,782,2026,2516,1065,1400,2898,1133,1691,3134,1495,1574,3141,912,2074,3054,1235,1819,0.0,18,18057,,,
464,18163980100,9801,-87.5119734,37.9239248,17832771.0,16851383.0,981388.0,30,28,0,1,0,0,0,76,76,0,0,0,0,0,69,69,0,0,0,0,0,8,4,1,2,0,1,1,64,64,0,0,0,0,0,0,0,0,0,0,0,0,28,27,0,1,0,0,0,75,75,0,0,0,0,0,70,70,0,0,0,0,0,7,4,1,2,0,1,1,7,4,1,0,0,0,1,0,1,64,65,0,0,0,0,0,0,0,0,0,0,0,0,0,12,5,7,4,2,2,4,2,2,4,2,2,4,2,2,4,2,2,3,2,1,3,2,1,3,2,1,2,1,1,2,1,1,10971.39382450367,18,18163,,,
465,18097322200,3222,-86.1471177,39.8361715,918840.0,918840.0,0.0,2055,1289,51,688,19,18,0,2252,1689,34,465,52,0,0,2251,1670,43,386,108,0,0,2139,1506,73,455,77,17,2,2244,1641,43,401,118,0,0,2196,1699,24,313,112,5,0,1555,1002,31,508,12,10,0,1630,1180,19,399,23,0,0,1600,1185,24,349,39,0,0,1607,1124,51,369,41,14,2,1607,1124,51,348,23,0,0,14,47,1594,1182,23,354,33,0,0,1615,1280,19,280,23,4,0,0,871,598,266,1148,878,270,1246,999,169,1249,966,240,1249,1001,230,1226,922,304,1185,994,160,1281,1036,214,1390,1148,219,1397,933,415,1388,1109,279,0.0,18,18097,,,
466,18097354500,3545,-86.1290704,39.7735394,852075.0,852075.0,0.0,2549,1597,277,622,35,54,3,2276,1596,207,435,42,15,8,2095,1516,131,404,47,15,11,2237,1389,208,524,51,82,7,2357,1607,138,580,33,0,8,2069,1258,157,565,90,2,9,2026,1363,191,433,25,36,3,1715,1310,80,300,19,0,4,1590,1225,64,270,25,0,4,1778,1171,149,369,35,65,6,1778,1171,149,316,18,7,2,15,100,1779,1275,65,415,8,0,4,1535,1020,74,399,24,4,4,14,581,407,162,864,668,196,1025,735,191,1026,724,220,1025,772,210,989,730,259,962,781,142,1032,784,199,1056,840,193,1061,703,300,1046,827,219,0.0,18,18097,,,
467,18097321900,3219,-86.1645124,39.8398299,2385116.0,2385116.0,0.0,5861,4630,143,940,134,41,6,6022,4773,182,611,228,3,46,5840,4668,163,507,259,3,59,6431,5280,312,549,222,61,6,5467,4401,148,501,216,2,50,5275,4301,176,345,410,16,0,5203,4200,112,750,121,26,4,5195,4315,140,520,200,4,0,5010,4210,110,435,234,4,0,5677,4709,256,461,193,52,6,5677,4709,256,408,144,6,0,13,141,4515,3818,96,376,197,4,0,4475,3715,160,259,339,4,0,0,2097,1608,474,1963,1444,519,1909,1423,337,1917,1343,511,1910,1420,458,1848,1242,606,1776,1428,306,1896,1445,404,1949,1565,358,1962,1177,716,1952,1478,474,0.0,18,18097,,,
468,18097350900,3509,-86.1456475,39.8128212,795929.0,795929.0,0.0,1376,193,25,1148,11,22,0,1464,409,5,1032,0,20,0,1557,471,5,1069,0,13,0,1687,468,102,1086,21,32,0,1366,550,57,764,0,0,0,1730,738,84,879,29,0,0,1008,170,17,812,10,17,0,1065,295,4,750,0,20,0,1145,330,4,795,0,15,0,1182,378,53,728,17,25,0,1182,378,53,684,9,4,0,6,48,1032,425,48,555,0,0,0,1270,600,75,585,10,0,0,0,737,704,29,604,576,28,642,567,42,641,542,55,637,572,46,630,547,83,570,517,33,660,583,57,732,649,68,744,584,136,735,647,88,0.0,18,18097,,,
469,18097361100,3611,-86.0738787,39.7713734,1298830.0,1298830.0,0.0,2996,2505,124,299,46,31,4,3446,2796,60,466,23,72,16,3521,3003,72,313,20,84,29,3131,2520,141,299,66,64,9,3457,3138,92,68,37,96,17,3173,2800,152,158,6,11,80,2413,2079,77,214,34,24,2,2530,2200,50,225,25,15,15,2595,2365,44,115,20,15,30,2558,2103,90,219,59,47,4,2558,2103,90,179,31,3,0,21,131,2661,2499,23,54,36,22,15,2515,2285,45,95,4,10,4,75,1431,901,504,1376,883,493,1637,1042,416,1625,1036,477,1633,1101,446,1581,1002,579,1511,1118,322,1669,1162,424,1811,1340,431,1821,1108,546,1811,1338,473,0.0,18,18097,,,
470,18097350800,3508,-86.1315781,39.8141846,1372908.0,1372908.0,0.0,2000,44,34,1912,9,22,6,1941,42,139,1760,0,19,0,1777,52,45,1680,0,51,0,2375,121,197,2044,10,37,1,1608,188,27,1377,0,55,0,2100,202,71,1811,0,69,0,1386,33,23,1321,6,19,5,1170,25,45,1110,0,20,0,1135,45,25,1064,0,50,0,1520,88,118,1308,5,29,0,1520,88,118,1251,2,7,0,3,51,1098,99,22,975,0,55,0,1290,105,60,1120,0,60,0,0,1010,992,15,919,911,8,755,713,21,745,685,30,747,710,24,737,687,50,558,529,14,693,654,25,693,646,33,699,590,87,695,650,45,0.0,18,18097,,,
471,18097331000,3310,-86.0743438,39.8329206,2679384.0,2679384.0,0.0,4238,210,99,3945,16,41,2,4194,342,140,3546,76,54,36,3877,196,261,3263,84,73,0,4194,194,357,3606,24,58,11,3867,153,333,3221,88,72,0,4142,159,453,3431,24,48,20,3182,176,51,2947,11,28,2,3240,205,34,2909,30,35,25,3050,165,65,2734,35,50,0,3187,166,218,2778,11,48,10,3187,166,218,2695,6,3,0,15,84,2652,127,64,2363,40,56,0,2645,170,140,2270,25,40,0,0,2582,2499,72,2326,2233,93,1947,1831,77,1941,1800,92,1939,1828,82,1916,1760,156,1604,1522,54,1834,1727,83,1803,1692,95,1808,1552,225,1806,1693,113,0.0,18,18097,,,
472,18039001901,19.01,-85.9360967,41.6754474,10523930.0,10406818.0,117112.0,6653,3930,1567,1075,71,86,12,5877,3829,1270,675,50,52,0,5427,3462,1365,467,59,73,0,6687,3300,2169,974,95,166,9,6158,4455,1036,556,53,58,0,6010,4167,1353,227,146,37,0,4496,2970,896,573,47,53,8,3789,2839,433,432,50,40,0,3602,2860,386,252,60,55,0,4759,2628,1359,601,73,124,1,4759,2628,1359,528,58,4,0,16,166,3910,3325,198,294,53,35,0,3895,3195,390,155,135,25,0,0,1792,1016,753,1684,792,892,1647,654,893,1642,686,836,1640,715,858,1630,578,1052,1279,587,633,1619,696,859,1772,768,965,1782,655,953,1770,786,984,0.0,18,18039,,,
473,18097351900,3519,-86.1215539,39.8070773,1332351.0,1332351.0,0.0,2292,53,38,2201,5,17,3,2424,119,24,2260,21,0,0,2677,115,107,2454,21,4,0,2140,74,173,1889,17,31,3,2630,142,108,2385,13,24,0,2207,79,159,1999,0,26,8,1741,43,29,1671,3,15,1,1850,75,25,1724,20,0,0,2060,75,65,1895,20,0,0,1719,57,112,1546,14,23,0,1719,57,112,1488,8,0,0,8,46,2052,65,67,1899,15,20,0,1675,70,64,1519,0,15,0,19,1249,1234,5,1199,1198,1,1013,984,13,1012,970,18,1009,973,22,1000,946,54,788,768,9,918,892,16,863,829,29,877,764,101,875,840,35,0.0,18,18097,,,
474,18065975700,9757,-85.4754915,39.9546277,237723259.0,237185809.0,537450.0,4687,4613,32,19,11,12,0,4248,4066,85,95,6,1,0,4184,4039,54,81,14,1,0,4517,4338,51,17,48,70,7,4435,4260,75,90,10,17,0,4414,4298,64,24,14,29,0,3570,3526,15,9,8,10,0,3190,3130,14,37,4,4,0,3180,3120,18,28,15,4,0,3507,3394,25,14,29,51,7,3507,3394,25,4,15,0,0,0,69,3467,3382,37,30,9,10,0,3505,3460,30,0,4,12,0,0,2302,927,1314,2027,680,1347,2287,413,1729,2268,614,1457,2268,705,1380,2186,460,1726,1833,504,1228,2234,553,1573,2402,497,1854,2404,354,1442,2376,570,1806,0.0,18,18065,,,
475,18065976000,9760,-85.375604,39.9304668,3005114.0,3000025.0,5089.0,3353,3104,59,143,21,25,1,3329,2968,105,228,7,12,21,3107,2752,141,201,7,23,21,3257,2941,102,114,28,73,1,3172,2737,211,158,12,17,7,3328,2787,119,275,97,38,0,2557,2409,32,82,13,23,1,2579,2329,54,175,4,10,10,2314,2090,55,135,4,24,10,2553,2337,62,72,22,58,1,2553,2337,62,50,18,1,0,5,80,2261,2041,75,122,9,17,1,2560,2195,59,195,80,22,0,0,1438,766,648,1132,562,570,1231,386,742,1226,501,630,1228,528,597,1186,408,778,914,381,474,1173,453,660,1257,453,768,1259,337,662,1245,482,763,0.0,18,18065,,,
476,18053010500,105,-85.6101168,40.4836619,6191772.0,6191772.0,0.0,5409,5117,130,97,28,43,4,5006,4475,215,192,95,0,29,5002,4580,192,153,59,0,17,5329,4770,208,162,28,120,0,4752,4581,14,70,44,28,15,5132,4618,339,105,34,177,0,4075,3911,79,32,15,38,4,3711,3531,100,10,35,0,30,3536,3421,64,10,20,0,15,4067,3741,121,50,23,100,0,4067,3741,121,32,8,19,0,14,132,3441,3348,15,11,20,28,2,3825,3600,100,60,25,35,0,0,2043,925,1086,1804,714,1090,2068,537,1424,2029,719,1171,2009,800,1137,1965,587,1378,1539,531,926,1973,628,1278,2161,573,1543,2144,416,1326,2057,602,1455,0.0,18,18053,,,
477,18095010400,104,-85.7993961,40.2433759,95319577.0,95175747.0,143830.0,2954,2821,94,14,16,14,6,3002,2766,185,25,0,54,0,2809,2592,180,26,0,38,0,2918,2740,57,30,23,57,10,2777,2580,156,24,0,17,0,2817,2655,81,61,10,10,0,2308,2230,53,6,11,10,4,2399,2289,75,10,0,24,0,2309,2214,70,10,0,14,0,2387,2259,41,13,16,50,4,2387,2259,41,3,10,0,2,5,67,2282,2243,17,15,0,15,0,2395,2310,10,55,10,12,0,0,1400,698,670,1309,593,716,1315,374,874,1297,496,725,1300,541,718,1253,376,877,1104,394,635,1270,427,797,1379,394,958,1384,284,765,1362,434,928,0.0,18,18095,,,
478,18095000900,9,-85.6702066,40.0915839,912965.0,912965.0,0.0,1758,1379,209,147,13,33,1,1736,1315,255,147,21,10,0,1838,1280,343,163,51,15,0,1600,1084,253,199,11,48,2,2025,1354,333,267,68,20,0,1775,1236,219,298,12,0,12,1261,1053,109,76,10,22,1,1099,967,41,77,4,0,0,1218,1040,59,102,14,0,0,1142,840,130,125,8,38,0,1142,840,130,106,2,5,0,9,50,1450,1140,95,189,24,0,0,1285,1035,50,180,0,0,0,10,532,345,177,436,281,155,397,162,209,396,207,158,393,207,160,386,188,198,284,155,111,368,179,171,366,162,194,367,135,190,361,184,177,0.0,18,18095,,,
479,18095001300,13,-85.6511457,40.132822,14628318.0,14416408.0,211910.0,4953,4346,99,453,42,18,2,4919,4035,125,613,127,23,10,4990,4049,169,589,170,19,15,4695,3892,134,479,66,125,5,4776,4089,128,309,216,24,34,4348,3726,225,326,51,50,6,4136,3723,59,305,31,14,2,4000,3510,25,390,49,18,0,4055,3570,45,365,59,20,0,4048,3462,91,339,55,97,2,4048,3462,91,294,44,10,1,9,137,4034,3586,56,279,80,29,0,3730,3235,160,275,29,23,0,4,2382,1170,1191,2104,980,1124,2239,852,1238,2224,956,1124,2179,984,1127,2101,776,1325,1795,812,901,2123,918,1125,2221,991,1193,2162,676,1259,2131,927,1204,0.0,18,18095,,,
480,18095011200,112,-85.6090034,40.0928712,44409119.0,44229636.0,179483.0,6167,5869,61,180,38,21,1,6381,5918,132,286,13,28,0,6233,5756,71,338,17,0,0,6291,5663,155,249,51,133,1,6109,5451,145,375,16,0,0,6228,5496,237,300,49,43,0,4938,4734,36,126,25,19,1,5265,4970,50,224,0,30,0,5149,4859,45,249,0,0,0,5152,4722,81,180,33,105,0,5152,4722,81,151,26,9,0,9,154,5120,4753,82,284,0,0,0,5280,4855,150,220,35,10,0,0,3549,1631,1875,3212,1359,1853,3437,1082,2193,3421,1315,1916,3414,1404,1917,3327,1055,2272,2969,1179,1645,3274,1211,1964,3232,1126,2068,3230,753,2086,3195,1148,2047,0.0,18,18095,,,
481,18095010500,105,-85.6219297,40.2387977,117447091.0,117396626.0,50465.0,3436,3349,52,15,9,17,0,3606,3512,54,33,0,9,0,3751,3632,65,54,0,0,0,3392,3222,70,38,11,35,0,3329,3228,44,54,0,1,0,3483,3351,48,56,0,16,0,2690,2632,30,8,6,16,0,2920,2860,30,29,0,4,0,3010,2935,30,49,0,0,0,2682,2577,39,16,8,27,0,2682,2577,39,13,3,0,0,1,49,2555,2493,10,48,0,3,0,2570,2495,8,48,0,14,0,0,1637,776,829,1496,597,899,1592,396,1107,1579,535,926,1577,609,897,1527,408,1119,1306,437,790,1485,456,962,1444,376,1044,1432,242,938,1419,402,1017,0.0,18,18095,,,
482,18095010100,101,-85.7265796,40.3404419,204908993.0,204875526.0,33467.0,3070,2990,47,16,10,6,0,3040,2925,96,22,1,5,0,3057,2920,95,39,3,5,0,2934,2811,39,16,14,43,1,2986,2805,100,62,1,2,0,3078,2899,97,62,2,5,0,2341,2306,21,6,3,5,0,2270,2210,45,10,4,4,0,2275,2195,44,35,4,4,0,2317,2213,35,11,13,35,1,2317,2213,35,4,2,3,0,3,57,2354,2229,54,48,4,4,0,2480,2400,25,45,4,4,0,0,1430,701,700,1308,563,745,1392,360,982,1385,479,813,1381,533,801,1345,391,954,1165,380,713,1316,402,874,1305,318,967,1314,235,817,1304,369,935,0.0,18,18095,,,
483,18095011300,113,-85.585825,40.1094319,7068297.0,7067448.0,849.0,2731,2627,29,41,19,10,1,2403,2242,104,45,12,6,0,2565,2359,151,31,15,16,0,2596,2354,61,70,18,72,0,2685,2412,200,45,6,33,0,2674,2419,130,46,24,30,0,2098,2030,21,19,14,10,1,1950,1885,40,15,10,0,0,2030,1935,60,19,4,10,0,2054,1876,43,36,17,66,0,2054,1876,43,23,15,0,0,5,92,2112,1916,137,30,0,21,0,2145,1965,110,39,10,22,0,0,1238,628,582,1063,511,552,1114,362,664,1101,454,557,1094,499,548,1064,383,681,853,343,456,993,392,553,908,339,546,907,264,491,901,362,539,0.0,18,18095,,,
484,18095011800,118,-85.8339671,39.9899798,62285153.0,61924906.0,360247.0,7453,6755,242,334,86,63,2,7440,6675,309,338,43,65,7,7453,6784,274,248,63,64,15,7243,6319,316,336,89,152,13,7534,7048,97,253,70,36,21,7434,6642,178,140,339,53,103,4996,4632,135,160,44,39,1,4942,4626,58,178,30,40,0,5022,4712,74,148,45,40,0,5174,4600,184,190,50,125,2,5174,4600,184,151,31,17,0,13,178,5166,4921,40,148,39,5,0,5070,4720,49,100,85,32,0,94,2625,1244,1342,2566,984,1582,2949,820,1879,2912,945,1754,2906,1074,1700,2813,802,2011,2295,867,1310,2803,965,1711,2924,1031,1812,2939,745,1612,2889,1074,1815,0.0,18,18095,,,
485,18095010700,107,-85.6233747,40.1838584,64676934.0,64222332.0,454602.0,3259,3125,41,61,10,18,1,3402,3110,69,140,0,74,0,3313,2975,99,160,0,69,0,3277,2959,77,93,36,74,7,3158,3072,74,0,0,0,0,3146,2944,49,85,12,10,0,2624,2549,28,30,7,12,1,2686,2523,14,110,0,35,0,2585,2395,44,125,0,25,0,2640,2446,34,59,19,62,7,2640,2446,34,37,7,11,5,8,92,2328,2288,37,0,0,0,0,2435,2315,50,45,10,10,0,0,1849,881,943,1666,689,977,1776,507,1169,1759,632,987,1754,695,990,1685,507,1178,1499,565,858,1647,573,1008,1561,511,1023,1567,330,1013,1548,524,1024,0.0,18,18095,,,
486,18095011100,111,-85.8085782,40.0701437,73278133.0,73278133.0,0.0,3871,3760,35,41,18,18,1,3850,3681,109,40,0,29,0,3869,3689,121,71,0,0,0,3908,3682,55,42,34,80,1,3868,3780,54,32,0,1,1,3927,3662,87,109,0,38,2,2862,2806,17,20,7,13,1,3015,2865,85,28,0,30,0,3020,2900,80,38,0,0,0,2966,2826,31,9,23,50,1,2966,2826,31,8,9,5,0,10,77,2961,2942,14,10,0,4,0,3085,2980,35,45,0,29,0,0,1738,776,927,1607,588,1019,1795,458,1211,1794,598,1089,1789,670,1058,1734,436,1298,1523,528,909,1707,541,1099,1686,489,1169,1691,318,1063,1665,509,1156,0.0,18,18095,,,
487,18127051008,510.08,-87.1160582,41.3753459,74768803.0,74710463.0,58340.0,2257,2107,104,25,9,10,0,2270,2201,39,0,30,0,0,2136,2048,46,0,42,0,0,2185,1932,164,15,14,43,1,2033,1874,130,0,28,1,0,1975,1584,238,68,23,57,0,1762,1675,62,11,6,7,0,1725,1680,30,0,15,0,0,1605,1555,30,0,20,0,0,1761,1608,93,8,11,28,0,1761,1608,93,4,3,0,0,5,48,1583,1497,73,0,23,2,0,1530,1290,155,50,20,24,0,0,1129,526,587,1156,533,623,1196,391,729,1172,460,653,1174,538,601,1135,458,677,932,369,535,1156,429,692,1248,419,812,1253,343,780,1236,405,831,0.0,18,18127,,,
488,18065976100,9761,-85.3563852,39.9401237,4384606.0,4381210.0,3396.0,2918,2743,60,92,9,31,1,2377,2288,11,74,0,15,0,2510,2414,13,78,0,19,0,2655,2429,67,95,14,35,3,2639,2371,12,58,195,15,0,2425,2170,19,94,82,14,0,2246,2138,37,57,6,24,1,1990,1900,10,65,0,14,0,2020,1935,15,65,0,14,0,2095,1950,26,62,11,34,2,2095,1950,26,43,7,7,0,6,56,2027,1951,8,45,0,7,0,1935,1810,19,95,0,12,0,0,996,623,348,800,469,331,862,281,519,847,364,403,855,385,364,821,311,510,571,240,295,810,313,455,905,287,593,905,235,491,885,329,556,0.0,18,18065,,,
489,18065976400,9764,-85.3742937,39.9045027,5645039.0,5644855.0,184.0,4351,4181,42,67,28,29,0,4606,4205,15,316,70,0,0,4578,4179,74,237,88,0,0,4549,4286,40,88,60,68,8,4399,4114,53,232,0,0,0,4215,4063,19,133,0,0,0,3423,3320,26,35,22,20,0,3756,3396,10,298,55,0,0,3717,3361,60,209,90,0,0,3705,3521,28,60,39,43,5,3705,3521,28,42,34,6,2,12,60,3642,3356,56,233,0,0,0,3570,3430,20,120,0,0,0,0,2239,1062,1143,2026,847,1179,2102,662,1317,2086,830,1123,2080,888,1033,1985,613,1372,1686,619,969,2040,730,1218,2191,705,1444,2201,503,1367,2152,715,1437,0.0,18,18065,,,
490,18065976300,9763,-85.3625939,39.9279714,1007297.0,1007297.0,0.0,1895,1765,45,65,10,25,3,1615,1496,29,90,0,0,0,1756,1555,30,171,0,0,0,1787,1581,45,107,13,36,0,1813,1553,37,203,0,10,0,2169,1770,26,315,25,15,25,1404,1323,24,47,7,21,1,1155,1100,30,25,0,0,0,1295,1165,30,100,0,0,0,1397,1256,26,65,12,34,0,1397,1256,26,49,5,9,0,2,50,1306,1157,36,107,0,2,0,1620,1295,25,270,0,8,0,25,625,409,204,476,307,169,523,173,299,513,216,233,509,230,212,502,195,307,340,150,159,485,195,256,534,181,332,523,146,261,521,218,303,0.0,18,18065,,,
491,18033020602,206.02,-85.1049735,41.3524032,31763549.0,31640461.0,123088.0,4423,4184,158,39,32,29,7,4646,4466,132,12,33,16,0,4559,4347,158,28,60,15,0,4685,4298,157,69,33,113,28,4330,4138,174,2,58,2,0,4803,4252,439,66,105,5,0,3173,3057,67,18,14,15,4,3375,3285,70,8,10,4,0,3385,3270,80,24,4,4,0,3406,3176,84,38,22,77,26,3406,3176,84,14,13,3,22,4,90,3227,3154,73,3,0,3,0,3450,3255,170,4,20,8,0,0,1600,753,813,1439,563,876,1594,448,1044,1548,565,829,1541,594,874,1510,403,1107,1244,447,743,1561,526,973,1820,536,1233,1791,346,1114,1718,575,1143,0.0,18,18033,,,
492,18033020601,206.01,-85.164671,41.343778,31113364.0,31096264.0,17100.0,3170,2998,81,31,26,33,6,3197,2983,125,16,1,72,0,3215,2920,147,103,1,44,0,3095,2821,88,32,29,94,13,3474,3208,97,146,1,22,0,3042,2800,38,141,36,12,0,2279,2192,43,14,13,22,4,2390,2270,65,10,0,49,0,2455,2270,85,70,0,33,0,2322,2154,54,18,18,57,3,2322,2154,54,9,15,9,0,1,80,2829,2701,53,56,0,16,0,2485,2360,40,55,0,8,0,20,991,469,495,951,373,578,1049,262,732,1026,326,576,1015,359,607,990,242,748,766,264,474,1013,312,669,1184,331,831,1185,216,736,1111,345,766,0.0,18,18033,,,
493,18029080104,801.04,-84.8871291,39.1769386,47719026.0,47691867.0,27159.0,3988,3884,42,30,15,18,3,3861,3731,27,15,0,88,0,3865,3797,23,29,0,16,0,3969,3725,37,24,24,117,7,4268,4165,22,20,0,61,0,4228,4088,59,30,0,51,0,2940,2878,26,12,10,14,1,2905,2815,25,0,0,70,0,2895,2855,25,0,0,15,0,3090,2929,15,21,14,83,6,3090,2929,15,15,9,5,3,4,110,3161,3084,25,0,0,64,0,3240,3160,35,0,0,49,0,0,1899,460,1416,1909,421,1488,2142,324,1715,2078,340,1654,2067,373,1618,2030,329,1701,1588,308,1236,2048,354,1633,2210,396,1771,2208,340,1676,2179,386,1793,0.0,18,18029,,,
494,18029080103,801.03,-84.8436895,39.1847135,19180041.0,18729082.0,450959.0,5820,5637,77,33,41,26,2,5809,5454,188,60,0,75,0,5818,5571,141,64,0,0,0,5962,5586,87,51,50,132,4,5444,5339,97,0,8,0,0,5709,5559,68,0,7,0,0,4303,4198,39,12,29,23,1,4250,4080,100,0,0,75,0,4265,4190,75,0,0,0,0,4571,4324,60,26,29,92,3,4571,4324,60,15,18,2,0,15,137,4151,4133,15,0,11,0,0,4565,4555,0,0,4,0,0,0,2947,771,2150,2928,713,2215,3274,620,2461,3199,592,2462,3179,658,2417,3113,567,2546,2568,575,1922,3215,661,2457,3554,785,2700,3554,663,2649,3513,728,2785,6372.9772244029045,18,18029,,,
495,18067010202,102.02,-86.053342,40.5268572,76991327.0,75949219.0,1042108.0,2291,2153,39,56,17,24,2,2378,2216,91,53,0,18,0,2328,2183,63,82,0,0,0,2176,2004,50,38,20,63,2,2412,2272,46,94,0,0,0,2194,2020,162,0,0,174,0,1771,1684,19,37,13,16,2,1840,1740,45,35,0,20,0,1815,1735,20,50,0,0,0,1710,1595,31,19,11,46,0,1710,1595,31,16,8,3,0,0,57,1902,1823,25,51,0,0,0,1780,1700,70,0,0,10,0,0,1164,429,716,1091,368,723,1159,251,843,1150,369,708,1140,408,691,1107,283,824,936,280,625,1158,318,805,1277,290,964,1280,219,827,1260,294,966,0.0,18,18067,,,
496,18067010201,102.01,-86.045279,40.4361694,72067729.0,72067729.0,0.0,3528,3299,66,100,34,33,0,3436,2999,109,90,198,33,19,3632,3108,196,112,165,33,41,3395,3073,81,108,40,78,2,3488,2950,280,112,134,0,49,3548,3200,112,181,0,42,0,2847,2694,33,71,22,24,0,2405,2310,45,50,0,0,0,2555,2395,105,50,0,0,0,2841,2604,57,67,30,62,1,2841,2604,57,56,22,5,0,11,86,2463,2310,108,43,0,0,0,2795,2575,65,115,0,40,0,0,1924,815,1082,1824,691,1133,1889,449,1307,1874,611,1131,1871,706,1097,1822,485,1337,1499,511,924,1840,553,1221,1983,515,1417,1992,372,1326,1963,523,1440,0.0,18,18067,,,
497,18127050602,506.02,-87.0406558,41.5095073,6330225.0,5560091.0,770134.0,4469,4033,224,108,80,36,9,4619,4114,222,137,155,11,0,4774,4288,186,150,152,18,0,4804,3949,413,133,174,107,9,4409,3855,117,226,200,22,0,4733,4112,178,243,163,35,0,3507,3230,132,68,57,22,6,3691,3360,175,100,39,10,0,3761,3425,175,105,34,14,0,3822,3253,246,90,123,83,7,3822,3253,246,65,106,11,0,5,136,3452,3097,105,180,42,17,0,3605,3200,160,190,14,35,0,0,2451,1268,1157,2227,1070,1157,2471,1145,1133,2434,1128,1189,2446,1270,1107,2341,1056,1285,2208,1208,949,2537,1262,1199,2833,1444,1341,2848,1140,1504,2816,1347,1469,0.0,18,18127,,,
498,18127051102,511.02,-87.0000477,41.292489,147232993.0,147232993.0,0.0,4432,4212,170,25,26,21,6,4566,4300,184,90,0,21,0,4566,4236,273,74,0,22,0,4478,4097,185,30,16,97,0,4575,4240,304,28,0,27,0,4488,4022,443,27,5,29,0,3229,3122,77,10,12,12,3,3395,3235,135,14,0,8,0,3365,3185,170,4,0,8,0,3387,3156,101,15,11,67,0,3387,3156,101,4,6,1,0,11,108,3371,3178,185,3,0,2,0,3335,3040,280,4,0,8,0,4,2022,798,1197,2018,771,1247,2159,589,1432,2118,722,1315,2130,905,1175,2039,681,1358,1736,595,1088,2070,672,1344,2174,628,1506,2184,510,1398,2151,605,1546,0.0,18,18127,,,
499,18127051010,510.10,-87.0030631,41.3923236,117237696.0,117237696.0,0.0,3684,3445,169,29,24,19,3,3766,3566,156,1,0,30,13,3777,3448,312,97,0,16,0,3988,3594,212,55,33,57,6,3783,3579,189,88,0,15,0,3966,3606,302,83,12,43,0,2735,2597,99,16,12,13,2,2805,2720,40,4,0,30,15,2745,2615,115,4,0,15,0,2991,2745,125,28,21,45,3,2991,2745,125,18,11,5,2,11,74,2777,2661,90,0,0,12,0,3225,3030,155,0,0,45,0,0,1871,792,1051,1850,750,1100,2035,635,1239,2004,731,1170,2005,872,1077,1924,671,1253,1721,680,991,2011,718,1231,2207,710,1448,2211,566,1438,2170,693,1477,0.0,18,18127,,,
500,18127050107,501.07,-86.9778415,41.6436558,96149686.0,90273451.0,5876235.0,4084,3832,148,53,21,27,6,4063,3617,44,277,90,44,0,4099,3566,41,372,99,32,0,3958,3485,219,53,69,66,6,4507,4113,52,302,2,53,0,4300,4037,48,158,37,17,0,3283,3123,95,26,15,23,5,3370,3000,24,262,43,40,0,3580,3115,30,357,39,34,0,3281,2972,126,41,40,51,6,3281,2972,126,31,35,0,0,19,98,3744,3415,12,276,3,52,0,3465,3270,8,154,4,18,0,0,2074,1118,923,2033,1058,975,2160,978,1049,2122,1035,995,2132,1157,917,2061,1008,1053,1882,977,862,2155,1041,1060,2338,1070,1230,2350,914,1249,2323,1039,1284,0.0,18,18127,,,
501,18127050605,506.05,-87.058264,41.4428202,16531329.0,16392247.0,139082.0,3993,3687,184,46,72,17,1,4897,4437,264,132,59,1,0,4920,4510,169,164,64,1,11,4606,3966,358,87,98,64,10,4465,4043,164,169,71,2,12,4657,4195,283,31,28,45,16,2970,2787,104,20,47,12,0,3720,3580,70,50,15,0,0,3780,3620,80,65,0,0,10,3509,3093,219,51,70,50,7,3509,3093,219,35,55,1,1,11,94,3559,3345,123,65,15,0,10,3710,3430,220,24,4,18,15,0,2263,1120,1123,2083,983,1100,2321,1029,1121,2291,1069,1131,2287,1188,1054,2205,995,1210,1941,1003,885,2312,1110,1141,2542,1239,1263,2550,959,1425,2515,1132,1383,0.0,18,18127,,,
502,18127050902,509.02,-87.0439091,41.4642457,887738.0,887738.0,0.0,1761,1393,171,101,86,25,4,2036,1578,279,80,84,0,0,2044,1544,285,102,98,0,0,1669,1235,176,140,70,9,2,2116,1544,275,132,139,6,0,1780,1185,217,273,101,4,0,1613,1313,131,80,80,22,4,1808,1473,227,66,39,0,0,1833,1455,224,84,65,0,0,1633,1220,166,133,70,7,2,1633,1220,166,120,66,0,0,45,16,1960,1500,260,115,78,0,0,1715,1165,215,259,80,0,0,0,376,247,123,355,216,139,384,218,126,366,209,122,340,204,114,327,190,137,292,190,87,360,219,121,421,267,143,370,191,154,369,220,149,0.0,18,18127,,,
503,18127050606,506.06,-87.1081008,41.4647053,15414928.0,15414928.0,0.0,4129,3709,190,106,127,14,6,3569,3036,432,144,91,0,0,3609,3130,296,138,115,0,0,4615,3849,370,136,154,65,9,3864,3453,74,55,253,29,0,4360,3852,156,24,279,19,0,3067,2802,106,66,91,6,3,2735,2390,270,70,4,0,0,2625,2365,155,70,35,0,0,3459,2983,220,84,94,46,5,3459,2983,220,77,82,5,4,10,78,2961,2706,77,56,117,3,0,3380,3090,155,25,100,4,0,0,2113,983,1115,2064,833,1231,2239,885,1230,2214,931,1202,2208,1040,1129,2146,856,1290,1988,909,1038,2316,992,1277,2647,1120,1482,2660,890,1595,2632,1062,1570,0.0,18,18127,,,
504,18127050105,501.05,-87.0929259,41.5537167,30170886.0,29997528.0,173358.0,4970,4365,415,89,80,48,5,4538,3793,436,160,87,62,0,4650,4052,277,204,55,61,0,5198,4260,574,118,107,108,0,4720,4342,193,9,87,89,0,5031,4601,341,9,79,34,0,3615,3256,242,52,50,30,3,3510,3025,320,105,15,50,0,3470,3075,205,130,10,50,0,3924,3313,367,64,69,76,0,3924,3313,367,40,51,9,0,11,133,3605,3362,157,12,15,58,0,3730,3470,225,0,25,4,0,0,2102,1046,1031,2110,1051,1059,2400,897,1343,2355,1022,1182,2355,1160,1100,2288,1005,1283,1965,922,983,2395,1024,1293,2683,1080,1555,2683,917,1518,2649,1073,1576,0.0,18,18127,,,
505,18127050104,501.04,-87.055198,41.5633042,34797462.0,34139165.0,658297.0,4349,3937,230,60,99,31,0,5043,3905,652,189,276,99,0,4963,4000,750,155,86,74,0,5710,4837,438,106,186,125,11,4939,4269,487,102,55,126,0,5836,4907,793,51,79,32,0,3246,2991,143,34,56,28,0,3756,3116,300,105,185,45,0,3662,3107,410,70,40,30,0,4350,3792,255,81,128,81,9,4350,3792,255,49,95,3,0,4,152,3661,3313,256,42,1,39,0,4390,3795,540,20,35,0,0,0,1984,998,952,2050,974,1076,2394,1023,1205,2341,1085,1127,2351,1185,1071,2253,1024,1229,2064,1038,956,2500,1163,1258,2952,1336,1560,2946,1096,1621,2918,1291,1627,0.0,18,18127,,,
506,18127050106,501.06,-86.9774933,41.5446627,49309273.0,49134937.0,174336.0,3953,3704,160,32,30,38,0,4118,3810,76,0,19,0,213,4054,3803,51,0,20,0,180,4098,3622,242,66,51,101,3,3683,3669,9,5,0,9,0,3770,3636,113,4,0,15,0,2999,2839,98,19,19,30,0,3160,2895,55,0,0,0,40,3145,2915,50,0,0,0,40,3210,2906,156,34,31,59,2,3210,2906,156,30,17,1,2,11,87,2864,2857,1,3,0,0,0,3045,2970,60,4,0,4,0,0,2072,994,1052,2079,956,1123,2230,818,1280,2205,919,1185,2202,1084,1072,2126,879,1247,1924,876,1000,2270,953,1256,2537,1004,1494,2544,807,1473,2502,998,1504,0.0,18,18127,,,
507,18127050301,503.01,-87.1110155,41.6015802,7632556.0,7632556.0,0.0,2946,2604,242,55,38,28,3,3590,2818,685,40,18,8,0,3696,2965,606,77,23,11,0,3742,3017,425,160,59,59,5,4000,2913,792,289,20,12,0,4161,3262,583,210,81,21,0,2152,1949,142,27,23,17,0,2611,2101,440,30,14,25,0,2751,2226,430,49,14,35,0,2769,2294,251,111,47,52,5,2769,2294,251,91,44,2,0,9,78,2950,2249,510,185,6,0,0,3155,2605,380,119,43,10,0,0,1311,728,566,1171,632,539,1414,602,692,1374,674,608,1382,784,547,1335,683,652,1137,615,480,1447,707,685,1699,784,878,1708,651,878,1688,785,903,0.0,18,18127,,,
508,18127051009,510.09,-86.9785017,41.4770971,77286475.0,77286475.0,0.0,4785,4382,253,94,40,29,3,4915,4176,533,211,107,0,0,4926,4353,360,228,101,0,0,5799,4916,418,144,113,144,8,4950,4484,340,217,23,4,0,5766,5363,297,81,14,28,0,3683,3404,163,81,22,18,3,3705,3300,225,95,75,0,0,3825,3420,220,110,70,0,0,4536,3924,259,111,87,105,5,4536,3924,259,91,60,10,0,7,185,3711,3350,234,105,25,0,0,4375,4055,205,70,15,20,0,0,2073,939,1108,2040,856,1184,2352,814,1361,2304,882,1287,2308,1038,1205,2214,864,1350,2028,864,1108,2415,945,1397,2796,1054,1678,2790,857,1651,2746,1026,1720,0.0,18,18127,,,
509,18127050302,503.02,-87.0938096,41.6337587,26389002.0,22375548.0,4013454.0,3542,3195,220,66,48,21,4,3328,2871,375,0,76,43,0,3475,2917,468,3,80,45,0,4074,3417,377,128,78,69,5,3436,2898,351,23,117,60,0,3938,3259,392,134,70,118,0,2681,2467,133,31,31,17,1,2520,2225,270,0,15,4,0,2685,2320,340,0,15,4,0,3246,2795,242,73,46,59,3,3246,2795,242,57,30,12,2,18,90,2640,2273,282,0,61,40,0,3130,2765,255,34,15,60,0,0,1758,1016,714,1839,1016,823,2048,959,910,2020,1017,872,2028,1147,811,1947,1020,927,1732,979,692,2012,1058,882,2135,1121,973,2141,954,1014,2122,1107,1015,0.0,18,18127,,,
510,18127050408,504.08,-87.1691876,41.5900914,3780825.0,3780825.0,0.0,3775,2975,496,248,39,66,4,3932,2991,653,288,0,0,0,4024,2936,887,201,0,0,0,3917,2688,706,361,33,121,1,3392,2545,678,169,0,0,0,3564,2675,595,267,0,67,0,2884,2370,319,156,26,36,3,3150,2540,430,180,0,0,0,3195,2405,610,180,0,0,0,3070,2256,475,214,27,84,1,3070,2256,475,191,15,13,1,5,114,2766,2172,443,150,0,0,0,2815,2205,400,185,0,25,0,0,1622,961,642,1622,1005,617,1704,820,759,1673,973,593,1681,1100,516,1621,991,630,1328,789,485,1671,941,666,1845,965,838,1845,837,854,1822,995,827,0.0,18,18127,,,
511,18127050409,504.09,-87.1429941,41.5834611,7587930.0,7477782.0,110148.0,4139,3097,701,246,75,38,4,4290,2817,900,382,378,0,54,3961,2687,807,277,318,0,30,4339,2876,861,418,97,105,13,4706,3468,951,240,196,0,28,5158,3928,899,308,12,41,0,3008,2376,418,148,46,25,4,2870,2095,600,75,100,0,0,2705,2055,505,64,80,0,0,3364,2344,592,273,74,76,7,3364,2344,592,234,55,8,4,9,118,3257,2578,570,39,67,0,0,3695,3055,460,135,10,40,0,0,1824,1022,769,1808,1063,745,1933,936,841,1894,1048,745,1906,1172,683,1827,1048,779,1542,878,616,1914,1031,819,2113,1066,1008,2108,927,1050,2094,1083,1011,0.0,18,18127,,,
512,18127050801,508.01,-87.0562283,41.4729807,1861942.0,1861942.0,0.0,2952,2580,208,80,68,26,2,3063,2893,59,111,0,0,0,2811,2532,141,161,20,0,0,2921,2456,276,79,58,42,1,2981,2414,446,161,28,5,0,2669,2248,373,86,22,12,0,2392,2131,137,56,55,16,1,2235,2060,60,110,0,0,0,2185,2000,55,130,0,0,0,2355,2022,188,50,42,41,1,2355,2022,188,39,24,4,1,7,70,2281,1997,196,99,0,3,0,2065,1900,130,25,0,14,0,0,1320,801,497,1152,714,438,1311,739,460,1291,752,438,1282,827,403,1234,741,493,1098,724,345,1287,799,444,1402,888,484,1401,760,543,1390,860,530,0.0,18,18127,,,
513,18127050705,507.05,-87.0327435,41.4896591,2237672.0,2237672.0,0.0,3634,3040,249,213,116,41,2,3483,2980,326,120,36,7,14,3670,3086,331,139,99,0,15,3929,3022,378,327,88,108,2,3629,3159,218,252,0,0,0,3754,3248,83,387,0,27,0,2733,2382,138,121,76,24,2,2786,2494,182,64,24,7,14,2801,2485,217,57,32,0,14,2989,2455,231,168,52,84,2,2989,2455,231,145,39,7,0,4,108,2814,2531,161,132,0,0,0,2730,2560,45,130,0,0,0,0,1571,844,712,1503,774,729,1680,810,729,1645,847,711,1639,913,674,1579,808,771,1395,788,575,1694,902,736,1907,1037,829,1922,862,928,1898,1004,894,0.0,18,18127,,,
514,18127050706,507.06,-87.0474776,41.4901505,4024591.0,4024591.0,0.0,4507,3748,384,272,83,43,8,4605,3842,451,215,34,29,73,4908,4062,359,261,76,88,62,4567,3568,450,307,143,78,6,5412,4263,343,195,163,77,30,5087,4053,248,239,148,20,0,3476,3032,225,150,55,28,6,3733,3211,268,156,16,28,56,3903,3325,193,208,23,85,61,3733,3037,293,213,104,57,5,3733,3037,293,187,82,0,2,17,115,4272,3791,185,139,45,80,29,4200,3715,250,195,20,20,0,0,1832,1030,785,1948,1057,891,2027,1032,841,1981,1040,823,1981,1149,775,1901,996,905,1678,963,658,1968,1063,835,2078,1115,917,2080,900,1023,2051,1072,979,0.0,18,18127,,,
515,18127050802,508.02,-87.0350885,41.4695492,2815653.0,2815653.0,0.0,3755,3033,347,182,161,46,3,3602,2811,221,270,300,14,0,3511,2574,444,248,245,11,0,3646,2669,460,292,154,117,4,3442,2489,426,291,236,16,0,3738,2693,776,196,73,30,0,2973,2495,206,105,137,32,2,2720,2295,140,185,105,0,0,2615,2125,225,185,80,0,0,2981,2285,320,200,115,92,4,2981,2285,320,164,91,9,1,0,111,2428,1985,186,185,73,0,0,2660,2195,245,140,75,0,0,0,1375,795,564,1384,802,582,1447,704,615,1419,739,594,1423,824,547,1372,717,655,1153,676,434,1413,764,595,1523,832,660,1535,691,698,1521,807,714,0.0,18,18127,,,
516,18127051012,510.12,-87.1750589,41.4082641,33544721.0,33310719.0,234002.0,3493,3191,210,46,35,15,0,3669,3372,247,0,50,0,50,3853,3386,420,0,48,0,48,3753,3279,243,78,54,96,7,3244,2918,291,0,35,0,35,3207,2870,216,27,54,31,39,2691,2508,124,26,27,8,0,2899,2774,105,0,0,0,0,3049,2873,158,0,0,0,0,2941,2635,154,40,25,73,0,2941,2635,154,33,13,3,0,11,92,2730,2587,127,0,0,0,0,2470,2260,160,15,0,20,0,15,1751,816,916,1656,760,896,1813,605,1100,1782,730,958,1783,839,899,1720,734,986,1442,593,803,1794,684,1060,1994,666,1300,2010,573,1242,1979,688,1291,0.0,18,18127,,,
517,18127050901,509.01,-87.0707184,41.4639328,3665308.0,3665308.0,0.0,2422,2008,208,103,98,25,0,2547,2063,304,76,79,0,0,2510,2076,256,73,80,0,0,2226,1629,316,133,82,68,2,2451,1991,358,32,51,0,0,2378,1835,285,90,119,0,0,2080,1758,147,84,85,24,0,2132,1862,193,64,21,0,0,2162,1885,186,56,34,0,0,1822,1386,207,101,63,55,2,1822,1386,207,86,52,5,0,13,73,1840,1491,283,22,43,0,0,1840,1430,285,80,44,0,0,0,693,419,263,630,356,274,729,365,293,705,363,284,682,388,259,646,344,302,585,343,217,686,372,285,745,406,322,718,315,343,705,363,342,0.0,18,18127,,,
518,18127051011,510.11,-87.2133429,41.4126802,8648579.0,8105000.0,543579.0,3617,3208,298,36,64,21,4,3587,3114,344,0,102,27,28,3538,3107,292,58,77,3,33,3688,2998,416,100,70,69,0,4275,2820,833,521,62,39,22,4436,2812,739,744,24,41,0,2849,2594,181,23,39,12,4,2921,2656,180,0,30,25,0,2776,2502,157,60,20,4,0,2934,2464,289,64,49,44,0,2934,2464,289,46,39,0,0,17,79,3252,2382,393,405,15,30,0,3335,2400,300,580,19,30,0,0,1841,902,921,1778,816,962,1905,728,1090,1866,800,997,1871,876,962,1823,786,1037,1416,618,765,1880,776,1064,2123,822,1278,2126,703,1291,2110,806,1304,0.0,18,18127,,,
519,18063211100,2111,-86.6143795,39.6653014,137156582.0,136565267.0,591315.0,3553,3479,32,11,11,18,0,3820,3771,3,20,6,20,0,3720,3673,4,20,7,16,0,3610,3381,68,26,23,90,1,3697,3628,9,8,13,13,0,3444,3361,49,9,0,12,0,2641,2595,20,4,7,13,0,2885,2845,4,15,4,19,0,2820,2775,4,15,4,19,0,2783,2631,47,15,13,58,1,2783,2631,47,11,7,4,1,9,73,2751,2712,2,2,15,15,0,2585,2540,34,4,0,8,0,4,1516,498,995,1429,333,1096,1665,258,1343,1627,325,1231,1607,405,1168,1565,242,1323,1340,284,1014,1641,316,1289,1866,309,1528,1856,205,1105,1793,334,1459,0.0,18,18063,,,
520,18063210400,2104,-86.6182212,39.8370603,272391374.0,271855260.0,536114.0,4920,4804,39,23,25,25,7,4995,4923,14,2,18,38,0,5140,5064,19,6,40,11,0,5035,4782,41,59,27,122,2,5226,5135,12,2,14,13,0,5230,4993,18,8,108,71,0,3704,3637,25,9,16,13,5,3850,3805,4,0,0,35,0,3940,3905,14,0,10,10,0,3907,3738,18,34,17,95,0,3907,3738,18,12,9,16,0,7,107,4003,3963,13,0,15,15,0,3885,3830,10,4,15,28,0,0,2468,728,1694,2357,496,1861,2613,408,2096,2582,542,1920,2572,652,1863,2485,401,2084,2180,469,1652,2628,524,2046,2995,507,2442,2971,331,1769,2895,567,2328,0.0,18,18063,,,
521,18063210900,2109,-86.40141,39.7095575,4112181.0,4065193.0,46988.0,3450,3077,102,228,27,22,4,3129,2982,98,29,0,20,0,3239,3091,107,28,0,13,0,3393,3020,119,101,22,99,6,3490,3189,127,14,0,12,0,3295,2996,134,12,12,8,0,2691,2389,68,200,17,15,3,2540,2495,20,0,0,20,0,2570,2495,60,0,0,15,0,2675,2431,71,70,10,72,4,2675,2431,71,61,2,12,3,16,79,2757,2662,75,0,0,14,0,2570,2455,94,0,0,10,0,10,1061,472,567,1216,455,761,1569,429,1009,1547,508,935,1529,570,897,1479,399,1080,1175,417,696,1491,510,919,1591,573,980,1579,411,895,1543,573,970,0.0,18,18063,,,
522,18097310110,3101.10,-86.2830259,39.8453099,1889711.0,1889711.0,0.0,2881,1327,240,1219,100,25,2,2963,1346,112,1283,230,16,0,3064,1396,120,1376,182,20,0,3125,1033,350,1619,89,60,2,2694,1257,128,1107,136,108,0,2619,1091,186,1233,67,134,0,2280,1198,157,837,83,21,2,2130,1135,30,860,95,0,0,2225,1185,40,890,90,0,0,2456,932,242,1182,72,42,1,2456,932,242,1134,60,0,0,8,80,2059,1084,54,771,49,85,0,2055,970,110,860,45,75,0,0,1397,1026,360,1244,929,315,1323,977,254,1323,968,280,1316,992,285,1295,916,379,1111,923,159,1281,1002,239,1327,1085,216,1322,917,341,1308,1066,242,0.0,18,18097,,,
523,18097310310,3103.10,-86.2626487,39.8606826,2119564.0,2119564.0,0.0,4474,1553,450,2209,263,33,6,4982,1328,655,2883,93,80,15,5022,1446,414,3057,99,6,15,4550,1151,758,2439,172,84,10,5540,1494,355,3669,102,2,12,5220,1594,774,2959,237,3,0,3138,1218,261,1461,198,21,4,3340,1055,280,1895,35,25,0,3385,1170,165,1980,45,4,0,3318,960,470,1718,134,60,9,3318,960,470,1615,113,7,5,34,114,3882,1184,189,2455,49,0,0,3610,1285,425,1739,64,0,0,95,2120,1639,469,2044,1613,431,2006,1554,348,1997,1524,383,1990,1565,388,1964,1477,487,1735,1417,270,1972,1575,348,2053,1689,329,2067,1478,481,2062,1688,374,0.0,18,18097,,,
524,18097330109,3301.09,-86.0196226,39.9161418,5286006.0,5286006.0,0.0,5063,3912,293,672,173,28,11,5074,4540,24,394,98,0,0,4868,4224,27,489,94,0,0,4907,3600,388,601,218,111,16,4970,4394,82,296,164,0,3,4896,4004,215,487,172,15,3,3945,3177,187,440,126,19,6,4195,3915,10,210,50,0,0,3915,3545,10,310,55,0,0,3985,3054,258,425,161,86,11,3985,3054,258,365,129,1,0,11,167,3926,3493,12,267,149,0,0,3725,3115,50,440,115,0,0,4,2905,1419,1465,2784,1281,1503,2848,1348,1271,2837,1337,1362,2839,1454,1323,2764,1185,1579,2476,1359,1034,2812,1448,1266,2945,1620,1266,2956,1251,1425,2930,1582,1348,0.0,18,18097,,,
525,18097330804,3308.04,-86.0006819,39.8371672,1315938.0,1315938.0,0.0,3498,320,636,2547,32,31,10,3084,488,525,2103,0,82,0,3083,668,493,1960,0,0,0,3671,295,1545,1812,25,71,8,3247,1022,584,1657,0,0,0,3031,994,623,1412,0,2,0,2049,273,388,1386,25,19,6,1680,325,160,1195,0,30,0,1710,450,50,1215,0,0,0,2400,249,949,1181,19,42,7,2400,249,949,1137,13,7,3,8,34,2044,883,14,1152,0,0,0,1970,885,10,1080,0,4,0,0,884,826,52,812,748,64,830,731,77,821,701,81,820,726,75,814,694,120,541,476,46,749,657,74,736,647,83,745,609,113,740,660,80,0.0,18,18097,,,
526,18159020401,204.01,-86.0410582,40.2832232,5183573.0,5183573.0,0.0,4135,3958,109,22,32,18,5,4116,3879,47,36,17,76,61,4010,3802,56,44,28,80,0,4198,3939,110,39,30,63,10,3887,3716,76,33,17,45,0,4315,4207,42,48,0,18,0,3147,3056,59,8,19,11,2,3055,2880,25,15,15,75,40,3150,2980,30,25,30,80,0,3316,3151,78,13,21,39,7,3316,3151,78,12,9,4,0,11,51,3155,3020,47,28,16,45,0,3575,3495,40,14,0,20,0,0,1819,876,910,1673,637,1036,1788,448,1225,1762,612,1009,1743,635,1036,1665,414,1251,1426,468,860,1752,548,1122,1929,541,1330,1920,339,1195,1850,573,1277,0.0,18,18159,,,
527,18159020402,204.02,-86.0264846,40.2983193,77545308.0,77545308.0,0.0,2565,2478,44,10,12,10,6,2309,2172,129,8,0,0,0,2410,2236,106,68,0,0,0,2537,2342,92,21,17,43,4,2257,2026,149,82,0,0,0,2256,2011,139,106,0,27,0,1970,1917,26,3,9,8,5,1830,1750,75,10,0,0,0,1845,1810,35,0,0,0,0,1962,1847,54,6,15,29,2,1962,1847,54,3,12,0,0,3,43,1659,1607,57,0,0,0,0,1700,1620,45,30,0,0,0,0,1275,560,693,1156,403,753,1229,272,891,1222,385,754,1211,422,748,1161,254,907,1017,310,645,1217,342,831,1356,332,999,1345,202,868,1292,353,939,0.0,18,18159,,,
528,18097322602,3226.02,-86.1167578,39.8352083,1648827.0,1632159.0,16668.0,1131,160,41,931,5,11,4,1168,247,31,842,48,0,0,1176,279,20,792,44,0,0,1356,304,95,922,28,35,3,1726,441,138,1054,60,0,0,1789,475,202,915,129,0,0,843,151,23,663,3,5,3,940,235,30,665,10,0,0,990,300,20,665,10,0,0,1141,273,68,770,22,29,3,1141,273,68,725,10,6,0,6,53,1469,455,90,918,11,0,0,1435,470,120,835,8,0,0,0,473,436,33,608,575,33,602,522,44,602,522,51,596,526,60,588,510,78,495,450,28,560,503,44,551,502,43,549,451,79,549,497,52,0.0,18,18097,,,
529,18097322601,3226.01,-86.1136678,39.8285914,1481947.0,1481947.0,0.0,2133,228,60,1837,14,23,5,2635,0,44,2635,0,13,0,2700,60,47,2640,0,0,0,2438,99,143,2181,16,62,0,2313,64,19,2249,0,0,0,2075,86,16,1961,0,12,0,1607,209,36,1351,11,16,3,1835,0,45,1790,0,0,0,1655,30,50,1585,0,0,0,1650,81,79,1473,12,40,0,1650,81,79,1405,6,5,0,12,62,1478,30,19,1429,0,0,0,1340,55,15,1255,0,10,0,0,1087,1028,53,876,835,41,808,755,31,799,739,32,802,760,34,790,730,60,620,582,20,763,719,32,782,732,38,790,678,92,791,734,57,0.0,18,18097,,,
530,18097320305,3203.05,-86.0768143,39.8950024,3518107.0,3518107.0,0.0,2834,2472,87,198,70,7,0,2960,2646,108,152,36,9,0,2921,2610,80,190,21,12,0,2963,2500,107,224,83,23,3,2845,2687,82,54,22,0,0,2845,2452,105,274,14,16,0,2110,1875,47,138,47,3,0,2059,1918,51,69,14,8,0,2025,1876,40,96,7,11,0,2150,1839,72,156,45,14,3,2150,1839,72,146,31,0,0,7,55,2007,1903,84,20,0,0,0,2020,1805,35,165,15,0,0,0,1830,835,978,1721,754,967,1784,901,712,1803,877,847,1801,966,801,1729,751,978,1657,1003,605,1805,1007,731,1882,1187,658,1901,830,964,1881,1112,769,0.0,18,18097,,,
531,18097341702,3417.02,-86.2389363,39.77093,4005405.0,4005405.0,0.0,1886,1262,396,195,11,36,3,1469,1113,159,191,0,9,0,1339,939,132,267,0,6,0,1962,1237,498,174,18,60,4,2285,1672,0,613,0,0,0,2280,1610,160,368,0,4,0,1379,997,227,132,9,24,3,1067,934,13,113,0,10,0,997,780,39,178,0,4,0,1483,1040,293,112,11,40,4,1483,1040,293,81,6,4,0,12,47,1538,1200,0,339,0,0,0,1480,1180,19,275,0,8,0,0,469,274,185,365,206,159,370,164,182,370,178,156,366,201,150,355,166,189,283,141,121,371,180,174,412,183,223,417,166,187,415,207,208,0.0,18,18097,,,
532,18097340903,3409.03,-86.2689092,39.7881794,975531.0,975531.0,0.0,1517,796,140,522,71,12,3,1615,555,319,674,77,1,0,1431,580,83,708,70,2,0,1742,534,225,897,51,41,8,1515,941,29,545,0,0,0,1689,580,49,1001,54,0,0,1120,636,89,343,56,7,3,826,405,17,376,28,2,0,853,454,21,353,26,2,0,1380,495,162,659,43,36,3,1380,495,162,622,37,6,0,7,51,1270,820,9,440,0,0,0,1250,545,15,650,45,0,0,0,681,449,226,602,368,234,544,358,157,542,353,155,540,376,149,531,341,190,440,315,109,550,385,148,617,454,154,621,388,185,618,448,170,0.0,18,18097,,,
533,18097310113,3101.13,-86.3141075,39.8804228,20116149.0,17523818.0,2592331.0,1173,741,32,353,47,3,0,1236,692,80,438,41,25,0,1303,725,82,464,36,41,2,1228,860,32,271,44,22,1,922,641,19,36,226,0,0,756,602,42,86,26,0,0,859,581,15,234,32,3,0,854,477,27,335,8,11,0,878,482,27,351,18,18,0,1004,723,22,219,33,13,1,1004,723,22,212,22,0,0,2,23,649,461,21,35,133,0,0,650,535,40,50,25,0,0,0,706,381,316,733,386,347,722,405,263,734,392,317,731,408,313,711,349,362,710,436,257,763,449,295,848,538,297,860,409,406,854,517,337,0.0,18,18097,,,
534,18097354202,3542.02,-86.1472373,39.7792027,941911.0,941911.0,0.0,2268,1601,75,478,109,23,3,2841,1821,167,635,179,55,0,3109,1855,233,641,369,22,26,3206,2246,135,501,258,59,1,3359,2134,189,633,399,22,19,3424,2365,185,580,287,26,25,2184,1554,68,451,102,22,3,2673,1760,123,614,130,37,0,2787,1800,198,621,141,2,10,3039,2167,121,459,228,52,1,3039,2167,121,411,189,3,0,18,130,3061,2095,162,634,156,0,1,3215,2320,185,560,125,0,4,20,1304,1009,280,1288,955,333,1832,1410,302,1812,1317,403,1817,1390,382,1758,1272,486,1592,1308,241,1755,1368,337,1774,1433,316,1775,1140,574,1760,1356,404,0.0,18,18097,,,
535,18097390602,3906.02,-86.0173309,39.8649389,12084677.0,12084677.0,0.0,2486,1344,330,728,77,22,4,3224,1442,125,1491,134,44,0,3380,1710,154,1349,135,36,10,3157,1410,267,1349,108,52,3,3078,1393,49,1127,226,44,15,3200,1394,155,1409,0,11,4,1863,1097,195,505,56,16,2,2745,1365,125,1140,70,45,0,2840,1600,120,1015,55,35,0,2629,1279,190,1027,96,51,3,2629,1279,190,953,70,2,2,25,108,2573,1553,26,859,72,46,0,2840,1475,95,1265,0,10,0,4,1160,723,431,1018,601,417,1326,836,411,1316,810,436,1314,859,418,1276,747,529,1154,797,316,1362,897,423,1526,1054,446,1538,884,549,1527,1022,505,0.0,18,18097,,,
536,18097341701,3417.01,-86.2215809,39.7713235,2025736.0,2025736.0,0.0,2920,1700,718,443,29,54,16,3407,1527,1215,675,0,57,0,3530,1576,1182,791,0,70,0,2906,952,1102,806,23,111,6,2825,1169,1025,631,0,105,0,2093,884,795,414,0,109,0,2101,1365,419,269,21,41,9,1723,1091,292,342,0,0,0,1793,1065,416,322,0,0,0,2003,799,661,508,17,71,4,2003,799,661,471,10,5,0,2,55,1355,775,287,296,0,0,0,1345,770,160,415,0,0,0,0,592,369,210,459,276,183,550,282,231,537,308,181,537,329,179,527,289,238,391,231,135,514,294,197,527,286,233,529,255,195,530,313,217,0.0,18,18097,,,
537,18097310112,3101.12,-86.2839633,39.9031023,18017256.0,17717676.0,299580.0,5923,3845,144,1547,382,23,3,6416,4058,355,1730,306,59,9,6575,4000,397,1959,233,79,14,6264,3543,340,1911,396,113,12,7242,4655,530,1890,180,186,31,6636,4277,168,1786,359,70,0,4487,3045,90,1066,279,16,1,4611,3038,143,1245,177,14,0,4747,3023,163,1399,152,22,0,5064,3052,218,1435,292,76,7,5064,3052,218,1362,260,6,3,19,144,5327,3724,189,1289,96,60,0,4845,3460,94,1070,195,10,0,15,3807,2237,1548,3677,2072,1605,3846,2246,1332,3854,2196,1515,3851,2287,1489,3749,1924,1825,3610,2343,1173,3912,2420,1388,4167,2781,1324,4194,2122,1861,4164,2665,1499,0.0,18,18097,,,
538,18097390801,3908.01,-86.291134,39.7268044,9318509.0,9309542.0,8967.0,0,0,0,0,0,0,0,0,0,0,0,0,0,0,0,0,0,0,0,0,0,1,0,1,0,0,1,0,0,0,0,0,0,0,0,0,0,0,0,0,0,0,0,0,0,0,0,0,0,0,0,0,0,0,0,0,0,0,0,0,0,0,0,1,0,1,0,0,1,0,1,0,1,0,0,0,0,0,0,0,0,0,0,0,0,0,0,0,0,0,0,0,0,0,0,0,0,0,0,0,0,0,0,0,0,0,0,0,0,0,0,0,0,0,0,0,0,0,0,0,0,0,0,0,0,0,0,0.0,18,18097,,,
539,18097390601,3906.01,-86.0606222,39.8591296,2191898.0,2191898.0,0.0,2111,548,208,1338,27,14,1,2574,750,454,1274,0,96,0,2306,645,308,1217,0,135,0,959,553,95,293,24,15,4,2641,985,510,1032,0,114,0,1704,1019,0,541,86,58,0,1400,429,117,841,16,10,1,1220,600,30,555,0,30,0,1197,577,45,529,0,45,0,783,479,68,215,23,13,4,783,479,68,179,16,0,4,3,34,1618,948,62,576,0,36,0,1605,975,0,500,85,39,0,0,753,596,151,675,496,179,525,350,140,529,336,170,526,351,164,513,318,195,370,242,117,488,323,152,496,332,154,500,275,197,494,325,169,0.0,18,18097,,,
540,18097390406,3904.06,-86.0314305,39.6812766,7208602.0,7208602.0,0.0,4515,3892,203,214,199,26,18,5600,4616,143,325,516,18,0,5626,4629,122,330,521,39,0,5870,4407,310,384,649,101,9,6133,4731,80,199,852,44,0,6844,4649,275,394,1295,7,0,3081,2716,108,121,124,17,8,3450,2970,55,180,230,20,0,3555,2965,50,285,220,40,0,4142,3200,187,229,424,79,6,4142,3200,187,197,391,15,4,19,129,3523,2973,0,159,366,45,0,4000,3135,60,230,575,4,0,0,1629,644,964,2031,667,1364,2439,788,1499,2427,817,1500,2422,924,1431,2342,688,1654,2118,838,1209,2551,939,1540,2997,1157,1785,3002,820,1758,2962,1124,1838,0.0,18,18097,,,
541,18097391002,3910.02,-86.1607052,39.7751448,1943434.0,1943434.0,0.0,2955,2072,106,406,370,17,0,4550,3216,197,400,753,12,0,4642,3254,153,442,802,0,0,5931,3855,365,553,1090,60,3,5207,3721,233,465,796,4,0,5735,4037,515,420,737,22,0,2889,2043,102,380,360,17,0,3773,3058,113,342,250,11,0,3890,3123,97,395,280,0,0,5689,3767,324,516,1019,47,2,5689,3767,324,444,924,6,0,32,192,4386,3601,172,312,297,3,0,4645,3765,330,280,260,19,0,0,1672,1211,445,1310,868,442,1665,1131,360,1643,1048,493,1625,1111,451,1568,1009,559,1385,1077,260,1749,1262,419,2185,1720,425,2024,1257,668,2003,1492,511,0.0,18,18097,,,
542,18097320205,3202.05,-86.0967375,39.923495,4522327.0,4395018.0,127309.0,2060,1283,459,219,99,13,2,1992,1203,355,335,91,8,0,1989,1417,85,378,96,13,0,2492,1556,332,391,165,47,7,2135,1389,159,518,69,0,0,1996,1271,359,332,28,0,26,1849,1242,344,174,83,13,2,1502,1119,25,301,50,10,0,1786,1353,25,341,62,15,0,2283,1478,259,347,151,42,7,2283,1478,259,313,133,1,5,19,75,1900,1395,20,464,35,0,0,1655,1265,60,280,30,0,25,0,716,385,326,646,317,329,851,483,292,845,436,356,837,484,325,804,415,389,785,520,233,891,531,324,1011,639,349,1016,513,433,1014,625,389,0.0,18,18097,,,
543,18097320306,3203.06,-86.0888812,39.9017472,4588095.0,4537165.0,50930.0,3624,3244,89,178,107,7,0,3775,3034,236,362,108,53,0,4057,3162,233,508,119,53,26,3997,3165,168,414,186,68,3,4112,3282,163,460,135,92,19,4057,3223,31,557,242,59,44,3125,2805,74,157,86,7,0,3056,2547,164,275,16,7,0,3310,2614,175,388,48,9,0,3458,2759,132,352,154,55,2,3458,2759,132,296,120,17,2,14,118,3494,2862,120,360,38,50,0,3475,2765,30,435,145,0,0,105,2317,969,1340,2276,831,1445,2164,1064,946,2176,972,1118,2167,1058,1058,2087,838,1249,1894,1042,806,2161,1114,986,2303,1330,925,2312,958,1235,2297,1238,1059,0.0,18,18097,,,
544,18121030402,304.02,-87.207731,39.6646349,212784745.0,212345005.0,439740.0,2366,2330,15,8,2,12,0,2569,2274,0,121,0,32,142,2634,2425,0,95,0,114,0,2260,2177,22,9,9,37,0,2906,2823,0,63,0,20,0,2145,2055,0,5,0,85,0,1840,1820,7,3,1,10,0,2000,1780,0,45,0,34,140,1970,1820,0,30,0,115,0,1764,1699,16,7,5,34,0,1764,1699,16,5,5,16,0,1,22,1993,1966,0,0,0,21,0,1670,1580,0,4,0,88,0,0,1137,492,601,1019,354,665,1103,244,821,1097,414,626,1101,454,626,1066,278,788,919,269,597,1073,306,743,1177,237,922,1176,190,811,1135,266,869,0.0,18,18121,,,
545,18121030401,304.01,-87.095305,39.7057052,219128447.0,210575326.0,8553121.0,2780,2704,31,22,14,13,1,2131,2102,0,0,0,29,0,2200,2091,0,0,0,109,0,2459,2390,22,16,4,22,1,2033,2007,0,0,0,26,0,2176,2128,0,48,20,0,0,2233,2179,20,15,9,7,1,1710,1680,0,0,0,30,0,1855,1745,0,0,0,110,0,1933,1883,10,12,3,20,0,1933,1883,10,4,3,9,0,3,21,1668,1639,0,0,0,25,0,1750,1730,0,0,0,0,0,20,1140,436,678,1144,351,793,1149,253,847,1153,380,693,1146,399,717,1114,266,848,973,253,678,1135,299,803,1252,251,977,1247,201,847,1198,308,890,0.0,18,18121,,,
546,18043071004,710.04,-85.9747397,38.3798229,62138771.0,61954426.0,184345.0,3929,3820,43,22,25,26,1,4619,4381,82,69,39,26,0,4667,4486,53,78,26,5,0,4842,4455,101,97,60,88,2,5097,4833,62,124,68,4,0,4930,4653,118,78,65,0,0,2944,2881,19,12,18,15,1,3345,3245,0,39,40,20,0,3370,3250,30,55,25,4,0,3572,3340,59,46,38,56,0,3572,3340,59,36,23,3,0,10,101,3566,3377,52,96,42,2,0,3520,3385,70,39,30,0,0,0,2174,781,1367,2182,752,1430,2521,688,1685,2511,820,1624,2455,791,1610,2346,639,1707,2147,718,1350,2535,793,1678,2818,898,1877,2806,729,1932,2758,848,1910,0.0,18,18043,,,
547,18043070700,707,-85.8343702,38.2961307,1832350.0,1832350.0,0.0,2356,1733,113,493,23,27,2,2507,1657,180,743,0,0,0,2450,1700,140,611,0,0,0,2427,1678,171,501,32,64,9,2409,1649,243,512,0,5,0,2675,1956,177,521,0,31,0,1736,1354,65,306,14,17,1,1900,1405,70,435,0,0,0,2015,1495,115,400,0,0,0,1809,1357,100,300,16,48,4,1809,1357,100,254,10,4,0,5,79,1848,1383,101,361,0,1,0,2020,1590,70,340,0,30,0,0,1012,638,366,787,484,303,902,460,380,890,502,345,874,485,355,841,465,376,712,413,266,883,473,375,958,504,435,944,458,455,937,498,439,0.0,18,18043,,,
548,18043070301,703.01,-85.797263,38.3151664,3315738.0,3242362.0,73376.0,3019,2810,65,107,18,15,1,2743,2685,0,23,27,8,0,2680,2577,13,26,46,18,13,2995,2623,104,155,25,75,4,3121,3042,11,34,8,26,11,3414,3248,8,125,30,3,8,2472,2346,39,64,11,11,1,2355,2295,0,20,24,10,0,2260,2160,15,30,40,20,0,2482,2214,65,103,20,63,4,2482,2214,65,81,10,3,0,9,100,2705,2636,10,34,0,23,0,2900,2740,10,125,20,4,0,0,1660,793,857,1561,765,796,1562,708,739,1552,767,718,1532,778,702,1483,714,769,1294,688,562,1525,769,702,1612,849,724,1618,737,813,1587,830,757,0.0,18,18043,,,
549,18043070400,704,-85.8116136,38.2889878,1526865.0,1526865.0,0.0,2637,2253,86,268,9,32,4,2427,2207,84,101,35,0,6,2640,2514,57,70,0,1,0,2828,2316,109,311,25,80,0,2780,2668,40,72,0,0,0,2872,2701,45,98,42,14,0,2068,1837,49,157,7,25,3,1880,1760,50,64,0,0,0,2155,2080,45,29,0,0,0,2254,1905,76,197,25,62,0,2254,1905,76,152,13,16,0,2,90,2289,2205,27,51,0,0,0,2320,2195,40,70,15,0,0,0,826,475,333,786,487,299,875,482,305,884,515,312,873,523,309,837,490,347,783,510,226,938,570,324,1123,702,394,1113,639,433,1090,686,404,1959.705230333993,18,18043,,,
550,18043071003,710.03,-85.8691231,38.3652909,63650819.0,63206996.0,443823.0,6885,6565,93,84,113,34,1,7026,6795,115,0,92,24,0,7140,6939,24,43,117,17,0,7692,7027,191,116,160,138,7,7139,6907,77,69,74,12,0,7293,6762,225,98,134,73,0,5139,4960,48,49,66,23,1,5295,5155,80,0,40,25,0,5470,5385,0,15,55,15,0,5839,5409,115,69,97,100,1,5839,5409,115,50,78,9,0,18,160,5496,5378,54,36,22,10,0,5455,5170,165,15,40,69,0,0,4025,1499,2498,4025,1369,2656,4412,1398,2779,4407,1574,2723,4323,1522,2717,4175,1289,2886,3891,1502,2271,4442,1556,2779,4880,1712,3068,4845,1381,3278,4738,1620,3118,0.0,18,18043,,,
551,18043070302,703.02,-85.805165,38.3018209,1600061.0,1600061.0,0.0,3175,2838,100,193,19,32,1,3691,3223,243,196,62,16,12,3582,3083,251,189,57,30,9,3258,2714,144,275,61,76,4,3242,2789,236,189,22,38,6,3257,2894,95,147,26,136,0,2482,2285,61,109,10,28,1,2870,2685,40,69,45,15,0,2785,2560,60,90,40,30,0,2600,2255,85,163,36,54,2,2600,2255,85,128,25,6,0,5,96,2510,2312,67,92,0,43,0,2640,2395,40,110,0,94,0,0,1539,826,699,1266,701,565,1381,659,602,1362,699,587,1350,707,579,1314,667,647,1120,639,428,1346,716,575,1450,803,614,1455,716,669,1428,787,641,0.0,18,18043,,,
552,18043070801,708.01,-85.8449011,38.3048712,5784146.0,5761076.0,23070.0,3530,2434,154,896,50,28,6,3421,2651,124,609,29,8,0,3497,2407,327,715,38,9,0,3389,2172,176,886,52,131,5,3224,2129,366,694,10,35,0,3249,1928,322,909,30,63,0,2378,1841,58,438,35,17,4,2340,1885,125,300,19,10,0,2300,1730,150,390,29,10,0,2377,1703,84,477,35,86,0,2377,1703,84,403,25,18,0,9,135,2247,1626,168,416,10,22,0,2360,1620,150,520,30,35,0,0,1127,679,432,990,603,387,1072,542,454,1059,577,434,1037,555,440,1008,537,471,807,455,314,1018,544,437,1068,562,475,1061,523,494,1052,563,489,0.0,18,18043,,,
553,18043070600,706,-85.8526643,38.2868805,10466044.0,10417239.0,48805.0,2302,2119,39,98,17,15,4,2572,2436,60,95,32,9,0,2522,2428,48,65,16,6,0,2401,2160,74,65,26,49,9,2557,2486,16,25,30,7,0,2345,2222,8,34,47,23,0,1866,1742,25,66,13,13,2,2100,2035,10,34,25,0,0,2055,2000,15,29,15,0,0,1989,1810,51,49,23,40,9,1989,1810,51,29,13,1,2,8,75,2179,2127,14,25,10,0,0,2010,1915,10,35,25,25,0,0,1293,637,639,1178,601,577,1211,549,587,1211,618,555,1191,588,577,1150,556,594,1029,544,456,1199,598,572,1303,658,622,1295,579,676,1276,643,633,1035.5911535717657,18,18043,,,
554,18043070500,705,-85.8250394,38.2888875,3022744.0,3013729.0,9015.0,3156,2643,112,364,16,32,1,2970,2201,83,593,0,147,0,2739,2155,77,457,0,46,0,3061,2294,176,452,31,126,7,2650,2161,49,403,0,35,0,2982,2405,24,478,15,32,0,2476,2148,64,234,8,27,1,2535,1955,75,425,0,119,0,2275,1845,80,305,0,45,0,2526,1966,125,328,23,98,3,2526,1966,125,260,10,11,0,0,154,2268,1904,49,285,0,36,0,2405,2040,15,300,15,34,0,0,986,588,377,916,570,346,1032,511,432,1029,565,399,1012,557,403,984,536,448,859,521,289,1038,577,412,1150,655,468,1138,590,490,1111,650,461,1217.791341881164,18,18043,,,
555,18043070200,702,-85.799743,38.2924929,1718477.0,1612377.0,106100.0,1897,1506,85,273,14,25,1,1761,1247,176,319,0,34,0,1770,1204,178,375,0,30,0,1770,1220,83,395,29,65,5,1926,1321,241,440,0,44,0,2040,1199,409,512,0,10,8,1370,1154,40,155,7,15,0,1190,965,40,149,0,35,0,1195,930,60,165,0,29,0,1292,969,48,215,21,49,5,1292,969,48,165,11,4,0,0,95,1372,977,201,147,0,47,0,1425,1020,235,150,0,4,0,10,667,405,252,470,301,169,617,297,260,610,319,250,601,328,240,591,313,278,467,275,162,602,328,243,659,371,270,654,335,284,647,367,280,946.9430938927245,18,18043,,,
556,18043070802,708.02,-85.8287586,38.3187348,4196699.0,4138279.0,58420.0,4312,3674,192,359,70,37,4,4391,3670,207,459,40,7,8,4378,3666,160,466,69,11,6,4770,3720,279,568,82,118,11,4706,3660,250,803,79,23,10,5111,3954,440,714,108,9,0,3383,2980,123,220,40,23,1,3570,3110,95,320,30,4,0,3535,3095,94,280,55,10,0,3826,3133,172,359,64,93,7,3826,3133,172,288,50,19,0,13,151,3575,3070,47,354,75,24,0,3675,3205,80,345,29,8,0,0,1964,967,974,1835,876,959,2017,831,1061,1994,923,987,1960,894,1005,1903,803,1100,1632,829,749,1993,923,1010,2193,1031,1120,2181,912,1183,2146,1025,1121,0.0,18,18043,,,
557,18043070901,709.01,-85.8092712,38.3279649,4438914.0,4437789.0,1125.0,5634,4927,165,438,78,29,11,5389,4554,247,400,155,33,9,5480,4331,382,483,154,114,11,6011,4885,375,490,129,145,3,5129,4049,417,405,149,93,17,5468,4460,178,484,267,66,23,4384,3934,102,273,55,24,5,4265,3785,115,285,40,35,0,4270,3570,135,405,40,115,0,4731,3981,244,336,84,111,2,4731,3981,244,271,68,4,0,6,157,3931,3231,217,340,32,96,0,4105,3360,115,395,160,25,0,65,2813,1384,1402,2604,1268,1336,2658,1110,1347,2639,1236,1311,2595,1200,1317,2501,1093,1408,2256,1118,1038,2664,1241,1337,2966,1428,1482,2963,1218,1635,2900,1373,1527,0.0,18,18043,,,
558,18031969400,9694,-85.4137787,39.2710724,220936075.0,220583012.0,353063.0,5623,5457,68,27,43,28,7,6213,6090,7,48,19,49,0,6448,6316,5,47,22,58,0,5748,5487,71,36,33,111,2,6487,6371,4,51,36,11,0,5907,5666,108,29,57,33,0,4271,4163,44,10,31,21,1,4693,4607,4,19,15,53,0,4818,4713,4,20,20,59,0,4460,4271,42,22,25,85,2,4460,4271,42,12,14,9,0,5,107,4958,4893,4,20,36,8,0,4570,4370,94,29,60,23,0,0,2675,900,1730,2643,675,1968,2872,509,2247,2827,755,1930,2800,826,1909,2733,442,2291,2403,585,1707,2812,639,2097,3074,579,2440,3075,341,2081,2968,617,2351,0.0,18,18031,,,
559,18031969500,9695,-85.5827583,39.1911614,191358277.0,191218622.0,139655.0,3767,3680,32,18,12,23,1,3896,3753,43,0,10,81,0,3903,3752,58,0,11,74,0,3717,3551,55,21,5,73,2,3857,3731,44,2,0,62,0,4097,3997,53,1,0,22,0,2771,2720,14,5,10,17,1,3035,2930,25,0,10,60,0,2965,2875,25,0,10,55,0,2777,2658,33,12,4,59,2,2777,2658,33,5,3,11,1,1,65,2804,2765,29,0,0,44,0,3080,3035,25,0,0,20,0,0,1565,579,952,1477,415,1062,1628,248,1304,1594,397,1096,1578,470,1064,1526,241,1285,1309,311,919,1583,338,1194,1753,272,1448,1754,191,1129,1687,347,1340,0.0,18,18031,,,
560,18031969000,9690,-85.4125649,39.3941148,264331645.0,263305509.0,1026136.0,4978,4809,69,30,39,15,2,5224,4922,99,15,106,69,0,5019,4768,112,28,112,85,0,5292,4960,125,46,66,86,6,4987,4862,58,0,67,42,0,5223,4939,72,35,1,159,17,3710,3608,40,18,32,13,1,3780,3604,100,0,75,0,0,3790,3600,110,0,85,0,0,4166,3941,77,21,53,70,6,4166,3941,77,8,41,6,0,3,90,3602,3479,58,0,66,0,0,3730,3515,70,35,4,90,0,15,2276,762,1455,2157,578,1579,2331,442,1775,2287,611,1569,2267,629,1576,2206,396,1810,1924,458,1388,2334,528,1740,2694,537,2097,2692,348,1752,2589,558,2031,0.0,18,18031,,,
561,18031969200,9692,-85.5410653,39.3517216,68105579.0,67953535.0,152044.0,4867,4570,155,30,72,45,2,4907,4522,17,121,235,36,0,4935,4531,41,97,254,41,0,5393,4818,229,84,94,130,15,5092,4342,176,37,424,131,0,5240,4528,258,139,136,261,48,3581,3398,79,21,48,35,1,3682,3518,15,80,70,20,0,3642,3487,40,40,75,25,0,4103,3711,150,45,72,91,10,4103,3711,150,22,56,7,5,9,143,3853,3562,100,42,130,63,0,4015,3815,80,20,4,70,0,50,1652,722,900,1478,530,948,1809,397,1295,1746,541,1102,1732,568,1102,1696,359,1337,1367,395,887,1773,473,1231,2062,482,1526,2048,321,1275,1968,505,1463,0.0,18,18031,,,
562,18031969100,9691,-85.6005136,39.3241627,220091738.0,219807204.0,284534.0,3280,3188,52,16,16,10,3,3258,3090,136,32,0,0,0,3226,3085,92,49,0,0,0,3145,2972,68,26,9,49,4,3066,2984,77,3,2,0,0,2835,2741,23,24,13,34,0,2458,2397,35,9,9,8,3,2330,2295,19,15,0,0,0,2345,2320,4,20,0,0,0,2392,2264,51,21,3,38,3,2392,2264,51,8,2,0,1,6,60,2118,2113,1,0,0,0,0,1985,1930,0,10,8,32,0,0,1284,480,777,1216,358,858,1351,233,1041,1315,339,902,1307,395,872,1278,217,1061,1095,257,775,1310,282,980,1461,243,1177,1455,157,883,1385,290,1095,0.0,18,18031,,,
563,18039000801,8.01,-85.6836871,41.6692385,51404538.0,50924828.0,479710.0,3424,3280,70,23,27,17,1,3415,3153,161,0,25,69,32,3375,3039,221,31,18,58,26,3707,3508,71,32,31,55,10,3678,3343,222,37,21,47,29,3960,3741,47,68,0,58,46,2305,2232,32,10,13,11,0,2265,2115,60,0,0,70,4,2225,2060,60,30,0,55,10,2556,2434,48,13,8,48,4,2556,2434,48,9,0,5,0,1,59,2288,2109,68,35,0,51,7,2490,2340,30,50,0,45,0,30,1170,340,816,1061,219,842,1050,179,815,1051,218,790,1048,213,808,1031,137,894,879,218,646,1092,223,846,1261,272,973,1267,186,903,1248,236,1012,1452.502143928813,18,18039,,,
564,18039001801,18.01,-85.919486,41.7368277,22068273.0,21597150.0,471123.0,4012,3278,373,284,54,31,3,3495,3156,123,81,63,64,0,4134,3501,310,179,54,89,0,4297,3311,516,264,81,155,4,4331,3617,269,241,112,97,0,4472,3739,289,274,116,129,0,2951,2558,191,142,36,25,2,2698,2474,90,79,29,25,0,3025,2606,189,165,45,20,0,3302,2693,290,180,47,91,1,3302,2693,290,140,33,10,0,15,121,3309,2811,155,222,96,23,0,3380,2845,180,215,99,24,0,15,1740,815,909,1582,640,942,1498,511,899,1495,556,862,1489,569,888,1480,389,1091,1254,551,664,1527,591,892,1723,698,993,1719,548,1039,1701,681,1020,4449.079410874173,18,18039,,,
565,18039001701,17.01,-85.9584156,41.7421888,9496952.0,8275946.0,1221006.0,3361,2929,183,163,68,36,3,3984,3116,299,396,143,22,0,3986,3144,377,387,61,10,0,3450,2657,290,339,52,109,5,3760,2931,128,577,104,11,0,3416,2395,192,720,97,13,0,2635,2383,111,84,40,25,1,2800,2385,140,180,70,25,0,2770,2325,190,180,60,10,0,2697,2227,160,170,51,75,5,2697,2227,160,146,36,11,0,5,112,3129,2620,110,292,100,11,0,2565,2105,115,240,95,4,0,0,1444,681,740,1372,502,870,1274,362,863,1271,424,768,1265,421,809,1267,308,959,1045,393,630,1316,429,853,1507,473,1016,1518,379,1039,1508,485,1023,2698.86273340661,18,18039,,,
566,18039002102,21.02,-85.9514417,41.6574116,4180608.0,4180608.0,0.0,5194,2391,1598,1151,66,96,6,5936,2179,2450,1278,31,41,8,5542,2048,2253,1211,63,39,0,5293,1913,2293,972,63,129,5,5514,2387,1946,1171,89,56,0,5140,1928,1789,1459,19,49,0,3482,1867,927,642,38,56,3,2860,1560,600,655,30,33,10,3005,1555,720,660,45,24,0,3712,1538,1443,626,44,99,4,3712,1538,1443,536,39,3,2,17,134,3259,1808,631,711,72,24,0,3160,1575,655,910,0,4,0,20,1312,853,438,1159,714,445,1115,588,476,1104,613,417,1102,618,445,1089,547,542,771,452,291,1054,589,436,1149,637,490,1159,573,499,1154,655,499,0.0,18,18039,,,
567,18039001502,15.02,-86.0367683,41.7300944,31609590.0,31331550.0,278040.0,6108,5407,315,224,116,57,14,6939,6303,224,367,0,0,0,7181,6406,280,382,11,0,0,7113,5714,607,405,165,242,6,6986,6105,341,415,13,8,0,7194,5845,438,854,125,36,0,4590,4208,164,123,65,30,4,4890,4665,65,165,0,0,0,5275,4985,100,190,0,0,0,5446,4560,371,236,109,166,4,5446,4560,371,159,90,16,2,5,243,5354,4979,124,244,0,8,0,5530,4990,80,370,60,34,0,0,2563,1112,1424,2460,864,1596,2529,678,1717,2513,810,1565,2504,823,1603,2481,550,1931,2045,724,1255,2610,831,1703,3064,980,2031,3060,768,2078,3035,961,2074,4817.846257461736,18,18039,,,
568,18039001601,16.01,-85.9769163,41.7106868,6962631.0,6723065.0,239566.0,4825,3409,757,545,65,60,4,4636,3618,592,237,48,142,8,4650,3625,602,242,53,128,11,4886,3009,1117,495,149,159,6,4504,3168,1014,195,35,92,13,4584,3807,587,170,20,0,20,3523,2706,423,307,47,37,3,3660,3060,215,205,25,140,0,3510,2915,220,210,25,125,0,3741,2498,708,323,118,110,4,3741,2498,708,248,92,5,0,9,181,3128,2400,428,164,20,95,0,3320,2860,315,130,0,0,0,20,1445,836,584,1281,623,658,1313,507,728,1310,538,676,1297,555,682,1290,439,851,971,460,472,1264,539,679,1397,610,763,1417,503,811,1389,605,784,0.0,18,18039,,,
569,18039000501,5.01,-85.8771008,41.5940706,4956040.0,4956040.0,0.0,5959,3309,2347,216,86,68,7,6472,3305,2711,344,91,78,0,6281,3393,2423,410,122,0,0,6924,3402,3005,341,106,226,2,7003,3105,3611,276,0,11,0,7333,3809,3267,235,0,22,0,3971,2526,1286,96,51,49,5,3533,2539,810,115,35,35,0,3693,2594,845,195,55,0,0,4767,2612,1831,174,79,163,2,4767,2612,1831,131,62,8,0,14,109,4071,2222,1634,199,0,9,0,4575,2810,1545,205,0,20,0,0,1746,765,956,1569,629,940,1650,643,901,1649,685,872,1647,709,889,1614,550,1064,1305,604,656,1667,705,907,1880,804,1029,1890,652,1074,1860,778,1082,0.0,18,18039,,,
570,18039002101,21.01,-85.9360739,41.6337535,16300179.0,16277535.0,22644.0,4061,3192,489,311,60,23,1,4081,2936,697,380,62,15,0,4519,2788,1148,507,75,10,0,4255,2962,904,231,63,103,3,4362,3207,705,457,83,14,0,4922,3114,1253,521,133,84,0,2893,2399,284,171,37,15,0,2835,2280,210,284,40,4,0,3025,2210,395,360,50,0,0,3075,2319,540,118,33,68,1,3075,2319,540,101,26,8,0,8,73,2924,2298,347,212,59,0,0,3020,2085,575,260,50,24,0,10,1696,693,982,1627,559,1068,1609,437,1090,1604,495,1028,1588,492,1054,1577,351,1226,1301,426,835,1594,483,1064,1741,548,1168,1748,420,1168,1737,522,1215,0.0,18,18039,,,
571,18039001501,15.01,-86.0306304,41.6913627,11012076.0,9744246.0,1267830.0,5050,3878,445,601,87,55,14,4683,3241,777,640,54,257,0,4499,3091,783,561,63,110,0,5745,3765,759,1035,115,180,10,4827,3492,700,621,1,159,1,5607,3950,928,851,3,39,3,3656,3042,227,305,53,36,8,3210,2580,210,355,40,59,0,3175,2505,265,325,50,44,0,4060,2960,418,521,76,115,7,4060,2960,418,420,54,7,4,13,184,3426,2726,336,344,0,23,0,3990,2995,555,440,0,35,0,0,1840,931,892,1699,731,968,1581,531,964,1569,602,868,1579,622,913,1556,458,1098,1228,539,649,1572,612,912,1765,703,1018,1778,574,1054,1762,696,1066,0.0,18,18039,,,
572,18035002800,28,-85.3811169,40.1961705,2450101.0,2366292.0,83809.0,2443,1912,70,402,15,54,0,2079,1469,156,500,0,85,0,2001,1483,132,437,0,72,0,2181,1563,80,445,21,42,5,1905,1456,92,416,1,22,0,1901,1549,28,199,16,165,0,1949,1571,46,286,14,41,0,1625,1285,44,264,0,30,0,1585,1290,35,229,0,25,0,1769,1289,57,360,18,36,4,1769,1289,57,330,15,6,3,15,54,1511,1269,33,201,0,5,0,1645,1400,30,123,4,85,0,0,813,586,200,673,471,202,693,394,241,687,418,216,683,437,209,655,395,260,542,356,156,661,412,219,710,428,265,714,363,286,701,436,265,0.0,18,18035,,,
573,18039000100,1,-85.8352019,41.5817738,1870614.0,1851721.0,18893.0,3215,2191,889,95,46,19,2,2781,1848,747,149,11,31,0,2855,2055,594,166,23,25,0,2862,1831,771,144,42,80,6,2754,2181,486,41,24,22,0,2989,2176,717,62,54,23,0,2252,1671,503,46,25,13,0,1978,1558,275,114,4,25,0,2029,1649,220,129,4,20,0,2158,1478,498,89,34,54,3,2158,1478,498,61,19,3,0,12,87,1884,1626,190,41,11,15,0,1920,1660,195,44,10,8,0,0,1051,634,398,941,547,394,974,540,356,978,567,351,969,585,351,956,481,475,877,570,278,983,600,352,1068,686,368,1051,577,389,1051,653,398,0.0,18,18039,,,
574,18039001000,10,-85.8274672,41.4809787,94156493.0,94000161.0,156332.0,4288,4081,159,15,17,22,7,4465,3966,432,14,36,17,0,4484,3981,431,0,45,27,0,4996,4459,370,58,39,81,10,4497,3947,501,5,44,0,0,4961,4505,384,29,43,0,0,3036,2925,90,3,8,13,5,3050,2910,115,0,19,4,0,3065,2900,125,0,29,10,0,3489,3204,206,17,14,47,3,3489,3204,206,11,14,7,0,2,45,3099,2911,168,0,29,0,0,3505,3265,199,0,45,0,0,0,1747,432,1287,1790,329,1461,1927,275,1549,1924,392,1442,1921,390,1489,1899,246,1653,1604,343,1233,1947,351,1555,2192,373,1785,2205,255,1469,2189,359,1830,0.0,18,18039,,,
575,18119955701,9557.01,-86.8547687,39.3190371,166365516.0,166048517.0,316999.0,3104,3008,38,20,18,33,3,3124,3091,0,0,13,20,0,3226,3176,0,0,14,36,0,3070,2822,49,33,27,111,2,3326,3306,0,0,20,0,0,2925,2851,0,0,16,58,0,2383,2320,24,12,13,24,2,2405,2375,0,0,15,20,0,2520,2470,0,0,15,35,0,2408,2259,24,11,17,80,2,2408,2259,24,4,13,7,0,3,98,2564,2540,0,0,17,0,0,2355,2280,0,0,15,60,0,0,1213,522,658,1149,433,716,1242,280,877,1230,378,766,1223,435,731,1185,315,870,1077,334,677,1284,360,865,1523,368,1118,1514,283,881,1462,399,1063,0.0,18,18119,,,
576,18119955702,9557.02,-86.9821987,39.2517071,216025887.0,215521271.0,504616.0,2013,1954,16,10,3,28,0,1993,1934,39,20,0,0,0,1825,1755,52,18,0,0,0,1884,1810,8,16,9,31,3,1683,1598,42,18,0,25,0,1746,1622,71,0,20,73,0,1475,1444,9,5,1,17,0,1460,1420,40,0,0,0,0,1300,1250,50,0,0,0,0,1429,1367,5,9,7,29,3,1429,1367,5,4,4,8,0,3,38,1375,1310,40,0,0,25,0,1310,1190,65,0,0,50,0,0,754,319,417,701,224,477,807,133,626,793,220,520,781,263,486,746,159,587,629,154,446,763,171,563,816,141,666,813,100,542,783,158,625,0.0,18,18119,,,
577,18061060500,605,-86.0341563,38.1916916,167442219.0,167378222.0,63997.0,5885,5719,44,39,42,37,2,5576,5305,110,37,92,4,0,5605,5346,44,55,135,3,0,5864,5510,77,50,67,110,0,5587,5257,76,59,177,2,0,5658,5289,55,63,248,17,8,4469,4369,27,17,31,25,1,4200,4110,15,30,39,4,0,4360,4240,0,50,74,4,0,4573,4328,46,26,39,94,0,4573,4328,46,11,36,9,0,10,133,4129,4037,2,30,66,2,0,4135,3980,35,30,80,4,0,10,3393,1494,1859,2931,985,1946,3165,789,2224,3167,1103,2003,3149,996,2097,3032,784,2248,2624,821,1705,3123,907,2155,3397,867,2477,3400,705,2428,3312,883,2429,0.0,18,18061,,,
578,18043070902,709.02,-85.8146693,38.3114457,1304865.0,1303650.0,1215.0,1582,1312,110,145,7,13,0,1541,1214,204,127,0,10,0,1449,1134,148,173,0,5,0,1723,1290,85,275,12,51,1,1661,1362,121,140,0,7,0,1721,1434,114,91,11,59,0,1180,1021,67,78,3,11,0,1090,960,40,85,0,10,0,995,875,10,105,0,4,0,1300,1044,47,149,10,37,1,1300,1044,47,125,5,9,0,2,68,1152,1046,17,82,0,3,0,1265,1145,24,60,10,25,0,0,498,284,206,424,239,185,482,195,243,470,243,205,465,239,207,460,216,244,341,192,129,466,229,218,522,248,262,514,220,268,519,256,263,0.0,18,18043,,,
579,18043071101,711.01,-85.9855123,38.3207077,53354471.0,53111451.0,243020.0,5858,5669,64,52,46,36,1,5700,5382,62,124,107,12,0,5850,5596,76,99,72,11,0,6250,5802,127,81,76,116,1,5702,5498,23,104,58,19,0,6131,5816,135,103,16,27,0,4296,4185,35,27,25,29,1,4095,3915,60,59,45,10,0,4265,4085,75,45,55,10,0,4699,4422,71,35,42,83,1,4699,4422,71,18,34,5,0,15,134,4183,4029,24,73,40,19,0,4385,4245,44,45,19,24,0,0,2985,1114,1831,3045,1086,1959,3287,900,2167,3277,1067,2081,3233,1060,2070,3114,903,2211,2791,981,1694,3298,1051,2138,3635,1175,2377,3634,1008,2455,3564,1140,2424,0.0,18,18043,,,
580,18097340115,3401.15,-86.285366,39.8213775,2982471.0,2866538.0,115933.0,6016,2185,1160,2595,105,58,6,5951,1375,1389,3297,123,44,17,5955,1349,1150,3618,73,73,43,6601,1557,1194,3710,88,119,6,5933,1611,1267,3362,99,40,18,5419,1873,465,2862,82,94,83,4647,1917,755,1901,85,49,4,4212,1261,495,2285,124,0,0,4154,1294,355,2370,60,0,0,5030,1413,809,2684,71,86,4,5030,1413,809,2525,57,9,1,37,179,3869,1527,328,1907,75,0,0,3755,1770,190,1645,40,30,0,85,2354,1775,560,2014,1496,518,1971,1425,447,1955,1393,445,1954,1457,432,1917,1359,558,1599,1220,314,1906,1429,418,1992,1541,419,1993,1363,508,1982,1552,430,0.0,18,18097,,,
581,18097370204,3702.04,-86.2231384,39.7049445,8169295.0,8074128.0,95167.0,3828,3330,205,243,29,29,2,3663,3318,306,10,0,49,0,3196,2834,318,1,1,42,0,4035,3197,493,203,35,121,9,2982,2851,124,0,0,0,0,3348,3188,128,0,0,47,0,2798,2529,116,113,15,23,2,2865,2755,70,0,0,40,0,2530,2429,55,0,0,40,0,3120,2566,315,125,20,101,8,3120,2566,315,92,8,5,4,4,126,2357,2307,47,0,0,0,0,2565,2460,85,0,0,20,0,0,978,479,475,835,387,448,969,286,618,963,368,520,957,400,511,935,304,631,670,285,347,931,348,547,1028,349,654,1028,287,540,1020,395,625,0.0,18,18097,,,
582,18097354201,3542.01,-86.1483958,39.771174,942261.0,942261.0,0.0,3523,2098,115,1197,113,35,3,4662,2853,124,1312,354,45,0,4773,3022,114,1223,393,37,0,4538,2987,259,876,353,68,12,4966,3238,113,1120,471,34,0,4738,3112,89,998,448,53,0,3360,2030,105,1111,105,29,2,4142,2720,62,1216,115,43,0,4333,2940,77,1164,124,38,0,4344,2930,223,800,322,53,5,4344,2930,223,736,278,3,2,22,150,4515,3091,72,1056,266,33,0,4190,2915,29,884,334,55,0,0,1367,986,369,1552,1061,491,2303,1633,474,2261,1510,644,1955,1357,555,1882,1161,721,2149,1695,394,2236,1641,524,2543,1999,499,2294,1336,868,2278,1656,622,0.0,18,18097,,,
583,18097361601,3616.01,-85.9808751,39.7655876,9976065.0,9934378.0,41687.0,5257,3258,224,1585,185,44,8,5471,3161,123,1517,640,30,0,5923,3325,376,1790,393,39,0,5290,2713,386,1973,170,94,14,5968,2597,258,2810,285,18,0,5377,2439,336,2394,164,44,0,3750,2519,130,972,124,24,4,4130,2600,80,1105,340,10,0,4455,2615,235,1335,255,15,0,4111,2294,236,1409,136,59,6,4111,2294,236,1308,105,0,0,13,155,4838,2055,148,2494,135,11,0,4525,2135,150,2150,60,25,0,0,2508,1379,1111,2436,1300,1136,2563,1348,1071,2567,1372,1065,2558,1460,1030,2512,1261,1251,2254,1332,851,2570,1471,1024,2738,1639,1050,2755,1374,1150,2737,1666,1071,0.0,18,18097,,,
584,18097380103,3801.03,-86.2038155,39.6787065,27833951.0,27552733.0,281218.0,7060,5962,369,456,248,45,1,9383,6755,675,1488,507,0,0,10233,7205,470,1661,999,0,0,9056,5948,685,898,1282,210,22,9186,6419,260,2400,107,0,0,9570,6518,371,2459,216,6,0,4848,4242,202,229,157,27,0,5559,4774,90,622,22,0,0,5668,5085,53,413,17,0,0,6424,4544,409,540,757,140,16,6424,4544,409,460,709,7,6,31,258,5570,4555,0,969,39,0,0,6025,4410,150,1290,165,4,0,0,2412,1184,1203,2417,980,1437,2907,1080,1642,2883,1165,1531,2868,1272,1499,2776,1021,1755,2309,1034,1167,2991,1278,1603,3498,1539,1868,3508,1196,1741,3482,1570,1912,0.0,18,18097,,,
585,18097330210,3302.10,-85.9676065,39.8444773,5271327.0,5269606.0,1721.0,4497,1295,388,2730,120,42,17,5507,1811,1124,2480,146,33,0,5408,1598,1233,2668,93,190,0,6309,1283,689,4217,142,105,6,6779,1075,985,4882,101,169,0,6479,978,830,4864,132,444,0,2953,1007,225,1650,73,25,9,3310,1410,554,1298,54,0,0,3461,1397,562,1473,31,0,0,4392,1053,412,2824,82,72,1,4392,1053,412,2683,64,4,0,31,145,4188,951,460,2746,18,0,0,3995,855,330,2745,40,155,0,0,2017,1616,390,2097,1660,437,2075,1623,374,2073,1607,384,2070,1641,383,2042,1544,498,1931,1604,284,2264,1829,389,2719,2260,425,2734,1944,655,2728,2238,490,0.0,18,18097,,,
586,18097330211,3302.11,-85.9817557,39.8409314,5240841.0,5240841.0,0.0,5154,1158,405,3550,49,52,22,5825,1134,317,4266,27,66,0,6309,1194,313,4688,73,133,0,6010,1108,922,3919,72,122,25,4913,1225,276,3261,59,121,0,5397,1150,619,3533,56,31,0,3392,960,237,2160,31,32,10,4245,970,111,3087,11,60,0,4644,1033,113,3367,14,95,0,4149,929,592,2570,48,92,16,4149,929,592,2455,30,10,5,14,114,3839,1100,80,2509,11,120,0,3420,960,325,2080,10,30,0,15,1870,1603,255,1776,1511,265,1541,1220,263,1540,1204,274,1535,1230,272,1519,1187,332,1315,1093,175,1591,1292,264,1812,1503,289,1829,1348,378,1819,1508,311,0.0,18,18097,,,
587,18097320206,3202.06,-86.1292531,39.9165438,2373036.0,2349239.0,23797.0,3337,1510,630,684,521,23,10,3926,2110,127,1129,536,32,0,3802,1944,128,1117,594,19,0,2915,1240,560,752,328,85,4,3375,1367,288,1264,307,0,0,3067,1175,268,923,463,1,0,2451,1295,390,457,309,16,7,2543,1676,50,699,80,25,0,2674,1712,80,789,73,20,0,2115,1050,319,519,204,53,2,2115,1050,319,478,185,0,0,9,74,2365,1406,94,814,50,0,0,2045,1215,40,680,115,4,0,0,1164,714,441,1123,665,458,1218,744,399,1217,725,421,1218,767,418,1184,671,513,1032,696,298,1179,750,393,1209,794,389,1215,630,503,1207,774,433,0.0,18,18097,,,
588,18097340904,3409.04,-86.260126,39.7892407,2445009.0,2435857.0,9152.0,4612,2676,280,1387,259,38,7,5042,2347,746,1736,166,42,24,4673,2358,348,1741,167,59,25,5235,2459,396,2237,86,67,2,4742,2532,276,1755,152,0,27,4652,2548,34,2022,0,48,0,3529,2184,178,952,197,32,4,3049,1805,193,984,42,8,25,2957,1906,134,847,39,8,25,4084,2148,276,1526,76,64,2,4084,2148,276,1445,55,9,0,23,128,3247,2028,136,1005,46,0,24,3160,2130,35,945,0,50,0,0,1644,933,694,1544,868,676,1799,899,764,1786,929,737,1783,1019,699,1726,844,882,1465,836,560,1781,993,715,1928,1120,761,1941,890,816,1931,1144,787,0.0,18,18097,,,
589,18097390802,3908.02,-86.3056135,39.6962064,24757361.0,24748054.0,9307.0,4074,3638,192,165,35,48,1,3997,3119,321,405,10,151,0,3926,2745,536,431,62,151,0,4892,3595,410,667,80,145,5,3995,2836,572,474,70,43,0,4556,3036,637,741,74,0,0,2857,2605,105,94,25,30,1,2834,2373,85,265,10,95,0,2684,2178,100,280,30,95,0,3431,2654,235,385,60,90,4,3431,2654,235,353,46,17,0,21,105,2699,2200,111,285,54,45,0,2900,2390,65,390,49,0,0,0,1217,587,618,1137,445,692,1290,355,846,1289,447,743,1283,486,732,1257,371,886,997,346,609,1300,446,801,1491,503,953,1499,386,791,1488,544,944,0.0,18,18097,,,
590,18097357601,3576.01,-86.1284458,39.7307464,2092516.0,2092516.0,0.0,4892,3714,555,534,33,62,2,5028,3132,1560,288,11,37,0,5144,3618,1126,239,10,151,0,5132,3211,1180,597,42,194,5,4831,3770,847,100,0,114,0,5001,3439,1238,227,0,97,0,3635,2916,336,326,22,48,2,3390,2765,290,289,10,35,0,3800,3165,235,234,10,150,0,3836,2614,699,366,38,154,5,3836,2614,699,303,24,25,2,16,153,3854,3316,322,91,0,116,0,3775,3115,400,170,0,85,0,0,1162,688,451,980,554,426,1084,440,578,1071,494,487,1074,541,479,1048,463,585,788,388,354,1066,495,521,1181,526,634,1178,443,555,1176,565,611,0.0,18,18097,,,
591,18097340302,3403.02,-86.2475721,39.8095753,2115686.0,2115686.0,0.0,4958,882,2465,1503,172,57,3,4516,279,2037,2194,340,28,0,4412,346,2355,1947,130,0,0,4968,625,2556,1565,222,145,6,5088,696,2663,2086,148,0,0,5263,1173,2588,2118,0,0,0,3312,771,1587,894,100,38,3,1645,270,240,1075,60,0,0,1450,335,195,915,0,0,0,3355,541,1612,1036,153,93,4,3355,541,1612,984,136,6,0,19,57,2036,647,569,822,0,0,0,2205,1035,650,515,0,0,0,0,956,729,218,826,645,181,767,552,179,761,562,164,765,577,163,749,552,197,554,405,128,715,534,161,725,541,176,730,494,193,729,556,173,0.0,18,18097,,,
592,18097340301,3403.01,-86.2480733,39.8202586,1127269.0,1127269.0,0.0,2530,658,996,864,29,14,8,4225,447,2389,1354,37,305,0,4514,616,2676,1200,0,180,0,3190,477,1574,1094,57,100,1,3788,806,2077,862,0,124,0,4259,865,2339,998,0,57,0,1801,578,639,569,21,9,4,1645,385,365,855,0,35,0,1770,430,505,820,0,20,0,2144,412,998,706,37,60,1,2144,412,998,649,36,0,0,6,43,1605,684,477,405,0,44,0,1715,585,620,460,0,60,0,0,780,585,190,671,527,144,586,427,134,577,417,125,577,442,116,561,408,153,407,293,92,544,398,128,556,409,140,558,349,171,556,408,148,0.0,18,18097,,,
593,18097330213,3302.13,-85.9600413,39.883754,4547196.0,4547196.0,0.0,4114,3238,158,608,75,32,3,4483,3230,298,956,67,103,40,4735,3403,338,1010,66,111,38,4063,3010,207,661,129,65,11,4490,3292,429,985,49,78,27,3909,3163,162,617,15,93,0,3089,2520,94,396,54,28,3,3421,2628,119,566,27,30,0,3693,2807,139,628,27,37,0,3268,2553,118,467,87,40,8,3268,2553,118,421,56,2,0,0,118,3679,2870,157,590,22,16,0,3355,2795,55,470,15,0,0,15,2130,1020,1097,2213,1010,1203,2146,893,1067,2145,936,1095,2138,964,1104,2083,771,1312,1869,943,843,2141,1010,1046,2273,1175,1037,2283,855,1199,2263,1145,1118,0.0,18,18097,,,
594,18097357602,3576.02,-86.1160719,39.7304877,1318986.0,1318986.0,0.0,1524,1108,117,285,9,17,3,1558,846,12,618,82,0,0,1470,735,0,617,118,0,0,1694,835,208,605,12,44,4,1484,738,0,516,230,0,0,1472,672,44,581,175,0,0,1149,905,67,161,8,15,2,1065,620,10,390,40,0,0,940,515,0,385,35,0,0,1151,682,125,312,7,32,3,1151,682,125,290,3,3,2,4,42,929,573,0,297,60,0,0,1045,550,30,435,35,0,0,0,468,273,189,419,256,163,463,221,216,454,243,184,460,252,193,450,224,226,329,183,131,437,229,193,461,237,214,467,196,204,464,248,216,0.0,18,18097,,,
595,18097330212,3302.12,-85.9558525,39.8695807,5224555.0,5224555.0,0.0,4698,2642,342,1636,81,39,6,4643,2146,254,2224,21,12,0,4786,2101,230,2420,20,29,0,5032,2039,548,2306,102,117,20,4968,2273,153,2482,26,27,0,5412,2046,427,2873,94,7,0,3294,2041,186,1008,52,28,2,3349,1872,116,1324,18,10,0,3482,1778,86,1567,18,28,0,3643,1652,322,1561,67,89,14,3643,1652,322,1443,50,10,5,16,145,3653,1899,128,1573,30,23,0,3645,1620,95,1840,85,4,0,0,1954,1246,691,1906,1198,708,2124,1367,624,2117,1362,621,2112,1418,615,2075,1301,774,1800,1267,459,2168,1488,607,2453,1766,650,2461,1513,733,2446,1762,684,0.0,18,18097,,,
596,18097380102,3801.02,-86.1861525,39.6788981,4974666.0,4974666.0,0.0,2841,2452,146,151,79,18,6,3774,2717,271,599,205,0,0,4119,2900,189,667,401,0,0,3238,1660,231,324,972,52,4,4283,2240,309,1026,708,0,0,3183,1386,265,42,1512,31,0,2122,1881,87,86,59,14,2,2236,1921,35,252,13,0,0,2281,2046,22,167,8,0,0,2287,1332,129,215,562,44,4,2287,1332,129,182,545,14,0,11,74,1556,1140,194,225,0,0,0,1650,1315,235,10,85,0,0,0,1028,482,533,975,393,582,1054,366,613,1043,395,583,1043,446,562,1014,352,662,810,354,422,1014,402,573,1082,430,629,1079,340,583,1073,441,632,0.0,18,18097,,,
597,18097370306,3703.06,-86.257565,39.6811872,4838241.0,4838241.0,0.0,5629,5040,301,214,53,53,1,5609,4861,214,481,54,0,0,5729,4791,237,580,123,0,0,5664,4409,491,485,99,149,11,5771,5209,203,306,53,0,0,5663,4576,560,558,66,0,0,3946,3625,164,105,33,35,1,3736,3517,56,108,55,0,0,3752,3439,84,168,65,0,0,4186,3401,308,281,66,102,9,4186,3401,308,244,44,9,0,15,165,3979,3770,85,111,11,0,0,4035,3475,245,300,30,0,0,0,1841,831,985,1752,693,1059,2156,593,1392,2132,723,1248,2127,829,1199,2073,642,1431,1703,643,984,2063,746,1224,2131,799,1278,2136,624,1068,2124,870,1254,0.0,18,18097,,,
598,18097370305,3703.05,-86.242417,39.6696656,9354985.0,9354985.0,0.0,2923,2658,121,113,21,15,1,3247,2535,225,230,57,125,0,3683,2774,252,435,60,78,0,3589,2580,228,625,59,115,11,3893,2098,228,1360,36,75,0,3960,2129,211,1402,43,62,0,2018,1885,63,46,14,12,1,2418,2130,133,50,36,75,0,2734,2275,146,197,36,80,0,2485,1920,125,333,32,78,6,2485,1920,125,282,22,8,3,4,121,3099,1775,121,1119,11,76,0,2995,1710,135,1075,15,59,0,0,1047,439,585,962,370,592,1191,323,789,1185,387,708,1186,446,691,1156,342,814,922,361,514,1201,425,726,1367,493,837,1370,391,675,1355,540,815,0.0,18,18097,,,
599,18097330701,3307.01,-86.0186676,39.8441195,1104808.0,1104808.0,0.0,2206,993,956,222,30,49,6,1951,782,1050,56,35,28,0,1779,743,886,103,30,17,0,2123,674,1127,268,30,85,9,2086,864,821,357,29,15,0,2354,535,1398,400,0,21,0,1536,789,573,138,23,31,4,1050,725,205,55,35,30,0,895,600,145,100,30,15,0,1515,580,691,190,28,68,5,1515,580,691,158,22,2,1,13,48,903,560,64,239,30,15,0,985,455,245,270,0,20,0,0,357,205,147,388,228,160,426,233,166,421,234,156,416,249,150,411,218,193,342,221,107,402,239,146,413,247,155,408,209,153,411,251,160,0.0,18,18097,,,
600,18097380302,3803.02,-86.129736,39.7140594,2329645.0,2329645.0,0.0,4137,3190,391,430,94,46,4,3455,2477,496,388,69,20,0,3161,2129,583,345,74,24,0,4141,2624,576,772,104,93,7,2773,1897,362,398,85,23,0,3031,2145,175,536,88,118,41,3267,2677,227,252,89,31,3,2749,2184,256,268,12,20,0,2468,1896,282,224,49,25,0,3351,2338,382,493,81,65,5,3351,2338,382,412,78,9,1,9,122,2249,1711,225,242,49,25,0,2375,1870,74,280,35,39,0,75,848,475,359,763,404,359,805,324,416,788,352,369,790,376,371,773,348,425,550,249,272,729,327,370,745,322,409,745,281,354,733,343,390,0.0,18,18097,,,
601,18097390409,3904.09,-86.0541018,39.6517625,5356017.0,5356017.0,0.0,7113,6224,215,280,367,30,9,6327,5964,56,200,108,0,28,6747,5526,218,486,605,0,23,8018,6069,337,418,1024,152,6,5922,5119,221,208,409,0,0,7171,5479,484,234,968,13,0,5099,4535,126,167,257,15,9,4650,4420,25,100,65,0,0,4705,4100,50,210,325,0,0,5935,4672,207,249,671,114,6,5935,4672,207,198,628,10,3,17,200,4427,3959,77,76,315,0,0,4975,4205,205,100,445,15,0,0,3018,1335,1648,2972,1104,1868,3358,1082,2009,3336,1170,1971,3320,1320,1882,3216,1002,2214,2757,1139,1517,3345,1274,1946,3658,1479,2098,3668,1074,1988,3636,1464,2172,0.0,18,18097,,,
602,18097361402,3614.02,-86.059146,39.7431601,14424896.0,14424896.0,0.0,5643,4394,431,722,60,46,5,6438,4995,403,951,50,7,1,5957,4513,538,821,72,13,1,5600,4063,720,612,73,127,3,5820,4623,655,438,104,0,8,5748,4376,1119,412,0,175,0,4206,3450,250,433,43,36,5,4724,4135,124,425,32,7,0,4452,3848,148,420,34,14,0,4269,3311,422,361,57,106,1,4269,3311,422,290,36,13,0,16,181,4511,3791,430,233,49,0,0,4290,3525,580,179,0,10,0,0,1935,994,900,1907,920,987,2030,716,1185,2010,807,1021,2003,878,1027,1957,718,1239,1572,657,845,1946,793,1070,2046,815,1184,2066,672,1055,2045,889,1156,0.0,18,18097,,,
603,18097380301,3803.01,-86.1203858,39.7197152,1293058.0,1293058.0,0.0,1888,1396,242,188,34,24,2,1420,1178,130,104,0,0,0,1441,999,343,93,0,0,0,1849,1141,478,186,25,46,3,1881,1291,513,77,0,0,0,2119,1543,554,22,0,0,0,1377,1104,134,94,28,16,1,1116,1026,19,77,0,0,0,1042,919,78,46,0,0,0,1358,938,281,109,9,34,3,1358,938,281,90,4,5,1,2,37,1135,964,136,35,0,0,0,1175,1060,115,0,0,0,0,0,407,223,177,376,189,187,439,164,250,444,186,223,442,191,225,432,172,260,325,131,178,412,167,228,420,163,249,419,145,214,419,176,243,0.0,18,18097,,,
604,18097380101,3801.01,-86.1899234,39.6478014,6265464.0,6265464.0,0.0,6586,5973,256,173,159,23,10,6703,5916,137,163,528,0,0,6887,5656,417,168,684,0,0,7112,5270,264,213,1228,112,5,6457,5569,364,134,431,0,0,7469,5762,380,507,1014,13,315,5031,4647,145,102,119,19,10,4675,4510,100,70,0,0,0,4630,4300,155,70,110,0,0,5499,4364,166,133,729,83,2,5499,4364,166,101,695,7,0,7,159,4786,4559,143,0,78,0,0,5585,4775,195,255,215,15,0,135,3349,1380,1938,3130,1073,2057,3294,1064,2008,3288,1181,1946,3274,1337,1862,3178,980,2198,2770,1113,1559,3283,1233,1950,3554,1348,2135,3564,992,2079,3530,1333,2197,0.0,18,18097,,,
605,18097381206,3812.06,-86.1494345,39.6432906,2890770.0,2890770.0,0.0,3729,3309,103,100,208,20,9,3743,2757,121,81,763,32,0,3789,2823,96,0,848,36,0,4395,2911,183,218,1002,82,6,4073,2766,104,37,1140,59,0,4683,2567,345,177,1584,34,9,3006,2720,69,62,147,13,4,2945,2500,110,60,250,20,0,2965,2555,80,0,310,20,0,3484,2521,129,159,619,65,5,3484,2521,129,127,588,5,0,10,104,2909,2467,89,0,311,25,0,2885,2180,265,135,250,10,0,35,1749,733,995,1552,603,949,1590,555,915,1582,615,863,1581,679,851,1539,513,1026,1253,555,653,1537,620,857,1616,663,914,1616,508,897,1600,660,940,0.0,18,18097,,,
606,18097381004,3810.04,-86.1319165,39.657085,2090504.0,2090504.0,0.0,3809,2034,315,210,1248,27,2,3620,2039,30,408,1138,35,0,3229,1691,121,382,1010,266,0,4045,1878,373,683,1068,70,12,3457,1755,186,169,1332,317,0,3397,1800,381,505,727,118,0,2643,1628,181,108,728,17,1,1935,1450,30,385,35,35,0,1935,1225,120,370,30,25,0,2863,1568,225,394,627,53,11,2863,1568,225,345,601,5,2,16,101,2029,1428,186,150,52,15,0,2405,1615,355,305,55,10,0,65,985,495,477,679,303,376,743,283,403,737,306,373,735,340,360,708,278,430,557,254,270,732,319,381,800,350,434,802,285,411,797,362,435,0.0,18,18097,,,
607,18097390411,3904.11,-86.073063,39.6877777,2510026.0,2510026.0,0.0,4366,3815,314,167,44,26,4,4187,3450,502,185,12,39,0,3750,3169,281,245,19,69,0,4395,3201,406,389,268,115,11,3492,2714,312,409,0,102,0,4254,2808,453,496,288,72,0,3200,2872,187,94,32,19,1,3118,2846,150,73,10,40,0,2931,2661,105,88,17,45,0,3300,2541,249,242,164,89,6,3300,2541,249,188,127,8,0,12,175,2600,2341,52,116,0,67,0,2680,2295,80,135,120,30,0,25,1672,774,887,1536,595,941,1619,521,948,1608,579,885,1598,648,886,1551,540,1011,1322,546,707,1590,628,885,1716,722,949,1721,533,892,1703,751,952,0.0,18,18097,,,
608,18097381003,3810.03,-86.1178315,39.658109,1898235.0,1898235.0,0.0,3670,2418,377,127,744,25,7,3519,1778,69,150,1511,19,0,3549,1744,53,172,1568,19,0,4005,1696,198,158,1913,48,18,3457,1822,73,177,1358,36,0,3513,1997,126,238,1131,8,0,2748,1940,248,77,480,17,5,1590,1390,14,85,84,20,0,1565,1360,4,90,95,20,0,2841,1423,122,110,1154,42,12,2841,1423,122,89,1109,1,1,2,94,1854,1548,0,88,185,32,0,2135,1790,49,99,190,4,0,4,1174,531,630,1100,427,673,1051,314,664,1045,355,611,1038,403,597,999,293,706,856,328,492,1021,363,619,1073,375,673,1075,284,629,1072,401,671,0.0,18,18097,,,
609,18097360407,3604.07,-85.9694954,39.8162989,3036982.0,3036982.0,0.0,3037,914,308,1804,37,35,4,3593,962,148,2483,0,0,27,3930,968,19,2943,0,0,0,3020,639,400,1927,37,46,10,3355,995,46,2314,0,0,0,3216,948,65,2203,0,0,0,2105,742,175,1170,26,21,3,2115,845,25,1240,0,0,0,2270,830,20,1420,0,0,0,2209,557,247,1357,33,35,4,2209,557,247,1300,29,6,3,7,60,2110,799,44,1269,0,0,0,2180,760,65,1360,0,0,0,0,1097,889,199,1145,926,219,1041,792,211,1031,777,192,1031,809,195,1013,765,248,818,649,140,999,785,185,1035,838,185,1041,745,219,1033,841,192,0.0,18,18097,,,
610,18097330702,3307.02,-86.0000638,39.8474318,2311088.0,2311088.0,0.0,3727,2440,800,410,54,58,9,3657,2110,1235,192,67,22,0,3902,2135,1421,189,128,0,0,5026,1555,3183,195,40,215,3,3708,1659,1811,213,0,162,0,4354,1821,2378,107,0,144,0,2920,2077,471,305,45,42,4,2405,1760,365,190,65,20,0,2620,1940,365,190,130,0,0,3420,1379,1829,123,28,143,3,3420,1379,1829,82,21,3,3,12,91,2342,1530,613,206,0,0,0,2260,1655,485,105,0,10,0,0,1143,601,526,1040,554,486,819,303,473,807,342,404,806,366,407,793,295,498,614,278,317,782,343,417,852,384,455,851,304,441,842,403,439,0.0,18,18097,,,
611,18097370203,3702.03,-86.2463945,39.7163205,2116785.0,2116785.0,0.0,3440,2697,234,465,30,31,7,2730,1820,93,795,24,7,0,3392,2189,438,696,20,7,34,4006,2277,510,1117,23,109,1,4215,2533,1153,473,33,41,17,4523,2474,1226,692,32,93,15,2328,1966,119,208,18,23,5,1695,1279,52,340,25,0,0,1966,1467,149,325,20,0,0,2682,1707,293,581,16,93,1,2682,1707,293,525,7,14,0,11,125,2382,1909,128,322,25,0,0,2505,2035,175,250,20,0,0,30,789,435,341,690,357,333,778,322,408,773,348,359,771,399,345,757,342,415,571,281,271,836,384,424,1061,451,587,1064,403,475,1055,494,561,0.0,18,18097,,,
612,18051050502,505.02,-87.5816469,38.3520182,8059846.0,8059846.0,0.0,4663,4135,103,327,49,68,2,4719,4098,140,457,17,30,30,4838,4083,190,520,39,40,37,4390,3691,167,328,92,82,5,4690,3808,250,562,66,39,36,4120,3225,285,281,88,29,194,3511,3194,66,177,36,52,2,3413,3158,30,194,10,0,0,3606,3297,60,214,10,0,0,3392,2921,110,216,64,64,0,3392,2921,110,167,61,2,0,18,113,3468,3090,78,257,28,0,0,3275,2735,105,234,34,24,140,4,1727,856,846,1548,640,908,1642,519,1042,1649,685,857,1658,727,882,1609,549,1060,1276,479,744,1575,601,925,1670,536,1089,1656,399,1111,1648,708,940,0.0,18,18051,,,
613,18057110505,1105.05,-85.9865038,40.076282,24726207.0,24278535.0,447672.0,6896,6279,295,154,139,25,10,7319,6610,188,260,132,52,38,7837,6932,241,388,117,70,44,7344,6210,513,251,197,139,10,8472,7670,199,363,109,84,47,8097,7510,213,103,93,147,31,4704,4354,159,84,89,16,7,4865,4575,85,115,25,50,20,5130,4745,140,135,15,70,15,5262,4562,326,125,118,105,8,5262,4562,326,95,97,7,3,21,151,6031,5665,116,127,16,88,17,6030,5735,135,15,10,120,15,4,3110,1150,1935,2989,898,2091,3261,911,2116,3225,974,2037,3213,1094,2009,3097,763,2334,2804,983,1685,3328,1088,2112,3841,1342,2415,3834,913,2392,3681,1229,2452,0.0,18,18057,,,
614,18057110401,1104.01,-86.1475489,40.0672634,26760623.0,26688853.0,71770.0,3911,3288,505,56,46,20,1,4340,3503,784,23,24,6,0,4306,3390,832,35,43,7,0,4443,3534,633,87,63,84,22,4275,3045,1106,35,52,12,0,4275,3320,804,45,26,17,0,2808,2446,290,31,32,13,0,2945,2770,125,25,15,4,0,2935,2690,200,35,10,4,0,3343,2800,360,52,45,57,10,3343,2800,360,43,34,8,8,10,80,2706,2385,261,36,4,8,0,3000,2675,260,45,4,15,0,0,1427,497,909,1597,481,1116,1695,484,1084,1696,515,1092,1687,550,1082,1624,431,1193,1548,590,901,1844,614,1171,2273,829,1388,2291,517,1480,2206,728,1478,0.0,18,18057,,,
615,18057110905,1109.05,-86.1304987,39.9832309,3671652.0,3663721.0,7931.0,2957,2467,149,144,186,13,3,4342,3472,220,179,396,75,0,4161,3378,264,106,301,112,0,3819,2963,332,186,286,48,8,3842,3288,232,75,165,82,0,3856,3079,318,201,246,0,0,2307,1976,102,86,134,10,3,3195,2840,85,155,60,55,0,3065,2800,65,80,40,80,0,3105,2540,212,114,191,36,7,3105,2540,212,80,164,1,1,4,103,2959,2768,64,52,16,56,0,3120,2695,125,130,170,0,0,0,1457,667,772,1676,642,1034,1740,775,801,1743,725,913,1734,813,854,1685,662,1023,1619,855,714,1862,896,897,2206,1165,987,2198,794,1236,2127,1046,1081,0.0,18,18057,,,
616,18097340700,3407,-86.2278236,39.7985738,4948679.0,4948679.0,0.0,3893,1423,1209,1206,25,43,9,4189,1262,1917,1015,0,39,0,4317,1338,1905,1107,0,0,0,4219,1045,1851,1284,26,91,4,4886,1338,2316,1301,0,0,0,4659,1198,2216,1245,0,0,0,2667,1197,728,708,17,28,5,2190,1100,345,730,0,19,0,2175,1155,325,690,0,0,0,2911,901,1113,851,21,79,3,2911,901,1113,785,17,13,0,8,74,2343,1239,374,740,0,0,0,2025,1165,320,540,0,0,0,0,911,654,244,883,662,221,854,581,236,843,573,207,843,608,209,824,568,256,606,414,167,800,557,221,837,579,250,837,510,278,841,595,246,0.0,18,18097,,,
617,18171951002,9510.02,-87.2843557,40.2943625,10890115.0,10641488.0,248627.0,1887,1848,16,5,13,1,4,1812,1738,51,2,7,14,0,1987,1914,42,2,20,9,0,1930,1822,27,15,19,41,3,1691,1643,17,9,15,7,0,1771,1704,3,3,20,34,0,1463,1443,8,2,10,1,2,1435,1395,20,8,4,8,0,1560,1535,14,8,4,8,0,1486,1418,16,7,9,32,3,1486,1418,16,4,4,0,0,3,41,1377,1342,10,15,10,4,0,1405,1370,4,4,4,28,0,0,857,409,423,759,294,465,817,189,590,822,266,507,814,288,496,792,191,601,699,217,442,827,231,567,928,209,695,929,141,623,910,207,703,0.0,18,18171,,,
618,18171951001,9510.01,-87.2298699,40.4026814,385001975.0,382958412.0,2043563.0,2859,2780,36,10,14,21,0,2696,2603,8,33,6,40,2,2542,2428,11,31,56,10,2,2841,2705,80,7,14,37,4,2800,2657,27,28,43,39,6,2924,2708,49,5,50,98,8,2208,2169,15,3,10,13,0,2185,2105,8,35,0,44,0,2030,1945,8,30,35,14,0,2194,2106,46,0,10,26,1,2194,2106,46,0,5,1,0,6,30,2138,2022,22,16,25,40,0,2210,2070,40,4,29,60,4,0,1399,578,771,1341,469,872,1404,319,999,1406,419,908,1397,474,871,1364,327,1037,1166,345,756,1422,382,985,1593,374,1178,1587,246,1054,1570,406,1164,0.0,18,18171,,,
619,18097340800,3408,-86.2449258,39.7956276,1342135.0,1342135.0,0.0,1750,1619,60,54,13,11,0,1656,1396,19,20,180,41,6,1719,1460,36,56,141,43,6,1751,1420,77,86,119,44,2,1633,1431,40,55,87,41,7,1791,1474,49,225,42,32,0,1423,1342,36,30,8,9,0,1215,1165,0,10,10,25,0,1310,1220,15,29,4,25,0,1429,1214,57,59,67,33,1,1429,1214,57,36,61,3,0,6,52,1300,1218,16,31,0,28,0,1445,1245,30,130,34,14,0,0,974,383,578,843,396,447,813,321,418,808,355,378,813,407,366,796,320,476,712,366,303,767,356,368,724,333,372,724,257,353,726,357,369,0.0,18,18097,,,
620,18005011101,111.01,-85.916253,39.310915,56645875.0,56620458.0,25417.0,5361,4317,849,93,62,41,11,5109,4083,974,1,0,51,0,5330,4111,1106,1,35,77,0,5380,4017,1017,134,88,123,14,6068,4742,1181,112,33,0,0,5761,4184,1289,143,102,69,0,3871,3271,481,59,43,27,6,3350,3150,170,4,0,25,0,3505,3205,245,4,20,30,0,3984,3116,602,82,75,96,11,3984,3116,602,61,60,16,5,7,117,3973,3640,317,4,17,0,0,3530,3215,255,0,10,50,0,0,1719,779,905,1480,544,936,1659,447,1099,1624,559,966,1623,579,981,1573,425,1148,1257,422,773,1652,522,1070,1952,581,1323,1945,428,1188,1862,574,1288,0.0,18,18005,,,
621,18005011102,111.02,-86.017849,39.2954743,131931278.0,131572636.0,358642.0,3078,2574,407,49,16,38,8,3447,2518,754,329,39,0,0,3436,2684,594,445,30,0,0,2772,2258,397,35,13,48,0,3682,2903,591,465,24,0,0,2952,2793,132,21,0,0,0,2325,2004,252,31,14,28,6,2340,2080,180,40,40,0,0,2420,2235,125,30,30,0,0,2123,1824,233,11,11,39,0,2123,1824,233,5,3,3,0,2,53,2629,2449,91,56,24,0,0,2265,2205,59,0,0,0,0,0,897,378,504,807,279,528,1034,216,760,1016,287,666,1017,306,674,988,204,784,814,237,540,1004,263,704,1119,282,812,1114,183,699,1077,279,798,0.0,18,18005,,,
622,18097357800,3578,-86.1465388,39.7383655,1032234.0,1032234.0,0.0,2087,1581,219,262,16,34,7,1803,1581,67,101,6,33,0,1835,1607,81,108,13,7,0,1909,1270,245,302,13,63,8,1837,1630,61,98,14,7,0,1393,1126,29,170,30,3,0,1545,1274,125,128,12,22,5,1405,1265,35,80,0,15,0,1450,1295,40,100,0,0,0,1500,1101,145,184,12,47,4,1500,1101,145,156,8,0,3,14,73,1392,1298,19,64,0,0,0,1070,1005,0,44,14,4,0,0,644,418,212,556,366,190,616,338,223,611,363,198,613,399,182,597,352,245,534,347,161,638,397,212,727,450,260,729,396,239,725,472,253,0.0,18,18097,,,
623,18097357900,3579,-86.1478856,39.72925,2965594.0,2965594.0,0.0,4024,3279,431,234,42,45,11,3511,2635,421,411,42,29,8,3430,2451,495,437,39,28,10,3840,2729,517,452,51,134,4,3514,2457,526,504,57,25,15,3421,2435,573,345,36,163,11,3154,2698,256,148,19,34,6,2460,2105,115,205,25,15,0,2355,1985,125,215,10,15,0,3095,2352,338,293,34,120,2,3095,2352,338,240,17,13,1,13,121,2442,2023,143,262,0,2,0,2490,1975,210,240,0,55,0,10,1273,716,529,1047,600,447,1199,629,484,1192,660,437,1179,726,403,1156,626,530,1020,663,316,1225,734,443,1384,833,524,1394,714,496,1379,881,498,0.0,18,18097,,,
624,18097358000,3580,-86.1663627,39.7346844,4741286.0,4395881.0,345405.0,1457,1144,111,193,10,14,0,1442,998,220,192,29,3,0,1251,923,111,169,36,12,0,1363,933,183,185,26,38,10,1215,985,80,112,25,13,0,1432,1299,99,25,0,9,0,1107,898,67,134,5,11,0,1135,860,70,175,30,4,0,1010,820,0,139,35,14,0,1083,790,112,133,9,24,8,1083,790,112,109,6,2,4,8,52,864,747,0,83,25,12,0,1010,925,45,24,0,12,0,0,372,230,133,319,177,142,378,185,171,374,197,148,371,206,150,359,178,181,291,163,112,375,203,158,425,229,184,427,196,172,422,238,184,0.0,18,18097,,,
625,18097358100,3581,-86.1827467,39.7418211,6880667.0,6179619.0,701048.0,2822,2003,558,233,9,40,10,2934,2069,237,611,11,141,0,2821,2070,374,377,9,0,0,2910,1554,776,511,28,95,3,2829,1917,89,720,9,94,0,2389,1708,106,451,15,109,0,1972,1518,307,127,7,29,8,2065,1615,50,380,10,15,0,1855,1570,80,200,10,0,0,2041,1229,467,305,16,63,0,2041,1229,467,256,8,11,0,10,60,2020,1451,22,503,11,36,0,1890,1405,20,400,15,45,0,0,609,357,239,497,293,204,551,259,238,544,285,207,541,299,211,528,266,262,384,221,139,543,290,227,633,328,288,629,282,273,630,350,280,0.0,18,18097,,,
626,18097360101,3601.01,-86.0738766,39.8035342,2604099.0,2604099.0,0.0,2484,830,215,1419,25,26,6,2402,691,92,1580,14,25,0,2323,687,128,1477,14,17,0,2571,633,356,1518,32,56,10,2385,1165,49,1156,0,15,0,2402,1091,93,1206,0,38,0,1773,711,136,910,18,19,3,1525,560,0,925,15,25,0,1555,580,20,920,15,15,0,1854,543,216,1030,30,39,8,1854,543,216,1000,10,4,2,11,68,1742,930,17,774,0,15,0,1870,880,50,930,0,10,0,0,739,614,118,638,534,104,578,436,118,576,444,105,570,443,112,565,432,133,465,363,89,565,440,111,612,470,131,616,438,139,610,481,129,0.0,18,18097,,,
627,18097360102,3601.02,-86.0742558,39.8181321,2636643.0,2636643.0,0.0,2714,307,60,2352,14,14,4,2200,290,106,1843,17,7,0,2119,226,122,1882,12,12,0,2826,305,333,2138,16,49,2,2126,319,65,1798,7,7,0,1955,349,198,1507,0,0,0,1888,253,34,1591,10,8,2,1590,245,40,1290,10,0,0,1525,220,0,1290,0,0,0,1971,242,183,1513,11,32,0,1971,242,183,1464,5,5,0,11,61,1610,318,0,1291,0,0,0,1470,320,0,1160,0,0,0,0,1346,1279,59,1216,1168,48,1020,937,58,1016,928,59,1012,937,59,1009,905,104,785,724,49,936,863,61,911,834,74,923,775,123,919,833,86,0.0,18,18097,,,
628,18097360201,3602.01,-86.0479343,39.8183478,4658353.0,4658353.0,0.0,3755,1515,290,1903,36,33,4,3827,1081,543,2196,9,0,0,3579,986,509,2021,9,0,0,4162,974,624,2458,31,96,18,3777,875,605,2238,9,0,0,4001,809,309,2891,11,0,0,2754,1260,180,1277,27,24,3,2595,950,125,1510,10,0,0,2410,870,90,1445,10,0,0,2959,838,364,1683,19,58,16,2959,838,364,1606,12,0,0,22,117,2750,726,156,1851,9,0,0,3170,635,205,2315,10,0,0,0,1461,1120,329,1271,982,289,1172,824,298,1164,825,273,1161,844,284,1143,791,352,857,629,197,1091,794,267,1117,812,289,1121,740,303,1118,826,292,0.0,18,18097,,,
629,18127050405,504.05,-87.1929693,41.6285315,3775558.0,1906808.0,1868750.0,1110,1035,36,18,20,8,0,1123,1039,21,12,31,30,0,1163,1096,20,0,35,14,0,1168,1030,60,34,31,17,0,1132,1007,90,3,22,15,0,1219,1013,132,12,38,6,0,936,886,23,10,15,4,0,975,905,15,4,25,30,0,1015,965,15,0,24,10,0,1004,903,45,29,14,15,0,1004,903,45,19,8,2,0,1,26,943,877,45,7,13,3,0,980,865,80,18,19,8,0,0,818,407,401,774,375,399,824,425,349,815,428,355,812,432,356,788,391,397,746,432,292,824,451,349,872,511,340,864,431,412,852,475,377,0.0,18,18127,,,
630,18127980001,9800.01,-87.1669384,41.6305503,10376869.0,6241349.0,4135520.0,5,4,1,0,0,0,0,0,0,0,0,0,0,0,0,0,0,0,0,0,0,22,21,0,1,0,0,0,0,0,0,0,0,0,0,0,0,0,0,0,0,0,4,3,0,0,0,0,0,0,0,0,0,0,0,0,0,0,0,0,0,0,0,22,21,0,1,0,0,0,22,21,0,1,0,0,0,0,0,0,0,0,0,0,0,0,0,0,0,0,0,0,0,0,8,5,3,2,1,1,4,2,2,4,2,2,4,2,2,4,2,2,3,2,1,5,3,2,9,5,4,9,4,4,9,5,4,0.0,18,18127,,,
631,18127980002,9800.02,-87.1262208,41.6329024,9952811.0,8760519.0,1192292.0,0,0,0,0,0,0,0,0,0,0,0,0,0,0,0,0,0,0,0,0,0,0,0,0,0,0,0,0,0,0,0,0,0,0,0,0,0,0,0,0,0,0,0,0,0,0,0,0,0,0,0,0,0,0,0,0,0,0,0,0,0,0,0,0,0,0,0,0,0,0,0,0,0,0,0,0,0,0,0,0,0,0,0,0,0,0,0,0,0,0,0,0,0,0,0,0,0,0,0,0,0,0,0,0,0,0,0,0,0,0,0,0,0,0,0,0,0,0,0,0,0,0,0,0,0,0,0,0.0,18,18127,,,
632,18097390200,3902,-85.9847629,39.7112835,18497281.0,18497281.0,0.0,3638,3021,121,286,171,24,1,4012,3378,108,253,246,0,0,4561,3486,113,717,212,0,0,6766,4914,316,923,521,117,12,4798,4024,85,577,110,0,0,6422,4787,124,864,491,40,0,2542,2186,60,148,118,17,1,2648,2283,60,165,145,0,0,2793,2372,55,265,95,0,0,4576,3451,179,535,347,76,4,4576,3451,179,485,320,5,0,1,135,3285,2915,16,303,41,0,0,4495,3835,45,465,105,40,0,0,1529,627,885,1545,560,985,1916,630,1143,1915,681,1126,1903,773,1068,1848,582,1266,1716,734,914,2176,864,1241,2831,1181,1591,2839,879,1485,2810,1184,1626,0.0,18,18097,,,
633,18097390300,3903,-85.9822433,39.6675135,37237270.0,37214430.0,22840.0,5582,5159,149,150,92,32,3,5827,5483,82,66,45,151,0,5841,5476,98,76,42,150,0,6844,5756,285,364,246,146,11,6333,5686,216,86,345,0,0,6727,5676,376,170,355,187,0,4037,3798,84,84,56,19,1,4225,3975,80,20,45,100,0,4365,4100,100,20,40,105,0,4986,4324,156,185,169,110,9,4986,4324,156,157,143,11,3,26,166,4613,4311,184,19,100,0,0,4680,4395,90,60,55,40,0,40,2674,943,1697,2634,797,1837,3023,804,2008,3016,904,1935,2999,1029,1854,2897,752,2145,2552,899,1568,3053,1003,1950,3408,1192,2158,3413,862,1922,3383,1194,2189,0.0,18,18097,,,
634,18127050508,505.08,-87.2021455,41.5578208,5220171.0,5220171.0,0.0,6071,4392,1127,510,75,59,1,5911,4038,1047,1030,16,0,0,6209,4230,1137,972,16,0,0,6127,3740,1169,1057,84,157,9,6270,4453,661,1101,15,0,0,6436,3999,1175,1161,32,34,0,4553,3510,688,303,47,44,1,4555,3420,630,510,0,0,0,4820,3580,730,515,0,0,0,4772,3093,796,714,70,134,6,4772,3093,796,612,45,11,4,14,197,4709,3675,363,677,0,0,0,4870,3235,825,755,20,35,0,0,2179,1349,805,2165,1392,773,2324,1190,978,2257,1298,803,2271,1457,733,2199,1375,824,1791,1057,660,2243,1261,895,2408,1261,1099,2417,1142,1064,2392,1306,1086,0.0,18,18127,,,
635,18097341000,3410,-86.2391256,39.7843407,1961896.0,1961896.0,0.0,2106,1901,44,118,22,24,0,1755,1507,170,47,0,31,0,1657,1383,180,54,6,34,0,1817,1597,97,84,19,39,2,1626,1394,133,69,6,24,0,1773,1660,25,75,10,3,0,1690,1564,23,72,13,18,0,1435,1240,140,24,0,30,0,1370,1160,140,34,4,35,0,1504,1363,59,50,11,26,0,1504,1363,59,28,10,2,0,5,37,1281,1116,93,37,4,24,0,1395,1330,15,35,10,4,0,0,1063,476,568,955,410,545,949,366,501,944,413,457,944,461,444,907,340,567,788,369,367,954,435,473,1042,487,519,1047,346,555,1040,508,532,0.0,18,18097,,,
636,18097341100,3411,-86.2181188,39.7841702,1028231.0,1028231.0,0.0,2085,1071,358,639,17,15,1,2210,963,613,595,29,65,0,2319,998,601,656,60,38,0,2239,824,773,613,31,51,1,2210,796,647,644,311,46,0,2027,811,660,488,166,41,0,1578,901,199,462,13,9,1,1350,800,155,340,25,30,0,1520,830,190,420,60,14,0,1658,716,472,435,29,42,1,1658,716,472,404,18,3,0,4,41,1325,655,151,405,100,15,0,1355,710,235,360,35,14,0,0,573,432,132,484,370,114,503,321,143,500,331,127,497,348,130,485,321,164,338,226,93,472,312,140,503,319,175,510,281,159,506,342,164,0.0,18,18097,,,
637,18097341200,3412,-86.2035312,39.7851607,979973.0,966236.0,13737.0,2151,227,263,1648,26,57,14,2493,116,702,1688,13,0,0,2444,110,745,1608,18,0,0,2535,212,984,1333,23,69,0,2627,190,652,1800,0,0,0,2134,175,673,1314,0,0,0,1536,184,142,1196,16,26,3,1320,100,35,1179,0,0,0,1245,100,50,1070,0,0,0,1739,168,574,989,17,48,0,1739,168,574,915,11,5,0,9,57,1520,164,114,1242,0,0,0,1430,164,305,955,0,0,0,0,965,933,24,814,793,21,699,655,29,695,640,29,693,653,32,686,640,46,522,496,13,643,604,31,640,594,43,650,566,68,643,596,47,0.0,18,18097,,,
638,18071967700,9677,-85.9096705,38.9677443,7358298.0,7194282.0,164016.0,3866,3639,136,35,41,10,3,3887,3620,190,25,49,3,0,3956,3700,162,76,0,17,0,3999,3445,299,104,55,130,4,3864,3388,366,87,0,23,0,4778,4015,326,109,273,55,0,2909,2766,86,16,24,8,2,2810,2785,23,0,0,4,0,2815,2735,23,40,0,14,0,3028,2683,183,64,43,72,3,3028,2683,183,50,39,4,1,0,68,2704,2576,36,74,0,19,0,3050,2930,20,55,0,40,0,0,1859,797,1042,1859,651,1208,1865,493,1275,1885,647,1177,1872,689,1145,1821,516,1305,1577,527,974,1842,578,1213,1954,565,1347,1944,391,1190,1862,533,1329,0.0,18,18071,,,
639,18097360301,3603.01,-86.0211553,39.8036042,3205916.0,3205916.0,0.0,3552,1819,509,1162,70,26,1,3471,1708,683,1051,87,8,0,3557,1632,833,949,148,15,0,4167,1243,1033,1841,48,89,11,3533,1368,1046,1044,74,15,0,3642,1093,1129,1405,52,0,0,2443,1453,284,652,48,15,1,2355,1410,245,680,10,10,0,2435,1390,310,670,50,15,0,2850,1062,599,1146,37,55,6,2850,1062,599,1039,24,1,1,18,106,2257,1145,326,741,35,16,0,2200,895,340,925,40,0,0,0,1179,772,396,1072,727,345,1085,695,340,1077,707,298,1074,742,293,1055,680,375,761,522,212,1020,689,299,1078,733,327,1085,657,335,1080,753,327,0.0,18,18097,,,
640,18097360302,3603.02,-86.04871,39.8036341,4445346.0,4440922.0,4424.0,2240,558,285,1381,10,17,2,2509,646,639,1231,0,7,0,2296,509,648,1145,0,6,0,2706,489,762,1449,12,61,3,3024,413,732,1884,0,7,0,2852,373,601,1883,0,14,0,1563,466,180,905,6,15,2,1550,430,135,983,0,4,0,1540,400,180,959,0,4,0,1825,395,454,974,11,35,2,1825,395,454,924,6,7,0,0,39,1762,352,214,1197,0,8,0,1720,355,195,1165,0,14,0,0,701,600,91,574,490,84,508,417,77,504,415,67,503,426,67,498,409,89,337,277,45,483,399,74,521,427,89,525,384,110,526,425,101,0.0,18,18097,,,
641,18043071200,712,-85.9040648,38.2342618,79290009.0,78396299.0,893710.0,2001,1935,24,11,13,18,0,1989,1900,0,52,37,0,0,1805,1726,0,50,29,0,0,2038,1919,43,14,13,40,8,1944,1847,0,74,23,0,0,2037,1830,67,97,0,19,0,1542,1497,17,6,7,17,0,1525,1485,0,19,15,0,0,1420,1380,0,19,15,0,0,1594,1533,9,7,7,24,5,1594,1533,9,5,4,0,3,1,39,1536,1489,0,28,16,0,0,1625,1545,30,44,0,4,0,0,939,380,550,856,332,524,964,282,633,950,350,572,937,317,595,916,286,630,790,284,486,938,312,603,1012,316,680,1003,278,689,991,324,667,11289.58854190381,18,18043,,,
642,18097360401,3604.01,-86.0001487,39.8041387,2636832.0,2636832.0,0.0,5760,1816,466,3395,72,48,11,6175,1144,872,4131,55,49,9,6240,1102,902,4201,72,45,8,6205,997,871,4229,66,107,13,6712,1306,391,4964,51,47,11,6058,1132,106,4512,619,39,0,3984,1500,271,2147,56,30,8,4120,1125,180,2740,0,0,0,4235,1070,240,2820,10,0,0,4303,835,541,2834,54,65,8,4303,835,541,2719,37,9,8,20,134,5087,1289,207,3501,40,0,0,4640,1105,94,3125,285,20,0,4,2254,1776,468,2056,1658,398,1845,1471,308,1839,1439,307,1841,1494,300,1816,1424,392,1451,1195,216,1765,1438,285,1815,1509,284,1825,1355,375,1818,1512,306,0.0,18,18097,,,
643,18097360405,3604.05,-85.9738638,39.8038136,5281328.0,5266474.0,14854.0,5989,2067,446,3366,114,39,15,5852,1780,610,3594,43,0,0,6236,1669,473,4241,35,19,0,6760,1643,753,4213,100,166,14,6525,1676,650,4399,34,25,0,6693,1558,585,4573,29,32,0,4125,1664,258,2117,86,30,11,3755,1640,65,2010,15,0,0,4115,1545,75,2440,10,20,0,4824,1378,461,2865,66,108,11,4824,1378,461,2724,43,0,5,24,189,4250,1578,63,2554,11,25,0,4605,1375,270,2910,29,20,0,10,2349,1774,560,2489,1942,547,2416,1758,548,2400,1760,503,2398,1811,526,2373,1719,654,2023,1583,393,2374,1812,498,2517,1978,497,2526,1742,632,2510,1994,516,0.0,18,18097,,,
644,18097360501,3605.01,-85.9606292,39.7838036,4489214.0,4441550.0,47664.0,6382,3734,481,2077,109,55,10,6264,3838,0,2222,204,0,0,5967,3616,0,2188,163,0,0,6289,2724,698,2665,138,159,15,6248,3099,280,2747,122,7,1,6184,3071,610,2375,92,35,1,4435,2886,286,1182,91,28,6,4525,3080,0,1340,110,0,0,4405,2930,0,1375,95,0,0,4620,2294,434,1742,107,105,13,4620,2294,434,1641,69,11,4,17,150,4779,2630,157,1919,72,0,0,4570,2725,175,1565,85,25,0,0,2645,1639,977,2418,1495,923,2439,1434,889,2439,1473,839,2430,1552,806,2399,1397,1002,1947,1254,626,2354,1477,810,2452,1573,842,2462,1338,870,2448,1579,869,0.0,18,18097,,,
645,18097360502,3605.02,-85.9932021,39.7870228,8141285.0,8136963.0,4322.0,5743,3692,372,1551,88,52,13,6255,2970,403,2715,27,114,26,6294,3075,604,2409,136,47,23,5902,2556,712,2445,111,152,19,4958,2735,49,1890,252,24,8,5819,2233,532,2580,463,0,25,4249,3030,212,915,63,38,8,4640,2565,65,1880,0,115,15,4595,2680,65,1690,100,45,15,4331,2215,426,1538,78,120,8,4331,2215,426,1419,47,16,3,16,189,4139,2411,30,1459,209,25,4,4160,2125,150,1405,460,0,15,0,2179,1373,783,2151,1149,1002,2162,1115,922,2148,1131,861,2146,1237,845,2111,1066,1045,1709,975,662,2120,1195,849,2289,1342,899,2302,1115,907,2291,1378,913,0.0,18,18097,,,
646,18097360601,3606.01,-86.0174554,39.7841,3918065.0,3918065.0,0.0,4503,3332,285,809,62,50,3,4848,3470,480,706,183,51,0,5015,3577,520,694,219,39,0,4889,2929,691,1113,74,110,4,4741,3907,391,299,101,61,0,5202,3140,933,1012,60,49,0,3462,2761,167,469,43,28,1,3710,3010,140,415,95,49,0,3615,2920,180,380,100,40,0,3797,2492,440,731,57,87,4,3797,2492,440,680,40,14,1,19,111,3632,3225,179,154,14,60,0,3530,2515,265,679,40,15,0,10,2191,1037,1130,2025,924,1101,2067,898,1042,2062,937,976,2062,1020,968,2014,854,1160,1702,863,766,2025,987,958,2122,1090,990,2133,897,984,2125,1127,998,0.0,18,18097,,,
647,18097360602,3606.02,-86.0365859,39.7835678,4409971.0,4408763.0,1208.0,5422,3722,421,1198,81,51,7,5784,3309,349,2030,96,1,0,6091,3436,467,2094,94,1,0,5585,3004,689,1772,67,100,5,6484,3468,303,2635,78,0,0,6522,3177,834,2453,0,29,0,4382,3171,265,875,59,39,1,4240,2640,135,1455,15,0,0,4400,2725,135,1530,15,0,0,4509,2625,430,1319,52,79,0,4509,2625,430,1234,42,10,0,19,149,4483,2574,142,1762,0,0,0,4570,2485,240,1820,0,30,0,0,2345,1235,1091,2099,1161,938,2174,1183,867,2160,1238,790,2151,1290,783,2120,1160,960,1826,1087,649,2152,1263,807,2286,1374,867,2301,1147,904,2283,1396,887,0.0,18,18097,,,
648,18097360700,3607,-86.0554658,39.775831,2052682.0,2052682.0,0.0,1857,1518,103,199,28,10,3,1872,1593,148,106,25,0,0,1980,1698,144,123,23,8,0,1850,1455,153,169,31,49,3,2044,1744,136,157,0,20,0,2032,1688,215,140,0,13,0,1498,1263,59,145,20,9,1,1545,1370,65,95,12,0,0,1665,1470,79,90,8,10,0,1507,1220,106,120,16,35,1,1507,1220,106,101,12,4,0,10,54,1725,1492,75,138,0,22,0,1630,1395,145,80,0,8,0,0,865,448,404,932,533,399,997,564,360,995,564,365,995,619,338,968,530,438,879,581,266,982,619,325,1024,696,306,1029,564,376,1022,689,333,0.0,18,18097,,,
649,18043071007,710.07,-85.8193689,38.3665916,18708135.0,18566609.0,141526.0,4408,3906,147,259,76,27,8,4960,4338,95,465,50,30,0,5079,4447,119,446,54,22,0,5195,4445,169,375,112,83,4,4795,4241,81,312,116,40,0,4680,4221,50,289,75,15,38,3542,3197,99,177,52,18,5,3980,3545,90,330,8,29,0,4020,3675,75,245,14,20,0,4295,3730,132,270,87,62,4,4295,3730,132,223,67,9,0,18,116,3869,3554,39,182,68,38,0,3890,3615,20,155,59,15,0,40,2306,1028,1257,2206,923,1283,2484,969,1378,2459,1040,1342,2428,1013,1357,2341,896,1445,2042,893,1077,2468,1032,1374,2733,1157,1528,2718,968,1658,2669,1107,1562,0.0,18,18043,,,
650,18141011303,113.03,-86.2544171,41.7408113,11070314.0,10835287.0,235027.0,6182,5198,185,652,107,74,1,6062,4906,247,788,69,43,0,6140,5013,134,746,98,104,0,6157,4801,311,755,86,183,4,5926,4942,139,589,98,91,0,6399,4821,194,1057,171,117,0,4855,4242,120,384,81,47,1,4730,4075,105,525,20,4,0,4860,4105,100,505,75,79,0,4943,4053,181,478,64,139,2,4943,4053,181,404,50,25,2,20,208,4871,4191,112,430,80,64,0,5095,4125,80,640,145,99,0,0,2851,1686,1128,2714,1441,1273,2765,1253,1324,2748,1406,1118,2725,1438,1170,2629,1155,1474,2290,1319,885,2666,1375,1195,2875,1443,1384,2876,1194,1542,2755,1440,1315,2609.8107105276636,18,18141,,,
651,18141011305,113.05,-86.2062565,41.7307495,5279324.0,5273368.0,5956.0,4389,3766,164,274,162,24,14,4484,3838,142,201,303,0,0,4342,3845,74,160,264,0,0,4286,3404,244,373,174,59,15,4365,3820,58,220,242,0,0,4175,3664,72,282,150,0,0,3301,2930,88,163,106,18,7,3340,2985,90,145,120,0,0,3285,2995,60,115,115,0,0,3338,2756,157,237,118,40,5,3338,2756,157,207,89,2,0,21,106,3161,2837,29,201,92,4,0,3185,2805,49,255,74,4,0,0,2690,1383,1295,2560,1181,1379,2541,1236,1156,2543,1262,1182,2533,1257,1236,2442,996,1446,2363,1397,908,2534,1320,1150,2648,1463,1150,2675,1135,1470,2572,1316,1256,0.0,18,18141,,,
652,18141011306,113.06,-86.1880058,41.7346486,6550752.0,6550752.0,0.0,2878,2596,57,103,102,18,2,2938,2594,145,78,115,6,0,3030,2640,221,64,96,8,0,3301,2751,124,234,138,49,6,2827,2450,181,68,107,9,0,3077,2476,104,201,275,0,0,2317,2133,34,66,69,13,0,2290,2075,80,40,90,4,0,2315,2090,130,30,60,10,0,2723,2346,81,141,103,39,5,2723,2346,81,123,92,6,5,5,65,2183,1996,112,38,27,11,0,2440,2110,55,150,130,0,0,0,1793,694,1084,1747,591,1156,1761,649,1021,1760,730,974,1757,700,1032,1706,492,1214,1573,779,761,1770,754,980,1932,872,1030,1935,661,1223,1850,794,1056,0.0,18,18141,,,
653,18089042608,426.08,-87.4987117,41.4431323,7846338.0,7846338.0,0.0,4405,3915,352,67,57,13,1,4567,4076,412,0,52,19,0,4628,4102,397,20,92,8,0,4604,3750,528,156,99,71,8,4511,4060,328,4,70,17,0,4745,4074,415,86,74,20,0,3391,3087,220,42,34,9,1,3320,3040,255,0,15,10,0,3420,3125,240,20,35,0,0,3625,3074,327,106,50,56,6,3625,3074,327,94,39,1,0,2,88,3303,3086,196,0,21,0,0,3565,3195,265,65,40,0,0,0,2249,918,1315,2055,724,1331,2194,771,1300,2131,796,1249,2145,846,1243,2071,818,1253,1773,718,1021,2258,844,1363,2710,997,1676,2671,824,1750,2619,924,1695,2016.945359730732,18,18089,,,
654,18089040501,405.01,-87.4700793,41.5401317,1943552.0,1939915.0,3637.0,3649,2555,473,487,140,20,3,3457,2102,430,613,332,11,52,3599,2023,534,640,422,23,52,4061,2225,679,981,137,70,2,3723,2106,666,842,317,29,44,4223,2270,986,1033,236,39,27,2959,2164,326,354,111,16,2,2560,1810,250,385,100,0,4,2640,1800,285,390,130,10,10,3292,1937,467,730,113,47,2,3292,1937,467,678,98,0,1,19,92,2742,1861,304,416,115,20,0,3180,1980,475,605,105,14,0,10,1632,957,665,1565,941,624,1633,923,629,1580,950,563,1577,1001,533,1542,981,561,1353,866,450,1575,947,587,1703,1007,662,1677,885,722,1646,957,689,0.0,18,18089,,,
655,18089042901,429.01,-87.4581055,41.3805392,21015738.0,18765174.0,2250564.0,6162,5652,403,36,52,39,4,6513,5933,485,79,103,16,0,6762,6271,449,26,109,15,0,8269,7036,732,107,76,191,2,7060,6617,382,45,141,14,0,8149,7657,272,35,105,80,0,4520,4236,217,14,31,30,3,4780,4415,300,65,0,0,0,4890,4615,255,15,0,0,0,6267,5491,439,55,54,152,1,6267,5491,439,35,31,13,0,9,249,5089,4853,208,24,4,0,0,5995,5805,80,24,54,29,0,0,2175,970,1179,2299,972,1327,2776,798,1768,2679,941,1595,2684,1083,1519,2574,962,1612,2287,887,1335,3057,1016,1953,4053,1203,2786,4007,978,2620,3892,1189,2703,0.0,18,18089,,,
656,18141011801,118.01,-86.2656641,41.6187591,4839013.0,4826289.0,12724.0,1442,1317,52,58,10,8,2,1327,1276,18,34,0,5,0,1304,1201,30,45,0,6,0,1244,1088,57,48,14,28,0,1469,1369,22,52,0,5,0,1370,1233,18,89,0,4,0,1105,1037,24,38,5,4,2,1044,1024,10,10,0,0,0,1039,985,20,35,0,0,0,1023,925,28,30,12,17,0,1023,925,28,23,6,2,0,5,34,1147,1090,9,50,0,0,0,1110,1045,4,55,0,4,0,0,811,342,466,825,295,530,790,266,486,790,305,439,776,314,445,745,203,542,674,294,365,761,288,456,795,289,502,792,227,530,765,262,503,0.0,18,18141,,,
657,18097310111,3101.11,-86.2868004,39.8302534,2983514.0,2983514.0,0.0,3552,1522,289,1634,118,27,2,3967,1048,396,2358,237,0,0,4004,1231,341,2358,164,0,0,3771,1102,514,2057,90,60,5,3463,1004,182,2223,139,0,0,3743,940,311,2467,202,5,0,2904,1388,206,1217,95,24,2,2665,940,145,1435,115,0,0,2676,1066,100,1430,60,0,0,2999,1007,336,1559,66,45,5,2999,1007,336,1470,55,10,2,16,103,2279,894,46,1262,46,0,0,2435,850,115,1365,25,4,0,65,1597,1198,386,1527,1196,331,1497,1135,278,1490,1093,292,1485,1157,283,1449,1079,370,1167,945,186,1422,1108,269,1463,1164,282,1471,1010,367,1457,1155,302,0.0,18,18097,,,
658,18097341600,3416,-86.2044844,39.7773452,1066536.0,1066536.0,0.0,2089,270,326,1454,8,50,8,2058,227,398,1370,0,68,0,1895,255,516,1087,0,37,0,2375,305,848,1224,8,29,2,1884,134,638,998,18,85,0,1870,326,390,1062,20,52,0,1372,212,179,947,2,36,1,1240,215,65,944,0,18,0,1150,240,85,815,0,14,0,1592,245,514,830,4,13,0,1592,245,514,794,4,1,0,3,31,1074,113,198,727,0,20,0,1255,255,164,805,0,14,0,20,806,770,28,654,628,26,575,518,37,574,513,39,577,523,36,568,507,61,413,377,23,533,482,39,536,471,51,539,442,76,538,482,56,0.0,18,18097,,,
659,18097341902,3419.02,-86.2746305,39.7731642,3637827.0,3623843.0,13984.0,3618,2645,281,643,45,16,6,3641,2475,478,615,54,24,0,3649,2543,451,593,48,22,0,3957,2302,643,869,85,94,8,3942,2270,623,995,34,36,0,4211,2481,1185,484,26,13,0,2778,2207,162,367,33,13,4,2550,2015,185,270,55,15,0,2595,2110,140,270,50,15,0,3086,1999,387,594,61,69,4,3086,1999,387,555,46,1,1,6,91,2641,1943,154,465,34,26,0,2835,2130,430,245,20,0,0,15,1685,768,890,1576,720,856,1712,695,882,1708,748,833,1713,823,820,1662,644,1018,1430,672,684,1659,763,822,1677,802,839,1687,640,833,1682,821,861,0.0,18,18097,,,
660,18097342101,3421.01,-86.2857995,39.7552833,4659079.0,4652065.0,7014.0,5192,3046,933,1088,121,63,5,5941,3212,980,1727,104,25,0,5910,2761,1105,2040,101,3,0,5575,2461,1216,1677,165,130,14,5688,3019,1090,1521,86,0,0,5706,2965,1143,1567,13,9,0,3652,2418,538,589,89,40,4,3525,2287,282,821,105,21,0,3544,2079,322,1043,100,1,0,4019,2037,776,1015,130,113,6,4019,2037,776,937,95,6,2,11,155,3401,2299,271,753,92,0,0,3380,2270,284,805,15,10,0,0,1816,995,802,1715,950,765,1780,885,794,1764,930,711,1759,1020,677,1725,869,856,1410,825,523,1748,975,712,1895,1075,789,1895,919,729,1877,1093,784,0.0,18,18097,,,
661,18141011002,110.02,-86.286299,41.7412231,8640587.0,8440525.0,200062.0,4144,3352,144,524,131,19,2,4441,3550,318,424,129,20,0,4508,3590,336,446,120,16,0,4362,3313,274,564,133,65,2,4730,3882,212,453,168,15,0,4551,3609,152,666,209,122,0,3237,2707,81,356,89,10,1,3350,2840,80,360,50,20,0,3380,2825,120,375,40,15,0,3484,2735,162,419,92,52,2,3484,2735,162,372,78,8,2,16,111,3341,2790,108,391,36,15,0,3540,2775,105,555,30,10,0,65,2275,1284,970,1806,910,896,2174,1110,929,2161,1173,878,2131,1166,903,2061,904,1157,1899,1163,678,2158,1192,901,2351,1310,1001,2346,1009,1229,2256,1223,1033,2602.37421796532,18,18141,,,
662,18141011308,113.08,-86.2300208,41.7443313,6864893.0,6864893.0,0.0,3697,3199,118,235,106,57,0,3376,2847,52,445,0,22,0,4221,3096,34,1025,17,69,0,3924,3102,187,366,171,91,4,4483,3172,38,1189,11,56,0,4223,3272,43,884,24,74,0,2910,2574,74,155,74,39,0,2720,2365,50,305,0,0,0,3240,2525,35,670,15,50,0,3140,2553,127,261,132,66,4,3140,2553,127,233,118,8,2,9,90,3534,2773,41,712,9,32,0,3375,2810,35,489,25,14,0,10,2010,1115,874,1852,917,935,1980,918,934,1960,1003,846,1943,1010,875,1884,771,1113,1723,996,673,1951,1007,885,2119,1105,987,2110,839,1185,2013,1016,997,1958.6702379775934,18,18141,,,
663,18141011307,113.07,-86.2244173,41.7245362,2470223.0,2440670.0,29553.0,2736,2139,105,339,139,25,6,2733,2209,154,361,48,0,0,2498,1970,142,386,0,0,0,3014,1938,235,641,126,62,2,2517,1909,101,507,0,0,0,2983,1959,25,885,102,12,0,2303,1839,79,251,120,18,6,2065,1765,115,165,15,0,0,1900,1630,95,175,0,0,0,2436,1643,163,446,99,44,1,2436,1643,163,390,74,13,0,59,94,1990,1577,68,343,0,0,0,2295,1635,15,610,30,10,0,0,1226,713,501,1185,667,518,1286,677,510,1278,709,491,1270,702,519,1223,576,647,1126,720,373,1262,731,489,1342,822,502,1332,638,651,1295,752,543,0.0,18,18141,,,
664,18141011703,117.03,-86.1973191,41.6361912,8162853.0,8162853.0,0.0,3557,2819,131,523,67,14,11,3758,2939,181,604,0,22,11,3815,2966,171,665,0,11,13,3631,2559,205,713,78,59,6,4149,2564,164,1417,0,16,17,3772,2411,87,1052,133,11,14,2957,2443,74,368,60,11,6,3055,2515,115,390,0,25,0,3135,2590,100,415,0,10,0,2991,2215,160,511,47,42,6,2991,2215,160,469,39,0,5,13,90,2784,2152,95,506,0,15,0,2500,1925,65,395,95,10,0,15,1607,790,800,1542,701,841,1660,726,818,1654,799,765,1640,806,792,1589,624,965,1380,737,597,1596,776,767,1670,826,811,1675,646,952,1623,790,833,0.0,18,18141,,,
665,18141011803,118.03,-86.21969,41.6179586,3880314.0,3866723.0,13591.0,4032,3460,153,333,73,23,13,4018,3585,209,186,0,38,0,4041,3322,295,405,30,50,0,4077,3247,330,364,64,50,4,3452,2495,487,490,36,66,0,3284,2340,390,494,64,101,0,3269,2917,89,215,42,15,3,3260,2890,210,140,0,20,0,3240,2890,95,225,0,19,0,3313,2744,212,260,36,37,2,3313,2744,212,227,27,2,2,15,84,2560,2175,102,254,0,25,0,2430,2010,110,279,25,4,0,10,2513,1241,1254,2312,1056,1256,2342,1018,1187,2340,1154,1055,2318,1122,1120,2230,844,1386,2051,1118,883,2264,1101,1092,2315,1157,1126,2311,878,1323,2202,1044,1158,0.0,18,18141,,,
666,18141011704,117.04,-86.1671237,41.6150852,40902015.0,40896459.0,5556.0,4297,3723,124,308,121,26,4,4060,3483,354,214,29,15,0,4268,3752,330,177,37,15,0,4986,4015,303,439,118,86,1,4053,3530,313,171,55,18,0,4190,3536,115,297,134,25,0,3443,3040,76,226,87,18,4,3265,3000,130,105,10,15,0,3370,3160,130,45,20,15,0,4064,3374,196,306,103,55,1,4064,3374,196,266,89,0,0,18,121,3186,2940,140,40,56,20,0,3410,2910,65,280,135,25,0,0,2243,972,1248,1536,523,1013,2278,827,1299,2278,916,1221,2274,948,1256,2187,695,1492,1897,907,928,2239,953,1215,2431,1105,1283,2435,859,1444,2321,1019,1302,0.0,18,18141,,,
667,18141010901,109.01,-86.3904989,41.6650612,33401971.0,32821331.0,580640.0,4199,3842,138,168,31,21,0,3973,3553,170,144,104,0,0,4030,3397,389,119,130,23,0,4056,3505,247,174,52,53,3,4342,3695,469,25,180,27,0,4356,3525,627,31,115,94,0,3403,3183,84,101,18,21,0,3340,2979,156,102,105,0,0,3386,2913,286,81,87,25,0,3390,2990,171,122,41,43,3,3390,2990,171,99,30,2,0,11,87,3602,3184,243,25,115,24,0,3575,3010,390,30,45,94,0,0,2304,1297,978,2271,1157,1114,2291,927,1257,2270,1102,1017,2260,1172,1031,2144,787,1357,1960,1050,847,2214,1044,1105,2310,1027,1258,2296,766,1422,2199,980,1219,0.0,18,18141,,,
668,18141011603,116.03,-86.0846273,41.6850603,7942778.0,7273694.0,669084.0,4763,4482,101,77,79,26,4,4906,4799,0,45,62,0,0,4933,4667,46,122,60,37,0,4993,4431,211,118,112,112,6,4619,4207,140,127,131,14,0,4996,4360,221,175,184,16,0,3476,3321,46,41,44,20,4,3830,3810,0,0,19,0,0,3735,3615,30,35,15,35,0,3710,3360,114,77,73,70,5,3710,3360,114,42,62,6,2,10,114,3393,3191,89,65,41,11,0,3580,3300,100,125,40,15,0,0,2479,1115,1336,2361,872,1489,2359,754,1458,2341,932,1265,2318,966,1286,2244,598,1646,1966,897,999,2316,912,1329,2509,972,1491,2503,783,1575,2378,920,1458,0.0,18,18141,,,
669,18141011203,112.03,-86.2467615,41.7072381,8763147.0,8369726.0,393421.0,8875,7110,759,330,669,74,18,8891,6825,678,453,908,84,17,8970,6827,811,407,946,98,15,10008,7468,955,610,900,96,22,9264,7071,1011,409,825,95,18,8925,6662,1008,550,718,102,11,8596,6915,730,296,653,68,18,8130,6605,595,354,499,62,0,8175,6600,700,309,499,43,0,9833,7376,929,570,881,89,22,9833,7376,929,421,666,32,18,40,351,8717,6957,904,320,491,37,0,8365,6570,845,444,449,42,0,10,1399,915,469,1297,780,517,1305,808,382,1293,800,429,1278,796,448,1234,697,537,1114,798,294,1204,777,389,1147,771,356,1144,621,501,1102,691,411,0.0,18,18141,,,
670,18141010201,102.01,-86.1856704,41.6525513,2387064.0,2387064.0,0.0,3670,3319,105,187,30,53,3,3848,3676,27,145,0,0,0,3887,3438,190,312,0,0,0,3889,3096,191,435,49,114,5,3546,2933,356,392,0,0,0,3767,3270,394,231,0,33,0,2714,2524,61,88,17,35,2,2880,2765,15,100,0,0,0,2805,2620,75,110,0,0,0,2887,2408,126,228,28,84,3,2887,2408,126,190,18,7,0,8,130,2517,2292,164,78,0,0,0,2770,2530,219,0,0,20,0,0,1603,959,618,1944,1018,926,1389,603,660,1385,745,528,1370,765,548,1326,571,755,1142,671,406,1338,695,588,1431,697,697,1419,584,737,1363,683,680,0.0,18,18141,,,
671,18141011310,113.10,-86.2116751,41.6984817,2059175.0,2059175.0,0.0,2576,1996,150,242,181,27,3,2903,1958,195,409,287,68,0,2427,1589,193,236,357,68,0,2877,1913,292,299,321,34,9,2859,1984,195,95,528,75,0,2914,2186,157,163,408,17,0,2161,1711,115,164,163,16,3,2025,1590,95,180,130,30,0,1660,1295,100,85,150,20,0,2491,1717,209,221,289,28,8,2491,1717,209,182,255,6,0,32,90,1960,1491,92,73,283,20,0,2240,1785,80,110,260,4,0,0,925,570,341,875,486,389,919,490,345,914,522,334,908,536,331,869,408,461,782,551,199,865,527,301,890,558,311,894,449,416,847,522,325,0.0,18,18141,,,
672,18141011604,116.04,-86.0878939,41.7014981,7480014.0,7480014.0,0.0,3148,2924,63,76,60,29,1,3347,3188,81,58,0,0,0,3237,3125,70,26,0,0,0,3279,2874,93,115,91,78,6,3220,3171,17,32,0,0,0,3545,3289,156,8,84,29,0,2209,2084,31,35,38,18,1,2290,2215,45,30,0,0,0,2230,2210,20,0,0,0,0,2371,2114,60,55,69,52,6,2371,2114,60,43,56,13,6,4,75,2455,2452,2,0,0,0,0,2770,2540,135,10,79,10,0,0,1445,597,833,1452,490,962,1497,426,968,1491,526,871,1482,553,887,1437,365,1072,1266,524,698,1478,521,910,1624,557,1039,1620,441,1077,1554,548,1006,0.0,18,18141,,,
673,18141011804,118.04,-86.2436337,41.618125,3494464.0,3494464.0,0.0,2503,2237,94,103,59,5,1,2236,1933,164,138,0,0,0,2395,2221,75,96,0,0,0,2444,2045,152,149,47,37,3,2370,1681,0,689,0,0,0,2424,1599,50,711,7,64,0,1998,1825,53,77,35,4,1,1851,1686,90,75,0,0,0,1956,1835,40,80,0,0,0,1969,1702,95,96,41,19,2,1969,1702,95,87,36,0,2,5,42,1668,1447,0,215,0,0,0,1715,1315,40,320,0,45,0,0,1377,677,681,1329,601,728,1299,537,698,1291,625,603,1286,619,640,1255,473,782,1166,607,521,1304,610,656,1405,658,721,1409,502,836,1359,621,738,0.0,18,18141,,,
674,18141010202,102.02,-86.1853234,41.6615794,1132824.0,1019294.0,113530.0,1604,1380,68,116,8,31,0,1609,1235,3,314,57,6,0,1780,1358,3,357,58,6,0,1678,1318,80,195,23,61,2,1499,1139,2,321,32,0,0,1809,1467,16,217,82,36,6,1258,1117,42,65,5,24,0,1205,1065,0,140,0,0,0,1410,1250,0,160,0,0,0,1412,1143,47,143,22,55,1,1412,1143,47,127,8,7,0,4,76,1246,1127,0,83,30,0,0,1415,1255,4,95,50,4,0,4,649,428,208,600,352,248,566,259,257,562,285,222,558,292,234,540,243,297,450,265,159,540,284,229,568,302,251,562,260,275,543,299,244,0.0,18,18141,,,
675,18141002900,29,-86.2419408,41.6619196,989649.0,981962.0,7687.0,1170,410,200,543,11,28,4,1125,215,191,649,31,39,0,1185,188,296,621,27,44,0,1308,312,323,670,17,18,2,1065,176,203,632,51,0,0,1002,262,100,542,103,0,0,761,323,105,315,6,18,2,685,180,65,430,0,15,0,715,155,145,400,0,15,0,802,212,180,405,7,10,1,802,212,180,372,3,0,0,2,33,589,124,121,342,0,0,0,480,155,100,225,0,0,0,0,415,360,47,336,306,30,300,219,59,295,216,52,294,233,47,288,213,75,208,170,30,272,216,45,293,229,57,287,210,66,279,221,58,0.0,18,18141,,,
676,18141003000,30,-86.2431879,41.6544532,1106621.0,1106621.0,0.0,1683,811,283,565,15,46,1,1758,685,275,862,0,12,0,1681,740,262,614,0,0,0,1864,681,478,610,30,77,7,1599,883,192,416,6,0,0,1619,932,67,393,14,37,0,1131,641,152,309,14,31,1,1250,565,95,580,0,10,0,1025,590,100,335,0,0,0,1231,541,285,344,13,43,5,1231,541,285,299,3,5,4,2,92,934,593,91,244,4,0,0,750,515,50,160,10,20,0,0,569,443,109,455,357,98,401,260,110,395,270,93,389,280,96,384,249,135,296,217,66,370,261,97,392,266,120,401,246,138,383,273,110,0.0,18,18141,,,
677,18141003100,31,-86.2263611,41.6558048,1745937.0,1645276.0,100661.0,3668,2272,406,894,61,98,12,3780,2552,413,685,142,20,0,4068,2676,571,727,83,12,0,3879,2043,592,1137,51,121,8,4348,2810,520,855,152,8,0,4323,2653,688,838,96,49,6,2541,1785,210,473,31,60,5,2755,2135,230,260,120,15,0,2970,2265,285,345,64,10,0,2816,1717,355,630,44,81,6,2816,1717,355,549,19,1,4,17,154,3146,2327,219,487,116,11,0,2905,2115,230,484,59,14,0,4,1220,886,299,1016,695,321,1037,583,379,1028,612,314,1016,663,305,994,557,437,776,514,210,958,606,311,1005,630,354,1000,565,374,969,637,332,0.0,18,18141,,,
678,18141003200,32,-86.2252352,41.6402985,3864907.0,3864907.0,0.0,4943,4035,279,525,89,31,12,5578,4332,466,616,80,58,6,5444,4332,327,634,116,40,0,5084,3824,447,561,107,109,8,5228,3783,598,670,144,35,0,5354,3650,837,629,209,12,0,3750,3203,155,319,58,22,5,4056,3376,190,430,34,20,4,3971,3311,165,440,44,4,0,3874,3039,277,390,68,73,4,3874,3039,277,352,57,9,0,34,106,3732,2960,227,467,59,14,0,3705,2770,325,499,100,14,0,0,2665,1488,1142,2521,1277,1244,2571,1229,1149,2565,1374,1058,2555,1357,1128,2451,1075,1376,2174,1315,791,2466,1341,1043,2563,1449,1069,2558,1163,1275,2437,1355,1082,0.0,18,18141,,,
679,18097340112,3401.12,-86.2967185,39.810553,3832512.0,3433333.0,399179.0,4871,3135,261,1390,77,38,4,5155,2439,303,2300,59,38,189,5155,2531,173,2367,70,39,0,5108,2307,422,2232,96,101,0,4346,2246,203,1878,65,42,0,4205,2090,386,1716,85,75,0,4038,2788,184,984,67,31,4,3635,2185,80,1275,50,40,0,3790,2325,95,1290,55,25,0,4225,2131,318,1642,75,84,0,4225,2131,318,1527,46,8,0,11,184,3273,2007,69,1119,49,29,0,3265,1905,150,1130,84,0,0,0,2137,1356,757,1938,1210,728,1989,1191,672,1985,1188,655,1977,1260,655,1936,1150,786,1547,1013,470,1906,1208,628,1968,1299,634,1978,1085,708,1965,1296,669,0.0,18,18097,,,
680,18097340114,3401.14,-86.3185815,39.8047322,3913132.0,3908679.0,4453.0,4157,3335,151,512,126,16,12,3965,2963,217,644,161,130,23,3927,2879,259,713,163,94,27,4440,2886,387,1045,79,98,5,3863,2588,282,742,359,38,33,4428,2606,237,1168,419,46,0,3123,2600,87,324,88,11,7,3020,2440,100,365,65,49,0,2903,2323,110,400,60,4,0,3435,2429,222,667,66,74,5,3435,2429,222,605,50,7,2,6,114,2835,2134,134,346,208,2,0,3225,2250,100,475,359,39,0,0,1943,973,953,1922,878,1044,2084,835,1130,2078,907,1047,2063,973,1030,2006,809,1197,1704,818,809,2065,966,1029,2248,1110,1085,2260,880,1044,2238,1146,1092,0.0,18,18097,,,
681,18097310204,3102.04,-86.2213286,39.8755524,5578244.0,5578244.0,0.0,5329,1012,778,3360,220,63,5,5740,1053,827,3729,186,171,0,5879,1010,592,4220,208,154,0,5281,891,782,3376,237,117,10,5765,847,1409,3503,139,135,0,5170,760,835,3428,190,41,0,3627,836,459,2190,153,38,3,3515,955,225,2169,145,35,0,3795,930,155,2575,120,25,0,3837,768,505,2392,178,77,8,3837,768,505,2251,149,7,3,20,134,3733,789,504,2345,69,30,0,3685,675,440,2470,80,45,0,20,2361,2083,267,2242,2000,242,2256,1903,269,2246,1878,284,2243,1925,279,2220,1840,380,1877,1649,174,2203,1904,252,2297,2029,241,2307,1812,406,2295,2030,265,0.0,18,18097,,,
682,18097310312,3103.12,-86.2459295,39.8463486,3597840.0,3597840.0,0.0,6256,1154,1111,3876,173,62,12,6421,688,1688,3975,239,0,0,7213,1178,2068,3875,353,0,0,6203,859,1201,3944,203,115,14,6664,889,1675,4018,295,0,0,6346,881,835,4404,130,0,25,4467,991,699,2669,135,42,9,3745,660,255,2735,10,0,0,3765,1010,235,2370,30,0,0,4722,774,812,2960,160,86,7,4722,774,812,2822,143,6,6,26,133,3737,768,347,2478,40,0,0,3395,760,48,2455,40,0,0,95,2552,2220,319,2533,2213,320,2320,2021,231,2310,1978,259,2301,2007,254,2277,1909,368,1863,1655,161,2242,1959,239,2327,2054,241,2339,1814,450,2323,2030,293,0.0,18,18097,,,
683,18097360900,3609,-86.0737963,39.7889212,2651086.0,2651086.0,0.0,5090,3137,480,1413,48,52,9,5187,3308,144,1641,96,17,0,5622,2738,344,2422,118,168,0,5570,2899,661,1904,47,158,2,5211,3552,229,1269,161,164,0,5851,3108,364,2159,200,74,0,3951,2657,300,948,32,32,8,4155,2840,65,1240,8,0,0,4290,2275,25,1930,55,0,0,4405,2486,473,1374,33,117,2,4405,2486,473,1230,18,24,1,17,156,3971,2839,56,1018,43,0,0,4145,2490,154,1420,65,20,0,0,2022,1296,688,1953,1252,701,2099,1289,659,2089,1336,612,2090,1415,591,2027,1248,779,1760,1237,446,2066,1388,595,2184,1523,615,2190,1264,726,2172,1523,649,0.0,18,18097,,,
684,18097361000,3610,-86.0736252,39.7782774,1190280.0,1190280.0,0.0,2097,1877,43,125,24,14,1,2249,2157,47,45,0,0,0,2422,2253,60,71,8,47,0,2113,1881,79,93,33,38,0,2436,2288,51,38,11,42,0,2251,2010,82,127,8,19,0,1694,1543,31,90,15,10,1,1760,1675,40,45,0,0,0,1905,1755,44,60,0,40,0,1732,1559,63,61,30,28,0,1732,1559,63,40,15,0,0,1,54,1887,1777,30,34,3,36,0,1835,1660,30,125,4,14,0,4,1313,781,518,1137,696,441,1293,796,380,1292,788,429,1301,850,400,1259,750,509,1195,847,296,1282,861,366,1300,935,331,1316,754,444,1300,930,370,0.0,18,18097,,,
685,18141003400,34,-86.2685209,41.6413304,9943914.0,9943914.0,0.0,3706,1595,914,1154,36,70,4,4006,1485,680,1841,0,9,0,3881,1402,698,1782,0,9,0,3855,1256,1186,1346,39,126,10,3477,1610,679,1154,0,78,0,3770,1601,937,1281,14,151,0,2499,1278,506,678,26,43,3,2527,1173,290,1063,0,0,0,2492,1138,285,1059,0,0,0,2589,1026,699,808,26,69,5,2589,1026,699,723,16,10,2,10,103,2389,1365,254,751,0,20,0,2515,1310,344,825,15,14,0,0,1082,822,226,983,744,239,985,644,284,941,631,236,933,665,224,909,583,326,733,533,167,904,626,248,984,669,297,973,599,336,951,653,298,0.0,18,18141,,,
686,18141003500,35,-86.2432487,41.6362178,2236969.0,2236969.0,0.0,2810,2018,137,598,28,28,10,2682,2028,141,526,0,0,0,2738,2163,127,462,0,0,0,2670,1708,289,592,34,77,3,2731,2118,166,454,0,0,0,2974,1940,408,638,5,0,0,2032,1606,73,315,18,18,5,1984,1479,100,405,0,0,0,1954,1544,85,325,0,0,0,1992,1422,170,320,28,54,2,1992,1422,170,272,23,1,0,12,92,2125,1678,134,312,0,0,0,2200,1620,180,400,0,0,0,0,1191,731,450,999,562,437,1020,462,492,997,535,376,991,519,422,962,424,538,786,458,295,966,499,424,1013,512,486,1006,441,513,954,500,454,0.0,18,18141,,,
687,18141010100,101,-86.2051109,41.6549614,1775326.0,1702938.0,72388.0,2934,2527,131,200,16,61,1,2732,2463,78,78,55,69,9,2780,2538,25,144,34,51,8,2848,2247,156,291,48,114,7,2738,2470,86,107,45,46,8,2662,2287,87,213,11,64,11,2098,1900,64,84,15,34,0,2110,1930,55,40,19,60,0,2125,1960,10,90,15,44,0,2178,1815,102,148,22,83,4,2178,1815,102,113,15,12,3,4,114,2085,1858,78,78,20,50,0,1865,1680,60,54,0,65,0,10,1035,594,412,861,473,388,892,343,467,882,408,376,866,423,400,843,341,502,684,375,261,832,393,396,870,403,439,870,348,463,836,411,425,0.0,18,18141,,,
688,18141011501,115.01,-86.1919384,41.6929654,2079268.0,2075508.0,3760.0,3925,2323,376,1044,172,33,21,4034,2434,334,1061,211,0,0,3997,2473,404,943,175,0,0,3926,2206,291,1225,154,95,7,4233,2827,388,679,257,1,0,4294,2870,323,924,144,1,0,3209,2042,238,762,149,27,14,3140,2250,175,630,90,0,0,3185,2330,200,595,60,0,0,3313,1977,212,940,124,70,7,3313,1977,212,847,103,17,0,11,146,3248,2552,226,419,49,3,0,3480,2630,250,599,4,4,0,0,1227,871,345,941,586,355,1136,650,426,1116,681,368,1111,683,392,1073,571,502,865,553,278,1074,654,384,1122,703,399,1118,592,487,1074,658,416,0.0,18,18141,,,
689,18141011503,115.03,-86.1411929,41.6794152,8192781.0,7623437.0,569344.0,1865,1714,62,57,19,10,6,1880,1716,65,29,42,23,5,1893,1713,82,44,37,10,11,1855,1609,77,78,42,48,2,2472,2227,70,50,35,87,7,2601,2156,162,54,35,191,30,1468,1380,30,37,15,9,2,1475,1355,30,30,30,25,4,1425,1320,29,35,30,4,10,1442,1284,35,42,37,38,0,1442,1284,35,30,25,10,0,11,47,1677,1494,23,34,36,85,0,1720,1460,45,24,30,145,14,0,908,433,459,883,366,517,867,300,518,872,335,455,859,351,468,832,237,595,741,336,367,838,327,476,868,325,529,871,244,576,823,301,522,0.0,18,18141,,,
690,18141011309,113.09,-86.2124619,41.7109579,5469182.0,5427923.0,41259.0,3229,2386,218,519,104,33,2,3224,2632,204,275,40,204,0,3288,2709,139,322,28,110,0,3096,2209,241,466,134,67,2,3001,2477,75,389,9,48,0,2745,2360,126,243,29,25,0,2716,2145,144,338,87,23,1,2650,2245,125,210,4,69,0,2700,2325,65,219,0,79,0,2621,1957,169,321,126,52,2,2621,1957,169,287,106,5,0,10,87,2469,2078,31,311,0,41,0,2310,2030,44,224,10,4,0,0,1381,848,521,1160,683,477,1056,565,413,1042,593,383,1031,596,399,1012,509,503,879,556,298,1001,582,386,1019,616,388,1027,514,474,999,577,422,0.0,18,18141,,,
691,18141010902,109.02,-86.3923869,41.7240254,45487540.0,43972620.0,1514920.0,3556,3121,142,249,42,27,1,3771,3387,105,199,64,32,0,3759,3298,116,245,73,33,0,3911,3163,222,337,99,67,0,3346,3006,62,185,53,39,0,3385,3060,69,117,42,24,69,2772,2480,92,166,24,20,1,2935,2621,89,133,35,30,0,2939,2637,99,114,33,35,0,3072,2566,148,229,69,41,0,3072,2566,148,200,54,7,0,9,88,2692,2475,67,82,8,38,0,2720,2470,70,85,0,15,50,20,1888,986,874,1838,840,998,1877,725,1034,1858,840,903,1848,833,951,1780,616,1164,1644,849,751,1891,838,994,2120,910,1177,2114,724,1315,2021,868,1153,7071.260005378962,18,18141,,,
692,18141011001,110.01,-86.3194532,41.7284695,27891578.0,27891578.0,0.0,2290,1701,98,443,42,22,3,2376,2011,134,192,39,13,0,2472,2183,146,89,33,34,0,2690,2018,154,353,99,71,7,2493,2297,62,77,42,34,0,2784,2285,112,200,185,19,0,1780,1377,60,303,30,14,1,1935,1665,75,179,0,0,0,1980,1785,85,74,0,20,0,2120,1651,89,270,55,49,5,2120,1651,89,244,49,3,5,7,72,2047,1926,34,55,0,13,0,2320,2045,45,155,60,4,0,15,1220,712,495,1027,469,558,1267,547,645,1264,602,598,1259,614,618,1205,468,737,1146,625,495,1302,637,635,1484,754,714,1478,581,845,1432,693,739,3090.2631353815163,18,18141,,,
693,18141011701,117.01,-86.1355101,41.639377,6848962.0,6805452.0,43510.0,4049,3725,138,113,36,38,7,3879,3278,422,125,53,193,0,3908,3197,471,218,21,253,0,4105,3478,198,253,63,89,8,4095,3041,324,715,14,220,0,4225,3192,86,888,48,38,0,2829,2673,59,52,22,24,2,2785,2410,295,55,20,4,0,2815,2340,345,125,10,4,0,3024,2640,120,149,36,53,5,3024,2640,120,103,28,13,0,12,108,3163,2278,234,647,11,4,0,3160,2410,25,645,50,30,0,10,1693,858,819,1578,663,915,1618,536,971,1608,679,828,1594,696,837,1527,458,1069,1378,661,672,1614,661,899,1818,725,1057,1818,574,1141,1733,684,1049,0.0,18,18141,,,
694,18097361200,3612,-86.0734463,39.7612746,2351848.0,2351848.0,0.0,3126,2658,187,243,26,19,4,3363,2612,252,421,31,47,0,3456,2643,302,420,51,42,0,3137,2426,293,280,49,81,4,3387,2738,240,369,26,14,0,3247,2700,191,359,51,82,33,2451,2150,107,160,21,16,2,2545,2130,50,285,30,45,0,2540,2140,55,265,40,45,0,2480,1986,183,191,37,67,2,2480,1986,183,149,24,4,0,22,112,2479,2189,36,218,14,18,0,2490,2160,115,195,10,8,0,0,1183,716,443,1048,627,421,1137,590,458,1124,617,415,1119,643,424,1088,574,514,911,559,311,1120,650,422,1223,744,458,1226,617,466,1218,755,463,0.0,18,18097,,,
695,18097361300,3613,-86.0358352,39.7666977,5230426.0,5230426.0,0.0,2266,2009,128,98,9,24,1,2552,2206,75,191,50,24,6,2157,1842,54,187,54,16,4,2710,2020,297,253,24,88,5,2145,1704,51,211,57,18,2,2210,1695,113,236,0,62,0,1747,1582,78,63,8,18,1,1985,1790,10,130,25,19,4,1780,1580,10,135,25,20,4,2050,1607,166,158,18,70,4,2050,1607,166,117,8,7,3,16,126,1786,1543,9,186,24,20,2,1925,1550,89,220,0,65,0,0,862,456,392,753,370,383,875,339,467,868,367,433,867,402,428,841,342,499,704,333,337,873,391,445,956,427,514,965,361,457,960,464,496,0.0,18,18097,,,
696,18141011504,115.04,-86.1204803,41.6942348,9450084.0,9448697.0,1387.0,1599,1441,56,31,42,22,3,1612,1468,15,75,37,12,0,1537,1432,7,30,36,32,0,1572,1325,77,66,59,46,5,1523,1411,7,28,43,34,0,1812,1673,43,0,59,24,0,1206,1111,30,18,25,14,2,1265,1195,4,39,8,8,0,1230,1175,4,15,8,25,0,1230,1063,43,37,52,37,5,1230,1063,43,31,37,0,0,0,56,1216,1163,2,15,7,26,0,1425,1365,35,0,14,10,0,0,781,375,399,730,288,442,779,280,457,777,334,396,766,316,424,745,255,490,618,299,299,748,304,421,801,302,488,801,242,520,757,293,464,0.0,18,18141,,,
697,18141011406,114.06,-86.1137953,41.7308395,26514417.0,26514417.0,0.0,5186,4782,105,106,158,31,7,5031,4194,140,215,432,0,50,5126,4295,119,162,508,0,42,5231,4431,185,206,243,96,16,5572,4812,163,144,442,22,11,5628,4951,162,112,362,59,3,3674,3441,56,63,91,19,3,3520,3170,85,130,115,0,20,3580,3235,75,95,160,0,20,3898,3392,107,114,160,69,8,3898,3392,107,93,129,7,6,21,143,3831,3473,85,91,191,0,0,3850,3485,60,95,170,30,0,10,2623,1169,1433,2602,981,1621,2729,990,1576,2709,1135,1439,2694,1099,1528,2606,793,1813,2368,1175,1125,2691,1134,1479,2909,1266,1600,2901,974,1825,2783,1160,1623,3074.9440426168885,18,18141,,,
698,18141011405,114.05,-86.0729349,41.7367499,9814051.0,9814051.0,0.0,3528,3278,72,61,99,35,2,3958,3475,163,171,133,22,4,3787,3322,71,121,251,25,58,3718,3173,142,94,188,100,4,3856,3224,146,145,318,25,22,3701,3109,185,124,274,42,5,2405,2267,36,34,58,19,0,2745,2460,130,70,60,10,4,2550,2305,60,50,95,15,10,2615,2285,84,52,114,50,4,2615,2285,84,42,96,2,2,6,98,2666,2253,131,59,186,12,13,2575,2275,95,45,135,10,0,20,1830,771,1046,1845,624,1221,1912,608,1190,1907,686,1131,1885,680,1158,1831,445,1386,1571,675,858,1875,696,1128,2032,806,1199,2026,580,1366,1927,702,1225,2150.002881271242,18,18141,,,
699,18141011506,115.06,-86.1725039,41.6895112,4911684.0,4911684.0,0.0,4951,3697,275,739,191,56,11,5120,3846,360,856,44,0,0,5121,3737,338,976,48,0,0,5309,3584,368,1010,265,105,2,4918,3546,465,847,36,0,0,4689,3449,364,678,127,11,0,3836,3062,149,460,133,30,10,3740,3260,85,350,45,0,0,3870,3260,95,460,50,0,0,4272,3100,268,639,206,79,0,4272,3100,268,559,183,9,0,6,147,3661,3125,140,381,13,0,0,3550,2980,60,450,54,0,0,0,1973,1194,756,1597,843,754,1998,1015,831,1979,1075,779,1966,1077,822,1908,898,1010,1646,1016,573,1946,1079,793,2054,1179,841,2057,982,986,1991,1112,879,0.0,18,18141,,,
700,18141011505,115.05,-86.1708487,41.7071503,5421992.0,5421992.0,0.0,2998,2353,142,206,280,41,7,3044,2333,204,181,174,147,56,3200,2455,106,185,296,151,0,3931,2732,242,291,591,68,7,3068,2266,223,140,315,109,0,3732,2635,295,185,572,9,9,2409,1933,99,146,212,30,3,2220,1850,125,65,15,120,0,2255,1920,90,65,45,135,0,3296,2343,183,242,471,47,4,3296,2343,183,203,444,9,4,0,110,2256,1851,143,70,70,105,0,2675,2185,210,100,140,10,0,20,1521,799,710,1068,464,604,1388,641,630,1387,628,684,1374,641,690,1344,518,826,1209,695,478,1419,715,655,1598,873,693,1603,689,867,1558,815,743,0.0,18,18141,,,
701,18119955900,9559,-86.7845007,39.2198653,212850498.0,212769936.0,80562.0,4849,4700,50,23,42,35,2,4582,4409,82,26,34,53,0,4688,4519,46,25,35,84,0,4921,4614,70,42,58,130,6,4597,4411,24,15,34,124,0,4836,4670,101,10,9,59,0,3707,3606,36,12,21,30,1,3710,3545,85,4,25,50,0,3780,3625,45,4,25,85,0,3823,3613,44,21,35,89,3,3823,3613,44,10,12,7,0,11,126,3727,3542,24,4,23,133,0,4070,3950,60,10,10,45,0,0,1947,895,1007,1864,690,1174,2056,498,1434,2036,644,1275,2027,743,1215,1951,523,1428,1715,568,1064,2060,617,1370,2341,645,1655,2320,494,1386,2240,666,1574,0.0,18,18119,,,
702,18119955800,9558,-86.7406886,39.3027999,56477815.0,56089501.0,388314.0,4172,4072,45,9,24,14,1,3899,3585,101,67,109,38,0,3782,3419,128,72,107,57,0,4247,3945,75,46,40,127,2,3933,3600,156,4,110,65,0,4236,3982,88,15,131,7,0,3239,3173,30,4,17,8,1,2965,2850,4,42,44,38,0,2975,2840,4,43,33,64,0,3396,3206,37,19,27,90,2,3396,3206,37,7,14,0,0,7,125,3071,2945,26,5,34,65,0,3300,3205,49,14,30,8,0,4,1698,779,879,1673,650,1023,1778,494,1183,1779,652,1040,1776,714,1011,1697,506,1191,1505,540,885,1786,598,1131,1991,594,1355,1978,446,1182,1924,602,1322,0.0,18,18119,,,
703,18119955600,9556,-86.8346435,39.4088058,182972030.0,178192578.0,4779452.0,3852,3740,28,36,9,42,0,3566,3503,0,32,0,63,0,3422,3368,0,0,10,44,0,3613,3348,39,44,15,113,5,3354,3284,0,0,8,62,0,3596,3391,6,156,19,13,0,2996,2928,15,21,6,28,0,2860,2795,0,0,0,30,0,2720,2670,0,0,10,45,0,2945,2749,31,30,9,91,4,2945,2749,31,18,7,6,0,11,123,2613,2543,0,0,10,62,0,2730,2575,0,120,20,15,0,0,1279,516,729,1254,437,817,1366,256,1034,1342,355,880,1337,430,840,1290,282,1008,1128,296,774,1377,328,991,1591,311,1246,1582,253,917,1523,361,1162,0.0,18,18119,,,
704,18119955500,9555,-86.6915876,39.4020808,169786270.0,169287271.0,498999.0,3585,3509,21,18,12,20,0,3714,3575,37,92,4,43,0,3892,3795,36,30,4,57,0,3586,3335,56,56,16,112,6,3961,3828,49,47,3,74,0,4022,3903,21,0,0,71,0,2764,2719,14,6,7,13,0,2925,2795,35,55,4,35,0,3010,2930,34,0,4,45,0,2802,2621,37,27,4,95,4,2802,2621,37,18,0,4,0,3,119,3041,2936,43,0,4,56,0,3205,3115,19,0,0,70,0,0,1306,539,725,1233,377,856,1367,285,999,1354,393,852,1349,488,802,1305,324,981,1140,318,755,1403,373,973,1642,361,1246,1639,276,949,1586,411,1175,0.0,18,18119,,,
705,18097310203,3102.03,-86.2551653,39.874327,3906878.0,3901577.0,5301.0,5617,1972,1021,2448,196,64,4,5770,1985,1032,2667,173,22,0,5645,1740,1161,2757,60,30,0,5939,1554,1299,2915,146,159,8,5181,1513,1307,2244,173,34,0,4829,1522,989,2039,246,166,0,4078,1689,616,1647,137,44,3,3840,1685,300,1700,135,0,0,3850,1525,590,1650,60,10,0,4287,1388,761,1993,116,99,6,4287,1388,761,1888,94,10,0,16,130,3308,1506,497,1202,65,16,0,3345,1490,375,1385,50,4,0,35,2424,1803,615,2329,1774,555,2489,1836,521,2485,1790,565,2483,1873,551,2441,1721,720,2154,1667,423,2458,1875,516,2574,2055,484,2579,1737,714,2571,2025,546,0.0,18,18097,,,
706,18097340202,3402.02,-86.2599053,39.8017224,2190708.0,2190708.0,0.0,3656,2062,327,1169,96,23,2,4349,1806,487,1937,155,35,0,4202,1666,442,2013,115,34,0,4830,1927,729,1899,214,103,13,4386,1681,902,1729,43,22,0,4899,2005,686,2078,7,73,0,2751,1684,207,800,62,17,1,2625,1600,115,885,20,20,0,2370,1415,95,825,14,15,0,3508,1571,455,1301,134,71,11,3508,1571,455,1228,107,11,0,12,124,2413,1470,193,739,12,20,0,2645,1665,240,720,4,20,0,0,1737,1008,714,1505,712,793,1555,739,691,1555,762,683,1540,859,632,1512,693,819,1285,683,542,1562,820,678,1726,920,759,1739,716,804,1721,942,779,0.0,18,18097,,,
707,18097340201,3402.01,-86.263024,39.8164722,1953020.0,1953020.0,0.0,3171,1044,864,1222,45,29,1,3480,1149,1005,1201,65,148,0,3500,1064,1287,1019,129,83,0,3676,781,1697,1099,75,82,5,3461,976,1390,899,196,76,0,3499,824,1503,854,347,116,0,2222,891,517,789,34,15,1,1850,955,210,560,10,30,0,1820,935,305,495,0,0,0,2503,666,1045,726,54,56,5,2503,666,1045,682,44,4,2,11,49,1674,789,380,431,0,0,0,1635,640,340,510,70,4,0,70,1140,772,356,1041,739,302,928,637,248,925,646,231,930,673,233,917,611,306,751,536,184,890,632,233,903,642,253,901,557,293,901,653,248,0.0,18,18097,,,
708,18097330206,3302.06,-85.9476117,39.9021415,3914020.0,3914020.0,0.0,4931,3634,166,952,166,35,7,5071,3628,279,1013,173,60,0,5163,3706,183,1138,111,59,0,4695,3100,273,1087,185,90,11,5324,3218,677,1292,118,102,0,5070,2851,914,1131,150,62,0,3390,2566,99,605,107,22,4,3670,2780,125,674,65,25,0,3725,2825,90,745,40,14,0,3563,2447,177,760,125,65,6,3563,2447,177,693,98,6,4,11,127,3699,2634,205,756,51,4,0,3495,2375,250,755,80,4,0,25,2534,1353,1170,2491,1212,1279,2564,1218,1165,2564,1225,1210,2561,1316,1174,2502,1109,1393,2248,1283,883,2599,1362,1152,2825,1585,1189,2841,1238,1320,2808,1542,1266,0.0,18,18097,,,
709,18097330806,3308.06,-86.0158544,39.832918,1577931.0,1577931.0,0.0,4011,660,705,2608,36,35,13,4003,871,768,2378,15,44,0,4151,927,751,2580,19,56,0,4269,501,1497,2224,35,90,7,4746,867,841,3175,0,81,0,5049,737,961,3460,0,105,0,2636,563,437,1611,24,23,8,2380,725,85,1555,15,10,0,2500,760,100,1625,20,10,0,2900,431,905,1528,26,70,6,2900,431,905,1441,13,0,1,21,88,2454,715,112,1633,0,19,0,2430,700,170,1569,0,24,0,0,1514,1302,203,1178,1039,139,990,834,120,972,816,110,972,842,103,954,805,149,698,590,87,893,755,118,873,724,138,877,656,176,876,729,147,0.0,18,18097,,,
710,18097310309,3103.09,-86.2480123,39.859804,1719550.0,1719550.0,0.0,3255,717,385,1993,183,40,2,4124,606,485,3047,21,0,0,3839,642,168,2934,76,0,0,3880,562,414,2755,129,66,7,3681,651,105,2846,50,0,0,3379,631,109,2532,116,0,0,2287,620,233,1300,143,25,2,2360,570,195,1575,25,0,0,2180,625,0,1540,15,0,0,2822,487,271,1931,106,54,7,2822,487,271,1840,80,5,0,34,105,2143,556,0,1586,0,0,0,2255,510,50,1680,19,0,0,0,1262,1084,173,1242,1062,180,1214,1030,135,1203,1006,138,1207,1046,137,1185,996,189,952,832,91,1193,1025,139,1283,1117,150,1298,998,251,1288,1117,171,0.0,18,18097,,,
711,18141010300,103,-86.1631446,41.6547267,4169386.0,4119718.0,49668.0,5746,5004,188,428,74,70,6,6195,5215,72,622,254,88,32,6118,5172,48,651,213,75,31,5799,4427,382,682,116,164,7,6369,4427,93,1707,234,12,58,5685,4073,126,1216,152,165,67,4255,3845,100,211,54,50,3,4425,3980,20,245,80,65,0,4320,3910,25,225,75,55,0,4329,3532,197,371,91,116,4,4329,3532,197,304,60,29,1,22,184,4466,3234,29,1068,65,6,0,4265,3190,110,750,48,104,0,65,2433,1394,1012,2354,1232,1122,2496,1014,1274,2463,1163,1091,2460,1239,1099,2365,901,1464,2023,1091,846,2359,1132,1123,2454,1151,1243,2443,928,1352,2324,1116,1208,0.0,18,18141,,,
712,18141010400,104,-86.1469272,41.6556576,3152245.0,3108556.0,43689.0,3293,3023,104,136,14,29,3,3325,3124,127,50,18,6,8,3376,2989,212,148,15,13,13,3111,2652,148,196,14,85,5,3280,2997,136,105,21,21,35,3200,2745,220,220,27,98,0,2432,2295,47,66,9,19,2,2414,2308,30,39,20,4,0,2449,2278,20,110,15,10,0,2420,2153,85,89,10,62,3,2420,2153,85,68,5,6,0,7,96,2541,2409,8,53,20,21,0,2515,2255,64,135,30,30,0,0,1490,779,685,1553,734,819,1454,556,771,1422,659,650,1421,690,677,1365,479,886,1140,604,489,1357,623,682,1452,636,790,1448,511,848,1366,612,754,0.0,18,18141,,,
713,18141010500,105,-86.1238186,41.6621143,4297233.0,3964064.0,333169.0,2910,2735,62,59,18,29,9,3132,2589,203,171,28,128,65,3066,2608,146,198,31,108,39,3017,2605,150,103,38,75,23,2988,2661,131,145,23,6,39,3067,2663,212,219,26,10,0,2276,2178,33,30,14,23,4,2496,2177,25,100,30,129,40,2421,2152,15,110,25,109,10,2332,2096,79,48,28,55,8,2332,2096,79,37,25,6,0,0,89,2376,2252,0,87,16,3,17,2290,2165,30,79,0,8,0,0,1450,728,699,1317,563,754,1335,418,809,1311,553,662,1302,539,720,1247,356,891,1076,511,508,1277,510,711,1347,520,796,1348,398,871,1273,517,756,0.0,18,18141,,,
714,18141010600,106,-86.1887049,41.6722041,2299819.0,2259075.0,40744.0,4139,3582,197,272,62,47,3,3652,2864,116,367,106,218,38,3647,3016,134,193,95,216,0,3969,3010,242,450,98,109,7,3599,3129,162,51,96,145,0,3989,3391,236,150,99,4,0,3388,3029,117,164,48,30,3,3090,2640,95,149,40,135,0,3115,2705,105,124,40,135,0,3267,2570,172,305,73,93,7,3267,2570,172,251,48,16,5,22,183,3139,2820,133,27,60,94,0,3235,2885,150,130,79,4,0,0,1702,919,750,1407,723,684,1430,676,655,1425,716,593,1409,737,609,1372,603,769,1128,654,429,1365,723,589,1436,777,629,1441,634,720,1380,755,625,0.0,18,18141,,,
715,18141010700,107,-86.1709601,41.6718763,3175788.0,3064967.0,110821.0,3719,3368,155,128,41,37,6,3695,2902,326,317,96,107,12,3544,2732,278,377,96,122,12,3989,3175,267,355,63,106,7,4199,2917,642,415,99,167,21,3990,3052,428,332,88,114,17,2850,2640,84,72,28,26,5,2800,2455,88,154,55,24,10,2735,2260,124,240,70,29,10,3122,2607,169,184,42,90,4,3122,2607,169,158,32,13,3,10,130,2961,2283,238,257,86,71,17,3010,2440,169,235,80,75,15,0,1598,879,685,1663,847,816,1501,652,729,1485,748,625,1484,767,661,1420,592,828,1249,691,498,1466,732,676,1605,789,777,1601,653,854,1535,760,775,0.0,18,18141,,,
716,18141012200,122,-86.4865554,41.4819694,57973311.0,57837134.0,136177.0,3066,2856,141,19,16,32,0,3171,3061,58,0,5,21,0,3132,3038,54,0,4,12,0,2873,2578,117,58,25,74,0,3063,2975,51,0,5,10,0,2827,2711,53,0,3,27,0,2268,2155,73,7,8,24,0,2370,2335,23,0,0,20,0,2280,2255,8,0,0,8,0,2070,1891,76,24,10,57,0,2070,1891,76,12,9,9,0,0,73,2250,2227,15,0,0,7,0,2030,1970,45,0,0,12,0,0,1252,622,593,1152,474,678,1159,321,773,1152,424,636,1152,469,639,1102,293,809,923,372,501,1127,377,703,1256,364,868,1258,259,849,1197,368,829,0.0,18,18141,,,
717,18141011403,114.03,-86.1686806,41.7400393,7708479.0,7708479.0,0.0,5920,5115,173,155,448,26,19,5761,4606,143,351,689,0,0,5892,4683,223,372,639,9,0,6117,5008,258,255,505,84,5,5568,4574,312,271,448,69,0,5805,3936,736,642,500,83,0,4083,3573,110,102,287,18,8,3780,3225,75,150,330,0,0,3865,3255,105,170,330,10,0,4409,3715,144,150,338,55,5,4409,3715,144,123,305,12,3,13,94,3764,3222,165,162,204,11,0,3970,3130,345,160,300,35,0,0,3153,1391,1752,3360,1279,2081,3205,1385,1627,3200,1326,1765,3177,1306,1801,3073,1020,2053,2842,1495,1290,3195,1455,1661,3424,1714,1663,3420,1274,2060,3297,1506,1791,1781.2714556371795,18,18141,,,
718,18141011404,114.04,-86.1433309,41.7447858,9256885.0,9256885.0,0.0,6887,5919,163,167,611,32,14,6963,5489,132,269,1122,21,35,6857,5388,112,115,1265,23,31,6634,5032,225,220,1046,81,12,6665,5124,43,127,1330,42,30,6533,4889,176,120,1338,11,48,4430,3893,75,94,349,13,6,4415,3815,85,80,380,10,0,4295,3765,75,0,405,15,0,4575,3594,137,137,636,53,10,4575,3594,137,106,603,0,4,22,109,3931,3491,31,14,347,25,0,3910,3405,125,10,309,0,0,50,3186,1253,1915,3104,1006,2098,3219,1194,1836,3210,1224,1884,3202,1200,1954,3086,895,2191,2849,1412,1381,3233,1345,1818,3572,1624,1894,3564,1181,2287,3425,1429,1996,2635.5268167012746,18,18141,,,
719,18137968402,9684.02,-85.1349223,39.2713629,110051264.0,108683891.0,1367373.0,5097,4867,117,33,62,18,2,5117,4689,216,56,141,0,0,5106,4796,148,0,163,0,0,5129,4701,145,42,100,115,3,5157,4767,185,0,184,21,0,5177,4851,69,0,194,26,0,3712,3585,70,15,32,9,1,3980,3790,95,20,70,0,0,3965,3825,90,0,45,0,0,3993,3701,100,27,69,71,3,3993,3701,100,11,61,9,0,18,93,3993,3762,122,0,81,20,0,3800,3665,49,0,70,20,0,0,2191,628,1527,2062,495,1567,2322,433,1773,2306,510,1709,2287,575,1654,2228,396,1832,1687,426,1228,2245,481,1715,2525,506,1982,2520,395,1788,2465,501,1964,0.0,18,18137,,,
720,18137968401,9684.01,-85.1413974,39.1851255,87182355.0,87041290.0,141065.0,2221,2180,20,5,6,6,0,2179,2147,22,10,0,0,0,2188,2172,16,0,0,0,0,2156,2048,29,12,13,47,0,2168,2156,12,0,0,0,0,2233,2212,5,0,21,0,0,1653,1626,12,2,5,5,0,1645,1635,0,10,0,0,0,1640,1640,0,0,0,0,0,1709,1635,22,5,12,33,0,1709,1635,22,1,3,1,0,0,47,1659,1660,0,0,0,0,0,1645,1630,0,0,14,0,0,0,911,303,590,853,260,593,966,163,764,958,202,732,953,228,708,934,165,769,704,153,529,968,189,761,1132,195,920,1133,166,781,1109,198,911,0.0,18,18137,,,
721,18105000602,6.02,-86.544201,39.181555,2725313.0,2725313.0,0.0,3142,2631,115,212,163,28,10,3687,2838,149,463,286,11,0,3676,2771,151,490,318,41,0,3134,2240,259,319,207,100,8,3849,2505,141,725,496,38,0,3346,2258,192,503,386,36,16,2836,2409,93,165,151,21,10,2920,2360,125,379,55,0,0,3000,2425,130,365,75,25,0,2570,1894,189,207,187,83,7,2570,1894,189,177,157,3,4,26,120,3120,2297,139,586,102,33,0,2615,1930,145,450,69,34,0,15,1127,841,277,921,639,282,963,645,236,962,656,226,957,682,223,919,643,276,832,612,168,986,704,234,1107,810,271,1105,701,302,1089,804,285,0.0,18,18105,,,
722,18107957500,9575,-86.764921,39.9426936,188793170.0,188756896.0,36274.0,3464,3380,34,16,16,19,1,3637,3568,41,20,0,0,8,3599,3509,49,40,0,0,0,3367,3230,59,19,11,37,8,3575,3484,40,50,0,0,0,3495,3366,44,62,0,13,9,2577,2531,19,1,9,15,1,2549,2514,23,12,0,0,10,2629,2589,34,12,0,0,0,2565,2465,36,10,6,32,5,2565,2465,36,7,5,10,5,0,37,2675,2632,27,8,0,0,0,2670,2605,29,12,0,14,0,10,1402,529,833,1291,356,935,1474,234,1157,1467,368,991,1468,457,946,1421,257,1164,1156,265,825,1444,322,1063,1596,322,1243,1598,206,958,1539,329,1210,0.0,18,18107,,,
723,18107956900,9569,-86.9979665,40.0600469,110377618.0,110256973.0,120645.0,5384,4986,263,55,48,26,4,5278,4913,180,42,113,30,0,5362,5045,108,59,100,50,0,5473,4933,276,61,95,94,2,5330,4984,121,50,145,38,0,5249,4541,309,123,10,21,0,4039,3811,157,28,31,22,3,4080,3870,70,10,115,33,0,4170,3925,80,10,100,54,0,4224,3873,176,30,61,66,2,4224,3873,176,16,51,7,0,0,101,4005,3748,61,30,138,36,0,3835,3645,85,75,10,22,0,0,2636,1032,1562,2282,670,1612,2413,536,1748,2397,707,1549,2402,843,1482,2314,469,1845,2059,577,1384,2447,650,1713,2735,639,2047,2745,404,1792,2602,592,2010,0.0,18,18107,,,
724,18107956700,9567,-86.7756534,40.1196417,307729108.0,307729108.0,0.0,3340,3263,29,10,15,15,1,3484,3358,22,2,89,13,0,3541,3352,54,3,111,30,0,3150,2963,43,22,21,75,2,3439,3337,44,0,0,67,0,3332,3132,118,0,50,38,0,2475,2430,15,3,8,10,0,2605,2575,0,4,15,15,0,2610,2560,10,4,15,20,0,2419,2293,27,16,6,60,1,2419,2293,27,10,1,3,0,10,75,2682,2621,11,0,0,64,0,2585,2505,40,0,10,24,0,0,1514,484,992,1479,336,1143,1563,239,1230,1556,351,1115,1552,435,1062,1498,250,1248,1251,261,920,1542,315,1170,1708,316,1357,1700,199,1089,1632,312,1320,0.0,18,18107,,,
725,18107956800,9568,-86.9765056,40.1563265,255536395.0,255486581.0,49814.0,3211,3089,56,24,14,43,1,2906,2787,68,8,7,31,0,3050,2952,55,23,12,3,0,3033,2810,62,44,21,72,2,3094,2979,53,21,25,9,2,3084,2975,42,32,17,8,4,2370,2308,24,6,6,27,0,2195,2145,44,8,8,4,0,2315,2260,29,18,10,4,0,2300,2156,43,17,18,46,1,2300,2156,43,8,11,6,0,3,73,2399,2335,27,13,19,8,0,2365,2315,18,15,8,12,4,4,1335,475,837,1287,323,964,1380,238,1061,1384,321,973,1379,405,926,1332,236,1096,1105,268,780,1368,303,1016,1517,300,1181,1516,192,980,1445,300,1145,0.0,18,18107,,,
726,18107957300,9573,-87.0014117,39.945906,244900847.0,243092605.0,1808242.0,4141,4045,48,19,8,26,0,4400,4297,37,34,2,30,0,4255,4096,71,0,15,48,0,4027,3775,81,38,23,90,5,4064,3873,63,0,24,75,0,3670,3375,95,25,81,55,0,3165,3108,29,9,4,21,0,3355,3315,8,4,4,28,0,3260,3190,18,0,19,40,0,3122,2960,41,24,18,67,3,3122,2960,41,13,5,13,0,7,83,3218,3133,7,0,25,63,0,2890,2795,18,14,19,49,0,10,1831,599,1193,1688,388,1300,1888,300,1488,1868,420,1333,1868,569,1227,1814,283,1531,1567,343,1161,1893,385,1451,2155,373,1758,2157,241,1326,2069,374,1695,0.0,18,18107,,,
727,18107957400,9574,-86.8749974,39.9596311,178974224.0,178921212.0,53012.0,4425,4262,75,31,32,22,3,4759,4553,121,32,52,6,0,4896,4697,133,34,38,0,0,4645,4278,162,51,59,77,10,5229,5029,123,35,47,0,0,5148,5070,25,6,3,6,0,3359,3280,37,13,23,17,2,3712,3622,20,20,50,4,0,3662,3582,25,15,35,0,0,3653,3424,101,24,29,63,4,3653,3424,101,14,21,5,2,8,78,3906,3837,10,15,36,0,0,3925,3880,24,4,4,8,0,0,2034,733,1259,1590,431,1159,2052,404,1560,2041,553,1354,2038,679,1288,1963,380,1583,1697,429,1192,2059,496,1496,2353,496,1815,2351,339,1438,2242,490,1752,0.0,18,18107,,,
728,18107957200,9572,-86.8918217,40.0266444,4454952.0,4454952.0,0.0,4415,3592,698,75,31,31,5,4281,3399,631,326,0,11,0,4366,3398,686,368,0,0,0,4409,3346,828,93,35,118,0,4373,3199,909,410,0,1,0,4219,3119,908,177,0,9,0,3357,2830,445,40,23,24,3,2920,2630,139,125,0,10,0,2945,2615,185,150,0,0,0,3275,2586,537,45,27,91,0,3275,2586,537,31,18,4,0,2,97,2805,2430,253,121,0,2,0,2570,2320,125,115,0,12,0,0,1304,597,689,1538,594,944,1257,388,792,1242,466,685,1242,508,683,1190,346,844,1013,367,579,1259,444,766,1447,481,938,1432,338,836,1364,445,919,0.0,18,18107,,,
729,18107957000,9570,-86.9081184,40.0489683,7192927.0,7192927.0,0.0,4609,4116,249,149,79,30,1,4810,4198,268,178,131,85,25,4648,4157,208,118,147,76,46,4907,4209,368,135,72,105,9,4678,4093,284,108,179,42,35,4728,4324,103,136,124,84,47,3713,3358,180,96,63,21,1,3700,3330,78,132,83,63,0,3655,3340,59,87,88,44,10,3947,3436,271,87,65,79,3,3947,3436,271,70,49,8,2,7,104,3657,3338,65,65,123,23,11,3785,3525,44,49,74,40,15,30,1654,817,809,1730,658,1072,1509,512,903,1503,609,813,1496,645,804,1433,453,980,1280,512,695,1560,598,911,1844,703,1104,1842,477,1089,1765,620,1145,0.0,18,18107,,,
730,18097330805,3308.05,-86.0336306,39.8332719,3415250.0,3415250.0,0.0,3056,903,494,1644,22,35,9,2571,796,295,1398,36,46,0,2499,822,327,1240,86,17,0,3089,752,612,1679,27,68,2,2215,727,269,1087,106,16,0,2195,524,421,1190,95,8,0,2142,737,309,1078,13,25,3,1755,765,45,895,0,45,0,1595,805,55,710,20,15,0,2146,648,358,1092,21,44,2,2146,648,358,1058,13,4,0,8,57,1396,706,46,611,18,15,0,1335,520,55,725,19,10,0,0,985,801,174,873,728,145,779,589,159,777,595,144,776,610,143,768,580,188,520,408,94,703,539,146,693,514,172,697,468,192,693,526,167,0.0,18,18097,,,
731,18097341904,3419.04,-86.2590328,39.7765017,1145384.0,1145384.0,0.0,2433,761,1032,609,52,26,5,2388,501,876,941,83,17,0,2344,551,768,967,74,38,0,2411,602,693,1067,71,82,0,2011,466,565,958,48,17,0,2252,633,427,1282,103,50,0,1760,636,681,414,40,16,4,1040,450,100,475,14,0,0,1085,505,85,479,14,0,0,1771,525,461,720,61,56,0,1771,525,461,669,48,6,0,10,52,970,419,68,461,14,0,0,1285,575,70,615,4,10,0,10,518,390,122,431,309,122,572,380,165,568,380,155,564,400,148,557,377,180,458,328,111,569,398,154,634,452,168,634,381,204,634,451,183,0.0,18,18097,,,
732,18097341903,3419.03,-86.2588718,39.7677432,2017449.0,1974097.0,43352.0,5386,2067,1802,1416,129,74,9,5703,1136,1298,3271,6,35,14,5926,1070,1433,3400,1,51,0,4839,1011,1130,2670,69,114,6,5904,742,1416,3747,0,32,0,5988,1512,645,3775,26,30,0,3964,1755,1176,939,101,41,4,2220,880,160,1150,4,35,0,2260,810,200,1195,0,50,0,3459,898,704,1798,55,83,4,3459,898,704,1715,49,1,1,11,80,2377,660,250,1440,0,31,0,2615,1280,125,1185,0,30,0,0,1150,784,356,1075,744,331,989,639,288,983,634,280,984,670,266,966,638,328,645,427,183,894,592,263,873,581,273,883,509,294,882,595,287,0.0,18,18097,,,
733,18097340113,3401.13,-86.3168798,39.7855395,3228286.0,3224306.0,3980.0,3977,3051,306,525,56,52,2,4180,2999,419,719,27,0,23,4260,3005,290,909,23,25,15,4422,2826,575,831,91,85,1,4263,2487,444,1273,24,24,19,4294,2512,575,1080,39,44,34,3038,2485,170,314,43,38,2,3050,2395,160,445,25,0,25,3250,2525,140,520,25,24,15,3364,2332,369,513,72,65,1,3364,2332,369,468,57,16,1,23,98,2951,2081,112,695,26,25,21,2870,2010,125,640,39,29,35,0,1488,778,693,1390,638,752,1589,657,814,1576,718,757,1570,781,724,1543,642,901,1185,601,546,1511,720,732,1585,781,771,1593,623,764,1576,796,780,0.0,18,18097,,,
734,18097340111,3401.11,-86.298159,39.7943969,4490228.0,4490228.0,0.0,3544,2198,241,1008,97,12,0,4001,2178,309,1394,115,8,0,3866,2106,293,1339,151,0,0,3870,1639,434,1650,91,62,2,3416,1883,239,1130,124,19,0,3728,1671,554,1421,73,72,0,2603,1736,142,664,60,5,0,2850,1660,125,975,74,10,0,2672,1542,95,915,110,0,0,2916,1436,293,1072,69,48,2,2916,1436,293,1025,53,3,0,28,78,2409,1412,80,806,83,20,0,2760,1380,265,1005,60,70,0,4,1397,806,582,1278,722,556,1295,732,461,1284,734,471,1282,777,465,1254,690,564,1060,678,327,1268,774,442,1339,869,442,1346,737,456,1332,862,470,0.0,18,18097,,,
735,18043071103,711.03,-85.9118469,38.3180811,29974414.0,29727554.0,246860.0,3924,3803,28,33,40,15,3,4319,4208,1,45,52,0,0,4425,4301,1,28,62,14,0,4632,4295,129,56,81,61,1,4749,4573,44,26,84,22,0,4745,4461,168,11,94,7,0,3038,2961,18,20,24,12,3,3440,3395,4,25,8,0,0,3555,3505,4,15,20,15,0,3526,3300,72,35,54,59,1,3526,3300,72,16,41,2,0,9,86,3942,3834,48,10,32,23,0,3825,3760,45,4,14,8,0,0,2394,900,1472,2390,843,1547,2609,804,1639,2597,914,1602,2560,884,1610,2451,758,1693,2227,828,1322,2648,918,1659,2991,1067,1862,2978,866,2008,2920,999,1921,0.0,18,18043,,,
736,18097342200,3422,-86.2578724,39.7396848,5952002.0,5952002.0,0.0,5063,3493,610,877,34,74,12,5477,3170,942,1244,90,70,0,5440,2949,1035,1352,84,69,0,5454,2655,1353,1291,51,198,3,5703,3281,701,1618,92,54,0,5630,2723,1529,1114,0,550,0,3632,2727,376,479,20,50,6,3198,2466,158,523,0,34,0,3191,2337,278,516,0,24,0,3907,2190,823,762,42,147,1,3907,2190,823,681,23,12,1,17,160,3504,2576,195,707,0,19,0,3460,2455,505,499,0,10,0,0,1269,734,512,1140,636,504,1158,484,594,1148,549,514,1143,605,481,1118,515,603,801,391,367,1084,511,525,1155,509,614,1159,454,548,1151,568,583,0.0,18,18097,,,
737,18091042601,426.01,-86.8367579,41.5635073,97879597.0,97510778.0,368819.0,5384,4403,283,648,34,25,0,3841,3621,69,138,5,0,5,3806,3563,91,146,7,0,0,5010,4367,291,132,67,124,5,3993,3462,391,74,54,8,0,4349,3786,391,47,98,45,0,4414,3537,220,629,24,17,0,3066,2914,62,78,4,0,4,3074,2928,61,82,4,0,0,3958,3519,178,71,54,95,4,3958,3519,178,50,34,12,0,10,155,2981,2816,111,8,24,9,0,3295,3090,109,25,45,19,0,4,1514,843,632,1500,763,737,1752,611,1009,1714,742,850,1697,833,802,1633,690,943,1378,643,690,1703,710,938,1931,720,1168,1911,566,1110,1847,725,1122,0.0,18,18091,,,
738,18091042602,426.02,-86.9114278,41.5287022,6331397.0,6331397.0,0.0,3341,2227,204,892,19,12,0,4652,2796,328,1528,16,81,0,4445,2632,331,1513,15,25,0,3110,1839,210,1021,8,7,4,4263,2516,359,1421,18,14,0,3640,2051,196,1371,11,11,0,2974,1896,178,881,12,9,0,4559,2741,293,1456,15,80,0,4361,2592,293,1442,10,24,0,3056,1804,196,1016,8,7,4,3056,1804,196,1013,6,3,0,22,12,4169,2475,315,1355,10,14,0,3510,1980,150,1370,0,8,0,0,520,319,192,475,256,219,569,198,324,554,239,265,554,269,254,522,231,291,419,192,209,543,228,289,595,233,346,591,181,322,576,236,340,0.0,18,18091,,,
739,18091042401,424.01,-86.7259528,41.5998567,1719463.0,1719463.0,0.0,2992,2540,322,106,11,23,3,3137,2847,168,122,0,0,0,3446,2920,380,113,0,33,0,2910,2359,315,154,17,58,5,2985,2523,303,144,0,15,0,3135,2456,564,107,0,70,0,2241,1992,174,50,9,15,1,1940,1780,105,55,0,0,0,2260,2030,150,45,0,35,0,2175,1828,206,75,14,48,2,2175,1828,206,54,4,4,1,10,68,2118,1934,100,72,0,14,0,2255,1920,300,29,0,35,0,0,1252,718,506,1008,562,446,1031,436,504,1017,488,450,999,525,420,975,470,505,801,414,343,990,468,476,1077,478,564,1068,396,568,1043,480,563,0.0,18,18091,,,
740,18091042402,424.02,-86.7657436,41.5833829,18475667.0,18301095.0,174572.0,4443,3967,263,158,44,16,7,4695,4067,234,413,0,0,0,4382,3730,224,405,0,38,0,4890,4051,337,350,56,59,6,5003,4433,201,317,0,28,0,5437,4810,369,182,18,34,0,3424,3175,139,78,28,11,3,3785,3325,190,265,0,0,0,3495,3035,180,270,0,10,0,3782,3223,223,207,48,43,6,3782,3223,223,181,35,7,0,9,104,3568,3331,88,139,0,13,0,3845,3580,130,90,20,29,0,0,1862,1032,802,1725,904,821,1820,760,917,1791,882,784,1768,950,751,1700,779,921,1449,754,639,1784,853,863,1993,909,1053,1953,712,1087,1907,878,1029,0.0,18,18091,,,
741,18043071006,710.06,-85.8072264,38.3498226,3570210.0,3561748.0,8462.0,4277,3564,161,446,87,26,2,4443,3269,372,737,34,54,0,4509,3353,302,774,57,51,0,4548,3430,301,596,132,123,2,5036,3551,284,969,157,86,0,4804,3611,205,701,209,79,10,3209,2748,103,283,57,18,1,3205,2630,130,385,35,44,0,3255,2655,105,440,30,49,0,3525,2763,177,400,104,93,2,3525,2763,177,359,80,5,2,8,131,3484,2778,95,526,42,50,0,3540,2895,69,450,90,24,0,10,2030,905,1109,1920,829,1091,2021,771,1111,2002,819,1109,1981,830,1098,1902,739,1163,1647,753,838,1996,846,1089,2191,988,1156,2188,844,1264,2141,938,1203,0.0,18,18043,,,
742,18141011100,111,-86.3346061,41.6774705,17545993.0,17545993.0,0.0,4614,3299,569,689,30,58,4,4356,3250,674,437,0,20,0,4477,2879,691,924,0,17,0,4341,2906,691,593,34,116,17,3363,2363,404,544,0,0,0,4747,3323,866,422,17,3,0,3535,2725,335,427,21,38,3,3225,2700,219,299,0,0,0,3265,2470,219,580,0,0,0,3367,2444,415,370,27,102,14,3367,2444,415,321,12,19,3,14,139,2642,2041,235,367,0,0,0,3895,2960,605,310,15,4,0,0,1869,1269,577,1645,1000,645,1604,779,728,1585,887,564,1570,919,581,1531,727,804,1258,762,449,1502,820,624,1575,807,748,1553,693,783,1501,804,697,0.0,18,18141,,,
743,18051050401,504.01,-87.5406306,38.4264699,282673978.0,276685889.0,5988089.0,3484,3335,29,81,18,27,2,3512,3298,82,123,6,13,0,3386,3183,65,154,4,0,1,3240,3040,35,82,33,42,0,3079,2735,72,154,5,8,0,3276,2983,34,113,40,48,0,2678,2582,15,56,11,19,1,2857,2762,34,38,8,14,0,2664,2583,20,49,4,0,0,2540,2392,26,54,27,37,0,2540,2392,26,36,19,9,0,14,44,2342,2286,3,42,4,3,0,2465,2375,15,39,14,16,0,4,1712,664,998,1626,521,1105,1725,360,1284,1725,560,1078,1723,635,1048,1666,403,1263,1460,409,988,1677,482,1147,1777,390,1354,1770,293,1300,1738,591,1147,1777.4180976621958,18,18051,,,
744,18051050402,504.02,-87.4954789,38.3127232,198664204.0,197412009.0,1252195.0,4177,3975,32,129,19,34,0,4362,4175,32,92,11,52,0,4380,4174,26,83,12,78,0,4092,3757,70,139,41,80,3,4419,4171,26,99,41,77,0,4203,3951,5,91,78,77,0,3227,3086,18,99,9,25,0,3330,3165,30,79,4,49,0,3295,3125,25,68,4,74,0,3116,2899,39,81,28,55,0,3116,2899,39,64,17,8,0,6,83,3212,3057,23,81,4,63,0,3055,2945,4,29,18,40,0,15,2025,904,1073,1950,693,1257,2147,526,1520,2162,841,1216,2153,889,1219,2076,588,1488,1747,567,1119,2082,692,1341,2155,506,1605,2157,393,1539,2140,803,1337,1041.8871845510616,18,18051,,,
745,18097310311,3103.11,-86.2251268,39.8387495,4806215.0,4806215.0,0.0,5198,1457,757,2861,158,41,15,5892,1431,608,3778,229,68,0,6479,1569,593,4214,204,99,0,5831,1341,742,3519,217,59,5,6823,1453,1085,4627,218,0,0,6729,1668,907,4381,215,12,0,3689,1211,484,1893,114,23,5,4010,1320,160,2375,149,0,0,4225,1315,130,2660,115,0,0,4228,1141,451,2457,161,41,4,4228,1141,451,2374,136,5,0,16,105,4185,1227,246,2606,110,0,0,4210,1315,265,2525,100,0,0,0,2538,2050,468,2550,2068,482,2677,2153,394,2664,2117,447,2659,2177,437,2614,2032,582,2322,1937,321,2633,2160,413,2738,2304,393,2754,1967,663,2746,2266,480,0.0,18,18097,,,
746,18141000100,1,-86.3000944,41.6897925,2267709.0,2267709.0,0.0,2076,940,269,853,20,33,1,2109,704,372,1005,25,6,0,2148,760,518,854,22,4,0,2191,779,395,1014,29,40,1,2150,958,247,893,60,3,0,2146,973,37,1100,24,6,0,1417,795,153,460,10,20,0,1390,670,85,608,14,8,0,1400,715,95,568,14,4,0,1504,645,226,614,20,26,0,1504,645,226,566,17,0,0,0,50,1578,869,70,584,43,4,0,1585,845,28,689,29,8,0,0,833,606,219,1036,787,249,728,516,168,722,541,131,717,544,151,690,462,228,579,451,107,684,516,144,697,527,154,696,476,197,667,510,157,0.0,18,18141,,,
747,18125953900,9539,-87.1427974,38.3702431,353106405.0,347130605.0,5975800.0,3445,3372,36,16,9,12,0,3219,3043,16,69,91,0,0,3251,3033,23,84,111,0,0,3374,3218,55,24,9,61,3,3157,2864,158,60,69,0,0,3231,2969,163,42,30,21,0,2670,2633,17,6,4,8,0,2515,2515,0,0,0,0,0,2515,2515,0,0,0,0,0,2615,2500,39,15,7,46,3,2615,2500,39,7,5,1,0,2,61,2484,2359,135,9,0,0,0,2560,2305,165,40,30,19,0,0,1623,793,790,1588,650,938,1662,374,1195,1639,616,930,1626,739,845,1533,451,1082,1439,464,911,1639,537,1060,1795,424,1343,1790,339,1189,1742,595,1147,0.0,18,18125,,,
748,18125954100,9541,-87.3188676,38.4681545,312977696.0,307995168.0,4982528.0,3312,3240,25,16,8,17,3,3119,3057,33,0,0,29,0,3154,3122,32,0,0,0,0,3125,2991,31,24,12,64,5,2977,2955,11,0,0,11,0,3103,3049,24,0,0,5,0,2555,2519,10,6,8,10,3,2405,2375,0,0,0,30,0,2410,2410,0,0,0,0,0,2414,2314,20,10,10,56,5,2414,2314,20,1,3,9,0,0,67,2212,2186,0,0,0,5,0,2335,2325,4,0,0,4,0,0,1632,644,934,1489,479,1010,1603,315,1205,1589,557,942,1588,715,839,1505,404,1101,1401,439,895,1535,461,1037,1605,328,1253,1581,247,1130,1540,488,1052,0.0,18,18125,,,
749,18125954000,9540,-87.2843366,38.4991503,19883258.0,19085418.0,797840.0,2989,2909,27,22,14,14,3,3079,2946,16,92,13,12,0,3087,2974,10,71,16,16,0,2928,2793,45,31,8,36,4,3169,3028,7,59,14,61,0,3058,2982,2,45,13,16,0,2376,2318,18,14,9,12,3,2505,2385,15,80,15,10,0,2465,2370,10,55,15,15,0,2297,2192,31,28,8,28,4,2297,2192,31,18,7,11,0,3,35,2636,2492,1,54,15,60,0,2500,2445,4,25,15,18,0,0,1486,627,818,1312,459,853,1356,288,1001,1332,517,744,1324,594,708,1248,346,902,1127,362,715,1311,424,852,1401,323,1050,1385,246,967,1349,467,882,0.0,18,18125,,,
750,18125954200,9542,-87.2553168,38.3254355,197462866.0,191630454.0,5832412.0,3099,3023,32,8,12,26,2,2994,2931,36,16,5,0,0,2886,2794,50,28,9,0,0,2823,2664,49,29,6,54,8,3061,3050,5,0,6,0,0,2835,2703,90,4,4,34,0,2364,2317,13,6,7,20,2,2165,2135,10,15,0,0,0,2120,2080,15,30,0,0,0,2175,2079,18,7,4,43,6,2175,2079,18,3,0,10,0,1,64,2294,2298,4,0,0,0,0,2195,2120,45,0,0,22,0,0,1364,636,679,1347,531,816,1403,320,998,1389,538,789,1379,623,723,1309,380,929,1194,415,715,1342,450,849,1419,340,1046,1385,260,913,1360,493,867,0.0,18,18125,,,
751,18039001602,16.02,-85.9894395,41.7291413,14164315.0,14092658.0,71657.0,4839,3994,368,266,181,71,1,4838,3865,567,262,137,7,0,4618,3720,324,285,270,19,0,4809,3484,619,352,227,143,12,4848,3848,458,209,308,25,0,4564,3584,454,125,277,148,0,3644,3135,192,159,129,44,1,3755,3190,310,140,100,8,0,3660,3100,250,155,150,20,0,3773,2895,369,211,175,103,4,3773,2895,369,169,162,5,4,25,144,3765,3112,306,155,169,13,0,3585,2925,335,90,170,75,0,0,2081,987,1068,1783,685,1098,1691,555,1042,1679,598,970,1675,611,998,1661,472,1189,1335,538,755,1689,603,1030,1900,679,1185,1892,545,1229,1884,662,1222,2468.4227283616565,18,18039,,,
752,18039001702,17.02,-85.9607893,41.7098806,5388200.0,5135646.0,252554.0,5220,3978,831,324,67,56,8,5308,3350,1162,295,418,118,0,5073,3307,1293,304,71,173,0,5319,3412,1246,436,74,173,8,4796,3153,1116,412,98,137,0,4972,3574,541,712,103,123,0,3885,3192,453,179,43,40,4,3370,2595,339,260,90,79,0,3385,2630,415,230,0,120,0,3929,2783,730,252,49,123,7,3929,2783,730,200,34,10,1,5,166,3202,2502,303,296,0,99,0,3490,2840,174,385,0,90,0,0,1654,908,723,1450,666,784,1450,533,819,1437,597,741,1437,602,775,1441,471,970,1144,520,578,1458,598,808,1663,676,960,1664,546,998,1654,669,985,0.0,18,18039,,,
753,18039001802,18.02,-85.9091078,41.7100613,10274267.0,9690782.0,583485.0,6294,5513,294,352,111,43,9,7202,5991,518,503,176,57,0,7369,5980,657,573,142,55,0,6548,5165,660,474,147,124,13,7278,5562,648,980,65,87,0,7318,5550,938,593,155,107,0,4926,4460,167,201,78,30,6,5570,4815,285,345,105,25,0,5585,4840,220,410,75,25,0,5193,4315,384,272,113,88,12,5193,4315,384,222,84,22,0,20,146,5422,4628,209,512,33,46,0,5315,4605,335,210,90,64,0,40,3371,1429,1920,3135,1071,2064,3032,967,1922,3027,1062,1825,3029,1074,1879,3017,692,2325,2631,1040,1522,3048,1080,1894,3292,1203,2048,3302,890,2195,3270,1145,2125,0.0,18,18039,,,
754,18039002900,29,-85.9499987,41.6900621,4918295.0,4214178.0,704117.0,4831,3804,450,478,54,65,7,4611,3642,406,525,9,21,25,4965,3856,514,528,30,24,33,4540,3156,661,509,90,117,6,4697,3993,209,357,110,12,28,4371,3833,184,137,130,70,68,3790,3151,255,318,36,45,4,3144,2763,67,303,10,4,0,3199,2842,72,244,30,4,0,3548,2635,401,358,61,87,5,3548,2635,401,332,45,8,3,7,117,3411,3172,54,141,28,0,0,3715,3485,55,84,55,40,0,0,2054,1055,979,1870,845,1025,1703,684,919,1714,763,854,1710,777,869,1703,549,1154,1376,674,660,1702,769,884,1879,861,982,1885,675,1041,1862,853,1009,0.0,18,18039,,,
755,18127051005,510.05,-87.1727962,41.4591732,31745391.0,30581047.0,1164344.0,4394,3863,235,138,145,23,0,4802,4383,153,49,135,82,0,4845,4340,244,55,135,71,0,5203,4450,362,157,112,79,6,4880,4309,287,171,113,0,0,5268,4374,546,106,43,62,0,3402,3018,158,101,114,19,0,3735,3395,135,45,134,25,0,3765,3365,210,40,135,20,0,4106,3576,246,114,86,55,6,4106,3576,246,84,64,4,1,1,130,3776,3356,252,65,109,0,0,3990,3470,450,0,45,24,0,0,2458,993,1449,2476,914,1562,2794,936,1706,2730,1022,1612,2744,1141,1548,2672,988,1684,2481,999,1443,2880,1080,1738,3275,1217,2020,3267,969,2144,3237,1155,2082,0.0,18,18127,,,
756,18127050506,505.06,-87.1736208,41.5658582,5760754.0,5760754.0,0.0,5641,4211,972,346,103,41,6,5807,4198,1175,327,62,54,0,5920,4325,1174,350,20,63,0,6198,3835,1267,891,112,177,0,6227,4724,1157,266,17,73,0,6803,4937,1050,750,35,31,0,4226,3324,608,217,67,29,3,4530,3265,885,295,45,40,0,4630,3325,930,305,20,50,0,4840,3190,869,595,96,137,0,4840,3190,869,515,74,10,0,5,177,4830,3700,820,228,17,72,0,5280,3790,790,635,35,30,0,0,2538,1503,1015,2486,1544,942,2614,1295,1119,2548,1456,940,2557,1618,863,2477,1476,1001,2186,1318,794,2623,1472,1060,2943,1534,1348,2948,1354,1344,2920,1611,1309,0.0,18,18127,,,
757,18127050509,505.09,-87.1920059,41.5360465,15620697.0,15620697.0,0.0,4803,3659,787,305,62,35,1,4858,3437,720,680,7,42,0,4735,3228,793,708,9,26,0,5218,3515,1082,472,91,108,0,4505,3355,672,458,15,23,0,4282,3080,901,213,97,12,0,3593,2897,479,159,48,23,1,3495,2810,325,310,4,40,0,3475,2735,380,325,10,25,0,4073,2950,697,283,72,66,0,4073,2950,697,237,41,7,0,5,136,3545,2931,330,241,15,24,0,3565,2845,555,80,75,10,0,0,1876,1107,753,1709,989,720,1767,812,824,1714,914,681,1730,1002,663,1669,948,721,1438,791,601,1811,927,820,2112,1003,1066,2109,885,1081,2089,1034,1055,0.0,18,18127,,,
758,18127050703,507.03,-87.0635465,41.4982123,2822886.0,2701758.0,121128.0,3409,3107,180,62,40,20,1,3120,2833,60,159,68,8,0,3109,2961,24,17,107,4,0,3424,2912,269,60,82,60,3,3045,2710,249,25,60,10,0,3106,2661,362,9,53,33,0,2673,2484,114,33,29,9,1,2460,2230,34,145,50,0,0,2430,2330,14,10,85,0,0,2614,2301,165,32,53,29,3,2614,2301,165,24,35,0,0,3,86,2304,2125,116,9,48,5,0,2385,2145,180,0,35,18,0,0,1855,984,844,1721,864,857,1791,857,805,1771,880,808,1770,976,749,1686,818,868,1557,866,639,1748,910,787,1831,973,827,1842,789,940,1815,915,900,0.0,18,18127,,,
759,18163003600,36,-87.5125082,37.9431452,3421227.0,3421227.0,0.0,4833,3816,110,834,44,38,1,4651,3106,467,1006,0,59,13,4356,3201,319,769,0,59,8,4576,3188,281,908,57,136,6,4357,3277,356,682,0,31,11,4632,3783,52,736,0,7,11,3643,3092,59,447,27,28,1,3200,2570,60,500,0,60,15,3175,2655,45,410,0,60,10,3583,2679,179,573,28,104,4,3583,2679,179,499,19,9,4,8,186,3217,2661,49,465,0,28,10,3590,3020,50,515,0,4,0,0,1708,1007,678,1466,823,643,1460,671,698,1435,726,598,1425,740,628,1387,678,709,1054,549,455,1355,694,610,1411,708,677,1413,636,701,1406,800,606,0.0,18,18163,,,
760,18039002400,24,-85.9932199,41.6864552,2911216.0,2710556.0,200660.0,4186,3264,441,411,47,50,7,4502,3173,705,353,27,82,9,4769,3440,669,444,30,116,11,4299,2805,828,502,51,122,1,4414,3189,627,458,28,78,0,4480,3299,694,411,16,184,0,3008,2504,251,198,32,37,2,3040,2545,215,254,0,30,0,3260,2715,185,283,0,45,0,3133,2215,481,306,36,75,0,3133,2215,481,258,23,14,0,17,125,3265,2590,331,287,0,30,0,3425,2715,374,255,15,29,0,45,1684,969,689,1456,704,752,1383,553,705,1383,612,657,1377,631,688,1363,462,901,1071,566,455,1357,638,666,1503,724,740,1500,610,777,1489,731,758,0.0,18,18039,,,
761,18097355100,3551,-86.1012049,39.7710107,751851.0,751851.0,0.0,1989,1082,315,550,17,38,2,1801,693,266,821,26,13,0,1887,646,252,980,22,0,0,1986,779,400,743,12,79,2,1917,752,223,912,20,0,0,2083,1027,154,825,0,60,0,1438,872,189,349,12,24,1,1087,607,55,420,10,4,0,1143,552,65,519,4,0,0,1438,657,246,483,10,50,0,1438,657,246,439,2,8,0,14,72,1300,716,62,506,4,0,0,1480,925,50,445,0,45,0,15,490,345,139,376,257,119,412,247,131,404,246,117,401,266,118,389,242,147,306,206,92,396,259,121,436,297,131,442,252,146,436,301,135,0.0,18,18097,,,
762,18097360402,3604.02,-86.0003996,39.8188235,2633158.0,2633158.0,0.0,1862,388,121,1334,26,16,10,2194,478,336,1312,29,63,44,1953,506,256,1108,38,78,55,2088,336,367,1377,21,44,1,3345,513,255,2153,113,93,59,3229,277,513,2121,105,63,0,1284,346,63,854,18,9,4,1495,460,105,860,4,20,0,1270,490,25,685,4,25,0,1474,283,240,946,12,23,1,1474,283,240,913,1,6,0,0,31,1753,546,30,1033,85,36,0,1650,300,85,1160,105,25,0,0,792,670,117,688,604,84,591,500,73,587,488,72,586,501,68,576,485,91,438,373,57,558,478,70,582,496,75,579,434,118,581,502,79,0.0,18,18097,,,
763,18039002600,26,-85.9697488,41.6739499,1943222.0,1943222.0,0.0,4733,1431,1567,1699,27,102,2,4310,1172,1368,1746,24,40,0,4363,1077,1609,1705,0,0,0,5022,1103,1991,1871,30,176,12,4416,841,1649,1957,0,2,0,4746,1146,1769,1868,0,15,0,3092,1103,882,1083,16,67,1,2305,890,380,1009,25,30,0,2370,855,480,1038,0,0,0,3262,864,1185,1159,14,107,7,3262,864,1185,1072,8,6,3,26,98,2265,711,483,1074,0,4,0,2420,855,535,1015,0,15,0,0,1108,930,160,981,812,169,867,639,171,852,632,165,857,648,168,848,612,236,615,463,117,810,607,169,871,634,214,873,594,223,866,641,225,0.0,18,18039,,,
764,18039002700,27,-85.9788811,41.6827398,1081981.0,1028389.0,53592.0,2346,921,603,818,13,47,0,2001,925,436,643,0,13,6,1778,817,285,693,0,17,0,2357,893,808,588,29,71,3,1939,849,418,625,0,77,0,1688,828,377,450,0,78,0,1533,722,321,474,4,30,0,1272,688,165,400,0,4,4,1194,633,122,423,0,0,0,1626,721,488,355,17,53,3,1626,721,488,324,14,7,0,10,62,1217,625,144,374,0,59,0,1030,585,89,305,0,49,0,10,460,377,72,371,298,73,305,198,91,305,200,83,304,213,75,306,205,101,194,132,48,296,198,87,323,205,117,322,196,102,324,215,109,0.0,18,18039,,,
765,18011810500,8105,-86.4520681,40.0502105,11438458.0,11438458.0,0.0,6698,6295,217,64,60,61,3,6264,6048,108,54,66,41,0,6301,6065,95,102,61,33,0,6814,6080,290,171,58,192,5,6465,6101,110,217,66,39,0,6904,6258,264,346,12,35,0,5114,4886,126,27,27,45,2,4965,4815,90,39,29,10,0,5085,4915,69,80,24,4,0,5333,4871,165,87,40,136,3,5333,4871,165,60,25,11,0,17,184,5218,5007,72,115,19,3,0,5540,5155,190,158,0,25,0,10,2737,1082,1602,2512,776,1736,2703,722,1766,2651,895,1575,2636,985,1544,2532,628,1904,2179,785,1263,2664,859,1687,3007,950,1977,2986,615,1807,2895,892,2003,0.0,18,18011,,,
766,18011810200,8102,-86.6297536,40.0836712,207373176.0,207307458.0,65718.0,3707,3649,36,12,6,5,0,4031,3935,46,0,18,7,0,3807,3756,20,0,21,3,0,3657,3446,67,50,13,53,7,3676,3626,17,0,25,4,0,3617,3528,37,12,15,4,0,2731,2698,18,5,4,5,0,3050,3025,15,0,0,4,0,2910,2890,20,0,0,0,0,2783,2664,35,18,7,32,2,2783,2664,35,5,2,2,2,9,64,2826,2806,15,0,0,0,0,2820,2790,14,14,0,4,0,0,1635,514,1082,1508,411,1097,1782,314,1351,1750,453,1181,1748,536,1150,1669,299,1370,1359,294,983,1743,394,1278,1945,380,1514,1938,234,1151,1883,395,1488,0.0,18,18011,,,
767,18011810100,8101,-86.4060823,40.1337818,295170980.0,294788290.0,382690.0,3517,3378,68,18,20,42,6,3906,3627,233,2,24,29,0,3706,3636,31,4,9,38,0,3573,3323,85,29,40,75,8,3665,3564,60,5,17,40,0,3292,3185,80,6,12,27,0,2672,2596,33,8,10,30,4,2850,2650,160,0,15,23,0,2755,2705,10,4,0,29,0,2728,2585,51,15,18,47,3,2728,2585,51,5,12,0,0,1,74,2774,2679,22,4,0,25,0,2615,2545,44,4,0,14,0,10,1874,562,1265,1753,412,1341,1898,329,1451,1874,406,1346,1872,526,1284,1811,303,1508,1526,359,1118,1861,414,1394,2056,449,1565,2050,291,1302,1987,434,1553,0.0,18,18011,,,
768,18011810300,8103,-86.405489,40.0689828,152621826.0,152621826.0,0.0,5528,5308,108,43,49,24,5,6060,5796,65,116,0,83,0,6289,5961,174,90,0,64,0,6028,5435,295,101,64,96,4,6305,5957,158,82,16,92,0,5906,5426,309,96,60,46,0,4190,4056,62,23,35,15,3,4860,4645,65,90,0,54,0,4960,4780,80,50,0,54,0,4868,4440,210,70,45,73,2,4868,4440,210,57,32,13,2,1,113,4987,4785,62,50,16,67,0,4715,4515,65,44,25,28,0,35,2591,974,1584,2433,705,1728,2915,676,2028,2882,811,1873,2855,944,1813,2769,591,2178,2402,732,1561,2904,812,1986,3273,910,2291,3273,587,2065,3159,830,2329,0.0,18,18011,,,
769,18011810604,8106.04,-86.2647126,39.9793818,14611257.0,14520863.0,90394.0,4928,4650,92,57,126,12,2,6305,5551,356,71,262,30,0,5842,5118,325,67,289,18,0,6486,5650,181,158,390,78,7,6137,5515,328,83,175,18,0,6738,5872,244,116,484,0,0,3347,3194,44,34,69,6,2,4255,3910,185,35,109,0,0,3950,3580,165,35,150,0,0,4463,3972,88,100,233,47,4,4463,3972,88,83,213,9,0,5,93,4262,3933,181,41,86,0,0,4690,4205,145,79,270,0,0,0,2650,887,1747,2982,876,2106,3465,1323,1826,3475,1161,2208,3465,1318,2079,3333,951,2382,3136,1425,1645,3616,1481,2030,4124,1994,2039,4158,1176,2793,4056,1662,2394,0.0,18,18011,,,
770,18011810400,8104,-86.480456,40.0516724,5149562.0,5149562.0,0.0,5804,5491,179,69,41,32,4,5880,5451,268,172,0,7,0,5682,5230,308,136,19,7,0,6004,5351,328,122,36,149,9,5642,4883,634,119,22,8,0,6074,5253,677,53,43,17,32,4348,4164,110,29,23,25,1,4385,4195,90,100,0,4,0,4100,3885,110,80,20,4,0,4512,4073,223,56,24,122,4,4512,4073,223,40,17,24,1,4,130,4228,3693,420,66,24,8,0,4280,3765,420,50,10,20,0,19,2175,938,1188,1875,669,1206,2180,535,1433,2133,716,1216,2124,794,1211,2033,534,1499,1557,569,872,2102,673,1306,2338,713,1551,2300,471,1298,2224,687,1537,0.0,18,18011,,,
771,18011810700,8107,-86.5347037,39.9693837,240993398.0,240886358.0,107040.0,4598,4472,39,27,34,26,0,4460,4400,46,1,8,5,0,4990,4858,69,1,43,40,0,5014,4537,90,127,87,139,1,5116,4970,19,65,35,40,0,5355,5027,7,45,49,178,0,3396,3319,22,14,24,20,0,3380,3355,15,0,4,12,0,3795,3725,40,0,8,18,0,3906,3584,65,77,55,94,0,3906,3584,65,71,49,17,0,17,103,3799,3741,21,15,15,25,0,4005,3815,4,10,14,172,0,0,2112,691,1375,1986,512,1474,2185,386,1662,2145,528,1485,2127,613,1428,2053,357,1696,1837,459,1298,2232,523,1634,2625,606,1967,2625,424,1558,2541,619,1922,0.0,18,18011,,,
772,18011810601,8106.01,-86.3200441,40.0221384,114237840.0,114143847.0,93993.0,4811,4523,97,78,100,22,0,6929,5940,193,519,255,22,0,6983,5968,327,448,179,71,0,8163,6879,345,373,322,186,9,7555,6695,276,473,107,19,0,8253,7432,258,450,126,20,13,3467,3292,58,43,63,16,0,4565,4150,100,235,55,20,0,4725,4210,205,204,40,60,0,5749,4965,204,226,207,108,8,5749,4965,204,182,177,4,5,22,190,5088,4622,146,250,29,9,0,5925,5405,175,260,49,4,0,15,2209,778,1395,2775,777,1998,3575,1112,2173,3538,1092,2275,3531,1209,2222,3426,916,2510,3121,1249,1767,3813,1359,2331,4651,1877,2665,4636,1198,2862,4532,1647,2885,0.0,18,18011,,,
773,18131959200,9592,-86.7710195,40.9812064,398948165.0,398017384.0,930781.0,3209,3101,63,13,7,19,1,2968,2894,44,10,13,15,0,2960,2899,45,10,0,17,0,2944,2730,105,19,14,68,5,2935,2884,51,0,0,18,0,3145,2964,108,8,39,16,0,2450,2392,31,4,4,12,1,2405,2360,35,0,0,4,0,2380,2335,35,0,0,4,0,2308,2184,49,10,6,44,3,2308,2184,49,4,0,9,2,0,60,2241,2203,44,0,0,0,0,2455,2375,50,10,15,8,0,0,1589,555,970,1368,419,949,1382,271,1041,1366,400,897,1341,431,875,1290,273,1017,1136,367,732,1335,349,954,1437,293,1122,1424,214,997,1377,319,1058,0.0,18,18131,,,
774,18123952400,9524,-86.7624701,37.9810526,20836283.0,19498418.0,1337865.0,4069,3966,35,22,26,21,1,4074,3913,88,51,5,65,28,3981,3802,107,37,9,68,24,4002,3802,61,49,33,52,5,4348,4225,89,12,7,21,7,4383,4207,110,0,2,51,0,3171,3110,20,11,18,18,1,3090,3010,10,19,0,50,0,3080,2980,40,14,4,45,0,3176,3028,50,33,23,39,5,3176,3028,50,17,11,6,0,0,64,3462,3371,68,4,5,19,0,3525,3430,75,0,4,20,0,0,1912,1237,628,1724,1088,636,1820,790,930,1804,994,728,1791,1041,712,1718,858,860,1592,827,684,1773,889,835,1885,813,1035,1869,645,1105,1827,902,925,6370.427521947817,18,18123,,,
775,18123952500,9525,-86.7571333,37.9419214,9316429.0,9105208.0,211221.0,4078,3933,45,28,39,26,1,4229,3886,86,156,90,34,0,4402,4093,54,130,97,20,0,4260,3985,59,50,74,71,5,3813,3501,23,146,108,27,0,3839,3423,30,250,125,11,0,3187,3102,24,9,29,20,1,3048,2928,15,50,14,35,0,3271,3161,20,50,25,20,0,3317,3135,39,36,51,48,3,3317,3135,39,20,45,7,2,6,63,2942,2824,10,67,30,22,0,2975,2785,4,164,14,8,0,0,2057,1214,795,1834,1009,825,1970,759,1081,1937,980,850,1931,1036,839,1845,825,1020,1729,842,802,1928,897,969,2066,809,1218,2045,638,1284,2005,952,1053,3455.8121683479985,18,18123,,,
776,18123952300,9523,-86.6444137,37.9810988,329114148.0,324063010.0,5051138.0,3482,3414,34,14,12,14,2,3185,3090,28,47,20,0,0,3284,3189,32,33,6,24,0,3371,3221,29,24,23,60,2,3386,3217,54,48,20,47,0,3573,3513,12,0,30,18,0,2667,2624,19,7,7,11,1,2570,2500,20,45,4,0,0,2585,2505,25,35,0,25,0,2607,2519,16,3,20,40,1,2607,2519,16,1,9,7,1,2,52,2637,2489,52,46,14,41,0,2645,2595,10,0,25,15,0,0,1719,1053,627,1584,879,705,1619,599,926,1602,787,739,1583,854,688,1498,658,840,1467,674,727,1635,716,872,1808,624,1152,1799,483,1194,1749,743,1006,43179.195191333325,18,18123,,,
777,18099020202,202.02,-86.4108254,41.4287709,109416911.0,109009528.0,407383.0,2824,2730,64,7,11,14,0,2798,2738,0,14,23,23,0,2790,2725,0,16,24,16,0,2781,2578,76,22,16,66,2,2781,2723,0,19,17,14,0,2671,2607,0,13,6,22,0,2149,2096,36,3,10,5,0,2205,2160,0,0,25,25,0,2215,2160,0,15,25,15,0,2173,2036,41,11,11,49,1,2173,2036,41,2,5,2,1,3,83,2237,2168,0,10,15,18,0,2195,2165,0,15,4,10,0,0,1322,582,702,1214,469,745,1273,323,867,1249,427,731,1251,488,718,1203,316,887,1017,369,600,1254,384,824,1408,348,1038,1400,258,970,1362,365,997,0.0,18,18099,,,
778,18099020301,203.01,-86.4167015,41.3277185,112038198.0,108762669.0,3275529.0,4008,3781,149,39,16,27,1,3973,3768,51,93,0,61,0,3958,3775,58,96,0,28,0,3849,3529,146,21,44,75,4,3971,3804,122,19,0,26,0,3852,3669,109,37,0,37,0,3108,2991,72,14,11,21,1,3220,3040,30,95,0,60,0,3115,2970,20,95,0,30,0,3082,2880,82,11,29,51,4,3082,2880,82,8,24,4,1,8,75,2952,2894,15,20,0,24,0,3015,2880,65,35,0,30,0,0,1900,823,1050,1766,674,1092,1852,531,1213,1829,647,1065,1813,729,1017,1745,464,1281,1543,608,884,1845,611,1179,2055,588,1443,2045,424,1366,1985,567,1418,0.0,18,18099,,,
779,18123952200,9522,-86.6276469,38.1496182,608751049.0,604492997.0,4258052.0,5345,4815,56,443,9,17,2,5360,4957,44,359,0,0,0,5344,4889,58,391,6,0,0,5246,4696,51,342,23,92,5,5328,4822,115,378,8,5,0,5181,4615,121,380,6,33,4,4344,3842,42,439,7,10,2,4435,4065,15,355,0,0,0,4335,3910,35,384,4,0,0,4352,3880,39,339,16,62,3,4352,3880,39,333,11,3,0,6,80,4320,3837,86,365,10,5,0,4330,3850,75,370,4,34,0,0,1917,1056,798,1749,836,913,1837,591,1135,1823,806,940,1816,861,922,1710,662,1048,1587,660,871,1829,714,1073,2005,598,1366,1993,454,1373,1935,740,1195,18043.339387256132,18,18123,,,
780,18123952600,9526,-86.6946424,37.9221184,32521874.0,31542737.0,979137.0,2364,2300,22,8,9,16,0,2293,2189,14,72,1,18,0,2091,2003,15,62,0,16,0,2291,2149,20,35,25,47,0,2216,2166,0,42,3,13,0,2210,2103,20,71,3,31,0,1826,1790,12,3,5,11,0,1772,1707,4,40,0,20,0,1674,1624,4,20,0,10,0,1761,1668,14,14,17,32,0,1761,1668,14,13,4,3,0,9,50,1645,1617,0,14,2,4,0,1595,1525,10,35,4,12,0,15,954,581,354,829,511,318,846,323,484,824,423,355,814,430,359,774,356,418,775,361,365,851,389,436,958,359,574,942,298,567,910,426,484,9828.059677794674,18,18123,,,
781,18131959100,9591,-86.7671897,41.1087583,383910296.0,383910296.0,0.0,3784,3607,108,15,12,42,1,3330,3147,129,0,0,54,0,3353,3136,140,0,0,58,19,3521,3201,146,35,18,101,7,3046,2878,59,0,0,70,39,3216,3004,77,12,31,54,66,2832,2721,63,8,10,31,1,2590,2475,80,0,0,30,0,2555,2410,85,0,0,34,20,2693,2463,107,11,12,77,1,2693,2463,107,6,8,3,1,4,101,2272,2159,43,0,0,33,40,2345,2180,60,10,0,34,35,30,1439,656,722,1236,532,704,1369,332,948,1337,475,750,1311,558,701,1277,404,873,1048,379,635,1302,403,858,1468,357,1083,1463,260,974,1418,381,1037,0.0,18,18131,,,
782,18131958900,9589,-86.5312399,41.0411092,303605333.0,303102302.0,503031.0,2792,2642,71,56,9,14,1,2811,2658,50,89,3,11,0,2742,2580,72,70,6,14,0,2535,2298,89,48,29,59,0,2976,2845,74,35,8,14,0,2633,2464,139,6,8,5,0,2112,2022,32,35,6,13,1,2030,1955,30,30,0,10,0,2045,1975,60,0,0,15,0,1977,1807,57,28,22,56,0,1977,1807,57,24,12,4,0,5,68,2410,2344,42,0,0,15,0,2070,1985,75,4,0,4,0,0,1238,529,665,1083,373,710,1134,271,804,1096,402,602,1095,453,595,1047,273,774,912,360,516,1094,347,710,1230,317,903,1229,220,804,1165,306,859,0.0,18,18131,,,
783,18099020302,203.02,-86.4068316,41.2232834,113835644.0,105658971.0,8176673.0,3088,2905,62,57,27,46,0,3115,3011,22,70,7,5,0,3137,3106,28,0,3,0,0,2771,2484,79,65,39,60,4,3135,3119,16,0,0,0,0,2795,2666,16,54,27,2,0,2416,2308,34,32,13,35,0,2495,2460,10,15,12,4,0,2595,2580,15,0,4,0,0,2256,2072,56,26,30,45,2,2256,2072,56,15,21,7,0,16,69,2675,2662,14,0,0,0,0,2400,2295,10,49,35,4,0,0,1444,645,749,1438,579,859,1464,514,859,1446,573,797,1443,668,741,1397,438,959,1277,567,663,1450,580,833,1588,611,953,1578,424,1016,1532,544,988,0.0,18,18099,,,
784,18099020500,205,-86.3319853,41.3592049,11651164.0,11630062.0,21102.0,3561,2462,1012,64,14,43,2,3445,1970,1304,73,96,52,0,3378,2148,1042,78,106,4,0,3644,2217,1252,85,38,91,4,3339,1880,1238,110,100,11,0,3625,2191,1310,80,0,22,22,2517,1866,592,30,13,27,2,2010,1480,465,40,15,10,0,2000,1585,380,25,15,4,0,2626,1745,760,56,24,73,2,2626,1745,760,32,16,11,1,2,59,1866,1479,310,37,26,10,0,2055,1650,310,45,0,24,20,0,988,520,451,921,407,514,936,309,548,910,381,461,893,409,441,873,301,572,714,320,360,889,355,498,1012,382,607,999,293,604,960,370,590,0.0,18,18099,,,
785,18011810605,8106.05,-86.2614083,39.9438773,14601670.0,14550090.0,51580.0,5471,5025,121,110,190,30,2,6278,5663,59,159,341,55,0,6357,5748,51,181,344,20,0,7083,5897,366,251,421,80,12,6186,5626,20,177,329,21,0,6975,6220,127,167,462,20,27,4098,3823,69,71,115,22,2,4685,4390,45,125,95,30,0,4920,4595,50,154,105,10,0,5701,4811,295,199,293,67,3,5701,4811,295,177,261,8,0,25,124,4777,4463,21,169,111,12,0,5295,4895,55,165,170,8,0,0,3265,1306,1931,3176,1214,1962,3518,1564,1681,3496,1495,1853,3488,1640,1766,3342,1225,2117,3250,1696,1491,3721,1801,1817,4362,2350,1921,4361,1540,2556,4256,2057,2199,0.0,18,18011,,,
786,18059410100,4101,-85.6846801,39.9090893,158461692.0,157994977.0,466715.0,4233,4140,39,20,15,18,0,4165,4025,22,59,0,87,0,4102,3944,16,61,0,102,0,4151,3928,49,40,36,92,5,4114,3964,6,77,0,78,0,4160,3973,14,137,0,19,0,3188,3137,21,8,7,13,0,3100,3020,25,35,0,20,0,3055,2990,14,35,0,25,0,3253,3104,37,22,23,68,5,3253,3104,37,7,11,3,0,6,85,3058,3000,3,45,0,15,0,3205,3115,14,70,0,8,0,0,2072,696,1343,1999,539,1460,2140,360,1673,2138,500,1467,2137,622,1423,2070,357,1713,1723,427,1215,2128,448,1600,2376,392,1939,2364,266,1444,2326,452,1874,0.0,18,18059,,,
787,18059410500,4105,-85.7770005,39.777614,6699397.0,6682098.0,17299.0,2876,2757,48,30,21,20,1,3440,3249,53,43,1,41,54,3242,3085,57,27,0,73,0,3007,2725,94,81,40,67,3,3169,2999,58,40,0,72,0,3233,3151,15,16,18,33,0,2171,2090,32,20,11,14,1,2608,2482,55,35,0,41,0,2623,2472,55,20,0,76,0,2380,2178,71,55,21,50,1,2380,2178,71,47,16,7,0,0,61,2505,2348,63,35,0,73,0,2440,2375,15,15,0,35,0,0,1201,412,772,1092,315,777,1102,257,777,1093,338,674,1083,354,681,1054,238,816,862,256,553,1090,304,740,1218,309,886,1214,194,713,1196,306,890,0.0,18,18059,,,
788,18059410700,4107,-85.6982547,39.7787919,237526936.0,237174847.0,352089.0,5708,5536,93,18,23,44,2,5910,5636,195,79,48,0,0,6114,5794,137,182,46,0,0,5640,5373,123,26,29,78,2,6228,5877,148,138,61,36,0,5594,5389,24,9,0,37,0,4236,4139,47,10,16,24,2,4440,4320,75,0,0,0,0,4650,4460,55,80,0,0,0,4378,4201,72,15,23,56,0,4378,4201,72,8,12,6,0,0,79,4863,4654,60,48,0,36,0,4610,4535,25,10,0,35,0,0,4075,1211,2796,2698,615,2083,3003,502,2352,2988,719,2080,2980,828,2042,2892,466,2426,2489,563,1817,3000,644,2247,3293,627,2590,3284,380,2026,3213,631,2582,0.0,18,18059,,,
789,18129040300,403,-87.7776357,38.0643811,110724182.0,110669252.0,54930.0,2481,2442,15,15,6,7,1,2535,2477,14,23,21,0,0,2440,2388,8,35,9,0,0,2436,2341,10,31,8,44,2,2580,2509,6,53,10,2,0,2395,2257,0,43,34,12,0,1883,1861,11,7,3,5,1,1980,1945,8,0,20,0,0,1930,1910,10,0,10,0,0,1841,1785,10,10,8,33,2,1841,1785,10,5,2,5,0,1,33,2029,2021,4,0,10,3,0,1930,1885,0,0,35,14,0,0,1348,544,782,1222,381,841,1324,306,943,1319,443,828,1317,445,856,1269,308,961,1133,355,736,1305,400,878,1378,338,1023,1370,236,1046,1372,514,858,0.0,18,18129,,,
790,18129040500,405,-87.9525558,37.8994546,350063572.0,332469342.0,17594230.0,3323,3234,30,34,9,10,4,3418,3375,0,37,6,0,6,3587,3527,0,38,16,7,16,3061,2903,36,33,17,54,6,3311,3192,76,36,0,7,0,3275,3177,61,24,0,13,0,2543,2496,16,12,6,10,1,2744,2698,0,35,0,0,0,2818,2758,0,40,0,4,0,2437,2307,30,18,17,44,5,2437,2307,30,13,16,6,0,1,64,2513,2409,58,36,0,3,0,2500,2420,45,25,0,15,0,0,1681,722,922,1583,573,1010,1629,453,1103,1628,646,910,1622,684,914,1560,470,1090,1367,500,817,1586,566,986,1682,459,1201,1686,333,1269,1675,699,976,95066.66560840211,18,18129,,,
791,18129040700,407,-87.8798284,37.9392557,7341049.0,7046112.0,294937.0,2912,2668,40,171,10,32,0,2944,2495,177,399,0,0,0,2908,2350,241,402,0,0,0,2855,2514,100,134,21,71,1,2899,2426,194,348,0,0,0,2971,2622,221,183,0,9,0,2188,2046,24,95,8,21,0,2140,1970,45,120,0,0,0,2085,1890,35,155,0,0,0,2200,1982,55,86,13,58,1,2200,1982,55,66,11,5,0,10,71,2239,2041,41,145,0,0,0,2345,2205,65,65,0,8,0,0,1292,660,593,1150,564,586,1145,413,663,1132,536,519,1128,555,531,1097,437,660,926,413,466,1125,486,600,1205,419,763,1204,326,807,1200,575,625,2224.1259182328445,18,18129,,,
792,18129040600,406,-87.904489,37.9392737,4960106.0,4850227.0,109879.0,3468,3239,70,109,20,39,2,3191,3049,30,142,0,0,0,3071,2927,20,143,0,0,0,3287,2959,78,124,30,104,6,3034,2921,22,113,0,0,0,2908,2793,20,82,0,13,0,2642,2509,36,61,14,24,2,2646,2547,30,74,0,0,0,2522,2422,20,79,0,0,0,2471,2281,48,61,17,65,4,2471,2281,48,37,9,3,0,0,93,2492,2405,20,66,0,0,0,2285,2180,20,64,0,14,0,0,1500,818,661,1343,643,700,1382,452,842,1378,627,674,1373,641,701,1322,472,850,1138,460,616,1318,539,736,1351,445,879,1350,339,951,1346,607,739,1242.5237094023498,18,18129,,,
793,18129040100,401,-87.8112469,38.167349,256343123.0,254122264.0,2220859.0,5739,5631,32,29,22,26,1,5491,5435,29,17,0,10,0,5470,5412,19,22,0,17,0,5563,5297,64,46,52,81,5,5490,5448,3,28,0,11,0,5426,5291,7,54,5,69,0,4356,4303,18,8,11,18,0,4235,4185,24,14,0,8,0,4285,4220,19,25,0,19,0,4299,4131,36,24,30,55,5,4299,4131,36,16,19,11,2,8,76,4282,4241,1,27,0,15,0,4165,4085,4,33,4,51,0,0,2871,1253,1564,2708,911,1797,2820,706,1988,2815,994,1680,2806,1047,1701,2718,725,1993,2398,795,1509,2791,913,1806,3006,792,2163,3005,594,2176,3003,1170,1833,15564.158719998675,18,18129,,,
794,18129040200,402,-87.9112833,38.0704934,215163628.0,210687097.0,4476531.0,2341,2304,9,7,6,11,0,2341,2268,46,7,36,3,0,2352,2317,17,5,28,2,0,2160,2083,15,15,10,23,4,2556,2521,13,6,21,3,0,2395,2304,20,0,68,3,0,1906,1884,8,1,3,6,0,1880,1850,15,4,0,4,0,1900,1885,4,4,0,4,0,1777,1723,11,8,9,13,4,1777,1723,11,3,5,0,1,4,30,2131,2108,8,4,4,4,0,2080,2050,10,0,20,4,0,0,1311,603,674,1161,449,712,1248,381,801,1231,498,669,1229,529,670,1188,394,794,1041,403,591,1218,467,721,1288,399,871,1288,276,917,1289,574,715,38012.63135987036,18,18129,,,
795,18129040400,404,-87.7641677,37.9565477,142211870.0,140457853.0,1754017.0,5646,5528,52,23,25,19,0,5669,5471,0,70,128,0,0,5732,5601,0,26,105,0,0,5860,5543,72,64,56,84,5,5610,5306,0,125,87,0,0,5856,5520,0,139,93,0,0,4254,4185,28,9,14,18,0,4185,4040,0,70,80,0,0,4240,4160,0,25,50,0,0,4423,4222,36,32,38,63,3,4423,4222,36,20,22,7,0,14,102,4056,3932,0,57,60,0,0,4305,4190,0,65,45,0,0,0,2878,1228,1608,2750,982,1768,3044,810,2064,3012,1113,1778,3009,1127,1829,2891,811,2080,2637,955,1589,3052,1070,1906,3321,959,2306,3327,669,2482,3315,1456,1859,10859.78728667643,18,18129,,,
796,18081610201,6102.01,-86.0905704,39.6256113,6935433.0,6935433.0,0.0,4592,4250,181,99,46,19,3,4758,4361,293,10,78,16,0,4754,3965,308,319,141,20,0,4504,3714,294,178,205,91,2,4912,3964,403,263,263,19,0,4954,3984,347,356,196,74,0,3493,3308,91,43,38,16,2,3590,3480,69,10,15,15,0,3430,3195,69,125,19,20,0,3476,3015,168,87,130,64,1,3476,3015,168,67,114,0,1,11,100,3435,3107,91,110,100,20,0,3575,3170,85,119,124,75,0,0,1728,720,986,1510,528,982,1752,469,1166,1741,564,1033,1734,603,1048,1702,462,1240,1267,433,783,1710,554,1085,1939,625,1270,1930,467,1116,1853,632,1221,0.0,18,18081,,,
797,18081610300,6103,-86.1085305,39.6140086,5116864.0,5116864.0,0.0,3671,3419,132,61,23,36,5,3737,3105,328,211,56,164,15,3643,2945,404,245,42,140,18,3540,3116,179,83,91,58,11,4184,3324,421,132,42,292,21,3942,3541,194,36,129,13,42,2947,2783,83,32,18,29,4,2880,2610,65,85,20,105,0,2890,2495,175,115,20,90,0,2861,2582,109,40,62,51,6,2861,2582,109,25,46,7,1,26,65,3081,2626,215,106,22,120,0,3050,2810,135,15,55,15,0,25,1607,622,954,1443,467,976,1618,471,1033,1619,549,969,1617,607,953,1585,461,1124,1202,438,719,1564,540,968,1702,600,1064,1695,440,1010,1624,561,1063,0.0,18,18081,,,
798,18081610401,6104.01,-86.1293914,39.6234098,4064734.0,4064734.0,0.0,6004,4991,649,189,121,66,28,5682,5391,149,121,21,0,0,5349,4883,116,307,43,0,0,6076,4761,349,471,332,139,4,5157,4433,165,379,180,27,0,5849,3979,455,951,464,43,0,4595,3911,430,126,84,50,14,4465,4310,60,94,0,0,0,4360,4035,45,254,15,0,0,4802,3891,235,298,238,114,4,4802,3891,235,240,219,8,2,22,185,4199,3714,83,288,116,0,0,4525,3375,190,729,235,0,0,0,2270,793,1451,2100,683,1417,2428,720,1536,2423,813,1463,2412,920,1422,2356,673,1683,1856,716,1059,2377,853,1434,2638,1023,1542,2641,771,1494,2551,959,1592,0.0,18,18081,,,
799,18089040100,401,-87.476404,41.676754,7672313.0,3970691.0,3701622.0,1531,806,641,72,18,17,5,1530,903,550,71,0,6,20,1735,993,640,53,35,16,0,1318,613,620,53,9,48,3,1707,956,657,49,30,65,0,1568,808,685,52,23,48,0,1095,648,396,42,13,11,1,1022,629,369,20,0,0,10,1117,688,374,44,10,0,0,992,535,401,27,5,38,3,992,535,401,25,0,0,1,0,30,1151,686,391,45,10,14,0,1065,630,380,45,4,0,0,0,496,332,152,540,384,156,553,341,185,532,375,128,534,409,107,530,405,125,419,307,106,501,347,143,494,322,170,483,313,157,479,329,150,0.0,18,18089,,,
800,18089040200,402,-87.4960424,41.6795943,694502.0,694502.0,0.0,3440,1913,1385,138,42,50,8,3290,1938,1207,127,29,87,29,3070,1580,1360,95,39,161,33,3241,1414,1618,162,52,133,3,3094,1538,1340,133,1,151,0,3006,1166,1625,219,17,161,0,2542,1584,869,73,23,33,3,2395,1574,781,24,0,15,0,2272,1315,878,44,0,30,0,2523,1280,1100,97,37,101,3,2523,1280,1100,72,19,0,1,3,48,1987,1290,599,85,0,26,0,1935,960,835,135,0,10,0,0,1313,864,427,1129,773,356,1253,796,368,1187,854,265,1215,927,242,1170,909,261,982,731,226,1210,841,330,1360,869,474,1337,837,450,1311,888,423,0.0,18,18089,,,
801,18089040402,404.02,-87.4970137,41.5319986,4599757.0,4419745.0,180012.0,4533,3332,322,202,669,21,2,4153,2828,296,339,671,19,0,4102,3053,240,321,465,22,0,4493,2908,380,375,792,36,0,3951,3020,263,270,381,17,0,4477,3297,285,250,645,0,0,3349,2539,199,136,465,14,1,3095,2305,145,210,410,19,0,3145,2545,130,205,245,25,0,3569,2399,272,261,608,28,0,3569,2399,272,236,576,1,0,11,74,3187,2528,195,205,255,19,0,3525,2700,230,174,430,0,0,0,2229,1086,1129,2416,1017,1399,2474,1197,1159,2388,1169,1155,2375,1184,1146,2303,1119,1184,2089,1177,878,2462,1248,1170,2765,1478,1261,2747,1197,1514,2700,1279,1421,0.0,18,18089,,,
802,18089040700,407,-87.4494882,41.5623858,3574205.0,3565075.0,9130.0,5019,4198,631,130,62,31,0,4724,3530,928,120,81,95,0,4604,3549,786,112,57,125,0,4993,3576,969,252,86,158,3,4717,3677,815,181,59,18,1,4903,3679,872,293,52,107,1,3876,3381,379,74,40,19,0,3537,2885,508,60,44,40,0,3482,2894,429,68,18,65,0,3886,2956,622,144,56,114,3,3886,2956,622,113,37,4,0,6,148,3462,2896,416,120,23,9,0,3630,2950,470,179,14,18,0,4,2406,1350,1031,2230,1232,998,2380,1139,1056,2315,1239,941,2309,1325,897,2241,1308,933,1979,1129,791,2331,1226,1024,2567,1285,1242,2521,1095,1284,2466,1255,1211,0.0,18,18089,,,
803,18157011000,110,-86.8966817,40.2540765,324925610.0,324822091.0,103519.0,4026,3855,85,33,20,32,0,4394,4218,111,38,12,15,0,4678,4523,75,45,19,17,0,3998,3589,216,41,26,95,17,4617,4402,150,33,26,15,0,4245,3955,252,1,8,66,0,2923,2834,50,11,8,21,0,3185,3090,74,0,4,14,0,3400,3335,45,0,10,20,0,2986,2709,152,18,21,68,6,2986,2709,152,6,5,11,0,15,88,3259,3146,97,0,14,2,0,2995,2790,190,0,4,18,0,0,1728,706,968,1465,476,989,1716,415,1179,1718,503,1090,1715,560,1076,1667,399,1268,1371,425,861,1745,489,1176,2007,529,1435,1998,359,1302,1958,544,1414,0.0,18,18157,,,
804,18157010902,109.02,-86.7540816,40.359269,94106076.0,93987245.0,118831.0,3865,3642,154,31,18,15,1,4406,4186,123,8,15,81,0,4471,4219,151,14,0,87,0,3883,3421,233,62,35,90,5,4508,4280,150,23,0,47,0,3913,3642,112,38,17,94,0,2784,2669,79,14,9,12,1,3280,3185,40,4,4,49,0,3295,3160,75,4,0,54,0,2962,2679,139,35,13,70,5,2962,2679,139,14,4,1,0,6,119,3049,2941,72,17,0,23,0,2750,2605,70,19,4,49,0,0,1718,736,945,1570,517,1053,1790,442,1242,1786,562,1107,1781,573,1147,1724,429,1295,1417,445,908,1831,548,1219,2110,611,1451,2104,421,1334,2074,636,1438,0.0,18,18157,,,
805,18157001900,19,-86.8448569,40.4353205,5756936.0,5677801.0,79135.0,4003,3347,409,167,64,45,2,4477,3468,713,191,61,52,0,4641,3637,721,192,41,60,0,4080,3082,427,424,73,77,2,4408,3609,421,122,199,221,0,4222,3549,286,209,201,172,0,3208,2795,235,106,56,31,1,3280,2840,195,155,35,55,0,3440,3040,165,145,29,59,0,3252,2559,286,274,66,74,2,3252,2559,286,239,55,8,0,6,99,3269,2961,93,109,46,65,0,3410,3040,140,144,50,24,0,10,1982,999,968,1909,838,1071,1953,791,1026,1948,858,985,1941,917,976,1892,747,1145,1703,857,762,1948,889,986,2055,956,1041,2053,691,1176,2034,930,1104,0.0,18,18157,,,
806,18157010600,106,-87.017932,40.3670079,225389094.0,222627667.0,2761427.0,5326,5054,129,41,61,31,6,5873,5280,380,150,92,2,0,5769,5104,349,204,128,4,0,5687,5156,204,63,123,115,2,5899,5085,406,286,106,16,0,5545,4895,168,315,90,41,0,4100,3930,74,27,44,23,3,4440,4165,150,93,18,4,0,4275,3989,130,98,63,4,0,4376,4038,128,27,88,68,1,4376,4038,128,15,78,6,0,11,100,4282,3887,186,145,58,18,0,4150,3820,79,145,62,44,0,0,2737,1355,1337,2522,1062,1460,2789,965,1613,2784,1092,1521,2774,1165,1515,2668,848,1820,2383,998,1254,2836,1095,1634,3175,1201,1912,3179,830,2032,3155,1157,1998,0.0,18,18157,,,
807,18015959800,9598,-86.5188341,40.5322303,55449122.0,55389519.0,59603.0,2755,2642,75,20,8,8,3,2717,2645,19,50,0,0,0,2691,2509,15,163,0,0,0,2823,2632,100,55,3,17,3,2691,2578,17,70,0,0,0,2843,2610,53,134,0,19,0,2056,1986,50,8,6,8,3,2065,2050,4,8,0,0,0,2075,1955,4,119,0,0,0,2143,2029,57,27,1,17,0,2143,2029,57,24,1,0,0,4,28,2097,2020,1,72,0,0,0,2230,2050,40,129,0,4,0,0,1197,466,700,969,312,657,1087,221,800,1089,318,696,1089,365,676,1051,226,825,890,273,581,1096,295,762,1212,272,913,1217,201,775,1218,318,900,0.0,18,18015,,,
808,18127050202,502.02,-87.0717143,41.6019435,4702973.0,4702973.0,0.0,6241,5591,420,128,73,46,2,6720,5837,394,219,174,77,0,6751,5729,459,284,188,108,0,6184,5131,548,221,101,150,12,6554,5476,584,173,295,77,1,5873,4448,784,194,341,115,3,4585,4200,243,71,45,34,2,4934,4484,250,129,30,45,0,4843,4313,305,139,45,35,0,4711,4006,352,134,67,119,8,4711,4006,352,109,42,7,0,20,175,4608,3978,444,101,71,23,0,4035,3215,545,109,60,105,0,4,2883,1676,1170,2675,1512,1163,2923,1360,1309,2871,1490,1203,2874,1698,1065,2770,1480,1290,2428,1381,964,2877,1526,1245,3126,1611,1447,3129,1360,1500,3097,1609,1488,0.0,18,18127,,,
809,18089042703,427.03,-87.4803857,41.5066631,5166799.0,5166799.0,0.0,4657,3733,420,190,316,20,7,4330,3501,485,146,171,14,0,4829,3781,660,131,222,15,0,4675,3383,557,369,297,46,1,5202,3830,766,482,136,12,0,4721,3516,568,420,299,11,15,3937,3264,286,142,242,14,5,3574,2976,377,135,68,15,0,3789,3088,446,106,135,15,0,4088,3032,441,300,251,37,0,4088,3032,441,286,222,0,0,11,96,4236,3239,489,359,134,11,0,3940,3135,315,300,150,10,0,30,2412,1208,1194,2464,1160,1304,2452,1128,1212,2382,1149,1171,2382,1189,1157,2312,1158,1154,2113,1132,944,2463,1205,1211,2767,1379,1360,2734,1148,1526,2671,1232,1439,0.0,18,18089,,,
810,18097340901,3409.01,-86.2806968,39.7905658,3648347.0,3648347.0,0.0,3761,2471,363,819,104,34,9,3745,2186,463,912,193,80,0,3844,2072,550,975,276,32,0,4034,1964,688,1263,101,80,8,3991,2245,805,692,245,54,0,4190,2007,875,1028,204,83,0,2815,1984,225,521,81,20,4,2510,1750,75,570,115,0,0,2540,1635,100,610,180,10,0,3002,1648,426,813,69,56,6,3002,1648,426,748,55,4,1,11,109,2558,1784,154,452,136,28,0,2760,1595,180,850,85,50,0,0,1617,900,695,1417,753,664,1539,760,688,1529,789,631,1531,857,623,1501,736,765,1217,707,460,1494,836,603,1579,959,585,1574,783,600,1567,948,619,0.0,18,18097,,,
811,18089020200,202,-87.5097373,41.675631,5836135.0,3891899.0,1944236.0,2539,1598,842,83,13,22,3,2856,1510,1177,166,0,32,0,2871,1607,1188,58,0,46,0,2497,1266,1039,138,40,65,3,3028,1786,1164,65,0,38,0,2887,1728,1083,55,0,30,0,2043,1415,555,64,13,12,3,2163,1277,775,90,0,25,0,2276,1387,818,50,0,25,0,2057,1177,739,89,25,56,2,2057,1177,739,71,18,1,0,5,46,2403,1501,830,54,0,17,0,2345,1540,740,44,0,20,0,0,1041,634,386,894,568,326,938,541,337,921,592,285,926,631,264,907,622,285,766,501,253,910,578,311,995,612,369,985,581,374,960,612,348,0.0,18,18089,,,
812,18089040801,408.01,-87.4440038,41.5494035,2810069.0,2810069.0,0.0,3888,3192,502,139,64,27,1,3872,3194,623,48,0,0,0,3777,3181,524,72,0,0,0,3809,2871,658,159,71,86,3,3380,2648,602,128,0,3,0,3645,2748,385,353,83,54,0,3038,2586,312,96,41,18,1,2890,2560,290,40,0,0,0,2845,2530,245,70,0,0,0,3056,2429,418,106,59,50,3,3056,2429,418,91,45,4,0,4,65,2491,2132,223,125,0,2,0,2775,2305,130,265,25,58,0,0,2031,983,1022,1870,908,962,1960,859,970,1918,945,893,1918,990,881,1849,969,880,1693,880,772,1961,948,957,2178,1032,1111,2151,884,1171,2108,998,1110,0.0,18,18089,,,
813,18089040802,408.02,-87.4511955,41.5424864,2076849.0,2076849.0,0.0,3907,3303,496,38,58,38,3,3958,3219,603,84,31,36,0,3891,2917,791,125,42,35,0,3819,2743,783,187,53,99,1,4223,2998,1050,141,30,32,0,4096,3013,932,83,19,40,0,3104,2705,323,22,38,21,3,3095,2560,445,45,34,10,0,3100,2380,605,65,34,15,0,3071,2292,563,124,44,79,1,3071,2292,563,81,20,6,0,11,98,3203,2503,607,75,20,11,0,3170,2490,560,70,10,40,0,0,1956,1016,917,1870,982,888,1841,855,858,1781,939,758,1788,988,753,1731,973,758,1579,876,652,1822,938,827,2024,1005,983,1998,859,1043,1938,960,978,0.0,18,18089,,,
814,18089040900,409,-87.4337952,41.5209439,9345839.0,9345839.0,0.0,6605,5510,815,189,77,40,0,6817,5442,760,435,257,19,0,6876,5504,829,402,173,15,0,6343,4773,1102,238,87,172,4,6785,5204,884,418,345,14,0,6795,4920,1066,356,415,97,0,5169,4466,524,115,49,27,0,5221,4406,460,170,125,0,0,5281,4456,530,170,95,0,0,5119,4005,760,152,67,127,4,5119,4005,760,109,35,5,0,26,179,5296,4294,567,176,234,0,0,5345,4095,620,235,300,95,0,0,3013,1695,1285,2857,1640,1217,3090,1445,1422,2985,1627,1216,2997,1761,1142,2911,1677,1234,2538,1469,1008,3020,1595,1337,3334,1643,1624,3291,1427,1627,3215,1603,1612,0.0,18,18089,,,
815,18089041001,410.01,-87.4225379,41.5548871,4124085.0,4124085.0,0.0,5525,2236,678,2593,49,64,10,4500,1732,767,1958,80,0,0,4292,1512,659,2063,106,0,0,5343,1902,928,2460,49,116,4,4261,1701,608,1904,42,43,0,4802,1846,776,2180,0,152,0,3993,1830,422,1704,33,49,7,3590,1600,520,1380,80,0,0,3560,1485,490,1485,105,0,0,4026,1578,642,1740,35,95,0,4026,1578,642,1604,28,7,0,3,164,3384,1491,475,1365,40,15,0,3745,1605,590,1535,0,14,0,0,1841,1408,422,1778,1344,434,1790,1220,484,1741,1252,429,1753,1298,413,1717,1303,414,1328,976,324,1703,1200,462,1827,1246,547,1814,1122,601,1776,1200,576,0.0,18,18089,,,
816,18089041002,410.02,-87.4232711,41.5368075,2419760.0,2419760.0,0.0,4666,3628,747,225,51,39,7,4845,3552,884,347,76,26,0,4914,3516,1015,338,44,34,0,4502,2905,969,458,68,119,8,4978,3369,1034,319,125,55,0,4506,2886,1003,341,109,71,0,3533,2918,438,128,38,18,5,3745,2885,545,274,28,8,0,3895,2945,630,265,45,20,0,3555,2451,645,315,55,92,7,3555,2451,645,278,41,4,0,10,126,4074,3044,657,244,124,13,0,3555,2580,680,190,80,29,0,0,1887,1114,751,1739,1091,648,1885,919,818,1826,1040,684,1825,1113,651,1778,1064,714,1515,915,552,1838,1020,758,2053,1086,924,2033,945,940,1984,1056,928,0.0,18,18089,,,
817,18097320105,3201.05,-86.1935427,39.919401,2646873.0,2646873.0,0.0,4262,2782,366,1008,116,31,4,4295,2670,302,736,362,141,0,4594,2563,410,986,409,129,3,4528,2525,454,1306,177,65,3,4027,2373,167,906,413,16,4,4431,1980,111,1765,120,35,6,3470,2434,245,707,87,24,2,3051,2197,81,568,155,60,0,3142,2093,76,818,120,49,0,3687,2199,308,975,154,46,0,3687,2199,308,900,129,1,0,25,125,2834,1855,65,736,176,16,0,3145,1670,25,1390,48,35,0,0,2250,1363,869,2004,1212,792,2122,1390,624,2115,1327,695,2117,1378,679,2037,1195,842,1885,1355,480,2153,1462,632,2336,1687,613,2361,1360,901,2334,1628,706,0.0,18,18097,,,
818,18097321300,3213,-86.1317663,39.8656214,1159077.0,1159077.0,0.0,2348,2183,57,49,48,14,2,2523,2180,81,64,123,67,0,2794,2423,75,70,143,78,0,2619,2309,104,113,68,24,6,2770,2348,68,80,172,72,0,2663,2282,68,135,166,8,0,2044,1921,41,33,38,12,1,2220,2060,70,30,12,29,0,2395,2215,55,30,28,50,0,2370,2126,69,92,55,17,5,2370,2126,69,69,29,1,2,7,67,2289,2108,50,37,34,43,0,2210,2085,35,45,25,8,0,15,1502,928,560,1394,797,597,1535,979,413,1538,910,558,1530,982,510,1470,836,634,1404,1021,332,1581,1072,449,1730,1305,389,1738,969,660,1723,1232,491,0.0,18,18097,,,
819,18063210607,2106.07,-86.3524856,39.7078921,28076439.0,28036192.0,40247.0,4210,3558,198,259,165,39,7,5326,3826,306,1022,161,10,0,5585,3829,439,1127,158,32,0,6508,4455,518,923,445,148,13,6313,4871,289,930,112,145,0,6942,4680,473,1221,401,184,90,3098,2708,112,144,118,25,3,3691,2787,56,750,87,9,0,4051,2908,130,901,76,33,0,5041,3605,371,616,335,108,6,5041,3605,371,544,285,6,0,33,197,4837,3735,139,809,67,93,0,5515,3770,375,930,285,63,0,90,1763,747,988,1536,571,965,1814,610,1062,1769,654,999,1762,738,964,1712,585,1127,1441,605,782,1949,788,1093,2523,1084,1371,2509,841,1324,2441,1043,1398,0.0,18,18063,,,
820,18089042704,427.04,-87.4529891,41.5018228,10307109.0,10307109.0,0.0,4449,3837,421,112,65,22,1,4383,3639,379,129,231,38,0,4093,3238,396,246,222,30,0,4150,3096,572,254,139,93,9,3832,3027,400,241,180,39,0,3652,2656,363,438,215,28,0,3554,3143,263,75,58,18,1,3329,2909,245,75,90,20,0,3094,2649,250,125,60,14,0,3421,2684,389,164,109,66,6,3421,2684,389,136,83,3,3,12,111,2973,2508,260,138,48,26,0,2865,2265,255,265,54,28,0,4,2108,1005,1080,1907,919,988,2050,837,1100,1991,923,1004,1999,999,959,1931,943,988,1600,803,760,1995,918,1037,2229,1009,1192,2191,826,1231,2138,933,1205,0.0,18,18089,,,
821,18097330203,3302.03,-85.9654501,39.9168138,7862547.0,5289634.0,2572913.0,5598,4906,109,392,190,31,4,5956,5072,134,624,126,0,0,5965,5062,135,686,82,0,0,5418,4447,166,515,235,59,6,5479,4620,17,770,69,3,0,5055,4515,46,270,139,13,0,4177,3724,69,269,110,18,4,4518,4063,60,350,50,0,0,4468,3993,50,380,50,0,0,4343,3639,111,380,171,52,1,4343,3639,111,343,127,0,0,2,121,4137,3590,10,482,46,5,0,3765,3450,15,170,110,14,0,0,3598,1332,2245,3561,1121,2440,3599,1398,2009,3615,1299,2230,3612,1386,2176,3526,1120,2406,3273,1420,1773,3633,1480,2079,3852,1745,2064,3882,1195,2443,3855,1634,2221,0.0,18,18097,,,
822,18097330204,3302.04,-85.9784294,39.8769084,8283105.0,8044708.0,238397.0,6000,3688,337,1786,210,53,11,6664,3946,444,1961,319,0,18,6610,3919,119,2367,310,0,10,6133,3111,500,2283,194,136,6,7276,4528,673,1858,303,0,6,6044,3715,333,1818,121,251,0,4249,2785,201,1123,135,32,9,4715,2870,240,1420,155,0,10,4850,2825,75,1745,110,0,10,4575,2485,336,1574,151,82,5,4575,2485,336,1430,107,4,1,17,195,5425,3419,380,1407,121,0,2,4555,2910,235,1270,45,25,0,75,3081,1809,1252,3029,1759,1270,3252,1922,1117,3246,1919,1195,3239,1976,1182,3176,1759,1417,2960,1949,925,3301,2071,1137,3553,2369,1130,3573,1870,1452,3558,2288,1270,0.0,18,18097,,,
823,18029080500,805,-84.9083614,39.0626589,14848373.0,13686772.0,1161601.0,4017,3877,64,31,18,28,5,4054,3914,0,22,51,0,67,4194,3834,11,33,66,184,66,3805,3475,90,63,16,125,12,3955,3641,16,52,44,67,135,3414,2900,179,62,27,66,144,2956,2878,38,11,10,19,3,3005,2935,0,20,10,0,10,3295,3145,0,14,20,75,15,2923,2704,59,31,13,88,8,2923,2704,59,27,6,8,1,3,115,3221,3069,0,6,16,35,36,2730,2465,90,25,29,24,40,55,1453,595,832,1355,582,773,1378,375,927,1352,417,857,1341,475,818,1318,397,921,972,320,619,1296,396,863,1405,391,995,1402,355,898,1381,397,984,5208.695810682821,18,18029,,,
824,18029080400,804,-84.8479702,39.139129,43326800.0,42410525.0,916275.0,5934,5639,91,106,64,33,5,5935,5698,111,69,57,0,0,5691,5556,52,65,18,0,0,6103,5593,119,132,71,139,11,5341,5187,53,75,26,0,0,5511,5452,0,0,20,28,0,4494,4330,45,61,36,27,3,4460,4310,115,20,20,0,0,4366,4291,55,25,0,0,0,4643,4298,72,72,41,122,7,4643,4298,72,40,27,12,1,12,181,4019,3932,53,28,0,0,0,4175,4145,0,0,4,30,0,0,2960,1139,1787,2755,1035,1720,3004,878,1951,2938,942,1846,2895,1044,1753,2827,847,1980,2236,817,1331,2865,938,1839,3092,968,2089,3080,768,2031,3023,954,2069,5511.590726855028,18,18029,,,
825,18029080700,807,-85.0244695,39.1273123,194085274.0,193964763.0,120511.0,6116,5967,52,20,30,43,10,6193,6071,73,22,0,27,0,6231,6168,36,14,0,13,0,6191,5851,79,51,47,106,6,6254,6180,40,23,0,11,0,6213,6118,48,33,9,5,0,4564,4468,30,9,25,29,8,4915,4800,75,20,0,20,0,4920,4860,35,15,0,10,0,4821,4580,56,19,38,86,4,4821,4580,56,1,25,10,0,17,132,4935,4861,39,25,0,11,0,5170,5080,50,35,4,4,0,0,2544,818,1688,2576,752,1824,2837,502,2225,2746,573,2052,2710,679,1961,2657,528,2129,2173,445,1688,2732,543,2132,3033,519,2473,3019,463,2171,2984,564,2420,0.0,18,18029,,,
826,18029080101,801.01,-85.0486687,39.2568524,112256322.0,112123138.0,133184.0,2919,2875,24,8,4,8,0,2952,2811,1,110,0,12,0,3014,2892,2,98,0,12,0,2846,2732,37,12,5,43,1,2618,2589,4,16,0,24,0,2712,2675,21,1,0,15,0,2136,2112,11,3,2,8,0,2175,2135,4,35,0,0,0,2230,2195,4,35,0,0,0,2201,2120,19,5,4,35,0,2201,2120,19,4,4,3,0,4,47,1952,1946,6,0,0,13,0,2105,2070,20,0,0,15,0,0,1322,396,899,1326,359,967,1448,240,1151,1427,266,1117,1408,327,1054,1375,238,1137,1182,253,906,1429,265,1136,1572,261,1289,1576,233,1159,1553,269,1284,0.0,18,18029,,,
827,18057110202,1102.02,-86.0341439,40.1335165,46000239.0,42843901.0,3156338.0,6005,5753,98,63,47,49,6,6122,5748,362,0,12,0,0,5938,5694,111,88,15,30,0,6632,6112,176,95,60,173,3,5754,5572,68,77,20,17,0,6468,6263,1,68,22,67,0,4501,4348,60,30,36,32,3,4640,4545,80,0,10,0,0,4680,4465,85,90,15,30,0,5105,4792,105,42,37,122,0,5105,4792,105,26,23,3,0,14,142,4523,4334,72,76,18,15,0,4970,4850,4,65,20,30,0,0,2919,1018,1860,2788,756,2032,3227,743,2269,3202,832,2174,3189,943,2078,3075,624,2451,2718,830,1769,3301,906,2264,3792,1083,2636,3781,718,2369,3645,1007,2638,0.0,18,18057,,,
828,18057111003,1110.03,-86.1001504,39.9692461,4929424.0,4921668.0,7756.0,4495,4251,50,64,115,19,0,4738,4580,0,85,42,70,7,4864,4722,0,72,21,73,17,4726,4255,108,89,170,45,9,5455,4714,0,427,240,139,17,5066,4130,101,506,217,104,16,3381,3245,24,38,70,9,0,3640,3555,0,10,25,25,0,3725,3650,0,19,4,35,0,3584,3291,55,47,102,39,7,3584,3291,55,32,73,5,1,14,113,4201,3807,0,230,42,61,0,3925,3395,70,300,89,18,0,49,2433,909,1506,2948,908,2040,2967,1155,1600,2975,1064,1803,2969,1175,1737,2880,893,1987,2662,1228,1376,2993,1266,1649,3245,1578,1609,3259,993,2064,3176,1394,1782,0.0,18,18057,,,
829,18057110201,1102.01,-86.0812069,40.1708433,99540917.0,99160202.0,380715.0,4363,4218,64,33,13,27,4,4368,4286,39,7,23,8,0,4547,4459,44,19,14,11,0,4231,3907,103,40,33,117,4,4802,4450,291,33,12,16,0,4512,4061,301,32,4,29,0,3180,3083,48,13,11,21,3,3375,3325,25,8,19,4,0,3545,3490,25,18,4,4,0,3206,3004,72,18,20,85,3,3206,3004,72,6,7,8,1,1,107,3554,3365,152,24,4,10,0,3390,3190,159,27,4,26,0,0,1807,638,1127,1689,489,1200,2014,431,1469,1997,525,1346,1995,586,1298,1915,390,1525,1620,449,1089,1992,510,1410,2239,523,1680,2233,376,1400,2143,539,1604,0.0,18,18057,,,
830,18057111101,1111.01,-86.084091,39.938857,8464447.0,7791268.0,673179.0,3851,3410,86,97,241,13,2,3829,3445,109,121,151,0,0,3788,3378,126,127,134,47,0,3852,3197,135,166,284,50,9,3892,3135,123,204,404,52,0,3811,3047,114,263,362,47,0,2686,2419,56,54,145,9,0,2685,2495,30,65,90,0,0,2695,2470,35,75,85,20,0,2820,2375,84,115,188,37,4,2820,2375,84,92,164,7,0,11,87,2901,2398,23,159,285,25,0,2865,2400,75,170,215,15,0,0,2260,874,1375,2222,725,1497,2233,915,1154,2242,841,1320,2241,893,1302,2151,695,1456,1959,924,984,2245,982,1201,2438,1247,1137,2445,799,1466,2375,1065,1310,0.0,18,18057,,,
831,18127050505,505.05,-87.1467644,41.5335383,7867823.0,7867823.0,0.0,2469,2089,272,83,29,23,3,2482,1971,403,72,17,30,0,2576,2057,411,82,10,27,0,2364,1818,300,121,36,65,9,2742,2158,351,126,73,41,0,2572,2283,214,24,15,14,0,1784,1567,156,35,19,13,2,1870,1535,275,50,4,4,0,1925,1605,265,55,0,4,0,1836,1467,196,69,32,54,6,1836,1467,196,53,21,0,3,6,90,2110,1726,224,93,62,5,0,1980,1855,80,25,4,14,0,0,918,549,343,861,549,312,983,430,459,952,502,365,957,586,325,921,510,411,746,424,284,956,488,417,1041,473,542,1049,425,500,1041,512,529,0.0,18,18127,,,
832,18083955400,9554,-87.5213923,38.6800562,1324809.0,1324809.0,0.0,2289,2038,48,160,18,24,1,2347,2215,1,97,7,27,0,2451,2281,8,122,8,32,0,2091,1769,84,160,20,46,4,2421,2222,7,118,8,66,0,2211,2005,7,131,11,57,0,1850,1654,33,132,14,22,0,1775,1690,0,69,0,15,0,1925,1805,4,104,0,15,0,1637,1399,58,127,16,38,1,1637,1399,58,93,11,6,0,5,65,1837,1656,4,97,0,63,0,1755,1605,4,114,4,29,0,0,767,427,321,633,276,357,653,204,409,634,300,293,654,374,262,608,226,382,495,192,267,616,255,340,663,225,419,656,165,413,646,250,396,0.0,18,18083,,,
833,18083955300,9553,-87.5174798,38.691186,2677438.0,2394229.0,283209.0,4124,3317,99,628,51,39,6,3608,2770,227,448,91,83,0,3598,2763,281,371,127,69,0,2906,2369,182,259,28,37,3,3387,2539,229,410,116,45,0,2897,2028,430,241,69,27,0,3571,2832,81,588,45,31,6,2910,2225,175,415,35,59,0,2875,2285,155,335,40,54,0,2429,1965,163,215,26,28,3,2429,1965,163,201,23,6,3,35,33,2878,2280,139,387,36,39,0,2425,1925,250,230,0,23,0,0,1028,658,353,544,239,305,625,192,386,592,266,279,597,319,260,550,197,353,448,171,239,571,225,322,602,202,383,591,147,375,573,223,350,2880.964995539695,18,18083,,,
834,18083955800,9558,-87.3394073,38.6236035,369119153.0,364919581.0,4199572.0,3453,3385,28,11,9,8,3,3566,3466,42,15,51,4,0,3443,3374,31,21,33,2,0,3376,3239,31,19,13,61,4,3377,3323,18,16,30,3,0,3070,3047,0,2,2,7,0,2589,2555,13,4,4,5,1,2640,2600,12,4,34,4,0,2530,2505,12,0,14,0,0,2514,2433,17,6,4,44,2,2514,2433,17,3,3,0,2,0,56,2513,2517,9,0,4,0,0,2365,2355,0,0,4,4,0,4,1403,374,976,1593,432,1161,1764,339,1353,1714,684,944,1750,964,768,1567,428,1139,1459,399,976,1688,528,1136,1815,345,1450,1787,249,1297,1735,455,1280,0.0,18,18083,,,
835,18083955500,9555,-87.5266044,38.6647492,3432550.0,3171225.0,261325.0,3126,2975,48,73,17,23,0,3008,2725,60,115,27,26,47,2974,2679,57,167,19,26,26,2962,2689,76,100,15,71,2,3079,2469,181,252,23,30,19,3336,2514,262,417,0,14,41,2463,2373,25,32,13,18,0,2335,2180,4,80,25,23,15,2465,2230,35,135,20,30,25,2376,2205,42,57,12,52,1,2376,2205,42,43,10,10,0,4,62,2255,2085,23,79,25,27,23,2395,2130,84,124,0,4,40,10,1304,679,602,1103,465,638,1062,324,683,1033,472,486,1038,579,430,965,339,626,838,314,453,1026,413,578,1119,360,741,1113,256,742,1076,411,665,0.0,18,18083,,,
836,18083955000,9550,-87.3066603,38.772654,8900472.0,8900472.0,0.0,3034,2929,58,19,12,23,1,3081,2963,49,57,12,19,0,3040,2911,45,80,4,32,0,3182,2960,70,33,16,86,4,2864,2691,47,81,16,20,0,2905,2651,28,63,81,13,0,2278,2212,33,12,8,19,1,2245,2195,15,30,10,20,0,2210,2135,10,55,4,30,0,2374,2241,19,16,10,76,4,2374,2241,19,14,5,10,1,4,80,2255,2175,15,50,1,20,0,2245,2155,25,45,0,14,0,0,1236,581,612,1061,434,627,1155,266,828,1133,513,534,1149,669,450,1052,337,715,843,262,526,1073,374,668,1115,232,866,1100,176,734,1078,313,765,0.0,18,18083,,,
837,18083955100,9551,-87.2834069,38.8409457,301329196.0,298739204.0,2589992.0,2927,2881,23,7,6,15,0,3050,3006,29,13,2,0,0,3007,2935,30,25,3,0,0,2814,2713,46,17,3,26,5,3145,3078,28,16,0,7,0,3088,2862,74,0,0,6,0,2327,2293,13,5,2,11,0,2370,2335,24,15,4,0,0,2285,2235,24,25,4,0,0,2200,2136,25,11,3,19,4,2200,2136,25,0,2,1,0,3,33,2369,2307,23,9,0,4,0,2315,2265,44,0,0,4,0,0,1494,573,884,1391,439,952,1439,231,1155,1405,525,817,1441,815,609,1294,298,996,1212,291,841,1385,400,954,1473,243,1201,1466,154,1082,1426,317,1109,0.0,18,18083,,,
838,18083955700,9557,-87.4860435,38.6845298,9927186.0,9927186.0,0.0,4748,4548,62,64,54,21,3,4348,4263,45,16,24,0,0,4574,4439,40,56,14,25,0,4768,4354,116,100,111,65,12,4487,4347,35,41,48,16,0,4764,4438,1,70,204,51,0,3719,3605,30,35,36,17,2,3465,3395,45,0,25,0,0,3615,3535,40,0,15,25,0,3696,3398,77,67,73,62,12,3696,3398,77,46,60,10,0,8,97,3553,3453,35,3,49,15,0,3630,3525,4,4,50,54,0,0,2335,1020,1288,2162,750,1412,2264,633,1526,2167,938,1133,2209,1236,935,2030,631,1399,1846,637,1110,2176,820,1298,2331,706,1583,2313,483,1627,2257,783,1474,0.0,18,18083,,,
839,18083955900,9559,-87.5702683,38.5538373,389446288.0,379311481.0,10134807.0,5797,5526,96,117,35,25,1,5597,5010,104,462,2,19,0,5566,5037,108,406,2,14,0,5422,4990,116,149,42,99,9,5492,5100,89,270,0,33,0,5401,5316,22,43,1,19,0,4431,4278,41,70,24,22,1,4386,4103,31,230,2,20,0,4161,3904,45,200,2,15,0,4234,3933,63,103,32,78,8,4234,3933,63,76,24,8,4,2,124,4051,3849,23,139,0,34,0,4175,4115,19,30,4,4,0,0,2525,1150,1313,2292,802,1490,2494,606,1769,2427,1091,1206,2476,1375,1044,2229,665,1564,2054,636,1304,2388,849,1473,2548,623,1888,2509,412,1833,2442,784,1658,51293.44242335663,18,18083,,,
840,18127051101,511.01,-87.1515421,41.310715,93826639.0,93739670.0,86969.0,6160,5745,311,55,24,33,1,6187,5668,444,75,0,0,0,6195,5597,547,0,10,67,0,6104,5323,444,128,41,104,0,6185,5532,558,0,17,94,0,6111,5678,364,0,24,62,0,4607,4380,167,26,16,24,0,4440,4125,285,35,0,0,0,4560,4165,360,0,0,40,0,4678,4166,276,69,31,86,0,4678,4166,276,53,13,7,0,8,155,4670,4243,361,0,0,58,0,4630,4365,240,0,0,19,0,0,2713,1343,1312,2473,1239,1234,2743,916,1607,2690,1151,1372,2708,1433,1184,2601,1147,1454,2127,922,1137,2671,1066,1516,2930,961,1903,2937,820,1826,2898,1016,1882,0.0,18,18127,,,
841,18127050503,505.03,-87.1337738,41.5430333,2578994.0,2578994.0,0.0,5214,4457,503,198,27,42,4,5124,4092,579,438,5,23,0,5070,4055,507,488,8,22,5,5021,3855,666,341,59,103,4,4987,4182,491,273,8,25,8,4843,3939,539,393,0,61,3,3780,3349,283,108,17,29,2,3810,3245,405,140,0,25,0,3815,3260,340,190,0,20,0,3808,3058,397,202,43,83,3,3808,3058,397,175,19,3,0,11,145,3842,3379,322,122,0,27,0,3705,3075,380,200,0,40,0,0,1800,1116,650,1677,1040,637,1871,791,915,1835,925,760,1842,1073,676,1785,967,818,1442,772,595,1822,905,828,1974,898,1016,1974,805,921,1963,956,1007,0.0,18,18127,,,
842,18029080201,802.01,-84.9691529,39.2502234,66265610.0,66168461.0,97149.0,2341,2305,13,4,11,4,0,2304,2287,9,0,8,0,8,2455,2431,14,0,10,0,10,2469,2354,13,9,18,64,6,2970,2870,6,64,4,0,4,3198,3115,7,57,0,1,0,1776,1756,8,0,7,3,0,1875,1865,4,0,0,0,0,1945,1930,4,0,0,0,0,1873,1805,3,1,6,45,2,1873,1805,3,1,5,1,0,1,57,2244,2234,4,0,0,0,0,2410,2405,4,0,0,4,0,0,1191,357,817,1206,310,896,1320,194,1073,1275,262,964,1247,298,915,1224,216,1008,1028,211,795,1268,234,1011,1394,207,1171,1386,184,1072,1366,228,1138,0.0,18,18029,,,
843,18151971000,9710,-85.1258559,41.696118,156530286.0,148541889.0,7988397.0,3809,3642,109,17,16,27,0,4028,3643,283,0,26,76,0,4142,3751,343,0,3,45,0,3812,3556,142,23,11,52,2,4329,3891,391,0,11,36,0,3884,3509,313,25,12,36,0,2998,2897,64,9,8,22,0,3080,2985,50,0,8,46,0,3035,2950,50,0,4,32,0,3094,2920,90,8,9,51,2,3094,2920,90,6,5,13,1,0,59,3242,3114,86,0,10,25,0,3015,2835,130,24,4,27,0,4,1791,743,1008,1610,547,1063,1792,432,1265,1780,536,1127,1776,566,1147,1730,388,1342,1531,457,1014,1816,505,1251,2052,541,1472,2046,347,1485,2019,539,1480,13192.410976405592,18,18151,,,
844,18151971300,9713,-85.0065502,41.6495892,23012948.0,22667342.0,345606.0,5180,4644,368,57,84,44,1,5413,5134,43,60,136,41,14,5161,4765,50,173,127,147,18,5565,4749,519,107,94,98,1,5431,5043,94,196,82,171,0,5457,5041,195,182,0,200,0,3930,3622,201,32,51,29,0,4275,4180,30,10,30,25,0,4180,4005,50,35,24,29,0,4302,3814,298,55,64,72,1,4302,3814,298,36,44,12,0,8,90,4150,3935,95,16,16,13,0,4320,4095,125,10,0,14,0,75,2042,1022,989,1849,747,1102,2018,615,1266,2003,741,1117,2000,783,1148,1933,514,1419,1610,609,935,2008,713,1225,2240,778,1412,2239,503,1520,2204,738,1466,0.0,18,18151,,,
845,18151971500,9715,-85.1303829,41.5959595,115909704.0,111679049.0,4230655.0,3594,3469,76,20,15,20,3,2887,2706,135,20,4,22,0,2845,2784,25,3,0,33,0,3252,3028,107,25,18,54,5,2596,2466,86,2,0,17,0,2974,2810,81,26,0,31,0,2732,2659,44,7,10,17,1,2286,2251,10,4,4,16,0,2341,2286,25,0,0,26,0,2578,2450,62,4,11,38,3,2578,2450,62,3,3,4,0,3,53,2106,2092,18,0,0,17,0,2405,2305,44,25,0,25,0,0,1391,543,809,1358,460,898,1501,308,1112,1507,425,974,1497,434,1002,1458,296,1162,1236,329,862,1458,364,1043,1540,335,1172,1541,228,1085,1519,355,1164,0.0,18,18151,,,
846,18151971200,9712,-84.8960943,41.6235658,225897628.0,225463696.0,433932.0,3378,3277,45,13,20,20,2,3844,3622,138,10,8,63,3,3341,3259,14,10,13,44,2,3211,3059,42,24,11,62,1,3034,2934,39,8,9,73,10,2900,2741,52,9,43,39,8,2492,2443,23,8,9,14,0,2705,2635,10,0,4,55,0,2510,2450,15,0,4,39,0,2432,2331,26,11,7,50,1,2432,2331,26,10,5,8,0,1,51,2344,2284,16,0,2,23,0,2185,2120,30,0,20,8,0,10,1378,581,763,1300,439,861,1425,302,1046,1430,385,943,1419,436,935,1381,270,1111,1162,326,788,1386,353,988,1483,333,1124,1483,228,1067,1447,331,1116,17701.836961057485,18,18151,,,
847,18151971400,9714,-85.0000834,41.5996829,38502131.0,37626842.0,875289.0,4901,4524,204,117,34,36,10,5335,4761,412,48,37,98,4,5600,5023,369,59,71,100,10,5251,4547,297,160,100,114,2,5681,5142,305,90,97,47,13,5626,5039,354,77,128,27,0,3864,3607,132,81,22,27,5,3969,3674,169,37,8,68,0,4259,3934,165,54,23,68,0,4357,3777,224,144,88,95,1,4357,3777,224,101,57,8,0,12,178,4336,4002,153,87,41,53,0,4495,4115,195,63,103,25,0,0,1353,682,636,1318,571,747,1478,461,903,1465,527,814,1458,578,816,1421,439,982,1181,470,654,1447,527,859,1579,559,987,1562,383,984,1545,555,990,0.0,18,18151,,,
848,18151970900,9709,-85.0142816,41.7345534,45145415.0,38859473.0,6285942.0,2227,2173,23,6,15,9,0,2356,2292,23,0,25,16,0,2354,2283,34,3,28,5,0,2310,2171,59,12,17,18,6,2221,2193,11,9,5,3,0,2358,2228,46,22,0,5,0,1856,1824,16,1,8,7,0,1895,1840,25,0,15,14,0,1890,1830,35,4,15,8,0,1939,1851,40,2,12,10,4,1939,1851,40,0,12,0,0,4,32,1849,1821,9,4,4,7,0,1890,1840,25,20,0,4,0,0,1284,547,714,1173,421,752,1312,356,885,1319,424,807,1314,455,822,1266,297,969,1123,370,712,1321,409,874,1464,448,998,1462,270,1091,1434,420,1014,6359.6837539028165,18,18151,,,
849,18151971100,9711,-85.0421155,41.6908427,25834623.0,20037174.0,5797449.0,2976,2894,31,16,30,8,2,2751,2706,0,0,22,23,0,3196,3044,99,0,27,26,0,2982,2773,69,22,30,32,1,3382,3227,87,3,64,1,0,3352,3183,104,37,0,18,0,2337,2288,24,9,16,6,2,2340,2305,0,0,14,19,0,2650,2565,50,0,15,19,0,2472,2317,43,16,24,23,0,2472,2317,43,7,15,1,0,31,58,2857,2753,44,4,54,3,0,2820,2740,39,29,0,19,0,0,1562,634,911,1547,488,1059,1705,418,1194,1687,490,1088,1681,530,1101,1634,351,1283,1436,442,954,1692,472,1164,1845,500,1313,1822,303,1368,1799,460,1339,0.0,18,18151,,,
850,18097330401,3304.01,-86.0596922,39.87378,7547411.0,7175383.0,372028.0,5719,4106,196,1274,132,37,3,6173,4443,44,1658,7,21,0,6423,4190,62,2137,6,0,0,5985,3881,297,1582,135,70,9,6216,4949,47,1186,5,0,0,5754,4178,178,1386,19,0,7,4278,3238,120,818,89,28,2,4540,3285,45,1180,4,20,0,4588,3138,45,1396,4,0,0,4475,3140,185,975,87,50,6,4475,3140,185,906,56,8,0,26,154,4658,3870,28,760,2,0,0,4645,3520,55,1040,20,0,0,4,3396,1652,1716,3194,1413,1781,3294,1662,1383,3319,1609,1600,3324,1760,1503,3230,1423,1807,2990,1701,1200,3343,1817,1435,3568,2122,1384,3610,1565,1817,3582,2026,1556,0.0,18,18097,,,
851,18151970800,9708,-84.8863078,41.7264885,91228561.0,86712972.0,4515589.0,3762,3657,63,11,19,13,0,3817,3622,114,5,15,61,0,3761,3488,222,6,28,34,0,3652,3452,83,22,17,41,1,3854,3545,211,63,24,27,1,3766,3421,174,50,95,32,12,2811,2747,36,2,12,12,0,3165,3055,55,4,8,45,0,3105,2935,135,0,12,14,0,2823,2705,45,8,11,30,1,2823,2705,45,5,8,1,0,0,59,3161,2961,110,56,27,7,0,3070,2840,65,50,99,8,0,10,1519,723,769,1412,541,871,1559,390,1089,1546,461,983,1543,530,970,1504,336,1168,1229,358,818,1555,437,1071,1758,454,1272,1749,308,1280,1720,452,1268,20827.99015001518,18,18151,,,
852,18151971600,9716,-85.0124077,41.5491868,113122694.0,108140766.0,4981928.0,4358,4233,63,18,15,29,0,4043,3903,58,11,23,37,4,4053,3920,64,12,14,30,5,4400,4103,109,46,23,92,4,4063,3913,64,23,28,17,7,4190,3975,61,22,68,25,8,3330,3246,43,7,9,24,0,3035,2960,24,12,18,26,0,3055,2980,45,16,8,22,0,3507,3306,58,33,16,70,1,3507,3306,58,15,6,3,1,0,118,3134,3068,38,11,8,13,0,3220,3140,39,8,12,20,0,10,1933,809,1075,1800,621,1179,1924,462,1373,1915,557,1225,1917,605,1239,1863,391,1472,1667,503,1102,1954,542,1349,2191,565,1577,2181,369,1527,2158,563,1595,0.0,18,18151,,,
853,18097354400,3544,-86.1370114,39.7742279,1322532.0,1322532.0,0.0,1333,882,115,303,24,25,0,1411,986,30,388,11,6,0,1532,1116,25,375,11,6,0,1514,1126,55,278,14,36,2,1543,1220,25,292,0,5,0,1410,1163,24,173,40,7,0,1103,766,82,228,16,17,0,1255,885,20,340,10,0,0,1335,985,15,320,10,0,0,1241,970,46,192,13,28,1,1241,970,46,177,12,0,1,1,34,1365,1103,16,241,0,0,0,1245,1035,14,164,29,4,0,0,422,290,120,496,380,116,615,440,118,612,435,133,613,463,127,591,430,161,580,469,86,670,513,131,792,636,139,798,524,233,794,625,169,0.0,18,18097,,,
854,18097354900,3549,-86.1047245,39.7780245,1075274.0,1075274.0,0.0,2476,1143,474,819,17,50,2,2955,1167,743,985,5,55,0,2804,1104,684,953,5,58,0,2651,1054,732,815,31,116,3,2604,1141,438,958,4,63,0,2515,935,447,997,5,173,0,1732,924,260,515,13,35,1,2045,995,200,810,0,40,0,1910,905,175,800,0,29,0,1931,865,425,581,24,82,1,1931,865,425,523,19,5,0,13,81,1939,935,91,867,0,39,0,1940,835,100,845,0,95,0,60,567,434,126,466,361,105,535,360,137,530,366,115,528,382,117,515,354,161,356,263,77,506,365,119,542,398,133,548,357,152,543,408,135,0.0,18,18097,,,
855,18097355000,3550,-86.1147362,39.7714838,832533.0,832533.0,0.0,2196,1066,429,641,29,52,15,2234,1055,434,624,95,33,0,2207,1189,472,415,97,43,0,2325,964,642,656,35,106,3,2283,1012,449,687,97,47,0,2220,1057,362,622,102,92,0,1526,837,253,390,20,34,9,1215,820,90,290,15,34,0,1305,900,100,280,15,49,0,1677,786,397,437,24,86,0,1677,786,397,395,9,10,0,5,75,1332,810,114,384,16,45,0,1365,880,75,370,15,33,0,0,496,355,132,398,279,119,458,271,146,447,271,135,451,299,132,434,275,159,382,264,102,471,311,142,551,378,157,549,318,180,542,378,164,0.0,18,18097,,,
856,18097355300,3553,-86.0897394,39.7781593,832720.0,832720.0,0.0,2578,1710,201,640,23,26,0,2353,1647,104,466,0,136,0,2430,1531,161,585,19,121,0,2588,1468,308,746,26,65,2,2462,1508,400,520,10,17,0,2529,1442,365,674,21,83,7,1924,1387,116,398,15,18,0,1820,1315,25,335,0,135,0,1795,1240,15,395,20,120,0,2015,1246,189,527,20,49,0,2015,1246,189,485,14,11,0,8,62,1593,1169,26,374,10,16,0,1685,1215,15,425,15,20,0,0,868,609,250,828,583,245,966,624,258,969,651,239,967,676,231,938,615,323,882,660,173,1005,708,244,1109,806,271,1115,683,317,1112,825,287,0.0,18,18097,,,
857,18097355400,3554,-86.0897293,39.7708046,1002673.0,1002673.0,0.0,2908,1750,336,758,20,56,5,2840,1749,215,877,0,0,0,3067,1881,257,929,0,0,0,2639,1469,362,733,28,67,0,3101,1787,342,961,0,11,0,2340,1290,189,834,49,45,0,2193,1430,225,487,16,37,5,2010,1400,65,550,0,0,0,2130,1455,95,580,0,0,0,2017,1253,205,491,19,58,0,2017,1253,205,436,6,7,0,11,99,2142,1332,101,688,0,10,0,1780,940,124,635,0,28,0,50,868,609,244,705,500,205,820,521,229,818,529,213,815,563,213,799,522,277,677,483,170,805,556,208,852,625,206,851,517,253,849,626,223,0.0,18,18097,,,
858,18097355500,3555,-86.0923865,39.7596982,2518873.0,2518873.0,0.0,3565,2773,576,167,18,25,6,3722,2793,442,402,0,32,0,4000,2976,520,406,8,27,0,3809,2617,792,283,25,101,3,4236,3151,421,557,11,10,0,4229,3076,476,647,12,8,0,2684,2235,332,88,13,19,3,2618,2273,80,245,0,30,0,2622,2243,135,230,10,30,0,2857,2111,491,172,18,66,1,2857,2111,491,152,13,10,0,9,71,2833,2419,119,283,10,12,0,2755,2330,180,230,10,10,0,0,1050,576,453,918,474,444,1027,441,512,1010,483,446,1008,531,427,967,453,514,757,408,305,993,487,460,1083,512,542,1087,433,473,1081,569,512,0.0,18,18097,,,
859,18097355600,3556,-86.110076,39.7601625,2444862.0,2444862.0,0.0,1998,1241,463,236,6,41,8,1946,994,600,330,22,4,0,2075,1167,457,429,22,0,0,2283,1257,561,388,20,62,4,2158,1033,608,476,36,0,0,2163,892,741,528,14,33,0,1467,1002,275,150,5,29,5,1245,905,155,174,14,4,0,1470,1095,155,205,14,0,0,1731,1027,338,299,14,46,1,1731,1027,338,280,9,5,0,7,65,1425,965,205,236,24,0,0,1490,870,335,259,10,14,0,0,384,242,135,347,224,123,386,188,170,381,197,145,381,217,146,364,187,177,299,182,110,388,218,160,447,243,196,453,216,182,448,259,189,0.0,18,18097,,,
860,18097355700,3557,-86.1281907,39.7630518,2183113.0,2183113.0,0.0,2745,1906,538,257,28,38,4,2199,1513,381,303,0,0,0,2135,1603,309,239,0,0,0,2420,1434,627,285,16,60,0,1839,1427,147,256,0,0,0,2367,1699,204,391,0,35,0,1996,1477,316,168,18,23,0,1515,1200,115,200,0,0,0,1550,1315,115,120,0,0,0,1857,1215,387,188,13,50,0,1857,1215,387,168,7,6,0,9,65,1425,1246,54,123,0,0,0,1885,1510,94,265,0,8,0,0,567,356,197,459,285,174,499,248,210,494,271,179,494,287,178,480,253,227,410,242,138,504,286,192,580,338,233,577,285,228,571,348,223,0.0,18,18097,,,
861,18097380600,3806,-86.1579606,39.7003353,5439136.0,5439136.0,0.0,5237,3621,881,446,238,73,9,5489,3766,949,541,67,182,0,5580,3366,1000,816,203,237,0,5383,2821,999,921,560,113,8,5856,3546,1114,742,193,296,0,5973,2848,1954,1017,145,37,0,3870,2897,523,285,139,48,6,3728,3088,235,329,20,50,0,3524,2674,205,455,85,70,0,3927,2316,614,587,341,80,4,3927,2316,614,513,317,6,3,14,144,3755,2973,151,443,84,68,0,3105,2530,100,365,75,10,0,30,1466,789,659,1351,659,692,1446,595,753,1440,644,683,1433,701,668,1397,589,808,1095,536,501,1405,648,697,1517,685,800,1518,565,733,1511,732,779,0.0,18,18097,,,
862,18145710602,7106.02,-85.7823586,39.5170311,1237647.0,1237647.0,0.0,3266,3002,140,102,11,25,5,3035,2719,154,147,0,0,0,3088,2861,112,115,0,0,0,3188,2751,173,139,26,99,4,3158,2951,72,71,0,64,0,3120,2758,103,208,0,43,0,2451,2274,85,71,5,18,4,2340,2150,60,130,0,0,0,2395,2190,95,115,0,0,0,2469,2162,116,93,15,77,4,2469,2162,116,81,3,9,0,0,98,2403,2213,57,66,0,63,0,2285,2145,75,30,0,35,0,0,888,435,433,743,317,426,836,248,514,832,320,436,821,319,445,800,242,558,640,226,374,828,284,500,938,282,637,938,210,547,895,300,595,0.0,18,18145,,,
863,18145710601,7106.01,-85.7810008,39.5250461,2207300.0,2176569.0,30731.0,3478,3106,226,98,25,29,2,2994,2686,292,1,15,16,0,2930,2655,223,32,20,17,0,3277,2819,232,98,31,65,12,3126,2804,272,44,0,14,0,2801,2643,19,75,41,2,0,2520,2297,139,47,14,22,2,2365,2225,130,0,10,0,0,2380,2210,125,30,10,0,0,2469,2196,139,50,20,48,6,2469,2196,139,38,5,2,0,12,77,2430,2277,120,45,0,3,0,2355,2260,15,75,0,4,0,0,948,482,440,887,388,499,884,273,544,867,334,457,865,350,463,848,273,575,676,251,387,877,321,518,1030,355,655,1018,248,558,989,362,627,0.0,18,18145,,,
864,18097330500,3305,-86.0651697,39.8476903,5235201.0,5235201.0,0.0,5855,1689,220,3898,67,47,5,6635,1521,315,4658,24,0,0,6739,1717,211,4506,16,0,0,6329,1553,646,4009,90,117,4,6447,2070,293,4001,7,0,0,6161,2452,154,3419,8,4,0,4523,1492,124,2862,42,30,2,4665,1390,190,3090,0,0,0,4765,1525,105,3145,0,0,0,4967,1379,378,3085,84,86,4,4967,1379,378,2954,67,15,2,33,139,4837,1730,133,2976,0,0,0,4800,2080,60,2645,0,4,0,10,3450,2836,599,3271,2740,531,3254,2634,508,3250,2608,531,3249,2677,523,3206,2522,684,2873,2398,414,3209,2645,503,3309,2782,486,3322,2483,724,3315,2777,538,0.0,18,18097,,,
865,18097330600,3306,-86.0368063,39.8477641,2669776.0,2669776.0,0.0,5250,3097,473,1602,54,84,13,6110,3290,1207,1605,0,0,0,6461,3482,1361,1595,0,0,0,5267,2155,855,2113,61,126,8,7081,2688,1994,2048,336,0,0,6381,2695,1227,2107,334,0,0,3745,2460,272,948,37,57,9,3505,2510,45,950,0,0,0,3750,2665,30,1055,0,0,0,3848,1852,528,1364,52,92,8,3848,1852,528,1239,29,5,0,25,170,3578,1924,10,1471,180,0,0,3920,2035,115,1530,235,0,0,0,1893,1158,716,1700,1026,674,1765,917,711,1764,979,656,1758,1031,649,1732,907,825,1361,840,459,1687,981,630,1739,1044,648,1750,882,658,1732,1069,663,0.0,18,18097,,,
866,18097330900,3309,-86.0554561,39.8330069,2655066.0,2655066.0,0.0,5140,577,203,4372,46,39,12,5907,780,568,4569,16,0,0,6166,609,841,4733,13,0,0,5686,548,800,4237,78,72,6,6149,729,933,4749,13,0,0,6368,820,1240,4587,320,275,0,3703,509,116,3073,23,23,5,3960,430,240,3275,15,0,0,4175,480,350,3330,15,0,0,4094,465,453,3086,60,55,5,4094,465,453,2983,36,11,3,10,133,4352,548,507,3280,15,0,0,4255,645,615,2960,40,0,0,0,2633,2470,149,2340,2217,123,2030,1885,96,2015,1837,111,2007,1853,118,1995,1800,195,1542,1429,68,1918,1778,108,1966,1827,118,1980,1677,252,1971,1833,138,0.0,18,18097,,,
867,18097340101,3401.01,-86.314927,39.7694649,4253851.0,4253851.0,0.0,3891,3220,317,286,41,35,5,3795,3217,187,271,120,0,0,3998,2943,446,458,151,0,0,4066,2812,530,578,72,93,4,5059,3710,445,820,84,0,0,4986,3519,406,965,42,38,0,2954,2547,175,180,29,27,2,2710,2485,25,150,44,0,0,2860,2335,190,270,59,0,0,3135,2278,349,384,61,74,4,3135,2278,349,336,42,5,1,10,114,3745,2963,210,546,20,0,0,3830,2895,294,610,15,10,0,0,1775,772,984,1565,617,948,1648,636,889,1634,639,888,1621,716,842,1587,581,1006,1391,664,668,1617,709,842,1713,805,866,1720,617,852,1715,803,912,0.0,18,18097,,,
868,18097355900,3559,-86.137367,39.7562061,952092.0,952092.0,0.0,2533,1913,289,278,31,41,9,2160,1817,152,149,16,26,0,2045,1692,162,125,32,22,12,2258,1746,229,189,56,41,3,1946,1623,140,133,28,17,5,2088,1805,128,107,37,8,3,1907,1503,170,187,26,32,5,1685,1550,22,79,14,10,0,1680,1470,93,55,35,10,0,1947,1564,172,124,49,32,2,1947,1564,172,93,33,1,0,8,76,1608,1349,102,116,25,13,0,1690,1450,95,110,25,10,0,4,658,446,203,538,361,177,770,469,222,761,468,236,757,508,217,737,450,287,729,552,144,876,608,233,1116,831,261,1126,682,358,1119,828,291,0.0,18,18097,,,
869,18105001502,15.02,-86.542135,39.0158663,59547986.0,50230856.0,9317130.0,2724,2593,34,49,33,21,4,2941,2802,55,0,73,11,0,2891,2717,84,0,74,16,0,3051,2802,69,48,52,59,0,2644,2541,70,0,20,12,1,2701,2580,46,28,9,7,1,2091,2016,23,20,18,18,1,2330,2260,35,0,15,10,0,2390,2295,55,0,25,15,0,2511,2343,51,31,32,40,0,2511,2343,51,17,19,2,0,6,73,2079,2012,41,0,11,10,3,2100,2050,30,10,4,4,4,0,1334,664,655,1288,544,744,1459,578,791,1462,608,774,1453,662,734,1388,522,866,1306,633,626,1505,658,798,1690,741,922,1688,556,951,1666,731,935,0.0,18,18105,,,
870,18105000601,6.01,-86.5497407,39.1711877,3162798.0,3162798.0,0.0,3523,2941,154,301,108,45,7,3946,2906,45,746,284,125,0,3992,3081,104,534,296,107,0,3559,2659,270,422,99,125,6,3854,3140,110,478,67,59,0,3420,2784,86,369,152,22,0,3024,2606,103,199,92,36,6,3085,2430,35,405,110,45,0,3095,2480,69,335,120,40,0,2759,2183,173,230,85,88,3,2759,2183,173,181,46,9,2,13,152,3038,2639,41,230,68,52,0,2670,2400,35,145,75,23,0,0,1355,1121,211,1140,916,224,1328,994,232,1337,1006,220,1328,1049,213,1286,1014,272,1205,1019,122,1285,1026,198,1271,1057,198,1237,960,213,1224,1033,191,0.0,18,18105,,,
871,18105001501,15.01,-86.5020595,39.0751137,62937522.0,59090524.0,3846998.0,5523,5192,85,99,126,32,7,5658,5168,61,132,130,287,0,6109,5456,96,217,138,348,0,5675,5104,115,99,201,119,3,6088,5630,75,205,129,186,0,5969,5673,75,78,50,57,24,4249,4035,54,55,85,26,5,4375,4115,0,0,65,110,0,4450,4105,15,0,65,155,0,4366,3973,72,59,150,90,3,4366,3973,72,41,131,6,2,6,135,4420,4218,19,0,45,54,0,4405,4285,15,0,35,54,0,10,2476,1226,1232,2545,1107,1438,2907,1192,1570,2912,1221,1540,2887,1321,1484,2770,1079,1691,2548,1230,1232,2973,1333,1554,3326,1555,1710,3320,1219,1767,3252,1490,1762,0.0,18,18105,,,
872,18097380700,3807,-86.1583396,39.686012,5140775.0,5140775.0,0.0,5285,4124,560,260,336,54,6,5857,2751,1141,681,1416,17,9,6004,3302,797,431,1493,18,9,6221,3333,578,640,1601,90,14,6376,3732,839,459,1314,63,15,7113,4193,632,800,1381,87,0,4055,3328,343,165,208,35,2,3372,2562,195,235,355,15,10,3756,2891,245,140,455,20,10,4448,2741,346,401,892,67,8,4448,2741,346,360,868,10,2,12,109,3735,2911,169,156,427,65,14,4005,3065,105,400,370,70,0,0,1756,823,909,1659,684,975,1723,617,975,1712,687,913,1712,767,873,1673,622,1051,1440,636,748,1758,736,959,2005,844,1126,2016,683,1034,2002,873,1129,0.0,18,18097,,,
873,18097380800,3808,-86.1252159,39.6865764,3726443.0,3726443.0,0.0,2645,2420,159,27,17,22,0,2833,2615,99,31,88,0,0,2719,2473,121,29,96,6,0,2947,2244,341,115,173,83,3,2881,2676,113,11,67,21,0,2789,2285,327,25,143,29,13,2078,1951,95,14,7,13,0,2220,2120,20,30,45,0,0,2170,2085,25,25,29,0,0,2306,1853,196,78,115,67,3,2306,1853,196,50,99,0,2,11,95,2357,2280,23,9,26,15,0,2195,1990,140,0,25,19,0,15,996,410,574,901,335,566,1117,355,680,1109,415,601,1106,449,606,1081,363,718,853,346,468,1066,405,617,1108,409,679,1110,324,576,1103,444,659,0.0,18,18097,,,
874,18097380901,3809.01,-86.1056819,39.6743251,5277460.0,5271288.0,6172.0,5000,4582,171,80,133,29,7,4808,4204,46,110,448,0,0,4951,4134,41,84,692,0,0,5538,3579,214,124,1507,81,9,4865,3569,31,82,1183,0,0,5421,3957,26,63,1316,37,0,3858,3617,94,35,91,16,6,3515,3325,45,99,50,0,0,3425,3235,39,69,85,0,0,4101,2959,143,73,846,67,5,4101,2959,143,58,834,5,0,1,101,3045,2885,29,69,69,0,0,3320,3055,25,54,180,14,0,0,2610,1038,1544,2246,838,1408,2260,714,1405,2254,785,1329,2241,882,1296,2174,666,1508,1803,707,1038,2161,791,1298,2230,840,1348,2246,610,1343,2223,836,1387,0.0,18,18097,,,
875,18097380902,3809.02,-86.0914642,39.6715023,6586920.0,6563030.0,23890.0,5644,5174,136,107,202,19,6,5715,4937,107,250,421,0,0,5749,4853,168,275,453,0,0,6133,4916,266,244,599,98,20,5621,4635,228,275,483,0,0,6037,4818,194,480,460,27,0,4489,4160,84,79,149,16,3,4455,4150,110,90,105,0,0,4415,4080,155,80,100,0,0,4999,4167,176,172,379,81,15,4999,4167,176,139,338,13,0,12,154,4397,3968,213,120,85,0,0,4800,4215,175,235,150,25,0,0,3017,1243,1751,2951,1054,1897,3063,970,1877,3065,1082,1831,3050,1185,1784,2951,894,2057,2647,1063,1489,3086,1154,1834,3370,1323,1983,3387,955,2021,3346,1307,2039,0.0,18,18097,,,
876,18163001000,10,-87.5384015,37.9467154,3100552.0,3100552.0,0.0,3812,2690,88,990,22,37,2,4308,2532,160,1569,0,52,0,4652,2544,349,1580,11,67,107,4239,2402,234,1314,27,77,170,5130,2490,389,2047,12,65,135,4754,2621,282,1681,21,21,149,2795,2120,46,594,10,27,1,2920,2040,30,830,0,30,0,3010,2005,10,935,10,49,0,3109,1941,126,864,18,60,96,3109,1941,126,780,15,8,92,19,128,3002,1956,9,973,9,55,0,2980,2090,4,839,20,18,0,0,1443,969,454,1300,817,483,1150,621,455,1138,660,384,1132,661,419,1102,623,479,866,534,301,1113,668,408,1219,713,480,1222,634,514,1221,800,421,0.0,18,18163,,,
877,18089040502,405.02,-87.464538,41.529536,3897904.0,3851179.0,46725.0,3519,2782,389,234,122,11,3,3354,2635,365,231,116,13,0,3244,2575,329,189,127,25,0,3576,2358,660,359,172,51,0,2912,2206,318,219,145,36,0,2952,2132,377,308,122,25,0,2874,2352,266,166,89,10,2,2690,2250,225,165,34,15,0,2620,2195,215,135,54,14,0,3021,2101,477,265,138,48,0,3021,2101,477,240,119,2,0,7,75,2392,1912,243,129,82,17,0,2475,1930,295,155,70,19,0,0,1732,916,799,1636,855,781,1763,873,810,1700,928,715,1697,951,709,1657,939,718,1479,851,597,1757,946,778,2001,1073,905,1974,937,987,1926,1000,926,0.0,18,18089,,,
878,18097381002,3810.02,-86.1252803,39.6722891,3978488.0,3978488.0,0.0,2950,2757,81,70,29,14,2,3184,2714,3,31,437,0,0,3045,2630,17,61,338,0,0,3258,2455,159,97,490,46,7,3444,3149,71,38,184,2,0,3632,3347,138,90,43,14,0,2319,2215,40,33,17,10,2,2210,2165,4,22,19,0,0,2240,2165,15,38,19,0,0,2542,2046,95,58,289,39,7,2542,2046,95,39,282,7,5,6,62,2463,2343,70,20,17,3,0,2840,2605,134,70,12,8,0,0,1539,609,910,1442,527,915,1563,513,935,1561,582,884,1555,630,878,1493,460,1033,1362,558,752,1554,602,899,1658,658,957,1676,519,916,1655,670,985,0.0,18,18097,,,
879,18097381101,3811.01,-86.1589835,39.6714931,5453658.0,5453658.0,0.0,5328,4857,187,128,135,29,7,5883,5004,196,312,348,0,0,5597,4432,237,308,548,0,0,5939,4190,264,300,1062,77,22,5533,4293,498,255,382,0,1,5782,4423,411,98,735,0,2,4298,3987,111,84,101,24,4,4215,3685,130,170,220,0,0,4055,3490,160,155,245,0,0,4660,3517,168,215,657,64,19,4660,3517,168,183,619,0,8,25,140,4000,3486,187,147,185,0,0,4040,3635,155,40,215,0,0,4,2724,1080,1612,2678,962,1716,2780,1033,1551,2765,1066,1553,2766,1186,1498,2688,929,1759,2341,1044,1212,2712,1144,1476,2819,1273,1490,2841,933,1600,2825,1253,1572,0.0,18,18097,,,
880,18097381102,3811.02,-86.159408,39.6577277,4975384.0,4975384.0,0.0,5880,5304,178,153,222,38,11,5808,4555,183,44,912,0,0,6412,4384,165,51,1812,0,0,7356,4182,320,288,2413,140,20,6872,4191,435,158,2088,0,0,7315,4375,457,344,2154,38,0,4532,4165,106,86,147,19,5,4185,3915,60,45,165,0,0,4370,3710,0,50,615,0,0,5320,3425,206,171,1383,109,19,5320,3425,206,146,1354,7,6,16,160,4382,3543,0,49,778,0,0,4640,3540,55,150,885,35,0,0,2692,1144,1519,2460,913,1547,2508,824,1550,2505,919,1445,2496,991,1424,2425,773,1652,2038,851,1115,2511,954,1479,2772,1053,1660,2787,811,1588,2759,1092,1667,0.0,18,18097,,,
881,18051050501,505.01,-87.5482947,38.3486676,9360886.0,9235449.0,125437.0,3355,2989,93,242,15,25,2,3442,3110,70,253,0,0,0,3380,3086,17,277,0,0,0,3325,2838,89,263,32,76,7,3434,3175,0,256,0,3,0,3346,2759,181,392,4,10,0,2497,2290,47,137,10,12,1,2660,2480,25,154,0,0,0,2665,2475,15,174,0,0,0,2537,2228,57,150,21,59,6,2537,2228,57,109,18,6,6,9,104,2723,2553,0,167,0,3,0,2450,2255,10,175,4,8,0,0,1360,622,703,1291,482,809,1298,377,856,1295,516,701,1300,552,718,1254,396,858,1002,363,589,1241,458,748,1283,371,885,1286,286,869,1276,540,736,0.0,18,18051,,,
882,18081610802,6108.02,-86.0904206,39.5142138,36589410.0,36589410.0,0.0,6811,6326,188,175,96,52,9,7670,7003,296,207,117,46,0,7836,7125,264,227,163,56,0,7591,6549,317,328,162,184,15,8015,7572,81,210,72,80,0,7868,7035,144,328,210,92,0,4829,4533,101,97,63,39,5,5570,5223,170,29,101,47,0,5652,5238,175,44,139,57,0,5554,4941,183,162,110,120,12,5554,4941,183,115,77,16,5,20,197,5766,5508,30,64,72,81,0,5360,4970,39,150,105,95,0,0,2350,991,1325,2298,780,1518,2661,636,1825,2649,801,1649,2630,859,1664,2570,637,1933,1956,637,1227,2703,790,1803,3250,942,2222,3236,688,1937,3115,878,2237,0.0,18,18081,,,
883,18081610801,6108.01,-86.16239,39.4695862,138473551.0,138392644.0,80907.0,6382,6110,103,81,57,35,2,6589,6372,56,78,14,20,10,6889,6534,62,162,15,16,45,6873,6301,177,150,83,134,6,7047,6521,75,200,123,0,79,6816,6034,85,406,215,0,25,4754,4566,70,62,36,29,2,4746,4650,0,46,15,20,0,4998,4870,0,65,15,15,0,5259,4895,97,88,59,100,5,5259,4895,97,71,42,6,0,16,132,5277,5019,0,81,125,0,0,5280,4900,0,205,160,0,0,14,2690,1013,1640,2635,766,1869,3034,658,2179,3031,828,2045,3032,972,1963,2943,620,2323,2458,746,1624,3072,849,2124,3534,982,2473,3527,680,2237,3398,923,2475,0.0,18,18081,,,
884,18089012800,128,-87.3494713,41.599512,1185506.0,1185506.0,0.0,2326,35,182,2130,12,28,0,2622,121,210,2411,11,83,0,2718,126,240,2502,9,89,0,2011,58,150,1818,7,21,6,2707,80,189,2513,0,23,0,2120,69,115,1956,0,69,0,1635,35,114,1489,5,17,0,1740,120,145,1460,10,0,0,1775,130,165,1480,10,0,0,1398,51,97,1260,1,15,0,1398,51,97,1206,1,2,0,8,33,1609,83,122,1403,0,0,0,1375,69,85,1205,0,40,0,0,1425,1376,35,965,962,3,802,761,27,794,750,32,792,763,26,791,763,28,588,560,17,713,684,22,678,635,35,674,622,42,674,641,33,0.0,18,18089,,,
885,18081610403,6104.03,-86.1204294,39.5936104,4287061.0,4287061.0,0.0,5228,4638,272,173,110,40,8,6030,5049,306,564,111,11,0,5816,4998,447,241,104,11,0,6096,4950,363,362,249,137,16,5694,4929,405,169,135,0,0,5941,4618,421,306,353,110,0,3614,3288,147,84,74,24,5,3766,3433,77,191,69,0,0,3658,3353,127,119,59,0,0,4320,3625,219,182,166,95,8,4320,3625,219,141,134,9,8,12,172,3605,3251,156,97,106,0,0,4050,3450,125,240,170,55,0,0,1513,670,825,1403,508,895,1851,515,1193,1830,595,1098,1826,660,1087,1793,507,1286,1212,449,714,1772,606,1094,2021,726,1247,2005,562,1074,1926,703,1223,0.0,18,18081,,,
886,18081610605,6106.05,-86.1546537,39.6073711,5585166.0,5585166.0,0.0,5511,5034,151,119,193,21,5,5369,4724,266,90,252,0,0,5288,4481,292,154,313,0,0,6067,5069,265,339,248,122,4,5718,5001,261,167,211,0,0,6508,5365,292,236,446,52,0,4072,3774,91,58,132,16,3,3928,3606,146,15,165,0,0,3960,3535,155,45,215,0,0,4707,4096,165,182,162,85,1,4707,4096,165,158,135,8,0,6,139,4499,4146,153,56,141,0,0,5080,4450,230,149,230,25,0,0,2388,944,1426,2380,750,1630,2678,728,1759,2670,816,1706,2653,885,1675,2587,666,1921,2076,737,1273,2636,860,1686,2941,1051,1832,2943,769,1742,2844,960,1884,0.0,18,18081,,,
887,18097340102,3401.02,-86.2960522,39.7698458,2451926.0,2451926.0,0.0,4093,2079,324,1660,57,14,6,3633,1494,711,1372,43,61,0,3725,1710,761,1050,46,114,0,4666,1494,463,2625,50,69,2,3560,1629,385,1332,35,160,0,3550,1699,708,1054,103,10,0,2998,1846,182,928,46,11,5,2555,1420,200,900,19,10,0,2590,1595,230,685,30,45,0,3371,1374,309,1619,45,39,2,3371,1374,309,1536,38,4,0,4,106,2522,1524,164,727,34,45,0,2325,1495,285,480,40,10,0,0,1539,881,642,1349,768,581,1101,605,441,1099,620,401,1090,656,399,1073,559,514,931,553,340,1077,636,405,1134,697,418,1137,593,449,1131,686,445,0.0,18,18097,,,
888,18097381203,3812.03,-86.1283215,39.6466791,1531564.0,1531564.0,0.0,2920,1835,424,347,305,32,3,3199,1679,372,371,809,5,0,3142,1380,424,408,965,18,0,3101,1131,504,590,836,38,11,3051,1314,220,446,1057,22,0,3198,1318,323,625,934,25,0,2014,1385,252,169,193,19,1,1540,1245,20,155,120,4,0,1270,935,35,145,145,10,0,1978,876,269,313,488,24,7,1978,876,269,283,471,0,0,15,64,1353,870,29,225,211,16,0,1505,985,15,180,314,10,0,0,690,385,296,621,314,307,603,250,307,601,265,285,599,297,273,583,246,337,449,203,224,591,264,301,658,288,351,662,231,360,656,294,362,0.0,18,18097,,,
889,18097381204,3812.04,-86.1234966,39.6388677,2013405.0,2010733.0,2672.0,3100,2419,285,139,238,27,1,3141,2256,30,208,529,47,0,3014,2157,36,245,447,48,5,3539,2093,343,339,695,63,2,3085,1896,0,586,503,32,5,3156,1779,18,678,624,0,7,2582,2128,184,83,170,20,1,2140,1960,4,115,20,44,0,2205,1980,10,140,20,50,0,2815,1872,219,218,448,37,1,2815,1872,219,191,434,3,0,23,73,2280,1732,0,504,16,30,0,2205,1580,4,589,35,0,0,0,1039,472,550,997,429,568,1077,405,605,1074,454,547,1070,466,564,1035,379,656,854,378,439,1035,438,555,1065,458,581,1066,366,594,1057,457,600,0.0,18,18097,,,
890,18097381205,3812.05,-86.0999825,39.643833,4406298.0,4387072.0,19226.0,5878,4717,450,397,275,59,3,6723,3708,925,696,1441,149,0,6684,4388,279,614,1452,59,0,7687,4539,519,567,1941,101,32,6247,3953,213,851,1308,56,0,7163,4197,561,893,1403,134,9,4181,3546,243,185,174,41,2,3695,2985,165,255,115,150,0,4175,3390,115,430,165,64,0,5570,3659,340,356,1130,71,22,5570,3659,340,297,1102,3,14,13,142,3958,3105,147,492,148,56,0,4775,3260,210,580,610,100,10,0,2039,1000,1010,1822,778,1044,2009,662,1186,1988,751,1093,1980,828,1062,1917,673,1244,1702,708,918,2076,830,1161,2414,1012,1358,2412,798,1303,2400,1026,1374,0.0,18,18097,,,
891,18163010702,107.02,-87.5571446,38.115719,67248361.0,66871895.0,376466.0,5283,5085,52,62,72,16,2,5417,5163,22,71,115,46,0,5118,4919,41,46,75,37,0,6099,5661,74,134,116,96,4,5319,5024,79,55,140,21,0,5736,5540,75,27,84,5,0,3946,3841,20,37,37,11,1,3860,3780,0,15,29,40,0,3850,3750,15,10,39,35,0,4589,4352,29,72,49,71,2,4589,4352,29,48,40,4,0,7,109,4367,4223,27,9,84,21,0,4710,4595,15,14,84,4,0,0,2878,941,1910,2937,807,2130,3135,761,2218,3122,938,2081,3117,949,2111,2998,724,2274,2745,883,1800,3223,998,2153,3612,1057,2493,3621,758,2706,3602,1388,2214,0.0,18,18163,,,
892,18163010406,104.06,-87.6511707,37.8924491,99516371.0,95915367.0,3601004.0,1976,1855,23,65,25,10,2,2216,2162,1,0,16,37,0,2369,2291,0,39,0,39,0,1972,1893,11,26,6,23,1,2229,2209,0,20,0,0,0,2006,1960,0,45,0,1,0,1717,1613,18,62,17,9,1,1820,1785,4,0,0,35,0,1960,1885,0,40,0,40,0,1581,1529,10,18,5,20,0,1581,1529,10,16,3,2,0,0,21,1833,1813,0,20,0,0,0,1675,1630,0,45,0,4,0,0,986,456,517,791,290,501,776,233,502,763,282,434,762,298,442,725,218,507,686,259,403,767,275,470,835,261,561,836,181,608,833,353,480,36331.90337508776,18,18163,,,
893,18163010501,105.01,-87.6293679,38.0543186,34229959.0,33778084.0,451875.0,3588,3497,27,21,30,15,4,4038,3984,54,0,0,0,0,3919,3864,55,8,0,0,0,3382,3182,47,27,30,58,2,4302,4208,94,18,0,0,0,3967,3880,48,23,0,6,0,2775,2727,12,11,12,12,3,3080,3065,15,0,0,0,0,3040,3025,15,0,0,0,0,2699,2568,35,13,25,39,2,2699,2568,35,12,13,0,0,2,69,2907,2895,15,0,0,0,0,3025,2995,25,0,0,4,0,0,1924,818,1081,1834,661,1173,1830,485,1249,1820,623,1116,1805,648,1118,1738,473,1265,1499,524,935,1818,616,1154,1986,595,1361,1980,430,1465,1973,828,1145,0.0,18,18163,,,
894,18163010101,101.01,-87.4694345,37.9860399,8085650.0,7869770.0,215880.0,2643,1958,143,431,105,15,7,2326,1697,89,386,102,65,20,2272,1771,77,435,0,0,0,3032,1868,162,704,221,78,25,2707,2275,114,350,0,0,0,2904,2076,132,618,87,0,0,1959,1563,89,219,83,8,3,1820,1385,50,320,0,65,0,1865,1440,40,385,0,0,0,2355,1577,100,438,157,62,14,2355,1577,100,383,149,19,13,17,97,1972,1672,41,262,0,0,0,2180,1670,70,440,0,0,0,0,704,404,293,56,28,28,774,366,359,759,366,350,758,380,351,735,356,379,515,282,218,755,410,321,860,511,338,858,440,382,855,550,305,0.0,18,18163,,,
895,18163010405,104.05,-87.6575232,37.9601361,7230512.0,7161070.0,69442.0,4502,4122,69,212,94,15,7,4329,3898,49,280,102,28,0,4207,3789,73,232,118,25,0,4141,3528,151,288,128,47,12,4272,3896,101,207,77,10,0,3840,3609,66,111,57,16,0,4154,3806,62,195,79,15,6,3850,3550,30,205,35,25,0,3710,3440,50,149,40,19,0,3868,3296,140,275,115,38,12,3868,3296,140,225,92,1,10,3,101,3801,3562,51,150,33,8,0,3445,3275,29,85,45,12,0,0,1553,818,722,1166,463,703,1099,431,582,1085,501,523,1078,511,533,1036,426,610,929,438,460,1081,497,549,1171,503,652,1163,388,733,1162,592,570,0.0,18,18163,,,
896,18163010102,101.02,-87.4703684,38.0134187,14948045.0,14800965.0,147080.0,3492,2916,88,352,111,13,6,3672,3092,59,463,74,0,0,3849,3140,48,552,122,0,0,4245,3239,210,549,155,93,5,3565,3148,70,199,167,0,0,3656,3076,148,337,95,124,0,2834,2483,60,195,82,13,5,2865,2505,39,305,15,0,0,2990,2650,29,285,20,0,0,3492,2830,135,334,119,82,5,3492,2830,135,294,97,4,0,8,124,3034,2770,32,180,44,0,0,2985,2825,25,135,0,0,0,0,1368,690,659,328,149,179,1593,598,905,1575,705,777,1568,665,860,1518,575,943,1295,620,640,1602,721,835,1824,823,961,1817,627,1131,1816,930,886,0.0,18,18163,,,
897,18163010205,102.05,-87.593703,38.0437717,7916245.0,7869439.0,46806.0,3457,3247,88,63,25,19,9,2953,2858,0,95,0,0,0,2977,2746,40,191,0,10,0,3459,3090,85,120,32,108,18,2649,2460,38,151,0,10,0,2670,2445,52,162,0,13,11,2576,2453,53,31,18,13,6,2280,2230,0,50,0,0,0,2290,2080,40,170,0,10,0,2611,2365,61,73,28,65,5,2611,2365,61,38,13,0,2,13,119,2128,1939,40,153,0,11,0,2175,1950,50,165,0,15,0,10,1244,595,635,1004,415,589,1036,341,649,1026,405,571,1026,399,604,992,334,658,760,309,426,1032,400,607,1178,402,758,1178,309,805,1174,538,636,0.0,18,18163,,,
898,18163010701,107.01,-87.4975214,38.124886,40997874.0,40504030.0,493844.0,3245,3072,26,47,77,15,5,3461,3048,0,226,183,0,16,3800,3403,0,272,134,0,0,4150,3788,73,110,88,48,12,3672,3516,0,126,29,9,0,4456,4208,113,30,0,39,0,2431,2336,15,22,42,11,4,2430,2240,0,160,15,0,0,2550,2370,0,170,10,0,0,2996,2790,42,63,45,32,10,2996,2790,42,47,30,3,7,2,75,2581,2474,0,94,10,9,0,2990,2905,35,10,0,40,0,0,1614,621,979,1712,539,1173,1816,485,1228,1798,617,1123,1787,626,1123,1718,485,1233,1523,576,918,1863,647,1172,2133,686,1400,2129,529,1479,2127,888,1239,0.0,18,18163,,,
899,18163000203,2.03,-87.5103797,38.0085022,4130392.0,3950065.0,180327.0,3009,2651,99,171,69,11,3,3364,2840,164,280,80,0,0,3339,2874,100,233,132,0,0,2985,2449,162,210,85,87,6,3128,2503,123,353,149,0,0,2864,2424,1,324,115,0,0,2290,2088,52,100,44,6,1,2505,2260,75,145,30,0,0,2470,2290,45,90,45,0,0,2311,1975,82,132,55,66,4,2311,1975,82,116,46,2,2,0,88,2425,2031,47,300,50,0,0,2260,1980,4,255,24,0,0,0,1457,607,835,1419,523,896,1546,530,933,1535,599,875,1471,572,873,1413,441,972,1197,492,675,1445,583,826,1471,599,855,1462,438,971,1463,709,754,0.0,18,18163,,,
900,18163010800,108,-87.5987151,37.9910104,5989833.0,5893905.0,95928.0,3464,3299,42,74,15,28,0,4049,3770,74,190,10,15,0,4000,3692,31,259,13,18,0,3357,2978,93,162,25,68,4,3940,3565,24,234,0,117,0,3742,3345,0,158,118,75,0,2732,2627,23,48,9,22,0,3340,3110,69,140,0,14,0,3320,3090,24,180,0,14,0,2716,2476,45,99,19,46,4,2716,2476,45,79,17,5,1,5,88,3285,3031,19,187,0,55,0,3095,2880,0,79,110,23,0,0,1512,829,650,1245,570,675,1279,499,686,1270,584,589,1263,593,620,1219,514,705,1004,487,465,1262,596,618,1392,633,734,1389,510,791,1381,783,598,1832.6371819268497,18,18163,,,
901,18163003805,38.05,-87.4815001,37.934515,8688549.0,8530250.0,158299.0,5899,4809,126,861,77,31,1,6098,4923,308,818,0,0,0,5903,4626,254,963,16,0,0,6597,4870,275,1144,123,109,64,6241,4719,126,1261,10,77,0,7011,4853,75,1664,40,41,86,4548,3868,71,543,55,19,1,4702,3868,165,664,0,0,0,4677,3833,130,699,15,0,0,5107,3969,171,750,90,83,31,5107,3969,171,666,65,18,29,16,173,4863,3963,75,751,11,75,0,5345,4165,33,1020,40,40,50,0,2737,1401,1301,2613,1250,1363,2746,1216,1374,2729,1316,1273,2724,1296,1366,2635,1149,1486,2192,1114,1013,2689,1335,1282,2882,1445,1386,2876,1166,1601,2872,1607,1265,1323.4562926705678,18,18163,,,
902,18163010208,102.08,-87.4863929,38.0535106,17189414.0,17045153.0,144261.0,4328,3938,59,155,155,17,10,5232,4206,174,152,680,0,0,5412,4544,143,179,519,0,0,5344,4639,109,232,287,62,4,4957,4275,40,99,516,0,0,4781,4367,91,41,261,0,0,3206,2962,35,99,98,12,4,4099,3279,85,145,590,0,0,4094,3459,60,150,415,0,0,4026,3547,69,148,192,51,2,4026,3547,69,124,173,6,0,4,103,3786,3309,31,84,363,0,0,3555,3425,35,15,80,0,0,0,2337,912,1412,2304,768,1536,2711,885,1665,2698,976,1601,2693,1006,1629,2583,805,1778,2384,968,1367,2761,1068,1626,3060,1175,1845,3048,812,2102,3046,1409,1637,0.0,18,18163,,,
903,18163010206,102.06,-87.5597281,38.049572,8121996.0,8088475.0,33521.0,5632,5377,58,90,86,14,4,5984,5931,9,22,22,0,0,5856,5819,0,17,19,0,0,5508,5084,71,167,97,65,5,6278,6256,0,8,13,1,0,6407,5850,215,290,34,18,0,4255,4102,33,52,58,11,1,4485,4435,10,20,20,0,0,4400,4360,0,15,20,0,0,4272,4024,45,78,63,53,2,4272,4024,45,64,54,3,0,0,82,4833,4809,0,10,14,4,0,4855,4600,65,175,4,20,0,0,3116,1234,1853,3021,980,2041,3089,976,1953,3074,1135,1803,3060,1142,1860,2938,891,2047,2526,973,1475,3034,1149,1805,3244,1234,1969,3235,868,2247,3223,1444,1779,0.0,18,18163,,,
904,18163010204,102.04,-87.5506846,38.0702979,20111200.0,19654878.0,456322.0,5970,5532,93,134,177,31,6,6270,5681,173,126,186,74,18,6480,5781,228,147,216,86,8,6798,6070,125,179,265,105,5,6954,6202,301,107,296,27,21,7253,6577,364,78,209,25,0,4315,4071,53,71,99,17,4,4440,4135,100,80,30,75,0,4555,4225,120,90,25,85,0,4976,4570,66,86,145,69,3,4976,4570,66,62,114,2,3,18,141,4815,4537,143,62,18,24,0,5230,4820,220,80,105,0,0,0,3102,1101,1982,3224,923,2301,3441,985,2268,3410,1124,2159,3392,1127,2211,3271,872,2399,2903,1020,1795,3522,1232,2205,4024,1431,2533,4017,1005,2866,3995,1733,2262,0.0,18,18163,,,
905,18163010207,102.07,-87.5241566,38.0192189,8736155.0,8689102.0,47053.0,3185,2950,52,133,32,20,0,3059,2844,30,185,0,0,0,3106,2934,5,165,0,0,0,3298,2954,59,153,52,63,1,3070,2921,20,128,1,0,0,3275,2788,27,282,178,0,0,2455,2292,30,102,22,12,0,2409,2324,20,65,0,0,0,2394,2324,4,65,0,0,0,2581,2339,44,94,45,49,0,2581,2339,44,68,30,7,0,5,88,2354,2310,2,40,4,0,0,2355,2205,15,85,50,0,0,0,1692,692,984,1525,525,1000,1540,472,979,1520,556,896,1513,557,929,1441,447,994,1230,477,713,1521,578,906,1671,626,1011,1664,471,1087,1661,773,888,0.0,18,18163,,,
906,18163000204,2.04,-87.5042335,38.0065132,4029940.0,3939630.0,90310.0,4715,3926,246,331,198,20,10,4083,3874,10,104,56,39,0,4172,3719,70,256,71,56,0,4822,3779,281,452,204,93,19,4362,3652,379,224,71,36,0,4503,3493,506,267,205,17,15,3892,3322,178,229,149,18,7,3570,3395,10,95,35,40,0,3590,3215,19,245,50,55,0,4015,3237,205,321,167,72,9,4015,3237,205,275,154,10,9,17,108,3468,3172,13,198,50,35,0,3380,2950,75,265,65,19,15,0,2002,1009,981,1885,849,1036,2081,824,1141,2074,951,1015,2070,900,1115,1989,777,1212,1656,796,811,2039,937,1041,2167,990,1138,2156,785,1290,2157,1159,998,0.0,18,18163,,,
907,18163000205,2.05,-87.5213532,37.9856713,3437433.0,3427374.0,10059.0,2218,1980,51,157,11,13,5,2216,1977,20,145,37,27,9,2112,1943,15,86,40,25,0,2135,1808,64,191,31,38,2,2053,1821,7,104,63,0,0,1865,1597,29,133,36,6,0,1776,1635,28,87,7,7,2,1775,1640,18,55,18,30,10,1740,1640,12,39,24,25,0,1711,1499,41,113,24,26,2,1711,1499,41,99,13,3,1,2,53,1711,1616,10,61,30,0,0,1570,1460,24,68,8,4,0,0,909,492,409,789,393,396,838,352,439,827,406,364,824,396,408,789,341,448,673,335,309,813,402,387,873,416,443,870,343,466,872,493,379,0.0,18,18163,,,
908,18163980300,9803,-87.4625718,37.941298,2376331.0,2376331.0,0.0,4,3,0,0,0,0,0,4,3,0,1,0,0,0,5,3,0,2,0,0,0,0,0,0,0,0,0,0,0,0,0,0,0,0,0,0,0,0,0,0,0,0,3,3,0,0,0,0,0,3,2,0,1,0,0,0,3,2,0,1,0,0,0,0,0,0,0,0,0,0,0,0,0,0,0,0,0,0,0,0,0,0,0,0,0,0,0,0,0,0,0,0,0,0,0,0,0,0,0,0,2,1,1,2,1,1,2,1,1,2,1,1,2,1,1,2,1,1,0,0,0,0,0,0,0,0,0,1951.3462072636416,18,18163,,,
909,18163980500,9805,-87.4972282,37.9839296,1304794.0,1304794.0,0.0,1,1,0,0,0,0,0,1,1,0,0,0,0,0,1,1,0,0,0,0,0,2,2,0,0,0,0,0,5,5,0,0,0,0,0,14,14,0,0,0,0,0,1,1,0,0,0,0,0,1,1,0,0,0,0,0,1,1,0,0,0,0,0,2,2,0,0,0,0,0,2,2,0,0,0,0,0,0,0,4,4,0,0,0,0,0,4,4,0,0,0,0,0,0,1,0,0,0,0,0,0,0,0,0,0,0,0,0,0,0,0,0,0,0,0,0,0,0,0,0,0,0,0,0,0,0,0,0.0,18,18163,,,
910,18163001101,11.01,-87.5591718,37.9528886,2342958.0,2315002.0,27956.0,2468,967,49,1443,18,28,9,2488,1405,198,885,0,28,20,2532,1525,235,772,0,25,16,2429,974,122,1204,11,88,44,2561,1692,32,815,0,47,11,2566,1420,22,1099,0,65,0,1695,780,20,881,10,15,4,1790,1130,35,600,0,0,0,1960,1325,30,585,0,0,0,1712,777,54,781,9,61,30,1712,777,54,745,6,9,25,13,83,2104,1413,14,662,0,5,0,1855,1200,0,630,0,39,0,0,963,820,130,756,644,112,717,542,143,702,542,132,708,543,145,700,548,152,517,411,88,675,533,124,696,558,130,700,513,166,703,585,118,0.0,18,18163,,,
911,18163010502,105.02,-87.6666984,38.0435707,40455023.0,40180812.0,274211.0,3853,3752,33,35,28,10,4,3738,3608,32,68,30,0,0,3904,3703,36,77,28,60,0,3785,3606,45,52,23,43,5,3556,3403,25,100,13,14,0,3261,3184,0,52,6,17,0,2974,2931,20,9,9,8,1,2825,2765,30,0,30,0,0,2825,2765,35,0,30,0,0,2952,2848,19,19,20,31,3,2952,2848,19,15,7,4,0,0,59,2695,2660,24,0,14,0,0,2425,2420,0,0,0,8,0,0,2044,834,1192,1970,677,1293,2042,557,1373,2035,690,1261,2024,718,1266,1924,537,1387,1717,655,1022,2028,710,1270,2195,703,1471,2183,495,1596,2177,942,1235,0.0,18,18163,,,
912,18163980200,9802,-87.5292118,38.0420314,5235591.0,5227273.0,8318.0,2,2,0,0,0,0,0,2,2,0,0,0,0,0,2,2,0,0,0,0,0,0,0,0,0,0,0,0,0,0,0,0,0,0,0,0,0,0,0,0,0,0,2,2,0,0,0,0,0,2,2,0,0,0,0,0,2,2,0,0,0,0,0,0,0,0,0,0,0,0,0,0,0,0,0,0,0,0,0,0,0,0,0,0,0,0,0,0,0,0,0,0,0,0,0,0,0,0,0,0,1,0,1,0,0,0,0,0,0,0,0,0,0,0,0,0,0,0,0,0,0,0,0,0,0,0,0,0.0,18,18163,,,
913,18023950400,9504,-86.5762758,40.2354491,290408985.0,290272076.0,136909.0,4106,3873,156,21,14,33,1,3913,3681,188,25,0,17,0,4056,3824,188,35,0,7,0,4191,3812,277,18,14,63,7,4140,3903,183,32,0,6,0,4446,4175,167,96,11,8,0,3102,2963,92,9,10,23,0,2997,2945,47,0,0,4,0,3208,3145,58,0,0,0,0,3239,2992,164,14,9,45,6,3239,2992,164,7,3,7,0,0,66,3254,3221,34,4,0,0,0,3420,3360,50,4,10,0,0,0,1850,697,1104,1452,414,1038,1828,351,1382,1775,473,1189,1769,556,1153,1729,332,1397,1457,360,1025,1807,436,1318,2045,415,1598,2028,310,1274,2008,454,1554,0.0,18,18023,,,
914,18023950100,9501,-86.3279517,40.279705,299767452.0,299731468.0,35984.0,3128,3060,40,11,9,9,0,2972,2831,69,27,23,24,26,2882,2677,110,38,23,37,20,2923,2739,65,11,14,67,5,3060,2847,81,31,34,72,11,2867,2712,118,0,20,12,0,2328,2290,16,7,9,6,0,2279,2177,50,4,14,24,0,2200,2071,63,10,19,35,0,2269,2142,40,7,11,53,4,2269,2142,40,2,5,8,1,0,71,2321,2152,44,20,24,74,0,2080,2020,35,0,14,10,0,0,1440,575,800,1231,377,854,1400,288,1038,1402,412,910,1394,487,858,1356,291,1065,1075,315,713,1353,343,967,1499,312,1167,1497,231,906,1477,362,1115,0.0,18,18023,,,
915,18023950200,9502,-86.4592057,40.3554672,300240872.0,299952648.0,288224.0,5767,5399,316,17,17,20,4,5528,4816,639,14,33,29,0,5816,4781,969,16,51,0,0,5548,4791,550,65,20,101,8,5733,4648,1026,13,22,0,0,5778,4862,820,34,18,17,3,4249,4051,169,6,11,16,3,3901,3677,171,6,35,19,0,3983,3677,255,4,50,0,0,4231,3770,321,29,7,83,4,4231,3770,321,18,0,4,0,4,114,3772,3491,254,4,20,0,0,3770,3575,159,4,20,19,0,4,2580,1032,1502,2007,594,1413,2624,523,1978,2589,746,1689,2578,874,1624,2492,512,1980,2038,560,1382,2521,653,1797,2732,618,2062,2733,419,1791,2698,634,2064,0.0,18,18023,,,
916,18023950500,9505,-86.5278633,40.2898944,4553290.0,4553290.0,0.0,4744,3471,1204,43,11,43,4,4715,2964,1611,148,36,22,17,4247,2727,1377,129,27,0,28,4826,2896,1771,74,23,85,4,4180,2955,1041,129,30,0,0,4191,3105,900,119,9,33,0,3397,2685,675,17,6,25,2,2570,2190,298,19,25,20,15,2275,1990,209,25,20,0,30,3439,2171,1167,36,16,59,3,3439,2171,1167,26,7,11,1,0,56,2432,2157,205,55,25,0,0,2675,2490,125,20,10,30,0,0,1277,653,603,897,400,497,1089,320,700,1038,378,579,1038,402,590,1012,284,728,721,243,430,1009,337,629,1117,348,740,1106,248,661,1085,337,748,0.0,18,18023,,,
917,18023950300,9503,-86.628892,40.3730942,144438239.0,144438239.0,0.0,5109,4984,58,24,19,27,3,5244,5080,107,16,19,10,5,5336,5186,78,15,25,16,8,5116,4737,154,51,26,100,15,5327,5107,70,58,21,49,22,5305,5015,147,38,48,57,0,3868,3786,38,12,15,22,3,3932,3850,45,14,10,14,4,3975,3888,30,14,19,19,4,3820,3580,95,36,9,77,8,3820,3580,95,21,9,1,0,10,104,3961,3807,24,58,18,50,3,3825,3690,47,23,12,44,0,0,2187,855,1290,1816,589,1227,2176,487,1566,2134,659,1335,2126,702,1336,2064,481,1583,1761,529,1142,2175,607,1488,2448,633,1767,2445,455,1537,2410,651,1759,0.0,18,18023,,,
918,18133956402,9564.02,-86.7658939,39.6946857,188660763.0,188535215.0,125548.0,4051,3918,52,29,24,30,0,4079,4005,37,15,22,0,16,4276,4192,16,28,40,0,29,3938,3654,76,30,27,123,3,3601,3557,13,22,8,1,7,4036,3587,168,24,234,19,0,3016,2932,34,14,14,19,0,3215,3160,25,15,4,0,0,3410,3345,4,29,10,0,0,3043,2867,42,6,15,89,3,3043,2867,42,2,10,10,1,3,108,2979,2935,11,19,2,0,0,2930,2810,60,8,25,18,0,0,1817,694,1078,1694,486,1208,1812,301,1422,1790,423,1283,1793,514,1228,1744,292,1452,1386,325,1002,1798,387,1359,2060,377,1643,2054,266,1207,2010,408,1602,0.0,18,18133,,,
919,18133956401,9564.01,-86.7120584,39.7224279,25626610.0,24316743.0,1309867.0,3106,2989,50,36,15,18,2,3213,3200,0,0,0,13,0,2902,2883,0,0,0,19,0,3226,3029,52,30,22,68,10,3183,3175,0,0,0,8,0,3008,2980,0,0,0,16,0,2315,2257,28,11,10,11,1,2690,2675,0,0,0,15,0,2365,2345,0,0,0,20,0,2539,2395,26,18,13,57,6,2539,2395,26,12,2,3,3,10,88,2540,2537,0,0,0,9,0,2400,2380,0,0,0,15,0,0,1310,477,811,1294,353,941,1446,293,1091,1422,348,1010,1428,437,961,1402,278,1124,1211,307,855,1518,360,1113,1813,379,1384,1802,263,1077,1779,400,1379,0.0,18,18133,,,
920,18133956302,9563.02,-86.8186169,39.6699388,19302422.0,19279614.0,22808.0,2257,2072,26,31,111,12,7,2178,1876,42,6,260,0,0,2129,1906,34,4,189,0,0,2327,2128,39,47,68,39,4,2379,2124,0,0,242,13,0,1947,1921,0,0,18,8,0,1730,1610,18,23,75,6,2,1670,1570,40,0,60,0,0,1590,1580,10,0,0,0,0,1829,1684,23,29,51,38,4,1829,1684,23,17,51,8,0,1,45,1754,1746,0,0,0,15,0,1550,1545,0,0,0,10,0,0,1087,512,564,1045,411,634,1075,371,638,1079,452,580,1067,490,546,1023,319,704,915,387,501,1079,438,609,1163,462,677,1165,337,643,1149,442,707,0.0,18,18133,,,
921,18095011501,115.01,-85.7433056,40.0246897,47245783.0,46686370.0,559413.0,4858,4636,47,94,41,31,2,4939,4678,69,125,20,37,0,5092,4789,74,127,38,56,0,5598,4960,119,362,34,87,3,5803,5157,94,473,44,65,4,6001,5443,73,432,56,25,3,3606,3452,32,71,28,21,0,3669,3554,36,56,15,0,0,3706,3592,47,21,35,1,0,4502,3986,82,312,26,60,3,4502,3986,82,296,19,5,0,19,95,4670,4169,57,361,44,34,0,4600,4180,55,303,50,14,0,4,2656,1095,1531,2336,823,1513,2573,679,1736,2556,860,1558,2541,955,1509,2441,657,1784,2147,760,1267,2520,837,1595,2673,872,1749,2677,550,1692,2633,887,1746,0.0,18,18095,,,
922,18095011502,115.02,-85.7232654,39.9679954,55643961.0,55595730.0,48231.0,3973,3285,89,562,26,17,1,4093,3816,84,109,33,56,0,4131,3833,101,99,35,63,0,4261,3837,114,125,53,85,2,4157,3911,117,82,35,14,0,4293,3940,227,21,0,8,0,3234,2616,71,516,20,14,1,2942,2793,24,49,35,34,0,2980,2843,24,38,35,48,0,3190,2949,56,44,36,66,2,3190,2949,56,35,29,11,2,7,101,3227,3119,24,39,34,2,0,3270,3195,59,15,0,4,0,0,1617,669,932,1405,494,911,1579,441,1034,1566,540,936,1563,590,921,1502,414,1088,1293,459,761,1534,526,950,1606,550,1019,1604,338,978,1574,553,1021,0.0,18,18095,,,
923,18023950600,9506,-86.4993183,40.2911411,4423489.0,4423489.0,0.0,3457,2607,783,43,24,29,8,3241,2786,370,40,17,45,0,3409,2860,443,53,9,53,0,3614,2414,1050,67,17,73,4,3393,2481,912,227,7,0,0,3663,2316,1313,296,10,0,0,2435,1973,427,10,12,16,0,2340,2060,185,40,0,45,0,2375,2110,160,55,0,55,0,2563,1860,609,30,13,49,4,2563,1860,609,22,5,7,0,8,52,2168,1997,170,0,0,0,0,2225,2005,200,20,0,0,0,0,1044,543,485,701,316,385,943,278,608,914,344,507,895,361,497,884,267,617,681,239,401,922,320,567,1065,348,700,1060,248,620,1046,355,691,0.0,18,18023,,,
924,18023950700,9507,-86.4983673,40.2721275,3420743.0,3420743.0,0.0,3038,2629,366,25,12,12,0,3142,2660,474,7,0,0,0,3001,2516,485,0,0,0,0,3402,2588,683,55,25,64,6,2988,2544,440,0,1,3,0,3259,2581,609,0,12,25,0,2355,2114,212,12,7,6,0,2311,2117,184,8,0,0,0,2187,2006,183,0,0,0,0,2553,2097,372,25,18,31,6,2553,2097,372,21,11,7,4,0,41,2119,1962,166,0,4,12,0,2175,1965,205,0,4,8,0,0,1412,580,812,1032,363,669,1263,340,867,1238,422,752,1244,469,736,1209,299,910,1016,328,629,1230,394,797,1326,420,872,1326,289,823,1312,398,914,0.0,18,18023,,,
925,18023950800,9508,-86.5180625,40.2764735,2327241.0,2327241.0,0.0,3875,2326,1472,45,18,39,5,3546,1853,1570,214,23,5,0,3515,1927,1468,105,25,5,0,3570,1831,1592,70,28,118,1,3365,1847,1421,63,39,8,0,3511,1834,1537,135,59,1,6,2641,1771,825,28,10,29,3,1925,1549,301,53,10,0,0,1947,1558,338,45,10,0,0,2437,1396,944,38,14,85,0,2437,1396,944,23,13,6,0,4,51,1941,1546,350,25,20,4,0,2140,1505,565,20,35,4,0,4,714,372,323,503,236,267,668,232,392,636,259,330,626,269,332,629,226,403,458,181,245,615,241,354,709,267,428,696,206,359,684,260,424,0.0,18,18023,,,
926,18077966000,9660,-85.2879092,38.8224894,292803605.0,290592141.0,2211464.0,4028,3857,86,41,14,28,2,4080,3907,0,135,28,10,0,4077,3995,14,16,44,8,0,3893,3714,48,43,21,46,7,4180,4116,11,25,16,12,0,4328,4191,41,65,20,11,0,3022,2919,50,27,8,21,1,3315,3220,0,60,30,10,0,3280,3215,15,14,30,10,0,3101,2978,29,32,15,36,3,3101,2978,29,20,7,6,0,5,56,3295,3232,7,24,9,16,0,3330,3210,29,65,10,14,0,0,1671,722,910,1590,641,949,1718,419,1197,1700,595,1037,1686,581,1054,1614,440,1174,1442,452,908,1698,493,1150,1851,448,1361,1840,357,1224,1761,453,1308,14877.275157236476,18,18077,,,
927,18077966500,9665,-85.3618641,38.7586179,25883187.0,25661171.0,222016.0,5573,5208,90,132,119,42,1,4964,4668,0,172,124,0,0,4990,4600,2,256,131,1,0,5730,5144,119,184,149,92,8,5229,4816,0,350,63,0,0,5811,5165,21,416,152,39,0,4226,4007,54,62,78,28,1,3923,3784,0,85,60,0,0,3918,3688,0,125,105,0,0,4419,4014,69,120,102,79,3,4419,4014,69,85,88,17,2,10,134,4226,4019,0,176,34,0,0,4565,4270,10,219,40,30,0,0,2707,1206,1474,2516,1111,1405,2620,881,1590,2595,1032,1474,2558,1067,1432,2451,853,1598,2246,884,1258,2578,962,1543,2799,993,1753,2768,756,1754,2650,911,1739,3144.652199608639,18,18077,,,
928,18077966200,9662,-85.5499588,38.6952899,265988083.0,263883720.0,2104363.0,4719,4572,60,41,14,33,3,4913,4769,38,5,85,16,0,4745,4620,50,0,48,27,0,4670,4393,115,39,25,95,3,4380,4130,197,0,35,18,0,4543,4230,202,0,17,94,0,3609,3522,32,21,10,25,3,3680,3615,40,4,15,4,0,3625,3550,50,0,15,10,0,3571,3373,76,27,17,71,1,3571,3373,76,13,6,8,0,4,91,3195,3120,52,0,4,12,0,3365,3250,70,0,0,53,0,0,1991,927,1015,1918,813,1105,2063,541,1428,2030,753,1209,1999,719,1233,1933,593,1340,1652,557,1020,2005,618,1335,2243,571,1628,2215,478,1414,2100,583,1517,11180.758279245867,18,18077,,,
929,18077966400,9664,-85.4185472,38.7551218,28111211.0,27355504.0,755707.0,5735,5269,136,252,52,24,3,6262,5343,500,272,50,64,10,5913,5166,306,287,56,39,10,5828,5254,202,186,69,83,6,5678,5097,223,220,35,33,0,5445,4982,211,185,32,22,0,4583,4271,68,182,41,21,2,5202,4581,290,234,20,65,0,4992,4477,205,229,30,35,0,4815,4415,122,134,45,61,4,4815,4415,122,115,38,6,2,13,104,4829,4409,188,205,8,32,0,4590,4270,139,150,20,23,0,0,2326,1103,1190,2314,1065,1249,2411,854,1393,2373,1021,1258,2327,1031,1233,2246,852,1394,1978,831,1042,2321,920,1325,2482,905,1531,2444,678,1500,2347,868,1479,6845.400002361472,18,18077,,,
930,18077966300,9663,-85.476063,38.7067405,14691262.0,14510739.0,180523.0,3887,3638,86,102,42,15,6,3809,3534,68,131,22,59,0,3893,3562,73,203,18,55,0,4124,3575,213,195,41,76,9,3956,3678,67,155,22,54,0,4033,3850,51,86,25,20,13,3147,2955,60,78,37,13,4,3060,2870,40,75,20,44,0,3075,2885,45,90,14,39,0,3331,2919,150,139,30,62,9,3331,2919,150,113,24,14,4,32,75,3104,2921,39,80,19,47,0,3285,3155,44,34,24,19,0,15,1194,636,537,1079,576,503,1129,434,619,1116,549,531,1095,519,543,1060,461,599,893,422,422,1103,489,577,1230,505,693,1216,400,671,1153,493,660,3202.843964333888,18,18077,,,
931,18077966100,9661,-85.4907829,38.8315771,311090801.0,310617949.0,472852.0,6432,6009,269,91,29,38,4,6179,5993,35,89,2,49,0,6548,6199,166,65,32,76,0,6653,5906,355,147,65,157,6,6700,6211,139,107,147,210,0,6522,5906,364,103,141,102,0,4796,4546,150,46,18,36,4,4560,4465,25,19,0,49,0,4860,4705,25,34,20,75,0,4949,4501,197,79,45,114,3,4949,4501,197,48,35,14,2,7,145,5085,4795,39,43,12,85,0,5020,4700,145,64,19,24,0,70,2626,1109,1468,2443,986,1457,2734,747,1863,2658,980,1601,2609,949,1592,2550,773,1777,2183,726,1345,2675,841,1763,3011,804,2147,2988,639,1938,2853,807,2046,0.0,18,18077,,,
932,18077966600,9666,-85.3828738,38.7358672,1628755.0,1432600.0,196155.0,2054,1910,28,84,9,15,0,2030,1712,235,57,11,13,0,2041,1678,290,58,8,7,0,2249,2037,59,77,29,29,4,2044,1679,281,52,23,9,0,2375,2118,122,133,0,11,0,1711,1610,20,56,6,13,0,1615,1500,50,49,0,10,0,1625,1485,75,54,0,4,0,1979,1805,50,63,25,25,0,1979,1805,50,46,21,6,0,9,42,1603,1512,39,46,0,9,0,2040,1890,35,110,0,10,0,0,1027,552,459,920,496,424,978,450,456,959,494,431,949,507,418,917,452,465,848,441,350,960,478,455,1074,505,550,1066,403,575,1018,476,542,2478.18422888195,18,18077,,,
933,18099020600,206,-86.3136708,41.3259164,13592772.0,13471283.0,121489.0,5173,4346,675,80,57,58,2,5434,4380,952,31,44,40,0,5605,4151,1211,31,54,166,0,5146,3925,965,64,69,107,2,5643,4081,1287,92,14,178,0,5347,3962,1213,91,27,54,0,3765,3275,398,43,36,43,2,3745,3320,370,20,0,40,0,3640,3180,405,25,0,40,0,3811,3045,601,36,51,72,0,3811,3045,601,22,37,1,0,8,97,3655,3057,512,45,7,45,0,3445,2830,545,49,14,25,0,0,1974,966,977,1914,763,1151,2001,672,1179,1966,806,1037,1941,876,1001,1875,585,1290,1600,743,802,1909,758,1083,2055,764,1237,2039,526,1272,1957,698,1259,0.0,18,18099,,,
934,18099020702,207.02,-86.1259691,41.3282184,128638090.0,128517236.0,120854.0,3152,2987,118,33,12,13,1,3092,2734,154,133,40,25,0,3079,2839,68,118,41,7,0,2861,2601,128,27,34,47,0,3054,2818,92,104,39,5,0,2858,2675,73,23,62,73,0,2215,2133,60,9,7,9,0,2240,2035,130,45,18,4,0,2180,2055,60,45,24,4,0,2134,1964,87,14,21,31,0,2134,1964,87,9,18,0,0,6,50,2230,2129,46,50,14,4,0,2135,2020,34,24,30,42,0,0,1125,386,715,1110,281,829,1195,198,946,1179,284,826,1168,331,803,1128,161,967,944,243,674,1159,260,869,1294,249,1016,1282,169,810,1231,251,980,0.0,18,18099,,,
935,18087970402,9704.02,-85.5662845,41.5608451,94172122.0,94148611.0,23511.0,5059,4960,59,13,30,8,0,5045,4788,89,10,128,21,16,5236,5096,34,26,58,23,8,5607,5434,90,28,24,27,1,5128,4873,41,35,162,81,19,5503,5271,70,58,96,86,0,2867,2817,33,5,18,7,0,2860,2745,45,4,45,15,0,2900,2845,10,15,14,10,0,3285,3169,63,13,14,19,0,3285,3169,63,2,12,1,0,5,33,3071,2941,11,3,34,8,0,3315,3175,35,8,14,8,0,75,504,162,329,517,127,390,508,86,383,507,129,345,504,135,349,490,75,415,413,96,298,505,112,374,583,128,444,574,87,388,562,117,445,0.0,18,18087,,,
936,18087970401,9704.01,-85.5697295,41.6154611,119750060.0,119495688.0,254372.0,4393,4293,67,5,14,6,0,4369,4276,45,14,34,25,0,4432,4347,36,40,9,54,0,4922,4875,18,7,4,14,3,4553,4526,8,19,0,19,0,5006,4982,0,21,0,24,0,2573,2526,31,2,7,2,0,2480,2410,25,15,35,15,0,2530,2455,25,40,10,40,0,2849,2819,12,5,2,8,1,2849,2819,12,0,1,0,0,0,17,2742,2712,10,21,0,20,0,3080,3060,0,20,0,24,0,0,603,186,397,528,123,405,587,102,461,587,154,401,585,154,416,576,93,483,489,111,370,593,127,460,685,126,556,685,91,473,660,121,539,0.0,18,18087,,,
937,18109510202,5102.02,-86.3841031,39.5846997,43815543.0,43179030.0,636513.0,3790,3699,34,21,22,28,1,3954,3785,87,38,37,7,0,3823,3647,114,31,24,7,0,4304,3988,79,61,29,110,8,4028,3704,214,62,42,5,0,4107,3865,148,60,17,16,0,2817,2753,24,11,12,23,1,3085,2970,70,0,35,4,0,3055,2930,90,0,25,4,0,3230,3032,47,18,21,79,4,3230,3032,47,11,9,8,0,13,110,3219,3032,146,0,40,3,0,3220,3145,75,0,0,14,0,0,1466,518,934,1428,382,1046,1659,318,1253,1639,419,1120,1636,490,1092,1583,312,1271,1290,322,909,1680,394,1230,1961,417,1496,1939,290,1234,1892,403,1489,0.0,18,18109,,,
938,18109510402,5104.02,-86.5061992,39.587281,84445089.0,84082135.0,362954.0,5089,4955,51,26,14,45,1,5597,5335,156,6,57,43,0,5672,5446,143,23,15,45,0,5795,5376,111,76,44,151,4,5767,5303,136,89,11,48,0,5855,5224,183,109,82,8,69,3768,3699,26,11,7,27,1,4035,3875,75,4,35,45,0,4075,3945,70,10,4,45,0,4437,4158,61,44,27,116,3,4437,4158,61,36,20,23,2,14,123,4161,4025,52,25,1,40,0,4380,4190,105,45,35,4,0,10,2206,838,1328,2023,634,1389,2369,456,1761,2357,612,1594,2352,732,1533,2264,455,1809,1890,519,1304,2436,610,1745,2890,680,2143,2884,513,1701,2793,683,2110,0.0,18,18109,,,
939,18109510201,5102.01,-86.3476874,39.6133962,8099259.0,8057859.0,41400.0,4348,4211,55,32,41,27,1,4361,4074,151,24,79,33,0,4420,4211,73,16,86,34,0,4191,3889,67,47,65,94,5,4004,3824,61,0,63,56,0,4072,3902,67,0,60,28,15,3188,3109,37,10,28,20,1,3190,3100,64,0,0,25,0,3285,3215,45,0,0,25,0,3251,3049,50,25,43,63,4,3251,3049,50,10,30,6,0,10,96,3088,3001,40,0,0,44,0,3305,3245,10,0,19,19,0,15,1767,635,1113,1627,499,1128,2020,446,1432,1984,550,1300,1986,651,1250,1933,429,1504,1619,465,1076,1981,541,1360,2189,588,1556,2163,409,1345,2115,553,1562,0.0,18,18109,,,
940,18163980600,9806,-87.5068756,37.984184,856293.0,856293.0,0.0,5,4,0,0,0,0,0,4,4,0,0,0,0,0,4,5,0,0,0,0,0,0,0,0,0,0,0,0,0,0,0,0,0,0,0,0,0,0,0,0,0,0,4,4,0,0,0,0,0,4,4,0,0,0,0,0,4,4,0,0,0,0,0,0,0,0,0,0,0,0,0,0,0,0,0,0,0,0,0,0,0,0,0,0,0,0,0,0,0,0,0,0,0,0,0,0,0,47,21,26,2,1,1,2,1,1,2,1,1,2,1,1,2,1,1,2,1,1,0,0,0,0,0,0,0,0,0,0.0,18,18163,,,
941,18109510401,5104.01,-86.5593156,39.5392939,128097297.0,127573862.0,523435.0,3939,3820,43,18,16,48,0,3795,3639,35,41,0,80,0,3935,3781,47,31,0,76,0,3966,3725,51,38,21,101,9,3794,3732,55,0,1,6,0,3734,3661,57,0,1,15,0,2986,2914,20,6,8,40,0,2920,2785,35,20,0,80,0,3065,2925,45,15,0,74,0,3126,2954,26,9,17,88,5,3126,2954,26,2,1,12,0,10,121,2881,2823,54,0,0,2,0,2805,2725,60,0,0,14,0,0,1745,632,1071,1611,490,1121,1856,336,1403,1833,450,1253,1822,559,1190,1760,360,1400,1427,366,995,1845,418,1354,2130,400,1676,2123,317,1282,2060,431,1629,0.0,18,18109,,,
942,18109510701,5107.01,-86.439948,39.3729872,86644336.0,85086959.0,1557377.0,3271,3127,75,27,23,26,1,3214,3113,0,48,0,53,0,3384,3302,9,0,0,64,0,3431,3207,78,25,29,78,3,3297,3210,18,0,0,61,0,3634,3565,30,14,0,18,0,2449,2372,44,10,13,15,1,2660,2590,0,49,0,25,0,2715,2680,10,0,0,30,0,2642,2507,43,4,23,54,3,2642,2507,43,1,22,6,1,0,62,2697,2643,20,0,0,35,0,2875,2835,30,0,0,10,0,0,1340,480,841,1242,352,890,1464,265,1129,1449,359,998,1449,446,953,1409,259,1150,1151,301,788,1453,339,1061,1643,332,1262,1620,229,1004,1574,329,1245,0.0,18,18109,,,
943,18067000700,7,-86.164847,40.4825015,5655508.0,5655508.0,0.0,5769,5089,145,410,98,41,2,5733,4884,39,674,92,44,0,5724,4882,51,689,33,68,0,5456,4660,123,510,74,73,7,5826,4980,43,579,26,198,0,5863,5072,91,616,20,60,9,4605,4179,79,260,65,32,1,4810,4130,10,589,35,40,0,4800,4145,15,575,0,70,0,4620,4017,87,389,53,57,4,4620,4017,87,344,44,3,0,10,115,4875,4199,28,432,0,202,0,4870,4330,85,385,0,40,0,25,2716,1195,1491,2630,1046,1584,2631,863,1617,2619,1069,1428,2610,1130,1407,2539,869,1670,2135,848,1187,2568,969,1516,2736,987,1696,2726,709,1725,2665,926,1739,0.0,18,18067,,,
944,18067000800,8,-86.1658572,40.460634,9531383.0,9531383.0,0.0,5552,4787,170,483,90,49,8,5279,4503,205,456,115,0,0,5147,4346,123,600,78,0,0,5462,4462,224,524,126,79,6,5420,4773,99,415,80,0,0,5632,4993,176,348,97,66,0,4320,3814,111,315,57,38,4,4265,3730,95,324,115,0,0,4135,3605,95,364,80,0,0,4360,3651,150,354,111,63,4,4360,3651,150,305,93,7,0,13,141,4243,3828,71,256,79,0,0,4410,4065,50,215,30,0,0,50,3048,1402,1605,2783,1213,1570,2777,899,1711,2755,1139,1452,2754,1230,1423,2676,935,1741,2086,869,1127,2682,1035,1550,2900,1064,1779,2909,774,1732,2836,1014,1822,0.0,18,18067,,,
945,18067000900,9,-86.1378166,40.4761565,2963044.0,2963044.0,0.0,4028,3484,121,379,16,52,3,3364,3027,91,246,0,0,0,3483,3035,181,244,55,0,0,4015,3161,196,478,39,136,11,3668,2867,65,407,364,30,0,4026,3027,307,348,304,136,0,2985,2685,66,195,11,39,1,2705,2485,65,155,0,0,0,2750,2470,125,160,0,0,0,3093,2559,110,285,30,107,5,3093,2559,110,235,20,12,0,0,157,2785,2255,27,182,300,0,0,2890,2320,100,150,250,50,0,20,1488,836,622,1254,670,584,1323,463,751,1315,563,633,1305,614,630,1263,522,741,1001,471,462,1304,555,689,1473,610,821,1461,466,753,1432,615,817,0.0,18,18067,,,
946,18067000500,5,-86.1392185,40.4910024,1839940.0,1839940.0,0.0,3683,3150,155,343,20,58,1,3903,3085,187,479,0,28,0,3631,2961,92,359,80,35,0,3526,2776,159,427,25,134,8,3777,3001,229,322,92,30,0,3549,2999,134,284,93,39,0,2726,2409,85,201,11,41,1,3020,2620,109,270,0,14,0,2940,2520,80,300,20,15,0,2691,2199,117,250,15,97,3,2691,2199,117,214,8,18,0,9,126,2989,2441,219,281,25,20,0,2845,2420,134,220,30,40,0,0,1248,685,529,1052,556,496,1212,458,639,1196,546,533,1194,596,544,1146,503,643,876,412,404,1147,510,577,1247,521,693,1240,429,621,1218,530,688,0.0,18,18067,,,
947,18067001000,10,-86.1351099,40.4657446,1504191.0,1504191.0,0.0,1758,1581,41,112,6,14,3,1766,1560,77,50,0,13,11,1898,1606,108,80,36,0,25,1703,1419,90,146,19,41,0,1862,1604,74,142,34,0,18,1831,1544,10,229,21,0,20,1374,1275,17,49,5,11,3,1400,1280,50,44,0,15,0,1455,1295,75,59,0,0,0,1366,1182,59,86,14,27,0,1366,1182,59,57,5,0,0,3,60,1478,1279,67,125,0,0,0,1430,1210,10,189,0,0,4,14,821,419,380,779,370,409,794,266,462,794,327,401,779,358,385,763,297,466,612,278,303,780,312,436,875,330,521,866,241,485,847,330,517,0.0,18,18067,,,
948,18051050202,502.02,-87.5788017,38.2039707,156502173.0,156147959.0,354214.0,4654,4569,32,35,15,11,0,4755,4635,17,28,75,0,0,4766,4637,41,16,67,5,0,5061,4863,67,35,27,63,2,4595,4503,30,28,32,2,0,4769,4679,13,28,34,3,0,3438,3391,19,13,6,10,0,3380,3295,8,23,50,0,0,3430,3370,4,8,45,4,0,3745,3628,41,18,12,43,0,3745,3628,41,11,6,7,0,4,48,3300,3259,7,9,25,5,0,3365,3325,0,10,29,12,0,0,2329,806,1485,2374,571,1803,2687,543,2046,2705,798,1821,2704,871,1791,2600,581,2019,2219,606,1550,2698,749,1899,2977,659,2272,2981,444,2338,2939,1039,1900,0.0,18,18051,,,
949,18051050201,502.01,-87.5515424,38.2629755,79357301.0,79146552.0,210749.0,3637,3519,21,39,39,14,0,3642,3355,61,58,58,114,0,3631,3311,110,67,33,118,0,3805,3538,64,64,34,73,11,3795,3506,100,85,20,71,0,4040,3550,54,71,2,29,0,2732,2670,12,15,26,9,0,2835,2700,45,10,8,59,0,2735,2615,50,10,4,50,0,2864,2705,38,29,19,58,6,2864,2705,38,14,19,8,5,4,71,2890,2792,34,4,4,35,0,3075,3020,24,15,0,10,0,15,1780,753,992,1701,568,1133,1819,428,1310,1824,637,1105,1824,692,1093,1766,468,1298,1478,498,922,1809,600,1167,1974,524,1412,1980,378,1423,1947,803,1144,0.0,18,18051,,,
950,18089010100,101,-87.2442442,41.6190682,8708821.0,5561066.0,3147755.0,4312,1258,160,2892,41,32,4,4957,1802,249,2681,101,35,0,4802,1633,219,2708,84,13,0,4013,1306,199,2426,39,50,1,4645,1515,261,2561,81,18,0,3897,1248,350,1958,27,12,0,3403,1144,111,2131,29,21,4,4155,1690,170,2185,75,35,0,4095,1585,155,2275,70,10,0,3259,1195,150,1840,18,45,1,3259,1195,150,1774,11,3,0,19,107,3833,1431,192,2193,8,18,0,3280,1260,250,1759,4,8,0,0,2634,2347,267,2973,2713,260,2398,2024,306,2381,2051,276,2383,2080,274,2349,2036,313,2153,1905,222,2289,1965,294,2237,1877,334,2217,1735,431,2184,1838,346,0.0,18,18089,,,
951,18089010302,103.02,-87.4144353,41.5892752,6096023.0,6096023.0,0.0,3472,43,131,3311,10,32,1,3420,0,273,3169,34,16,0,3372,19,213,3152,37,8,0,3175,63,221,2926,1,43,2,3815,75,370,3380,20,9,0,3604,107,436,3017,10,0,0,2406,36,92,2285,4,25,1,2450,0,180,2234,10,14,0,2365,15,140,2175,10,10,0,2198,53,121,2029,1,31,2,2198,53,121,1958,0,3,2,9,52,2223,25,224,1941,5,8,0,1940,70,175,1695,0,0,0,0,1731,1710,13,1604,1601,3,1272,1221,23,1265,1224,26,1261,1225,23,1258,1232,26,982,949,26,1147,1115,24,1098,1036,52,1105,1005,84,1093,1039,54,0.0,18,18089,,,
952,18089010400,104,-87.3622896,41.6022892,1174449.0,1174449.0,0.0,3274,21,90,3212,6,31,1,3196,0,209,3003,0,36,0,3280,0,299,3138,0,18,0,2939,47,119,2814,8,33,0,3275,0,245,3130,0,12,0,3247,0,241,3145,3,16,0,2392,19,46,2338,4,23,1,2330,0,100,2230,0,35,0,2345,0,210,2130,0,20,0,2154,39,73,2061,4,22,0,2154,39,73,1993,0,7,0,3,39,2378,0,170,2205,0,9,0,2490,0,190,2295,4,0,0,0,1790,1764,15,1566,1563,3,1265,1225,26,1250,1211,29,1247,1213,29,1247,1215,32,998,972,18,1136,1106,24,1045,995,36,1044,974,54,1041,1000,41,0.0,18,18089,,,
953,18067001100,11,-86.1352313,40.4487231,5682488.0,5682488.0,0.0,5090,4043,170,748,123,25,12,4894,3884,169,798,35,45,0,5277,4193,151,903,21,65,0,5489,3970,233,1007,157,113,10,4962,3676,191,1014,66,116,0,5121,3542,253,1093,82,170,0,3733,3131,99,414,82,18,9,3810,3170,170,460,0,20,0,4120,3410,155,530,0,25,0,4210,3239,152,614,116,85,8,4210,3239,152,539,97,6,3,14,160,4132,3292,190,547,32,30,0,4080,2985,255,585,85,160,0,10,1939,962,954,1899,931,968,2340,818,1364,2315,1000,1160,2308,1096,1136,2235,851,1384,1756,753,913,2295,937,1271,2547,966,1516,2551,738,1430,2511,987,1524,0.0,18,18067,,,
954,18089010500,105,-87.3320825,41.5989567,784020.0,784020.0,0.0,957,24,40,901,4,10,0,959,28,25,896,0,10,0,776,29,0,735,0,12,0,764,10,45,711,10,8,2,744,43,0,692,0,9,0,780,30,9,746,0,0,0,632,21,23,583,4,7,0,595,30,25,535,0,8,0,535,30,0,490,0,8,0,536,10,26,495,4,5,2,536,10,26,482,1,0,1,4,12,480,43,0,419,0,1,0,430,30,10,390,0,0,0,0,439,425,8,192,192,0,308,287,14,304,284,14,304,289,13,302,287,15,243,236,4,277,267,8,258,247,8,258,240,15,258,249,9,0.0,18,18089,,,
955,18089010600,106,-87.322354,41.5991334,737188.0,737188.0,0.0,1386,30,57,1305,0,27,0,1094,100,162,854,0,0,0,998,58,37,918,0,0,0,1152,37,61,1071,13,18,0,951,57,0,894,0,0,0,970,44,0,926,0,0,0,927,28,37,863,0,15,0,930,85,95,745,0,0,0,835,50,35,745,0,0,0,794,34,39,733,8,8,0,794,34,39,698,3,0,0,2,18,754,50,0,708,0,0,0,750,45,0,705,0,0,0,0,714,696,12,473,464,9,472,444,14,462,435,15,461,437,15,458,440,18,325,311,8,422,403,12,425,396,22,425,383,31,420,395,25,0.0,18,18089,,,
956,18099020400,204,-86.2958849,41.3530892,10441508.0,10337751.0,103757.0,3181,2681,407,44,23,34,1,3091,2634,271,113,73,0,0,3111,2652,236,169,54,0,0,3210,2531,548,57,38,87,1,3174,2667,339,117,51,0,0,3323,2751,403,148,0,36,0,2374,2071,251,21,13,29,0,2350,2205,90,15,39,0,0,2475,2320,105,15,35,0,0,2499,2066,343,36,16,59,0,2499,2066,343,17,11,7,0,0,55,2465,2189,231,19,23,0,0,2505,2135,330,20,0,19,0,0,1322,635,662,1138,480,658,1126,375,667,1108,481,568,1107,482,582,1084,380,704,945,424,481,1146,457,647,1307,506,767,1298,355,806,1254,473,781,0.0,18,18099,,,
957,18099020102,201.02,-86.1463594,41.4158833,137207029.0,135355253.0,1851776.0,3672,3487,137,11,32,5,3,3666,3459,207,0,0,0,0,3780,3525,255,0,0,0,0,3602,3405,126,4,22,40,0,3814,3740,74,0,0,0,0,3869,3735,125,0,9,0,0,2506,2395,75,4,25,3,3,2315,2250,65,0,0,0,0,2435,2355,80,0,0,0,0,2497,2374,72,1,16,28,0,2497,2374,72,1,12,6,0,0,32,2386,2342,42,0,0,0,0,2505,2445,60,0,0,0,0,0,1212,349,841,1129,267,862,1191,201,939,1183,294,834,1175,303,845,1142,162,980,1003,267,701,1177,254,892,1282,231,1035,1285,169,954,1251,227,1024,0.0,18,18099,,,
958,18089012000,120,-87.3460268,41.570601,948772.0,948772.0,0.0,1049,13,34,1016,5,8,0,971,43,25,903,0,0,0,935,42,23,870,10,0,0,703,5,25,673,6,9,1,1059,40,16,1003,6,0,0,888,40,11,843,10,7,0,798,10,17,775,4,7,0,640,19,25,595,0,0,0,640,24,25,580,0,0,0,532,5,21,510,3,9,1,532,5,21,485,0,0,0,5,16,760,19,14,724,0,0,0,605,25,10,564,0,4,0,10,681,668,7,535,535,0,419,402,13,421,405,14,424,412,11,420,406,14,306,293,13,351,340,11,279,268,11,278,261,16,274,266,8,0.0,18,18089,,,
959,18089011200,112,-87.3658452,41.579657,3576990.0,3576990.0,0.0,4402,75,81,4274,7,25,1,4597,75,101,4421,0,0,0,4689,80,132,4513,0,0,0,3880,45,136,3714,7,44,2,4775,92,252,4462,0,0,0,4599,58,261,4375,25,10,0,3315,65,46,3216,5,22,1,3230,75,99,3060,0,0,0,3405,65,95,3245,0,0,0,3031,36,89,2904,6,31,2,3031,36,89,2833,0,14,0,13,46,3721,73,216,3416,0,0,0,3650,55,140,3445,0,0,0,10,2103,2043,42,2277,2277,0,1889,1820,35,1876,1810,35,1870,1810,41,1874,1832,42,1535,1499,30,1752,1705,33,1739,1662,64,1749,1616,110,1718,1649,69,0.0,18,18089,,,
960,18089011000,110,-87.3847128,41.591605,1250857.0,1250857.0,0.0,1687,12,32,1655,5,15,0,1618,49,204,1487,0,0,0,1695,65,252,1419,0,0,0,1573,17,102,1445,12,13,8,1717,54,219,1493,1,0,0,1587,0,165,1443,1,0,0,1292,7,20,1265,4,12,0,1230,30,100,1100,0,0,0,1204,40,80,1084,0,0,0,1206,15,58,1126,11,9,2,1206,15,58,1086,7,0,0,4,36,1121,36,80,1003,4,0,0,1105,0,60,1040,4,0,0,0,1119,1109,4,1008,1008,0,829,803,10,817,795,10,813,795,11,817,804,13,658,650,4,757,748,6,764,739,19,770,711,44,755,730,25,0.0,18,18089,,,
961,18089011300,113,-87.3459262,41.5916995,1204514.0,1204514.0,0.0,1842,48,30,1772,1,15,1,1847,94,16,1734,19,0,0,1827,93,0,1713,21,0,0,1479,37,45,1408,18,39,3,1739,94,0,1631,14,0,0,1308,73,0,1235,0,0,0,1432,48,21,1367,1,12,1,1505,95,0,1405,0,0,0,1520,90,0,1430,0,0,0,1169,33,34,1106,10,21,0,1169,33,34,1053,7,2,0,5,35,1510,98,0,1411,0,0,0,1130,70,0,1060,0,0,0,0,1026,1007,11,697,689,8,743,707,16,742,696,28,742,703,24,734,709,25,566,548,13,667,636,21,620,590,25,629,577,43,618,590,28,0.0,18,18089,,,
962,18089011100,111,-87.3846677,41.5788893,3050715.0,3050715.0,0.0,4597,32,63,4530,2,49,1,4777,105,0,4643,20,0,0,5030,89,10,4912,31,8,0,4148,63,135,3993,17,56,2,5054,95,9,4916,29,23,0,4574,26,13,4506,24,8,0,3196,24,37,3149,0,23,0,3210,59,0,3130,20,0,0,3365,54,0,3284,20,10,0,2921,51,60,2818,4,31,2,2921,51,60,2743,0,1,2,10,54,3422,62,0,3319,17,24,0,3130,29,0,3085,10,10,0,0,2548,2512,21,2226,2221,5,1907,1843,37,1895,1818,39,1889,1821,47,1896,1841,55,1553,1511,33,1748,1698,41,1669,1585,77,1657,1541,101,1645,1570,75,0.0,18,18089,,,
963,18099020101,201.01,-86.1442453,41.450069,24125568.0,24081225.0,44343.0,5335,4396,852,29,32,33,1,5196,4338,858,0,181,0,0,5035,3903,1132,0,207,0,0,5429,4054,1202,50,61,95,6,4947,3886,994,0,202,0,0,5035,3875,982,2,167,51,0,3815,3294,486,8,17,13,0,3685,3480,195,0,0,0,0,3445,3230,225,0,0,0,0,4033,3163,751,31,42,74,5,4033,3163,751,17,24,4,1,2,71,3443,3257,186,0,0,0,0,3515,3290,220,4,0,10,0,0,1682,520,1119,1788,580,1208,1787,447,1244,1770,595,1104,1758,572,1146,1706,366,1340,1469,506,909,1781,530,1206,2007,573,1398,2005,413,1341,1950,525,1425,0.0,18,18099,,,
964,18099020201,202.01,-86.2918418,41.4213505,108150155.0,108019564.0,130591.0,4216,4001,153,38,14,16,0,4223,3966,195,85,2,58,0,4242,4018,172,107,7,24,0,3960,3546,238,43,20,82,2,4244,3893,275,107,0,169,0,4056,3618,294,98,0,190,0,3066,2955,80,10,10,15,0,3065,2955,70,4,4,39,0,3030,2955,35,4,4,25,0,2959,2701,140,18,8,67,0,2959,2701,140,14,8,5,0,4,87,3103,3006,45,35,0,9,0,3055,2910,65,35,0,54,0,0,1537,685,822,1431,471,960,1596,359,1156,1573,495,967,1571,543,967,1511,342,1169,1277,468,772,1587,462,1081,1791,449,1318,1779,313,1225,1721,449,1272,0.0,18,18099,,,
965,18099020800,208,-86.2024317,41.2202749,276611667.0,276046846.0,564821.0,5163,4897,181,23,20,47,0,5069,4825,140,26,14,69,0,5056,4849,116,40,24,32,0,5241,4811,246,29,10,96,0,5043,4863,78,64,16,27,0,5331,5147,98,55,2,31,0,3742,3589,110,7,7,30,0,3655,3525,23,19,15,70,0,3640,3515,35,35,25,30,0,3866,3586,132,18,6,75,0,3866,3586,132,11,5,10,0,19,103,3537,3428,13,53,15,2,0,3780,3690,49,24,0,15,0,0,2012,774,1182,1858,598,1260,2057,401,1498,2006,648,1221,1996,733,1183,1939,406,1533,1616,527,1025,1993,540,1383,2215,458,1706,2202,319,1468,2149,499,1650,0.0,18,18099,,,
966,18099020701,207.01,-86.2499423,41.322677,119119865.0,118079603.0,1040262.0,3678,3425,161,21,48,16,1,3493,2993,431,0,69,0,0,3294,2856,371,9,58,0,0,3601,3229,245,22,39,54,0,3191,2884,216,9,74,3,0,3446,3029,323,11,63,1,0,2729,2579,98,9,33,6,1,2495,2320,115,0,55,0,0,2375,2205,120,10,45,0,0,2703,2493,128,13,26,35,0,2703,2493,128,3,18,0,0,2,59,2520,2336,117,12,55,3,0,2705,2475,205,10,20,4,0,0,1911,790,1096,1715,558,1157,1763,468,1172,1726,592,1048,1718,638,1037,1659,394,1265,1494,577,876,1725,552,1129,1904,553,1326,1892,362,1313,1828,506,1322,0.0,18,18099,,,
967,18067001200,12,-86.1163098,40.4711946,4173653.0,4173653.0,0.0,3652,2994,138,458,22,50,0,3457,2526,178,800,0,18,7,3058,2318,52,683,0,19,5,3598,2642,151,662,50,108,4,3127,2166,63,889,0,24,7,3145,2262,44,808,16,46,1,2710,2313,89,273,13,37,0,2550,2005,125,414,0,0,4,2265,1850,45,365,0,0,4,2729,2129,101,390,34,84,3,2729,2129,101,315,31,10,0,11,132,2181,1677,49,450,0,6,1,2195,1735,45,394,0,23,0,4,1213,746,447,1038,605,433,1163,465,611,1159,575,497,1149,602,488,1121,512,609,870,439,388,1138,525,566,1258,524,714,1242,403,634,1225,536,689,0.0,18,18067,,,
968,18067001300,13,-86.0877184,40.4771799,10130049.0,10130049.0,0.0,2511,2047,73,323,59,19,2,2609,2227,45,174,22,157,0,2537,2177,80,182,0,121,0,2581,1992,109,286,107,84,4,2570,2248,71,168,0,101,0,2508,2127,71,304,0,31,0,2051,1732,48,226,36,17,1,2090,1855,15,125,0,90,0,2045,1825,25,120,0,70,0,2073,1657,60,201,85,62,2,2073,1657,60,177,78,6,1,1,93,2034,1881,18,78,0,48,0,2090,1860,35,180,0,14,0,0,1164,600,550,1093,556,537,1005,368,564,1003,459,484,1000,492,475,974,406,568,814,387,388,1021,434,549,1153,447,679,1158,343,641,1132,444,688,0.0,18,18067,,,
969,18089010900,109,-87.3659123,41.5927084,1064996.0,1064996.0,0.0,977,7,32,948,1,9,1,993,21,17,955,0,0,0,1027,9,95,923,0,0,0,668,8,33,622,8,15,1,954,6,91,857,0,0,0,828,0,72,756,0,0,0,745,6,21,717,1,7,1,695,20,10,665,0,0,0,765,10,39,715,0,0,0,537,8,25,495,6,14,0,537,8,25,475,2,2,0,6,19,740,4,39,694,0,0,0,500,0,35,465,0,0,0,0,497,466,25,495,495,0,372,365,4,374,368,4,375,371,3,374,370,4,294,292,2,320,318,2,270,265,5,268,257,10,271,266,5,0.0,18,18089,,,
970,18089011400,114,-87.3123773,41.5823313,5607918.0,5607918.0,0.0,1271,6,15,1256,2,21,0,1458,199,8,1259,0,5,0,1439,239,69,1137,0,4,0,1223,31,43,1154,2,20,2,1514,149,52,1313,0,0,0,855,80,46,729,0,0,0,879,4,8,867,0,10,0,930,65,10,853,0,4,0,895,105,4,784,0,4,0,793,23,30,740,2,15,1,793,23,30,715,0,0,0,3,22,1105,81,0,1023,0,0,0,645,60,0,580,0,0,0,0,812,804,5,714,713,1,555,546,5,545,537,5,552,542,4,555,546,9,397,390,5,483,475,6,427,408,17,429,401,24,430,416,14,0.0,18,18089,,,
971,18089041600,416,-87.2861017,41.5569442,6097589.0,5881118.0,216471.0,4639,3177,1179,220,36,87,12,4139,2595,1374,114,13,54,0,3972,2634,1219,94,12,18,0,5086,2987,1513,414,47,192,16,4237,2820,1113,81,200,14,0,4970,2726,1764,334,344,23,14,3390,2521,701,98,25,66,8,3039,2051,848,78,14,44,0,2913,2090,753,64,14,4,0,3751,2443,924,216,34,146,12,3751,2443,924,154,29,9,2,28,162,3113,2276,709,70,47,2,0,3070,2195,750,75,38,14,4,0,1358,893,436,1306,880,426,1401,687,612,1336,815,446,1332,869,404,1316,845,471,1040,619,373,1342,747,541,1494,729,734,1464,685,649,1438,757,681,0.0,18,18089,,,
972,18089040600,406,-87.4697041,41.5593339,3659185.0,3623051.0,36134.0,3769,3030,557,98,64,28,4,3367,2690,410,161,122,33,80,3458,2717,515,189,36,38,0,3726,2638,720,237,78,64,2,3524,2576,592,275,91,32,0,3975,2668,859,334,132,40,0,2927,2480,340,49,44,21,1,2715,2345,220,88,24,0,0,2670,2275,250,120,20,10,0,2959,2209,484,161,60,45,1,2959,2209,484,148,43,2,0,0,73,2755,2232,304,159,50,3,0,3050,2295,500,185,70,8,0,0,1743,1005,723,1605,912,693,1671,807,746,1612,844,675,1608,938,616,1572,918,654,1430,843,537,1660,886,722,1853,945,876,1837,821,911,1793,912,881,0.0,18,18089,,,
973,18089043405,434.05,-87.3781178,41.255181,142572736.0,141312861.0,1259875.0,5515,5188,232,38,28,34,0,5223,4853,343,12,0,32,0,5355,5026,331,0,0,0,0,5449,4817,344,36,32,119,2,5580,5219,361,0,0,0,0,5741,5361,369,0,0,11,0,4151,3950,146,22,14,23,0,3890,3645,230,0,0,15,0,4090,3870,220,0,0,0,0,4306,3884,211,21,18,92,1,4306,3884,211,17,8,5,0,12,169,4217,3931,303,0,0,0,0,4465,4130,325,0,0,10,0,0,2675,1043,1581,2192,974,1218,2455,743,1555,2382,902,1350,2371,1016,1276,2297,939,1358,1863,744,1078,2453,851,1536,2907,837,2020,2863,674,1915,2794,828,1966,0.0,18,18089,,,
974,18089012100,121,-87.3307606,41.5728484,1235002.0,1235002.0,0.0,940,13,16,916,0,6,0,571,28,16,533,0,10,0,517,41,21,455,0,17,0,537,16,22,491,1,20,0,525,27,21,477,0,18,0,408,26,44,344,0,8,0,688,11,10,667,0,5,0,465,30,15,415,0,10,0,450,40,15,375,0,15,0,382,9,3,367,1,6,0,382,9,3,361,0,0,0,2,7,457,27,20,393,0,21,0,300,25,15,255,0,10,0,0,551,543,4,392,392,0,288,269,13,284,272,8,285,273,9,285,277,8,209,202,3,245,237,5,214,202,11,218,201,14,212,200,12,0.0,18,18089,,,
975,18089043001,430.01,-87.3893381,41.4284818,10843987.0,10843987.0,0.0,4568,4151,271,52,79,25,2,4413,3909,297,83,110,7,7,4274,3833,251,59,122,7,5,4663,3894,432,140,103,101,1,3763,3383,288,58,22,7,5,4176,3738,256,74,28,30,3,3538,3278,176,32,47,15,1,3340,3090,160,40,30,8,4,3255,3025,150,24,35,8,4,3693,3162,281,102,70,70,1,3693,3162,281,83,60,2,1,14,90,2899,2677,167,38,0,6,0,3250,3000,180,30,10,29,4,0,2128,950,1152,2175,928,1247,2328,936,1255,2277,1026,1167,2271,1112,1116,2203,1031,1172,1915,904,973,2300,997,1248,2570,1026,1504,2538,861,1515,2466,999,1467,0.0,18,18089,,,
976,18089030100,301,-87.4388472,41.6480933,655207.0,637939.0,17268.0,1644,15,145,1537,2,25,2,1277,22,27,1242,0,5,0,1344,24,31,1305,0,0,0,1338,34,98,1239,2,15,3,1391,30,31,1348,0,0,0,1218,9,162,1092,0,0,0,920,14,79,842,0,13,0,730,10,15,705,0,0,0,680,10,4,665,0,0,0,741,20,33,690,1,4,1,741,20,33,664,0,0,0,5,19,774,15,4,755,0,0,0,725,10,70,650,0,0,0,0,544,540,4,486,483,3,457,446,7,427,412,9,425,414,8,427,415,12,286,278,6,372,359,10,322,303,13,321,294,22,316,301,15,0.0,18,18089,,,
977,18089030400,304,-87.4572268,41.660661,15058261.0,12332349.0,2725912.0,3505,296,2369,923,9,43,15,3126,88,2291,754,0,0,0,3241,122,2364,755,0,10,0,2844,191,1976,732,24,88,3,3409,167,2405,846,0,20,0,3182,181,1997,1018,0,15,0,2401,267,1574,588,5,28,7,1860,100,1285,475,0,0,0,1990,135,1300,555,0,0,0,2059,178,1384,498,15,68,1,2059,178,1384,462,4,10,0,4,17,2113,182,1292,637,0,0,0,2160,150,1220,790,0,0,0,0,936,825,100,877,809,68,873,773,70,844,755,68,836,765,55,843,787,56,563,513,38,762,683,67,739,648,87,745,627,105,731,644,87,0.0,18,18089,,,
978,18089042100,421,-87.2772684,41.5464801,5280513.0,5280513.0,0.0,5546,4037,928,480,73,96,5,5706,4331,909,431,17,139,0,5621,4023,1050,462,16,198,0,5698,3289,1300,897,93,186,16,5499,3586,1092,792,15,213,0,6370,3521,1308,1480,19,212,0,4105,3117,601,308,51,61,4,4086,3194,492,330,0,65,0,4107,3120,542,350,0,90,0,4269,2623,849,607,70,128,7,4269,2623,849,519,62,20,0,20,176,3992,2812,618,472,0,78,0,4510,2860,815,795,0,49,0,0,1949,1219,700,1798,1168,630,1912,1011,747,1863,1151,595,1866,1260,547,1831,1226,605,1500,970,484,1877,1114,699,2116,1132,930,2089,1048,857,2033,1157,876,0.0,18,18089,,,
979,18089042200,422,-87.288913,41.5269162,14709754.0,14082028.0,627726.0,6591,5226,1010,316,45,49,3,6639,4945,1028,284,333,234,63,6496,4992,1083,322,216,85,39,6630,4555,1370,524,74,176,11,6428,4490,1192,505,174,91,25,6527,4263,1352,864,27,10,0,4975,4133,600,200,27,35,3,5115,3680,880,160,240,100,0,4815,3600,840,150,155,35,0,4975,3677,838,308,50,122,10,4975,3677,838,252,33,6,9,12,148,4819,3259,926,426,131,41,0,4965,3295,995,660,10,8,0,0,2671,1528,1106,2571,1541,1030,2682,1244,1246,2608,1482,998,2609,1584,949,2555,1530,1025,2170,1312,796,2651,1424,1148,2989,1461,1461,2953,1279,1444,2859,1445,1414,0.0,18,18089,,,
980,18089010304,103.04,-87.4091878,41.6227628,18808004.0,15337181.0,3470823.0,3149,86,399,2716,25,26,2,3192,109,540,2612,0,15,0,2889,140,439,2310,0,13,0,3048,112,473,2530,17,42,9,2362,196,379,1787,0,19,0,2285,45,219,2021,0,0,0,2318,67,304,1965,13,17,2,2455,105,295,2045,0,0,0,2165,140,270,1750,0,0,0,2220,76,337,1832,10,23,5,2220,76,337,1732,0,0,0,11,64,1827,197,360,1288,0,0,0,1735,45,205,1480,0,0,0,0,1468,1431,22,1503,1502,1,1230,1181,28,1226,1173,27,1214,1177,24,1212,1181,31,937,907,21,1095,1068,20,1050,1003,44,1050,984,56,1040,995,45,0.0,18,18089,,,
981,18089021700,217,-87.5023878,41.5776597,2024304.0,2024304.0,0.0,4940,2317,1494,1144,46,57,7,4493,1954,1164,1363,21,58,0,4576,1865,1273,1424,43,22,0,4683,1669,1692,1280,60,126,0,4344,1494,1299,1474,182,55,1,4294,1493,1626,1050,219,147,1,3519,1964,892,642,29,35,3,2920,1595,655,645,10,24,0,3025,1585,700,705,15,20,0,3526,1467,1119,875,35,96,0,3526,1467,1119,798,22,1,0,8,111,2737,1275,553,832,46,20,0,3235,1470,825,860,30,28,0,15,1629,1063,540,1630,1136,494,1662,1047,512,1629,1093,452,1623,1152,427,1597,1142,455,1262,903,330,1562,1056,465,1641,1080,530,1622,1017,548,1599,1072,527,0.0,18,18089,,,
982,18089040401,404.01,-87.4963847,41.5594991,4654424.0,4654424.0,0.0,5208,4331,556,152,163,16,2,4887,4077,617,124,92,4,0,5066,4224,642,139,84,17,0,5317,3856,955,252,175,119,2,5309,4348,788,140,47,15,0,5504,4413,891,128,65,17,7,4038,3471,355,92,110,14,2,3815,3370,335,74,39,0,0,3935,3385,445,79,35,0,0,4134,3168,610,169,123,82,2,4134,3168,610,153,96,2,0,8,97,4235,3494,633,85,18,0,0,4355,3440,775,114,19,0,0,0,2785,1406,1342,2691,1305,1386,2846,1423,1269,2764,1431,1232,2754,1505,1173,2701,1440,1261,2434,1384,1005,2821,1495,1257,3114,1677,1382,3072,1430,1555,3007,1543,1464,0.0,18,18089,,,
983,18089030300,303,-87.4298205,41.67148,13698300.0,11219082.0,2479218.0,2577,72,522,2068,2,20,1,2015,103,552,1353,14,14,0,1678,100,394,1173,16,14,0,1402,57,316,1057,11,24,0,1513,58,641,804,14,11,0,960,68,435,457,0,0,0,1654,56,308,1319,1,8,1,1175,90,345,734,0,4,0,1020,85,270,664,0,4,0,1053,46,227,785,5,14,0,1053,46,227,758,1,0,0,0,21,708,55,198,450,0,0,0,500,70,130,305,0,0,0,0,1110,1096,9,1005,999,6,807,784,13,777,751,16,775,747,18,768,736,32,501,488,9,614,597,13,427,402,24,425,388,36,424,400,24,0.0,18,18089,,,
984,18089021000,210,-87.4403645,41.6012832,5599496.0,5549536.0,49960.0,5183,2530,1795,852,70,77,3,5619,2578,2166,942,41,22,9,5719,2316,2549,936,42,76,9,5081,1722,2247,1060,64,190,6,5937,2873,2416,691,43,73,0,5776,2573,2794,386,19,86,0,3715,2068,1097,508,47,59,2,3550,2110,940,480,10,0,0,3720,1870,1280,560,10,0,0,3746,1488,1511,677,47,122,3,3746,1488,1511,619,29,2,1,17,79,3743,2090,1255,380,19,0,0,4335,2035,1970,315,20,0,0,0,1416,981,407,1567,1116,451,1694,1031,549,1633,1092,449,1630,1142,428,1593,1141,452,1291,897,357,1573,1041,483,1655,1029,596,1630,971,575,1580,1039,541,0.0,18,18089,,,
985,18089010205,102.05,-87.3217824,41.61601,22101996.0,15152546.0,6949450.0,1546,37,120,1408,11,13,2,1394,108,54,1225,26,0,0,1393,98,68,1214,36,0,0,1249,58,107,1105,0,16,0,1777,82,71,1585,59,0,0,1745,106,69,1584,0,0,0,1064,34,88,949,6,9,1,1110,110,45,935,14,0,0,1100,100,45,935,19,0,0,962,54,88,826,0,13,0,962,54,88,795,0,1,0,6,18,1308,79,46,1152,43,0,0,1245,105,35,1110,0,0,0,0,696,682,8,640,633,7,488,467,16,482,465,11,483,469,12,480,466,14,369,359,7,434,419,13,406,381,21,404,370,28,403,379,24,0.0,18,18089,,,
986,18089043403,434.03,-87.415371,41.2884698,14281262.0,14013320.0,267942.0,6582,5961,488,53,29,57,6,6918,6307,479,18,0,43,0,6830,6088,587,21,13,40,0,7276,6235,597,109,69,251,1,6716,6108,520,19,20,54,0,7032,5852,922,101,15,181,0,4851,4498,273,23,22,37,5,4990,4745,195,19,0,40,0,4875,4510,290,20,15,35,0,5523,4829,379,49,45,180,1,5523,4829,379,33,28,10,1,11,232,4868,4582,175,22,21,52,0,5105,4455,530,39,15,69,0,0,2666,1321,1301,2548,1223,1325,2931,983,1748,2859,1164,1556,2862,1302,1471,2782,1194,1588,2211,987,1172,2912,1135,1695,3415,1196,2155,3383,1010,2042,3262,1167,2095,0.0,18,18089,,,
987,18095001902,19.02,-85.670034,40.0691275,2223297.0,2193688.0,29609.0,2559,2113,102,312,13,24,0,2504,1917,91,360,148,15,0,2520,1832,125,450,134,21,0,2661,1878,208,516,9,82,1,2303,1430,147,634,126,13,0,2414,1706,84,569,0,55,0,2069,1787,66,193,7,18,0,1840,1505,35,230,60,15,0,1845,1465,30,275,50,20,0,2097,1599,116,333,4,60,0,2097,1599,116,290,2,6,0,2,82,1483,1083,33,308,45,17,0,1625,1370,10,215,0,29,0,0,1151,687,450,1003,548,455,1087,447,574,1073,521,468,1074,561,461,1041,447,594,831,411,364,1024,485,489,1032,465,540,1039,338,559,1021,496,525,0.0,18,18095,,,
988,18095001801,18.01,-85.7166228,40.0605506,17812748.0,17812748.0,0.0,3495,2868,130,439,30,38,2,3824,2712,22,779,303,0,0,3467,2529,83,805,43,0,0,3577,2730,250,445,44,75,3,3409,2724,115,485,30,0,0,3073,2562,92,309,36,21,0,2743,2330,79,291,21,25,0,2895,2150,10,570,165,0,0,2770,2110,25,630,0,0,0,2858,2280,157,313,31,54,0,2858,2280,157,289,30,9,0,9,84,2633,2273,28,325,0,0,0,2530,2190,40,275,0,20,0,0,1635,921,693,1420,729,691,1473,548,840,1456,647,702,1455,700,693,1413,515,898,1206,552,592,1422,612,753,1500,602,866,1506,447,834,1484,644,840,0.0,18,18095,,,
989,18095001802,18.02,-85.6558571,40.05443,6251912.0,6251912.0,0.0,1313,1106,23,147,24,16,6,1130,1062,0,68,0,0,0,1388,1275,0,35,22,56,0,1647,1314,52,195,54,46,2,1469,1179,0,208,34,48,0,1438,1055,45,283,29,12,0,1095,953,11,97,20,16,5,985,915,0,70,0,0,0,1103,988,0,35,20,55,0,1311,1107,22,121,36,29,2,1311,1107,22,105,35,1,0,0,41,1269,979,0,210,36,51,0,1295,975,15,270,24,10,0,0,673,380,283,584,296,288,696,274,368,683,307,322,681,319,331,662,254,408,562,256,264,669,296,340,692,309,367,697,221,405,687,297,390,0.0,18,18095,,,
990,18095001901,19.01,-85.6849084,40.0725646,2943148.0,2943148.0,0.0,3132,2820,99,190,17,13,0,2771,2506,73,152,0,40,0,3135,2972,17,107,0,39,0,3159,2493,183,344,24,100,0,2815,2694,18,70,0,33,0,3222,2955,22,244,0,65,0,2519,2319,56,129,11,9,0,2345,2205,55,40,0,40,0,2650,2595,0,14,0,40,0,2564,2146,116,214,14,70,0,2564,2146,116,186,6,5,0,6,99,2540,2512,0,1,0,32,0,2775,2665,0,110,0,69,0,0,1400,797,578,1261,655,606,1322,515,725,1318,622,594,1312,652,607,1286,520,766,1121,539,515,1244,566,623,1195,523,653,1196,389,665,1177,543,634,0.0,18,18095,,,
991,18089042000,420,-87.2526791,41.5188881,12646436.0,12341185.0,305251.0,6568,5377,735,390,71,36,2,6160,5162,611,278,91,75,8,6437,5138,803,333,153,75,10,6922,5089,1126,480,115,176,5,6584,5526,643,214,192,61,0,6586,5313,896,137,163,76,0,5169,4385,469,258,45,23,2,4680,3985,385,210,84,0,10,4955,4105,475,230,145,0,10,5515,4258,727,349,75,118,3,5515,4258,727,294,55,7,0,7,167,5111,4379,401,154,174,7,0,5385,4535,625,70,134,8,0,0,2965,1632,1291,2759,1584,1175,3055,1469,1384,2964,1670,1149,2969,1826,1072,2907,1712,1195,2561,1540,961,3083,1692,1311,3562,1808,1668,3515,1590,1708,3403,1790,1613,0.0,18,18089,,,
992,18089031000,310,-87.4420475,41.6448304,376581.0,376581.0,0.0,1390,38,365,1018,2,19,0,1457,23,437,1038,0,0,4,1508,26,486,1030,0,0,5,1509,21,434,1088,15,22,12,1723,48,511,1195,0,36,5,1725,30,558,1203,0,38,2,928,33,255,655,2,12,0,880,25,240,610,0,0,4,925,25,265,630,0,0,4,1022,21,270,737,12,13,6,1022,21,270,714,6,0,2,0,9,1125,48,275,807,0,0,4,1170,30,320,820,0,0,4,0,629,607,15,521,508,13,442,418,15,409,387,14,414,394,15,411,398,13,309,294,10,407,383,19,440,410,26,436,392,40,429,398,31,0.0,18,18089,,,
993,18089010203,102.03,-87.3742856,41.6189661,14626645.0,11034983.0,3591662.0,2462,46,84,2338,2,23,0,2065,6,66,1968,14,24,0,2328,9,66,2221,16,28,0,2440,39,132,2315,2,37,0,2366,0,61,2260,17,39,0,2309,43,20,2233,0,24,0,1838,34,70,1736,0,17,0,1540,4,65,1440,15,10,0,1830,10,70,1720,15,15,0,1768,33,72,1672,2,22,0,1768,33,72,1616,0,4,0,6,37,1729,0,58,1616,13,23,0,1545,30,20,1485,0,14,0,0,1266,1250,10,1026,1025,1,784,760,10,784,765,10,781,761,12,774,761,13,595,582,9,744,725,13,767,729,31,768,713,47,754,722,32,0.0,18,18089,,,
994,18089040403,404.03,-87.4929528,41.5449829,3116135.0,3116135.0,0.0,5931,4818,611,142,360,16,3,5956,4754,983,22,126,47,0,5784,4621,891,95,143,47,9,5976,4259,963,341,361,94,3,5353,4134,742,260,207,109,16,5487,3498,1102,549,270,241,4,4604,3872,379,90,260,13,3,4715,4000,624,0,60,25,0,4515,3805,525,59,105,29,0,4580,3464,594,207,270,56,2,4580,3464,594,169,233,9,1,8,102,4096,3374,384,132,114,95,0,4070,2875,565,339,165,132,0,0,3161,1626,1507,3077,1495,1582,3163,1538,1431,3088,1549,1440,3082,1687,1332,3008,1564,1444,2684,1571,1060,3137,1648,1413,3455,1881,1521,3415,1519,1808,3373,1659,1714,0.0,18,18089,,,
995,18089041900,419,-87.2344981,41.5418512,6569462.0,6531699.0,37763.0,4913,4063,620,172,49,35,2,4788,3744,556,283,154,43,0,4704,3641,562,343,166,63,0,5031,3804,853,203,47,148,2,4740,3561,607,417,199,53,0,4680,3565,709,342,124,33,0,3751,3204,389,104,39,25,1,3670,3045,315,204,90,20,0,3485,2900,340,129,90,30,0,3841,3049,548,112,28,92,1,3841,3049,548,90,18,6,0,8,122,3507,2832,353,146,135,24,0,3490,2860,390,120,85,33,0,0,2007,1090,886,2045,1182,863,2114,950,1002,2062,1148,779,2063,1269,720,1992,1167,825,1734,988,693,2099,1099,927,2371,1101,1219,2342,986,1172,2262,1114,1148,0.0,18,18089,,,
996,18089043404,434.04,-87.2817693,41.2813388,145053434.0,144630347.0,423087.0,1668,1582,67,5,7,11,0,1559,1377,115,18,30,12,7,1672,1435,153,26,32,21,5,1719,1484,151,40,8,45,2,1723,1533,169,11,3,0,7,1971,1743,176,7,4,0,9,1325,1267,42,3,7,10,0,1275,1155,75,20,15,10,4,1275,1155,60,20,15,20,4,1361,1210,98,15,3,28,2,1361,1210,98,8,2,3,0,0,40,1347,1244,82,4,4,0,0,1580,1470,95,0,4,0,10,0,698,297,385,692,285,407,771,215,515,737,247,465,736,293,430,715,250,465,622,242,362,756,253,485,841,258,566,827,235,531,816,259,557,0.0,18,18089,,,
997,18089021800,218,-87.4873489,41.5743098,2012534.0,2012534.0,0.0,3696,1781,788,1061,104,46,4,3497,1337,877,1276,26,15,0,3471,1274,940,1249,27,7,0,3568,1278,938,1316,46,77,6,3725,1241,1303,1173,26,8,0,3777,1282,1272,1168,70,5,0,2643,1476,489,593,88,30,2,2345,1210,475,640,0,14,0,2225,1190,385,635,0,4,0,2535,1085,610,777,31,66,3,2535,1085,610,737,24,5,2,5,67,2322,1207,529,571,0,8,0,2465,1130,675,615,40,4,0,0,1149,854,280,1084,760,324,1128,697,366,1100,750,306,1097,765,300,1073,768,305,873,620,230,1107,733,344,1229,774,431,1214,724,435,1188,768,420,0.0,18,18089,,,
998,18089041200,412,-87.3843642,41.5597616,11548244.0,11517267.0,30977.0,2474,1759,392,278,31,57,3,2287,1713,452,176,0,16,0,2368,1966,384,6,0,18,0,2165,1353,435,308,29,75,0,2379,1376,967,44,0,35,0,2431,1631,423,297,54,34,0,1800,1372,216,167,20,34,3,1820,1405,310,79,0,15,0,1865,1555,290,0,0,20,0,1658,1124,290,190,28,51,0,1658,1124,290,143,17,1,0,5,78,1973,1110,841,5,0,23,0,1855,1305,365,119,40,34,0,0,603,366,226,422,254,168,493,227,240,473,239,210,475,255,200,463,262,201,320,164,143,446,209,222,474,192,272,470,186,248,462,202,260,0.0,18,18089,,,
999,18089041700,417,-87.2557388,41.5806886,9508716.0,9392452.0,116264.0,4615,2833,1524,282,20,66,4,4551,2484,1605,371,94,31,0,4532,2794,1271,363,110,21,0,4774,2556,1748,397,39,143,5,4327,2464,1384,445,66,133,0,5306,3157,1864,247,41,142,8,3335,2219,966,144,17,47,2,2888,1910,664,274,20,24,0,2973,2075,564,259,55,20,0,3577,2084,1197,210,23,109,4,3577,2084,1197,152,10,11,0,18,105,3055,1885,801,316,30,40,0,3460,2210,1040,155,25,27,0,0,1381,903,440,1219,862,357,1193,626,496,1147,695,382,1147,749,349,1125,745,380,948,598,317,1176,669,472,1361,669,669,1335,616,625,1307,703,604,0.0,18,18089,,,
1000,18089043401,434.01,-87.4923722,41.2525043,160773085.0,160468813.0,304272.0,6826,6368,334,47,39,52,2,6827,6426,374,43,7,37,0,6825,6505,286,34,8,39,0,7676,6783,531,101,45,151,1,6865,6605,211,51,9,39,0,7680,7087,502,48,0,83,0,5086,4817,191,19,18,36,2,5095,4785,280,0,4,20,0,5045,4830,180,0,10,25,0,5988,5392,331,53,27,125,1,5988,5392,331,35,14,8,1,17,190,4803,4623,115,0,10,30,0,5460,5115,294,30,0,22,0,0,2523,1088,1402,2765,1126,1639,3049,864,2013,2943,1042,1779,2940,1143,1715,2858,1042,1816,2441,871,1504,3176,1017,2080,3948,1109,2771,3900,928,2611,3794,1096,2698,20291.973114270386,18,18089,,,
1001,18089990000,9900,-87.3498704,41.7046673,287882078.0,0.0,287882078.0,0,0,0,0,0,0,0,0,0,0,0,0,0,0,0,0,0,0,0,0,0,0,0,0,0,0,0,0,0,0,0,0,0,0,0,0,0,0,0,0,0,0,0,0,0,0,0,0,0,0,0,0,0,0,0,0,0,0,0,0,0,0,0,0,0,0,0,0,0,0,0,0,0,0,0,0,0,0,0,0,0,0,0,0,0,0,0,0,0,0,0,0,0,0,0,0,0,0,0,0,0,0,0,0,0,0,0,0,0,0,0,0,0,0,0,0,0,0,0,0,0,0,0,0,0,0,0,29943.690587791356,18,18089,,,
1002,18067010600,106,-86.1624146,40.4240002,24211889.0,23923918.0,287971.0,4457,4084,83,141,147,15,1,5196,4804,128,78,132,54,0,5251,4810,185,79,128,49,0,5017,4365,148,168,217,107,3,5191,4717,179,74,185,13,0,4894,4551,55,84,171,12,0,3402,3176,40,89,93,8,0,3830,3635,60,24,55,55,0,3810,3615,80,15,50,50,0,3896,3463,77,111,152,78,3,3896,3463,77,84,140,5,2,5,120,3651,3507,72,20,34,18,0,3555,3405,20,50,70,10,0,0,2496,908,1561,2404,794,1610,2563,620,1781,2562,836,1594,2544,920,1552,2456,615,1841,1983,609,1294,2584,778,1729,2968,859,2073,2971,582,1994,2931,828,2103,0.0,18,18067,,,
1003,18067010100,101,-85.9324932,40.4907766,210602167.0,209888610.0,713557.0,6491,6299,66,51,44,29,2,6405,6122,132,41,78,39,0,6368,6113,154,33,49,27,0,6355,5953,118,76,39,126,2,6241,6041,120,32,41,10,0,6039,5738,126,54,95,29,0,4921,4803,40,32,26,23,2,4940,4775,95,8,20,40,0,4940,4775,115,8,20,24,0,4916,4643,55,47,30,100,2,4916,4643,55,34,18,11,0,12,143,4900,4783,77,2,14,13,0,4640,4475,84,20,40,18,0,0,3537,1158,2321,3297,943,2354,3419,607,2613,3407,907,2293,3387,1073,2204,3288,668,2620,2661,700,1855,3376,817,2452,3761,799,2869,3767,557,2489,3680,831,2849,0.0,18,18067,,,
1004,18067001500,15,-86.1168579,40.4259134,2817140.0,2817140.0,0.0,3909,3483,132,212,46,54,0,3559,2882,132,343,202,0,0,3645,3021,82,273,269,0,0,3881,3158,159,378,67,107,9,3409,2815,123,337,85,49,0,3903,3377,104,227,139,50,18,2884,2649,70,113,30,35,0,2560,2155,50,209,150,0,0,2680,2310,55,103,210,0,0,2872,2421,99,216,43,77,5,2872,2421,99,174,27,10,1,1,139,2381,2118,76,125,61,3,0,2900,2650,70,70,90,8,0,10,1691,824,847,1493,687,806,1484,449,919,1472,589,772,1464,618,791,1433,499,934,1122,419,638,1484,517,903,1704,518,1139,1708,366,996,1670,528,1142,0.0,18,18067,,,
1005,18067000600,6,-86.1558078,40.4971261,2297631.0,2297631.0,0.0,2990,2566,90,288,16,35,0,2880,2396,117,289,0,117,16,2917,2372,166,233,0,188,16,3032,2448,164,330,18,71,4,2896,2328,161,244,0,208,12,3024,2407,258,267,81,68,11,2305,2052,60,163,12,22,0,2310,1905,95,200,0,100,10,2375,1935,145,140,0,140,10,2350,2007,86,194,6,46,1,2350,2007,86,161,0,4,0,8,84,2392,1919,141,173,0,157,2,2265,1905,100,165,35,54,0,10,1283,683,582,1165,607,558,1233,442,722,1222,550,593,1216,605,571,1181,459,722,890,411,427,1192,503,646,1315,487,797,1302,364,741,1271,500,771,0.0,18,18067,,,
1006,18067010500,105,-86.2516382,40.425913,83518315.0,83462142.0,56173.0,5075,4883,75,59,27,25,1,5168,5026,47,10,42,50,2,5082,4865,87,26,83,31,49,5111,4680,114,87,61,138,7,5327,5029,141,56,74,27,54,5138,4651,256,114,78,68,44,3737,3622,40,39,16,19,0,3870,3790,29,0,19,34,0,3755,3620,49,19,19,19,0,3852,3582,65,43,36,97,7,3852,3582,65,31,20,12,5,6,131,4022,3873,69,28,5,27,0,3835,3575,155,40,10,39,0,25,2645,987,1602,2492,859,1633,2782,561,2029,2772,820,1768,2765,976,1691,2688,607,2081,2184,627,1446,2718,724,1888,2963,684,2231,2965,475,1933,2912,734,2178,0.0,18,18067,,,
1007,18067010400,104,-86.3127761,40.4966459,165163990.0,165069223.0,94767.0,3796,3642,54,48,28,27,9,3656,3268,80,258,0,31,19,3592,3264,118,154,0,32,24,3692,3454,64,60,27,68,5,3662,3449,97,95,0,0,21,3777,3530,56,132,0,4,40,2864,2784,28,20,17,13,4,2810,2575,65,110,0,30,0,2740,2490,105,95,0,30,0,2821,2653,46,35,12,51,3,2821,2653,46,19,9,1,3,13,77,2827,2661,91,61,0,0,0,2850,2640,55,110,0,4,0,40,2141,735,1370,1961,581,1380,2075,432,1529,2073,607,1356,2075,706,1308,2017,452,1565,2068,498,1501,2117,556,1497,2220,534,1653,2216,385,1392,2174,531,1643,0.0,18,18067,,,
1008,18089041800,418,-87.2384477,41.5675582,11704124.0,11691787.0,12337.0,6435,4586,1561,250,45,74,3,6230,4061,1589,543,48,5,13,6178,4012,1531,625,0,25,0,6438,3904,1846,485,65,198,12,6096,4309,1398,388,0,14,0,5875,3999,1446,340,27,108,0,4855,3696,972,142,25,58,1,4485,3375,855,215,35,4,0,4470,3265,975,210,0,25,0,4962,3263,1248,275,42,139,1,4962,3263,1248,209,19,8,0,19,196,4786,3647,903,222,0,15,0,4755,3585,895,220,25,39,0,0,2021,1243,720,1968,1248,720,2141,1013,971,2066,1160,758,2068,1310,673,2021,1264,757,1569,915,604,2002,1076,862,2197,1016,1142,2145,949,1020,2098,1048,1050,0.0,18,18089,,,
1009,18067001400,14,-86.1068005,40.4466775,9185533.0,9185533.0,0.0,4386,3680,123,460,94,30,3,4598,4077,28,247,237,0,0,4485,3934,34,309,204,0,0,4693,3661,187,517,208,84,6,4777,4042,83,440,197,0,0,5103,4005,177,576,332,135,0,3463,3025,74,284,58,18,3,3600,3370,30,140,60,0,0,3545,3330,30,139,45,0,0,3842,3114,112,348,159,76,2,3842,3114,112,323,146,19,2,19,107,3401,3093,66,220,5,0,0,3645,3160,110,275,79,15,0,0,2302,1040,1237,2186,924,1262,2205,755,1329,2185,923,1117,2184,1013,1103,2123,761,1362,1725,723,917,2168,863,1229,2395,872,1466,2379,665,1403,2334,880,1454,0.0,18,18067,,,
1010,18067010300,103,-86.1793878,40.5261171,62642261.0,62642261.0,0.0,3782,3522,97,90,40,40,0,3952,3709,48,122,62,11,0,4172,3968,0,134,60,10,0,4327,3829,151,169,70,79,4,4200,4097,0,89,0,14,0,4227,4077,12,32,0,25,0,2942,2773,63,64,25,25,0,2840,2755,10,59,0,10,0,3035,2950,0,80,0,10,0,3329,3014,86,91,56,62,3,3329,3014,86,83,38,4,1,10,93,3142,3038,0,77,0,16,0,3165,3110,10,30,0,8,0,0,2123,801,1294,1905,649,1256,2168,541,1499,2171,701,1360,2169,824,1294,2100,519,1581,1789,612,1115,2199,680,1459,2483,709,1736,2497,478,1694,2451,696,1755,0.0,18,18067,,,
1011,18089011500,115,-87.2888513,41.585191,5589612.0,5589612.0,0.0,2693,225,213,2296,14,25,0,3257,277,342,2674,0,80,0,2845,328,358,2205,1,53,0,2250,149,273,1865,10,54,4,2636,222,266,2246,0,48,0,1879,115,251,1567,0,54,0,1868,197,144,1535,5,13,0,2135,260,260,1575,0,10,0,2060,300,270,1459,0,10,0,1617,128,193,1313,7,38,4,1617,128,193,1242,4,3,0,0,47,1931,200,120,1598,0,4,0,1370,120,160,1094,0,4,0,0,1276,1228,37,1095,1073,22,889,838,43,880,825,40,884,836,40,879,840,39,713,683,29,832,786,43,834,770,60,830,747,74,831,765,66,0.0,18,18089,,,
1012,18089011600,116,-87.3256851,41.5846464,1224214.0,1224214.0,0.0,2321,19,48,2272,1,10,2,1945,48,155,1776,0,0,12,2114,45,138,1961,0,0,10,1881,51,72,1780,10,20,1,2110,25,145,1974,0,0,11,2103,9,0,2094,0,0,0,1669,17,30,1624,1,10,1,1625,50,35,1540,0,0,0,1730,45,30,1650,0,0,0,1416,39,41,1347,6,10,1,1416,39,41,1304,0,0,0,7,25,1547,25,29,1502,0,0,0,1620,10,0,1610,0,0,0,0,1215,1204,6,1083,1083,0,803,786,6,811,793,9,807,790,9,807,798,9,620,610,7,720,707,7,658,632,21,660,620,33,658,639,19,0.0,18,18089,,,
1013,18089011700,117,-87.3365546,41.5865646,858980.0,858980.0,0.0,853,13,24,826,3,5,1,716,65,19,616,0,16,0,609,15,20,563,0,11,0,588,9,17,568,1,1,0,639,52,27,544,0,16,0,540,38,16,486,0,0,0,684,13,14,659,3,5,1,570,45,20,485,0,15,0,520,15,20,475,0,10,0,480,9,15,460,0,1,0,480,9,15,446,0,0,0,2,8,576,53,25,479,0,13,0,485,39,15,435,0,0,0,0,534,528,3,452,451,1,338,321,8,332,321,3,335,323,6,338,333,5,233,224,5,269,259,5,211,203,7,215,201,13,212,205,7,0.0,18,18089,,,
1014,18089011800,118,-87.3492951,41.5843554,1122243.0,1122243.0,0.0,1484,20,7,1460,4,3,0,1347,29,0,1301,17,0,0,1295,39,17,1235,4,0,0,1373,17,47,1305,7,36,1,1164,42,24,1043,55,0,0,1207,6,39,1136,48,0,0,1131,13,3,1114,2,3,0,955,30,0,920,4,0,0,935,40,15,875,4,0,0,1042,17,32,988,7,19,1,1042,17,32,946,3,0,0,9,35,937,40,24,808,55,0,0,885,4,10,840,30,0,0,0,877,866,6,681,681,0,595,574,15,591,570,13,590,573,12,591,574,17,500,486,11,555,539,12,559,529,26,565,514,45,555,529,26,0.0,18,18089,,,
1015,18089011900,119,-87.3465386,41.5768652,1293174.0,1293174.0,0.0,2069,30,37,2026,7,9,0,1500,21,47,1424,7,9,0,1446,30,7,1390,16,10,0,1262,49,70,1142,5,25,0,1529,20,6,1486,14,9,0,1192,40,93,1059,0,0,0,1370,19,15,1337,3,8,0,1025,20,14,975,4,10,0,1060,30,4,1000,15,10,0,934,47,46,843,3,14,0,934,47,46,816,3,0,0,7,15,1041,12,1,997,15,10,0,850,35,60,755,0,0,0,0,1041,1027,9,857,857,0,616,599,11,609,592,12,615,598,12,610,592,18,464,456,7,554,542,10,542,509,32,545,501,40,537,510,27,0.0,18,18089,,,
1016,18067000400,4,-86.1339087,40.5071482,2541563.0,2541563.0,0.0,3379,2919,99,305,23,39,7,3160,2627,223,258,24,29,0,3411,2722,397,240,26,17,0,3718,2739,177,640,45,115,1,3059,2445,367,235,0,0,0,3374,2754,286,347,0,20,0,2544,2268,59,167,16,33,3,2175,1965,29,135,20,25,0,2385,2065,85,185,25,15,0,2676,2074,112,355,29,98,0,2676,2074,112,311,22,22,0,13,122,2222,1980,85,169,0,0,0,2390,2105,85,180,0,20,0,0,1129,692,403,842,490,352,972,378,506,959,460,410,965,514,398,934,425,509,668,346,287,930,426,461,1058,414,614,1054,334,572,1029,442,587,0.0,18,18067,,,
1017,18067000200,2,-86.120216,40.4914328,3816355.0,3816355.0,0.0,3631,1866,172,1518,33,78,10,3852,1655,516,1777,0,41,0,3605,1606,349,1785,0,51,0,3619,1774,206,1544,30,108,7,3419,1379,345,1813,0,51,0,3486,1527,177,1769,0,130,0,2663,1470,97,1048,18,59,6,2670,1320,185,1130,0,40,0,2610,1245,119,1195,0,50,0,2687,1400,109,1079,18,88,2,2687,1400,109,1002,6,7,0,15,148,2561,1125,61,1376,0,0,0,2800,1235,135,1425,0,50,0,0,1195,929,233,1189,982,207,1128,754,316,1111,785,258,1108,809,258,1093,752,341,844,615,186,1096,750,305,1241,770,445,1227,661,422,1205,771,434,0.0,18,18067,,,
1018,18067000300,3,-86.1159741,40.5094437,3917010.0,3917010.0,0.0,2889,2454,93,290,17,45,4,3142,2845,49,230,0,0,0,3106,2579,100,410,0,9,0,2812,2250,156,317,12,69,3,3193,2815,100,249,0,14,0,3070,2356,288,313,0,81,0,2249,1979,55,178,10,34,1,2315,2105,44,170,0,0,0,2295,2005,95,184,0,0,0,2213,1880,90,170,9,45,0,2213,1880,90,152,8,6,0,8,69,2455,2261,76,109,0,3,0,2410,2090,125,169,0,20,0,10,1066,613,419,993,570,423,1039,384,573,1026,483,465,1024,526,458,989,417,572,753,351,349,984,431,507,1053,403,626,1036,310,549,1022,429,593,0.0,18,18067,,,
1019,18061060100,601,-86.1466156,38.377758,192772894.0,192048468.0,724426.0,6217,6040,56,38,42,51,4,6776,6454,129,80,15,106,0,7049,6616,245,135,3,64,0,6010,5648,115,61,39,104,4,7117,6737,124,103,39,110,0,6249,5924,116,73,55,62,0,4715,4605,25,19,31,41,4,5465,5265,29,44,15,104,0,5445,5290,60,30,4,60,0,4619,4386,56,34,22,90,1,4619,4386,56,20,14,14,0,10,119,5490,5323,36,24,8,106,0,4840,4725,38,4,8,64,0,0,2792,1150,1598,2555,1012,1543,2748,739,1873,2760,1044,1620,2722,958,1686,2613,783,1830,2256,768,1383,2701,842,1786,2929,759,2118,2928,652,2033,2847,804,2043,0.0,18,18061,,,
1020,18061060300,603,-86.2368647,38.1712947,168739923.0,168199408.0,540515.0,4996,4716,145,62,37,29,2,4935,4509,153,156,85,28,0,4667,4286,105,159,75,39,0,5731,5122,269,98,59,142,10,4633,4266,174,119,25,34,0,4952,4341,426,123,1,136,0,3846,3673,88,38,22,21,2,3565,3420,15,44,60,24,0,3445,3300,55,43,8,39,0,4276,3918,147,42,36,95,7,4276,3918,147,37,28,5,3,17,121,3521,3316,128,36,11,36,0,3615,3300,205,68,0,49,0,0,2240,1032,1165,2378,1010,1368,2345,648,1588,2344,851,1397,2317,868,1386,2234,675,1559,1919,646,1184,2319,742,1514,2535,732,1769,2533,601,1736,2487,727,1760,6228.499554634407,18,18061,,,
1021,18057110813,1108.13,-85.9095911,39.9397686,22694836.0,18473291.0,4221545.0,7695,6743,187,354,376,32,5,9605,7835,224,696,683,143,53,9895,8383,245,673,596,23,33,13901,10939,525,955,1213,185,21,10308,8560,226,673,836,24,26,12706,10659,459,815,748,85,25,4761,4226,102,196,218,15,2,6011,5334,80,299,249,0,55,6449,5747,100,344,229,0,35,9266,7458,279,582,763,114,14,9266,7458,279,532,690,20,4,21,262,7119,6126,63,399,506,0,24,8900,7460,320,595,495,0,25,0,3314,1301,1984,3779,1002,2777,5442,1798,3290,5419,1709,3546,5405,1832,3482,5246,1421,3825,5092,2106,2859,6173,2322,3713,7987,3497,4357,7974,2133,5333,7718,2968,4750,0.0,18,18057,,,
1022,18057110814,1108.14,-85.8903714,39.9799882,25685658.0,25568227.0,117431.0,4658,3934,150,265,299,10,0,8301,6861,321,626,433,61,0,9166,7158,569,698,684,55,0,11281,8401,521,871,1290,153,15,10005,7677,781,540,1007,0,0,11977,9663,325,15,1989,0,0,3098,2668,89,162,173,6,0,5618,4765,130,486,176,60,0,5950,4887,320,441,246,55,0,7797,6048,272,529,826,100,9,7797,6048,272,450,762,7,0,14,244,6471,5540,421,299,214,0,0,7610,6945,200,0,465,0,0,0,2158,845,1290,2241,731,1510,4229,1596,2377,4226,1506,2570,4217,1630,2514,4082,1260,2822,4083,1856,2113,4878,2008,2761,6398,2940,3342,6408,1922,4053,6196,2513,3683,0.0,18,18057,,,
1023,18057111104,1111.04,-86.1312264,39.9365904,6325151.0,6204350.0,120801.0,4305,3802,134,142,204,22,4,4750,4252,31,364,96,8,0,4329,3832,143,263,79,12,0,5520,4625,219,267,309,69,4,5388,4716,133,448,75,16,0,5435,4676,195,400,142,0,0,3415,3082,85,96,137,14,2,3691,3337,33,267,50,10,0,3451,3147,100,158,35,10,0,4511,3863,153,182,224,57,3,4511,3863,153,138,187,2,1,17,150,4406,4010,77,258,30,12,0,4505,4070,95,220,115,0,0,0,2118,865,1231,2196,837,1359,2444,1028,1223,2446,1012,1279,2444,1128,1236,2372,918,1454,2361,1165,1114,2676,1245,1337,3227,1629,1534,3234,1136,1787,3152,1507,1645,0.0,18,18057,,,
1024,18057111011,1110.11,-86.134807,39.9670711,2719768.0,2706498.0,13270.0,2344,1970,49,89,219,15,3,2953,2531,17,90,278,37,0,3405,2779,66,87,463,28,0,3377,2519,331,167,301,48,5,3783,3282,57,77,351,32,0,3945,3617,53,0,271,18,0,1960,1693,32,63,161,10,3,2390,2190,15,50,95,35,0,2640,2410,65,60,95,10,0,2944,2250,304,121,225,43,3,2944,2250,304,99,195,8,3,12,73,2675,2483,53,36,81,17,0,2960,2805,54,0,100,4,0,0,944,388,548,1213,451,762,1507,625,766,1496,608,804,1483,641,782,1443,537,906,1318,694,586,1651,786,811,2099,1143,921,2089,806,1148,2012,999,1013,0.0,18,18057,,,
1025,18057110819,1108.19,-86.0182945,39.9825185,4554658.0,4513025.0,41633.0,5889,5331,157,182,193,28,1,7097,5862,142,480,687,0,0,7148,6109,46,528,434,30,0,6086,5109,218,313,333,70,4,7068,6670,68,92,238,0,0,6689,6096,181,178,234,0,0,3902,3585,86,108,108,16,1,4976,4206,102,216,446,0,0,5168,4522,18,251,351,30,0,4378,3776,139,171,197,52,4,4378,3776,139,148,164,4,2,21,124,4544,4273,34,89,143,0,0,4435,4005,155,140,145,0,0,0,2870,1191,1662,3022,996,2026,3227,1217,1746,3215,1196,1891,3185,1248,1854,3073,948,2125,2734,1269,1377,3270,1365,1795,3692,1760,1847,3702,1164,2212,3559,1507,2052,0.0,18,18057,,,
1026,18057110821,1108.21,-85.9494762,39.9701502,3016083.0,2940849.0,75234.0,4962,3865,225,370,496,15,8,5588,4590,114,528,346,40,0,5579,4470,161,531,419,0,0,5000,3751,300,443,467,68,3,4142,3155,188,221,578,0,0,4744,3869,221,160,382,71,0,3121,2465,127,216,307,12,3,3515,2819,114,357,186,32,0,3484,2794,117,357,213,0,0,3250,2485,167,254,298,43,2,3250,2485,167,220,283,6,0,9,80,2455,2001,66,219,165,0,0,2840,2430,100,130,110,70,0,0,2025,797,1218,2398,896,1502,2242,937,1113,2227,896,1231,2212,987,1179,2132,742,1390,1888,964,869,2287,1053,1163,2635,1355,1226,2621,911,1510,2533,1177,1356,0.0,18,18057,,,
1027,18057110815,1108.15,-85.9295207,39.9737521,6901215.0,6840137.0,61078.0,5794,4569,243,563,393,24,5,6532,5366,131,612,399,43,0,6520,5220,189,619,489,0,0,7888,5690,418,831,806,100,7,6835,5569,67,522,677,0,0,7583,5791,60,652,682,0,0,3584,2888,120,333,227,18,4,4105,3292,132,416,213,29,0,4069,3266,140,413,252,0,0,5365,3970,249,512,529,68,6,5365,3970,249,448,470,6,4,21,197,4674,3982,64,266,347,0,0,5110,4240,25,560,285,0,0,0,2501,982,1498,2574,915,1659,3220,1317,1687,3206,1241,1858,3200,1316,1818,3098,1095,2003,2771,1376,1315,3380,1505,1789,4057,2011,1966,4044,1421,2341,3901,1785,2116,0.0,18,18057,,,
1028,18057110818,1108.18,-85.9560868,39.9887668,12392486.0,12300456.0,92030.0,5978,4704,264,537,469,41,13,7059,5307,284,657,955,20,0,7003,5301,302,673,814,19,0,7656,5409,514,879,711,151,2,7850,6887,244,442,301,50,0,8323,6452,143,1116,579,52,0,3845,3114,146,288,284,24,7,4382,3399,148,396,425,5,0,4444,3483,208,363,382,2,0,5147,3749,313,519,475,89,1,5147,3749,313,455,432,12,0,23,163,4866,4377,146,230,96,17,0,4990,4060,80,655,180,15,0,0,2650,1037,1589,2851,1054,1797,3362,1334,1771,3314,1322,1819,3304,1418,1780,3190,1130,2060,2776,1366,1301,3358,1518,1718,3773,1956,1723,3775,1363,2030,3651,1740,1911,0.0,18,18057,,,
1029,18057110909,1109.09,-86.1839837,39.9903297,7798145.0,7716161.0,81984.0,5588,4266,153,218,936,18,8,7205,4722,308,376,1732,18,36,7232,4651,226,399,1926,0,51,6468,4495,253,287,1307,66,8,7054,5615,122,246,947,0,0,6732,5179,159,460,889,0,0,3406,2643,76,122,560,13,5,4082,3034,126,181,693,17,0,4150,3047,117,200,753,0,0,4422,3160,157,184,856,32,5,4422,3160,157,171,816,3,0,15,100,4160,3471,71,142,472,0,0,4325,3420,100,270,540,0,0,0,2509,940,1551,2653,869,1784,3020,1240,1610,3015,1103,1833,3011,1177,1796,2933,970,1963,2724,1295,1380,3154,1375,1721,3657,1848,1742,3667,1229,2277,3563,1590,1973,0.0,18,18057,,,
1030,18057110303,1103.03,-86.1867306,40.1567435,125254568.0,125029915.0,224653.0,4858,4633,116,48,43,21,1,5163,4904,90,83,10,76,0,5212,5103,19,81,9,0,0,5218,4804,174,83,54,92,11,5218,5027,58,115,18,1,0,5221,4938,134,117,32,1,0,3568,3454,64,17,22,12,1,4180,4020,60,15,4,75,0,4145,4120,4,15,4,0,0,3980,3700,108,42,38,71,8,3980,3700,108,28,24,5,4,8,103,4165,4104,3,43,12,0,0,4160,4060,29,44,29,0,0,0,2065,724,1296,1810,462,1348,2329,452,1728,2310,579,1584,2307,690,1527,2242,425,1817,1935,507,1323,2350,585,1675,2649,635,1944,2645,444,1550,2568,646,1922,0.0,18,18057,,,
1031,18057110518,1105.18,-86.0558674,40.0519956,10096794.0,9992741.0,104053.0,4734,4379,135,108,94,18,8,5332,4788,325,207,53,47,0,5335,4801,273,220,64,8,0,5151,4582,204,165,95,81,10,4838,4248,220,294,28,8,0,4708,4136,77,335,43,48,5,3392,3180,82,61,56,13,5,4040,3650,195,120,25,40,0,4015,3630,180,170,30,4,0,3864,3501,119,109,69,47,0,3864,3501,119,93,53,1,0,16,81,3464,3049,162,240,18,3,0,3610,3200,75,250,35,49,0,4,2032,711,1290,2233,670,1563,2540,742,1598,2530,780,1621,2523,847,1595,2423,610,1813,2292,843,1364,2582,871,1619,2861,1086,1725,2838,714,1851,2739,946,1793,0.0,18,18057,,,
1032,18057110102,1101.02,-85.9228272,40.1254601,216649527.0,215360387.0,1289140.0,4348,4196,59,34,23,28,5,4124,3837,77,110,102,0,1,4628,4273,188,113,54,0,0,4271,3977,108,37,32,79,3,3972,3819,153,0,0,0,0,4329,4007,189,11,10,87,18,3320,3240,32,14,14,25,2,3075,2935,68,42,33,0,0,3359,3084,179,80,21,0,0,3321,3139,57,26,22,53,3,3321,3139,57,14,16,3,0,4,88,3065,2912,161,0,0,0,0,3475,3200,165,10,0,85,20,0,2045,661,1350,1939,499,1440,2125,416,1593,2118,491,1494,2109,546,1454,2031,387,1644,1767,464,1229,2162,505,1579,2457,548,1856,2446,376,1556,2352,537,1815,0.0,18,18057,,,
1033,18057110302,1103.02,-86.204006,40.052953,62348558.0,62201997.0,146561.0,1910,1753,78,36,31,7,0,2826,2469,140,107,104,0,0,3198,2715,253,113,123,0,0,5716,4457,467,462,244,86,5,5107,3873,669,487,47,343,0,6360,4589,1063,523,80,430,23,1419,1324,46,19,21,5,0,2018,1898,27,76,10,0,0,2358,2167,77,94,16,0,0,4020,3261,281,254,157,62,3,4020,3261,281,193,139,8,3,11,124,3841,2964,470,399,0,0,0,4585,3450,630,465,25,20,0,0,852,239,597,938,240,698,1362,398,859,1364,423,870,1357,477,845,1315,358,957,1475,566,846,1853,688,1119,2853,1191,1613,2846,821,1636,2743,1072,1671,0.0,18,18057,,,
1034,18057110405,1104.05,-86.1290307,40.0189792,8835749.0,8729545.0,106204.0,3564,2827,450,189,88,26,4,4759,3991,235,187,420,9,15,5214,4261,454,163,391,7,5,5018,3882,536,257,240,69,17,4565,3200,726,122,518,0,0,5109,3560,879,393,217,134,0,2531,2079,291,101,54,20,4,3158,2787,90,36,241,8,0,3302,2922,94,34,239,8,0,3605,2887,336,140,168,43,5,3605,2887,336,118,141,7,2,15,99,2705,2303,21,19,356,0,0,3195,2745,85,205,160,0,0,0,1241,467,764,1308,425,883,1865,725,971,1854,710,1038,1849,760,1022,1788,622,1166,1620,759,809,1953,840,1041,2304,1109,1148,2287,710,1351,2215,962,1253,0.0,18,18057,,,
1035,18057110911,1109.11,-86.0512856,39.9945008,8063574.0,7880501.0,183073.0,5103,4006,144,156,790,17,1,6187,4651,340,379,791,0,26,6946,5165,395,393,965,0,28,7308,5147,311,314,1454,53,9,6456,4378,607,356,1115,15,0,6620,4633,583,206,1159,64,0,3273,2614,77,96,480,6,1,4265,3335,180,360,370,0,0,4695,3570,235,375,490,0,0,5218,3776,194,222,975,45,4,5218,3776,194,169,912,2,0,7,158,4154,2975,182,343,650,0,0,4140,3240,160,90,635,19,0,0,2411,953,1445,2676,857,1819,3160,1309,1640,3151,1217,1821,3133,1251,1825,3040,1002,2038,2789,1343,1374,3430,1529,1817,4240,2193,1978,4239,1432,2603,4117,1850,2267,0.0,18,18057,,,
1036,18057110517,1105.17,-86.0476944,40.0192087,16714625.0,15087391.0,1627234.0,3935,3497,141,147,125,20,3,5980,5247,434,137,92,69,0,6408,5509,499,115,229,41,0,6811,5602,415,383,263,108,12,7151,6114,619,128,213,102,0,7410,6267,405,438,282,105,0,2837,2564,90,92,73,15,2,4000,3785,70,65,45,20,0,4375,4055,105,70,110,25,0,4822,4067,238,229,166,81,10,4822,4067,238,193,139,1,2,26,156,4715,4380,96,61,84,46,0,4860,4500,50,145,110,0,0,55,1809,694,1103,1849,600,1249,2377,750,1473,2364,742,1526,2355,829,1473,2274,615,1659,2377,929,1367,2791,1004,1716,3722,1476,2184,3716,966,2445,3595,1309,2286,0.0,18,18057,,,
1037,18057110514,1105.14,-86.0106553,40.01715,6434140.0,6285537.0,148603.0,3246,3086,53,51,38,11,2,3473,3252,110,72,38,3,0,3508,3260,96,104,43,4,0,3181,2895,64,79,68,54,1,4324,4185,46,16,77,0,0,4406,3948,141,263,54,0,0,2234,2150,32,28,15,9,2,2334,2213,68,38,12,1,0,2503,2352,67,71,18,1,0,2333,2171,36,43,36,35,1,2333,2171,36,41,20,0,1,10,54,2882,2833,46,4,0,0,0,2820,2615,115,90,0,0,0,0,1426,445,969,1796,465,1331,1938,548,1235,1934,571,1303,1923,609,1278,1855,434,1421,1723,629,1036,1865,615,1194,1895,727,1124,1887,462,1258,1821,616,1205,0.0,18,18057,,,
1038,18057111010,1110.10,-86.2248309,39.9584777,13131352.0,12853696.0,277656.0,4877,3785,137,243,688,31,6,5177,3856,143,205,973,94,0,5568,4354,118,201,895,91,0,7044,4558,229,371,1784,63,5,5853,4300,247,388,918,0,0,6497,4497,457,368,1039,0,0,3087,2452,85,142,399,12,4,3285,2665,105,110,370,0,0,3400,2850,55,110,350,0,0,4783,3226,141,250,1105,43,3,4783,3226,141,205,1070,2,0,25,114,3556,2761,127,230,435,0,0,3855,2875,185,235,555,0,0,0,2042,870,1149,2477,869,1608,3018,1466,1362,3002,1315,1611,2995,1380,1569,2892,1098,1794,2752,1519,1181,3226,1624,1538,3865,2204,1600,3854,1447,2260,3751,1852,1899,0.0,18,18057,,,
1039,18057111103,1111.03,-86.1934069,39.9350352,11513980.0,11277256.0,236724.0,3868,3205,85,184,385,27,3,3902,2921,148,71,685,76,0,4463,3178,137,18,855,275,0,4013,2953,170,242,577,41,5,3605,2864,108,8,515,110,0,3796,2879,65,79,690,9,0,2763,2341,53,118,242,12,3,2449,2113,57,43,200,45,0,2914,2363,135,17,250,150,0,3044,2342,107,167,385,28,1,3044,2342,107,145,354,5,0,2,89,2515,2238,103,10,109,57,0,2640,2270,65,80,210,10,0,0,2543,1133,1395,2242,768,1474,2375,1107,1115,2372,1010,1309,2368,1095,1232,2302,860,1442,2083,1099,958,2389,1156,1181,2604,1398,1152,2621,943,1567,2560,1229,1331,0.0,18,18057,,,
1040,18057110406,1104.06,-86.1585104,40.0273955,5123159.0,5120810.0,2349.0,5616,4918,211,189,241,31,5,5705,4685,370,334,405,37,61,5465,4600,285,192,415,37,20,6395,5426,285,257,297,103,2,6423,5206,196,779,271,31,16,7537,5461,570,832,412,116,6,3669,3266,121,105,150,23,3,3792,3488,115,64,84,37,0,3653,3338,61,41,175,37,0,4473,3846,202,139,192,77,1,4473,3846,202,113,166,13,1,10,122,4164,3625,99,253,177,14,0,5050,3980,380,340,289,60,0,0,2319,928,1370,2555,881,1674,2873,1052,1579,2863,1067,1648,2848,1160,1600,2742,883,1859,2572,1154,1326,3039,1254,1675,3606,1623,1879,3601,1063,2149,3474,1462,2012,0.0,18,18057,,,
1041,18057110516,1105.16,-86.1048515,40.0682501,28102193.0,27896732.0,205461.0,6181,5662,220,124,140,38,3,7786,6915,400,372,99,0,0,7742,7255,235,226,26,0,0,10257,8808,501,412,357,166,17,8197,7671,137,380,9,0,0,9965,8996,401,386,120,20,0,4326,4012,131,74,87,24,3,5640,5230,95,265,50,0,0,5670,5505,0,140,25,0,0,7365,6444,305,251,224,109,13,7365,6444,305,197,184,15,6,11,203,6121,5853,0,252,9,0,0,7275,6955,110,165,35,10,0,0,2819,963,1830,3016,889,2127,4038,1217,2503,4026,1242,2597,4002,1338,2556,3876,1007,2869,3910,1552,2223,4616,1636,2842,6001,2398,3481,6012,1548,3849,5801,2112,3689,0.0,18,18057,,,
1042,18057110513,1105.13,-85.9814585,40.0272235,20140101.0,20049751.0,90350.0,5442,4580,255,357,214,33,5,8130,6890,511,436,305,25,0,8984,7346,570,701,345,30,0,11255,8533,799,965,745,176,16,8454,6426,609,831,507,91,0,10830,7895,1037,825,983,28,0,3724,3214,146,196,139,18,4,5476,4792,292,276,103,9,0,6042,5058,343,494,142,9,0,8054,6269,494,615,548,112,14,8054,6269,494,528,473,9,1,25,255,5740,4636,322,566,157,55,0,7490,6075,305,715,355,30,0,15,2482,1023,1437,2710,969,1741,4053,1475,2243,4008,1465,2364,4009,1607,2278,3886,1293,2593,3499,1581,1776,4405,1793,2469,5616,2490,3006,5593,1727,3271,5352,2181,3171,0.0,18,18057,,,
1043,18095001700,17,-85.7206498,40.094473,6663309.0,6663309.0,0.0,3894,2222,117,1511,26,42,3,3844,1914,104,1848,0,30,0,3520,1829,263,1447,0,43,0,3861,2168,285,1262,31,118,2,3853,1961,286,1615,0,34,0,3859,1947,363,1473,0,30,0,2950,1780,71,1071,15,31,2,2925,1620,45,1250,0,10,0,2700,1540,65,1080,0,15,0,2932,1703,183,948,23,97,0,2932,1703,183,868,19,9,0,13,137,3090,1709,58,1303,0,17,0,3060,1725,135,1195,0,14,0,0,2018,1354,638,1803,1198,605,1758,971,680,1749,1024,609,1737,1068,605,1704,933,771,1457,913,481,1671,999,612,1681,1006,643,1689,821,669,1671,1020,651,0.0,18,18095,,,
1044,18061060201,602.01,-86.0743954,38.3032424,52813085.0,52812247.0,838.0,3603,3473,49,41,14,35,0,3722,3651,33,1,20,5,0,3598,3537,38,1,10,9,0,3574,3382,44,30,25,75,1,3696,3551,76,68,0,1,0,3869,3782,0,69,0,10,0,2681,2611,27,19,7,26,0,2772,2727,34,2,10,5,0,2730,2675,36,2,10,9,0,2735,2601,21,22,15,57,1,2735,2601,21,18,7,12,0,5,71,2932,2794,76,71,0,3,0,2965,2895,0,59,0,14,0,0,1674,673,971,1333,539,794,1622,443,1112,1629,565,1027,1616,551,1023,1583,435,1148,1407,479,864,1652,521,1093,1847,534,1277,1844,475,1232,1814,553,1261,0.0,18,18061,,,
1045,18075962900,9629,-84.9101357,40.3750423,269174071.0,269072967.0,101104.0,2874,2778,44,10,18,21,1,2727,2650,62,12,0,4,0,2801,2752,27,19,0,3,0,2812,2695,52,18,12,34,1,2866,2821,27,18,0,0,0,3004,2957,33,0,0,14,0,2173,2113,20,7,14,17,0,2006,1976,20,0,0,4,0,2040,2010,25,0,0,4,0,2099,2038,22,8,5,18,1,2099,2038,22,0,2,1,0,7,29,2127,2110,27,0,0,0,0,2130,2105,8,0,0,14,0,0,1396,531,822,1109,384,725,1221,240,925,1188,370,740,1187,406,750,1149,235,914,974,257,671,1179,294,854,1299,266,1013,1292,166,837,1274,265,1009,15301.50456793346,18,18075,,,
1046,18075963200,9632,-85.1214583,40.3439416,135448023.0,135362662.0,85361.0,2672,2605,32,12,11,9,0,2688,2610,38,0,27,13,0,2698,2558,118,0,22,29,0,2284,2178,31,19,17,42,2,2667,2497,140,0,23,45,0,2546,2315,202,0,19,30,0,2011,1973,16,3,8,8,0,2050,1985,25,0,25,15,0,2065,1950,95,0,20,0,0,1783,1707,20,8,13,31,2,1783,1707,20,3,11,3,2,0,37,1945,1831,95,0,24,7,0,1770,1675,69,0,20,12,0,0,1035,514,477,931,413,518,1035,295,687,1012,395,536,1010,411,557,963,288,675,779,272,462,979,320,623,1076,276,780,1068,199,613,1058,301,757,0.0,18,18075,,,
1047,18075963100,9631,-85.0040449,40.4295429,17400622.0,17394098.0,6524.0,4175,3842,256,24,29,20,4,3978,3553,210,66,90,58,1,3821,3462,229,66,42,20,1,4306,3658,462,54,34,82,6,3964,3501,349,65,28,19,1,4205,3712,358,35,20,238,0,3225,3035,145,12,19,11,4,2965,2720,125,29,30,60,0,2905,2685,155,24,15,20,0,3334,2915,306,31,23,55,3,3334,2915,306,18,18,1,3,2,71,2953,2692,214,28,5,25,0,3180,2890,230,35,4,24,0,0,1645,771,833,1740,759,981,1646,448,1063,1612,604,855,1605,640,894,1534,432,1102,1333,454,775,1592,518,995,1720,482,1193,1689,288,1049,1660,471,1189,0.0,18,18075,,,
1048,18075963000,9630,-84.961477,40.4325015,9243437.0,9243437.0,0.0,2294,2140,109,21,22,15,0,2307,2042,225,27,12,4,0,2314,2036,108,38,132,4,0,2315,2002,226,23,27,30,0,2054,1941,14,25,68,6,0,2151,1992,30,44,57,15,13,1726,1651,52,7,12,10,0,1659,1524,115,15,0,0,0,1740,1540,105,20,70,0,0,1746,1546,140,13,19,28,0,1746,1546,140,4,9,4,0,0,43,1571,1516,13,7,34,4,0,1600,1525,25,18,20,14,0,0,850,439,393,737,316,421,878,230,611,857,313,478,843,350,469,822,217,605,660,229,394,825,251,547,896,215,667,895,134,550,880,219,661,0.0,18,18075,,,
1049,18075962700,9627,-85.1194385,40.477904,283118676.0,283001330.0,117346.0,3347,3253,57,11,14,15,3,3257,3153,49,29,26,29,0,3271,3180,45,22,14,10,0,3117,3002,48,20,25,19,4,3389,3300,15,38,18,18,0,3319,3235,0,45,24,9,0,2484,2418,39,6,10,14,3,2415,2360,4,24,24,0,0,2445,2400,10,14,14,10,0,2302,2232,33,6,16,13,3,2302,2232,33,0,9,4,1,0,23,2447,2406,16,8,18,20,0,2430,2395,0,14,25,10,0,0,1411,536,825,1278,420,858,1332,234,1034,1307,397,821,1302,453,814,1245,236,1009,1070,270,730,1278,300,939,1408,242,1140,1404,146,901,1373,273,1100,0.0,18,18075,,,
1050,18075962800,9628,-84.9309755,40.5070828,268126116.0,268008228.0,117888.0,3404,3313,45,10,25,8,0,3837,3784,49,4,0,0,0,3786,3720,59,7,0,0,0,3379,3240,81,9,6,37,3,3634,3542,23,3,0,66,0,3227,3204,17,2,0,4,0,2149,2106,14,7,12,7,0,2695,2660,35,4,0,0,0,2640,2605,30,4,0,0,0,2206,2114,54,5,3,26,1,2206,2114,54,2,2,0,1,0,33,2641,2579,0,4,0,64,0,2545,2545,0,4,0,4,0,0,1255,427,789,1097,311,786,1110,181,892,1095,275,745,1094,305,748,1047,179,868,868,194,645,1066,222,816,1153,187,949,1154,114,773,1132,226,906,13886.298883967343,18,18075,,,
1051,18075963300,9633,-85.1993367,40.3730931,12257730.0,12227397.0,30333.0,2487,2425,34,14,3,10,0,2199,2152,7,14,0,26,0,2149,2065,61,10,0,13,0,2265,2117,44,30,10,56,2,2123,2002,98,16,0,7,0,1999,1851,62,73,1,45,0,1841,1807,19,7,2,9,0,1665,1620,0,14,0,25,0,1615,1550,45,10,0,15,0,1763,1648,37,20,5,43,2,1763,1648,37,11,0,4,2,0,61,1657,1561,80,19,0,8,0,1480,1380,60,24,0,12,0,4,923,530,362,783,423,360,800,261,485,779,367,354,775,370,371,744,266,478,607,257,313,782,297,451,904,258,619,903,193,504,876,296,580,0.0,18,18075,,,
1052,18073101100,1011,-87.2203323,40.953643,132207001.0,132122167.0,84834.0,3775,3509,180,55,19,27,2,3605,3213,308,32,52,0,0,3690,3407,193,33,57,0,0,3605,3175,283,42,23,84,1,3710,3377,168,69,47,6,0,3244,2810,142,111,14,10,0,2871,2703,105,38,9,20,2,2500,2280,149,34,35,0,0,2575,2400,84,34,45,0,0,2763,2498,154,17,15,62,1,2763,2498,154,10,9,8,0,1,83,2663,2497,106,20,35,3,0,2500,2335,89,60,4,8,0,0,1665,690,941,1449,560,889,1488,420,957,1470,522,883,1456,528,883,1409,409,1000,1153,400,708,1454,443,968,1647,447,1166,1636,300,1115,1580,407,1173,0.0,18,18073,,,
1053,18073100800,1008,-86.9998774,41.1187916,331575261.0,328774106.0,2801155.0,5037,4703,232,65,17,21,7,5365,4518,686,74,68,87,4,5278,4417,648,118,77,78,3,4843,4306,266,43,25,129,16,4776,4156,490,106,0,57,3,4997,4351,418,76,0,80,0,3695,3514,132,22,11,19,2,3860,3490,270,25,55,15,0,3765,3470,195,25,60,15,0,3677,3338,155,25,6,91,8,3677,3338,155,13,0,7,3,0,161,3480,3296,143,19,0,1,0,3745,3530,170,8,0,32,0,4,1906,864,983,1826,824,1002,1970,517,1347,1941,657,1189,1935,822,1052,1866,641,1225,1548,540,959,1957,603,1297,2276,557,1669,2250,459,1415,2183,585,1598,0.0,18,18073,,,
1054,18073101300,1013,-87.1592004,40.8300031,321323183.0,320954176.0,369007.0,3719,3502,95,83,27,24,7,3667,3465,60,95,24,15,0,3496,3283,87,101,21,10,0,3108,2862,107,36,19,60,6,3715,3395,58,240,18,18,0,3505,3147,89,243,20,17,0,2894,2743,55,64,18,19,4,2985,2815,45,84,20,15,0,2900,2745,58,68,14,10,0,2398,2236,69,19,15,41,6,2398,2236,69,12,15,2,5,1,58,3172,2964,17,174,8,3,0,2910,2665,65,154,8,8,0,10,1338,441,869,1289,355,934,1433,309,1053,1420,381,978,1410,408,964,1341,273,1068,1131,294,792,1364,328,996,1453,323,1099,1447,231,1016,1412,302,1110,0.0,18,18073,,,
1055,18073101200,1012,-87.0435012,40.9447381,195859330.0,195816239.0,43091.0,3929,3641,189,41,27,24,7,3748,3432,142,174,0,0,0,3943,3650,136,146,0,11,0,3670,3249,280,35,19,73,2,3882,3439,337,176,0,13,0,3767,3357,273,135,0,7,0,2901,2737,105,27,18,17,4,2865,2690,65,114,0,0,0,2860,2720,70,59,0,10,0,2778,2533,150,17,10,52,2,2778,2533,150,13,5,6,0,5,66,2738,2532,151,39,0,14,0,2770,2605,125,28,0,8,0,0,1459,605,823,1320,480,840,1362,357,901,1337,439,823,1333,468,812,1270,358,912,1045,331,674,1311,373,891,1477,368,1079,1467,249,974,1417,345,1072,0.0,18,18073,,,
1056,18027954501,9545.01,-87.0031221,38.7664131,181800324.0,177899555.0,3900769.0,5434,5374,19,28,9,8,2,5506,5458,37,0,11,0,0,5902,5876,26,0,0,0,0,5992,5936,18,18,4,12,0,6029,5923,0,0,0,1,0,5716,5578,0,0,0,12,0,3263,3236,14,8,3,8,1,3105,3105,0,0,0,0,0,3165,3165,0,0,0,0,0,3569,3528,12,11,4,12,0,3569,3528,12,0,4,0,0,4,21,3379,3379,0,0,0,3,0,3205,3190,0,0,0,14,0,0,757,169,560,704,104,600,810,87,695,806,170,613,805,239,549,756,100,656,704,108,582,835,127,693,1016,97,906,1002,76,708,956,117,839,0.0,18,18027,,,
1057,18027954502,9545.02,-86.9926949,38.6027121,284682909.0,276661944.0,8020965.0,3796,3771,15,2,3,2,1,4368,4356,12,0,0,0,0,4139,4131,8,0,0,0,0,4138,4058,15,21,17,17,1,3655,3651,4,0,0,0,0,4015,3980,26,2,0,7,0,2492,2474,3,0,1,2,1,3015,3015,0,0,0,0,0,2885,2885,0,0,0,0,0,2804,2759,13,13,2,13,1,2804,2759,13,10,2,1,0,0,19,2562,2564,0,0,0,0,0,2890,2865,25,4,0,4,0,0,1013,245,734,1019,169,850,1120,122,961,1110,241,838,1114,332,767,1060,143,917,984,169,794,1152,201,935,1363,169,1182,1352,118,958,1308,206,1102,0.0,18,18027,,,
1058,18109510703,5107.03,-86.4183654,39.4604903,31557504.0,30185497.0,1372007.0,3357,3244,43,22,36,11,1,3301,3038,0,38,217,8,0,3027,2679,0,100,240,8,0,3893,3599,87,77,41,69,1,3707,3200,0,164,343,0,0,3836,3639,78,60,51,12,0,2577,2514,29,6,20,9,0,2465,2315,0,40,105,10,0,2355,2160,0,60,130,10,0,3101,2881,67,58,25,55,1,3101,2881,67,44,23,6,1,6,73,2716,2511,0,40,165,0,0,2950,2805,64,29,50,0,0,0,1911,584,1304,1930,496,1434,2056,416,1520,2032,514,1411,2030,641,1324,1934,364,1570,1807,489,1238,2053,522,1461,2269,584,1632,2259,386,1481,2194,534,1660,0.0,18,18109,,,
1059,18109511001,5110.01,-86.5460095,39.4555581,186781637.0,184459917.0,2321720.0,5243,5105,50,22,18,41,2,5063,4972,26,0,22,43,0,4979,4881,33,0,40,24,0,5623,5291,71,31,30,177,6,5732,5556,32,0,28,76,0,6111,5850,75,18,0,114,0,3959,3882,32,6,6,25,1,3927,3872,25,0,0,18,0,3882,3832,30,0,0,14,0,4458,4228,42,19,28,129,2,4458,4228,42,2,12,10,0,1,163,4459,4369,33,0,0,54,0,4795,4685,15,0,0,105,0,0,2351,852,1469,2207,663,1544,2522,500,1904,2475,624,1696,2459,738,1631,2366,489,1877,2038,482,1454,2540,576,1874,2916,527,2312,2898,391,1722,2803,582,2221,0.0,18,18109,,,
1060,18109510704,5107.04,-86.3810116,39.4369517,29300728.0,28322494.0,978234.0,2698,2627,18,15,20,13,2,2770,2770,0,0,0,0,0,3068,2952,67,0,49,0,0,3032,2811,85,29,29,70,0,2569,2458,67,0,44,0,0,2923,2713,75,64,44,27,0,2052,2002,12,9,15,11,1,2080,2080,0,0,0,0,0,2320,2200,65,0,50,0,0,2348,2205,44,9,20,56,0,2348,2205,44,5,12,3,0,1,78,1948,1830,67,0,44,0,0,2290,2145,75,0,45,25,0,0,1245,414,812,1280,377,903,1392,268,1035,1378,341,953,1377,418,913,1331,271,1060,1163,304,803,1395,334,1008,1561,352,1161,1557,244,968,1499,342,1157,0.0,18,18109,,,
1061,18109510601,5106.01,-86.295986,39.4893666,113970540.0,112343765.0,1626775.0,5117,5008,34,17,25,35,0,4972,4910,42,0,0,20,0,4982,4904,23,0,54,0,0,5249,4958,56,28,32,125,4,5188,4911,41,182,54,0,0,5208,4777,21,215,117,0,0,3834,3768,21,6,16,23,0,3830,3765,40,0,0,20,0,3790,3765,25,0,0,0,0,4147,3931,40,22,20,96,3,4147,3931,40,8,17,11,2,8,130,3922,3704,40,180,4,0,0,4015,3750,20,215,34,0,0,0,2271,816,1428,2254,634,1620,2574,484,1973,2561,610,1788,2538,752,1705,2459,474,1985,2075,500,1500,2614,597,1938,3000,602,2343,2986,432,1899,2898,604,2294,0.0,18,18109,,,
1062,18109510602,5106.02,-86.3019607,39.3865375,88763192.0,87703202.0,1059990.0,3364,3295,20,6,24,19,1,3353,3295,30,0,0,28,0,3430,3379,30,0,0,21,0,3605,3396,53,35,16,70,1,3427,3293,95,0,0,39,0,3671,3334,196,28,26,91,0,2562,2515,15,2,15,16,0,2630,2590,20,0,0,15,0,2740,2710,25,0,0,10,0,2777,2632,27,15,8,64,1,2777,2632,27,9,5,6,1,8,89,2800,2734,49,0,0,16,0,2815,2700,60,4,20,40,0,0,1504,494,987,1492,400,1092,1719,282,1353,1687,382,1205,1676,445,1166,1625,287,1338,1430,329,1047,1726,356,1316,1974,361,1579,1968,268,1207,1912,374,1538,0.0,18,18109,,,
1063,18109511002,5110.02,-86.5741357,39.3797368,95283683.0,94104282.0,1179401.0,2099,2067,11,9,1,11,1,2670,2599,15,24,0,32,0,2536,2474,18,12,0,33,0,2035,1946,4,15,8,52,1,1730,1682,34,0,0,0,0,1673,1656,0,0,0,2,0,1549,1529,8,2,0,9,1,1998,1953,15,0,0,30,0,1848,1803,20,0,0,30,0,1567,1500,4,7,8,42,1,1567,1500,4,1,4,1,1,2,54,1404,1376,35,0,0,0,0,1340,1335,0,0,0,4,0,0,841,262,560,754,182,572,912,102,769,883,173,639,879,228,619,840,125,715,695,111,536,886,148,703,1024,134,861,1011,118,579,971,153,818,0.0,18,18109,,,
1064,18109510101,5101.01,-86.2986038,39.625747,15920262.0,15769182.0,151080.0,4905,4616,132,82,40,29,0,5419,5169,229,0,21,0,0,5521,5262,224,0,35,0,0,5331,4811,174,150,40,119,0,5154,5038,98,0,18,0,0,5489,5123,180,174,0,37,0,3464,3306,80,37,23,16,0,4095,3890,185,0,20,0,0,4115,3920,160,0,35,0,0,3946,3611,104,82,27,93,0,3946,3611,104,69,21,14,0,4,123,4085,4009,62,0,20,0,0,4160,4060,80,15,0,4,0,0,1896,746,1130,1800,569,1231,2144,473,1554,2127,577,1407,2118,670,1364,2050,435,1615,1643,470,1089,2192,591,1520,2596,670,1856,2592,484,1559,2515,670,1845,0.0,18,18109,,,
1065,18109510102,5101.02,-86.2941508,39.577566,56337547.0,55458742.0,878805.0,4800,4676,73,13,21,22,1,4351,4326,25,0,0,0,0,4275,4246,29,0,0,0,0,4860,4535,80,37,31,145,4,4678,4645,33,0,0,0,0,4671,4411,90,0,165,23,0,3599,3527,45,3,10,18,1,3280,3280,0,0,0,0,0,3275,3275,0,0,0,0,0,3858,3635,56,17,17,109,0,3858,3635,56,10,13,6,0,5,133,3457,3455,0,0,0,0,0,3600,3435,80,0,85,4,0,0,2083,688,1366,2119,534,1585,2413,456,1833,2386,559,1687,2382,659,1650,2319,433,1886,1999,504,1421,2467,570,1821,2840,609,2181,2826,439,1821,2770,618,2152,0.0,18,18109,,,
1066,18111100400,1004,-87.4008395,41.1253673,181602561.0,181167668.0,434893.0,5977,5639,241,38,22,50,0,5828,5668,153,0,0,7,33,6045,5779,256,0,0,10,28,5974,5267,359,33,31,187,9,5904,5532,325,0,0,47,25,5723,5064,462,0,33,93,16,4586,4365,151,25,14,39,0,4445,4385,55,0,0,0,0,4670,4530,140,0,0,0,0,4719,4238,230,16,18,137,8,4719,4238,230,13,11,6,2,9,210,4426,4323,98,0,0,9,0,4460,4150,255,0,35,19,0,0,2500,1140,1299,2323,1055,1268,2562,624,1790,2511,814,1554,2517,992,1426,2453,828,1625,1880,616,1197,2547,734,1729,2943,663,2218,2926,544,1887,2873,702,2171,8793.27614381121,18,18111,,,
1067,18111100600,1006,-87.351643,40.843966,247754660.0,247514365.0,240295.0,2706,2517,146,14,6,20,2,2849,2517,308,8,2,16,0,2727,2399,305,7,2,16,0,2494,2129,246,24,14,57,9,2687,2383,224,38,0,41,1,2572,2268,258,10,7,32,8,2095,1969,99,7,5,15,2,2050,1965,65,4,0,12,0,1960,1875,75,4,0,12,0,1932,1698,149,14,10,41,7,1932,1698,149,4,3,4,0,5,69,2041,1914,83,10,0,23,0,2015,1880,105,10,0,8,0,4,1071,457,583,961,300,661,972,194,707,978,246,669,971,282,646,946,204,742,814,193,580,971,218,714,1069,202,838,1064,130,760,1042,197,845,6117.5819009424795,18,18111,,,
1068,18111100500,1005,-87.4027649,41.0044197,441942999.0,438268681.0,3674318.0,3260,3048,172,9,9,29,2,3025,2786,227,2,0,10,0,3022,2825,179,2,0,16,0,3215,2791,246,18,24,107,2,3003,2771,206,12,0,14,0,3159,2969,90,17,0,18,0,2529,2392,106,5,7,22,2,2335,2255,70,4,0,8,0,2405,2295,90,4,0,18,0,2543,2243,165,16,15,88,0,2543,2243,165,10,9,7,0,6,103,2306,2196,97,15,0,14,0,2380,2315,34,15,0,16,0,0,1478,556,877,1313,473,840,1404,311,1005,1378,423,898,1366,456,877,1328,360,968,1101,339,715,1385,374,976,1555,352,1172,1550,273,1023,1521,348,1173,20129.759540433704,18,18111,,,
1069,18111100700,1007,-87.4536807,40.8011594,173589113.0,173589113.0,0.0,2301,2092,158,30,14,3,1,2316,2098,180,35,0,3,0,2198,2003,158,37,0,0,0,2147,1866,188,22,8,43,10,2387,1988,198,201,0,0,0,2375,1942,207,211,0,19,0,1755,1642,86,13,8,3,1,1755,1685,35,38,0,4,0,1700,1640,29,33,0,0,0,1673,1476,116,22,8,39,10,1673,1476,116,8,8,8,0,4,53,1878,1676,34,177,0,0,0,1820,1605,38,159,0,8,0,4,1044,472,542,866,347,519,919,275,572,910,305,549,904,336,534,872,248,624,768,254,474,919,280,603,1024,292,714,1016,201,688,1002,249,753,12793.58969406671,18,18111,,,
1070,18025951900,9519,-86.3172443,38.3476871,145766367.0,145766261.0,106.0,3805,3678,39,25,17,40,4,3726,3549,52,40,0,100,0,3717,3509,51,27,0,136,0,3843,3635,33,36,10,93,3,3747,3570,35,32,0,111,0,3798,3646,0,33,59,34,0,2887,2816,17,12,11,29,2,2955,2875,14,14,0,50,0,2945,2890,14,29,0,20,0,2956,2803,18,22,7,78,2,2956,2803,18,13,4,6,0,7,105,3133,3055,13,33,0,40,0,3080,2990,0,29,50,4,0,0,1807,869,897,1606,736,870,1686,529,1041,1673,710,895,1638,736,846,1546,536,1010,1416,566,776,1614,604,953,1706,518,1154,1690,480,1019,1606,558,1048,0.0,18,18025,,,
1071,18025952100,9521,-86.4186698,38.2291449,306828674.0,304047292.0,2781382.0,2877,2780,53,10,8,24,6,2661,2561,37,13,1,50,0,2658,2573,41,11,4,30,0,2745,2608,50,24,8,51,6,2615,2497,60,5,0,55,0,2515,2479,22,6,0,10,0,2201,2139,24,8,6,19,6,2160,2085,24,10,0,50,0,2050,1995,24,10,0,24,0,2161,2075,26,9,4,41,3,2161,2075,26,1,4,3,0,1,51,2076,1981,38,4,0,49,0,2010,1970,20,4,0,10,0,0,1213,513,665,1259,536,723,1254,330,855,1223,460,724,1206,460,709,1123,338,785,1090,391,648,1234,400,802,1387,361,998,1362,339,884,1279,398,881,29998.040698916047,18,18025,,,
1072,18025952000,9520,-86.5400337,38.3381448,347140853.0,341721235.0,5419618.0,4031,3932,34,12,11,39,3,4194,4078,62,19,1,61,0,4194,4069,66,26,3,64,0,3938,3746,38,29,15,92,6,4220,4073,74,31,10,57,0,4198,3891,57,178,73,126,0,3130,3082,15,1,5,25,3,3115,3040,24,4,4,39,0,3150,3100,24,4,4,19,0,3104,2993,27,10,6,57,1,3104,2993,27,0,6,5,0,0,73,3027,2946,28,4,10,2,0,3140,2955,60,54,4,49,0,20,1783,904,831,1606,765,841,1702,464,1119,1674,720,881,1622,728,826,1485,472,1013,1451,544,825,1655,568,1024,1851,476,1331,1807,423,1161,1698,538,1160,0.0,18,18025,,,
1073,18061060202,602.02,-86.1954179,38.2916412,140137939.0,140133307.0,4632.0,4294,4188,51,21,12,18,4,4232,4136,25,1,54,12,0,4388,4299,24,0,48,18,0,4186,3952,64,35,24,88,0,4217,4165,1,2,47,2,0,4163,4122,1,1,13,26,0,3271,3207,24,12,7,12,2,3408,3318,26,2,49,15,0,3485,3395,24,2,49,21,0,3247,3081,44,20,12,68,0,3247,3081,44,14,11,7,0,6,84,3104,3052,0,5,44,1,0,3325,3310,0,4,15,8,0,0,1948,837,1090,2140,858,1282,2017,552,1381,2014,742,1199,2001,702,1252,1932,545,1387,1770,631,1058,2034,648,1337,2227,609,1585,2219,513,1550,2165,634,1531,0.0,18,18061,,,
1074,18061060602,606.02,-86.1652581,38.0639868,229964055.0,226647830.0,3316225.0,2977,2869,54,17,12,20,3,3162,2998,35,0,0,55,0,2640,2474,39,0,0,62,0,2769,2546,65,31,7,75,11,2822,2611,51,0,0,65,0,2501,2456,3,0,0,41,0,2275,2218,21,7,4,18,1,2355,2315,15,0,0,30,0,1945,1895,15,0,0,35,0,2152,2019,34,21,5,55,4,2152,2019,34,13,3,9,2,0,72,2183,2127,26,0,0,29,0,2025,2015,0,0,0,14,0,0,1289,425,834,1199,401,798,1308,255,1014,1299,389,865,1276,391,855,1223,261,962,1058,285,733,1293,312,954,1426,254,1146,1417,225,1048,1382,285,1097,32500.340445214882,18,18061,,,
1075,18061060401,604.01,-86.0809631,38.2330157,46352114.0,46251282.0,100832.0,5119,4884,123,47,23,31,15,5758,5526,144,88,0,0,0,6092,5763,261,52,0,16,0,5456,4915,185,84,75,123,8,5669,5286,301,73,0,9,0,5497,5088,204,181,0,85,0,4028,3878,78,34,15,25,5,4385,4235,70,89,0,0,0,4710,4530,120,54,0,15,0,4283,3921,107,56,48,104,4,4283,3921,107,31,35,16,0,13,160,4388,4209,113,74,0,10,0,4355,4120,70,140,0,45,0,0,2264,984,1249,2044,798,1246,2368,644,1603,2383,872,1436,2361,832,1487,2266,661,1605,2002,711,1215,2406,785,1564,2687,826,1817,2685,701,1806,2624,825,1799,0.0,18,18061,,,
1076,18061060402,604.02,-86.1129229,38.1635639,47980387.0,47980387.0,0.0,2369,2289,40,15,20,6,1,1870,1802,67,1,0,0,0,1864,1861,1,2,0,0,0,2282,2096,62,29,15,65,3,2399,2395,2,2,0,0,0,2971,2946,0,0,0,25,0,1744,1699,22,9,8,6,1,1570,1505,65,4,0,0,0,1520,1515,0,4,0,0,0,1746,1633,44,10,13,49,3,1746,1633,44,5,10,6,0,1,47,2114,2103,0,5,0,0,0,2455,2430,0,0,0,25,0,0,998,378,608,865,339,526,1055,267,730,1053,368,646,1046,347,676,1013,278,735,920,313,575,1051,310,713,1139,297,822,1134,217,810,1101,269,832,0.0,18,18061,,,
1077,18061060601,606.01,-85.9713156,38.0849577,212899399.0,212371875.0,527524.0,3904,3806,19,19,26,24,4,3681,3507,34,90,0,50,0,3984,3853,11,64,0,54,0,3782,3531,47,33,25,115,1,4024,3905,0,57,0,41,0,3824,3694,42,48,2,33,0,3028,2981,10,8,12,18,1,2820,2665,35,90,0,30,0,3010,2905,10,65,0,30,0,2972,2806,22,14,19,85,0,2972,2806,22,4,10,2,0,10,118,3051,2967,0,56,0,27,0,2905,2795,40,49,4,19,0,0,1914,703,1174,1795,663,1132,1930,446,1418,1954,646,1249,1923,658,1228,1838,473,1365,1661,477,1130,1917,537,1341,2044,465,1554,2039,425,1440,1998,513,1485,36504.658732930424,18,18061,,,
1078,18141000500,5,-86.2844211,41.6853654,1139256.0,1139256.0,0.0,1660,358,179,1135,7,14,2,1725,203,193,1253,27,13,27,1730,190,256,1215,25,18,25,1707,319,243,1136,19,51,0,1943,334,427,1124,10,13,0,1918,353,424,1075,12,0,0,1187,312,100,779,2,7,1,1210,190,90,899,0,12,0,1180,175,95,874,0,18,0,1214,258,161,777,11,39,0,1214,258,161,723,6,7,0,3,56,1120,314,76,726,0,12,0,1160,320,85,755,0,0,0,0,759,686,56,983,894,89,543,456,66,548,455,60,535,464,57,532,422,110,422,351,51,497,425,59,491,410,75,493,390,82,475,402,73,0.0,18,18141,,,
1079,18141000600,6,-86.2651437,41.6859229,967990.0,967990.0,0.0,2072,879,240,923,18,29,2,2419,663,335,1363,65,99,11,2155,622,346,1118,35,37,0,2199,762,375,975,41,119,0,1885,697,205,928,12,49,0,1959,891,187,933,25,13,0,1406,709,136,538,18,19,2,1470,460,145,808,28,23,0,1390,440,120,789,19,16,0,1479,575,227,602,27,62,0,1479,575,227,560,14,0,0,15,88,1303,526,76,666,8,29,0,1330,700,84,518,14,12,0,0,801,669,116,600,493,107,699,543,105,689,524,121,684,542,114,663,496,167,576,479,76,658,529,104,679,554,115,687,497,166,671,546,125,0.0,18,18141,,,
1080,18141000700,7,-86.2549551,41.6859009,1039332.0,962242.0,77090.0,1573,1033,123,376,43,14,2,1717,1208,132,296,28,18,0,1768,1416,82,192,20,5,0,1612,1084,130,298,66,47,7,2129,1707,129,200,23,6,0,1986,1623,159,153,21,14,0,1171,837,73,223,31,9,2,1310,995,70,214,8,8,0,1345,1155,45,135,4,4,0,1235,886,78,200,47,31,7,1235,886,78,177,28,4,0,3,59,1619,1392,91,118,5,4,0,1465,1215,120,100,15,15,0,0,774,603,156,860,643,217,661,475,118,648,476,129,652,499,129,624,448,176,581,480,84,631,490,116,662,523,130,672,464,181,651,505,146,0.0,18,18141,,,
1081,18141000800,8,-86.2527955,41.6913058,923237.0,883074.0,40163.0,1678,1374,81,166,53,12,7,1802,1551,142,74,31,4,0,1679,1476,129,47,20,7,0,1510,1246,107,88,57,19,1,1638,1378,162,60,27,11,0,1665,1289,141,144,66,0,0,1337,1136,52,99,45,7,2,1290,1155,80,50,4,4,0,1220,1095,80,40,4,4,0,1231,1059,67,47,35,15,1,1231,1059,67,37,25,1,0,6,36,1183,1067,69,25,3,10,0,1180,1070,34,75,10,0,0,0,1007,717,271,800,550,250,844,570,209,854,577,240,850,590,248,817,503,314,778,597,167,856,612,227,919,696,214,929,574,342,897,641,256,0.0,18,18141,,,
1082,18141000900,9,-86.2417645,41.6785005,1447313.0,1335755.0,111558.0,1312,848,91,324,39,19,2,1092,818,49,199,26,0,0,1155,797,113,206,39,0,0,1358,899,95,250,73,20,8,1177,901,91,176,9,0,0,1190,856,113,184,28,0,0,1086,761,69,209,37,17,0,945,735,45,140,25,0,0,970,705,85,150,35,0,0,1178,826,71,184,60,14,8,1178,826,71,166,53,0,6,9,47,1025,821,71,140,0,0,0,1005,770,75,145,8,0,0,0,540,411,120,457,337,120,513,351,118,512,346,140,514,353,147,496,310,186,438,338,87,505,363,127,545,408,130,555,356,185,550,400,150,0.0,18,18141,,,
1083,18141001000,10,-86.2342014,41.6868454,1909929.0,1909929.0,0.0,2912,1263,287,1311,66,26,3,3012,1398,197,1243,78,100,0,3255,1391,219,1495,75,93,0,3549,1819,391,1050,226,81,14,3622,1632,207,1638,53,111,0,4086,1873,360,1698,191,23,0,2181,1100,170,857,57,18,2,2065,1240,105,635,19,65,0,2265,1255,145,785,33,50,0,2921,1604,292,765,199,59,11,2921,1604,292,680,161,5,0,25,154,2527,1448,117,890,10,55,0,2995,1695,240,1025,27,0,0,0,1285,1072,185,758,526,232,1178,874,210,1173,849,276,1162,859,280,1128,742,386,1007,794,183,1143,863,252,1181,911,250,1202,805,361,1173,881,292,0.0,18,18141,,,
1084,18141001100,11,-86.2085475,41.6880149,3235251.0,3230967.0,4284.0,4569,2976,328,1024,160,57,18,4057,2488,313,935,268,96,0,4153,2551,282,1015,294,35,0,4330,2590,394,1068,190,111,13,4087,2653,317,649,456,35,0,4106,2879,272,513,428,14,0,3329,2396,190,589,121,29,7,2900,1910,145,685,115,35,0,2955,1950,120,725,145,10,0,3243,2141,254,652,141,74,13,3243,2141,254,553,120,9,6,2,158,2810,1941,149,424,296,10,0,2810,2120,120,280,285,15,0,0,1976,1359,601,1778,1176,602,1818,1061,597,1800,1102,576,1787,1134,590,1739,960,779,1502,1063,384,1728,1106,554,1792,1168,587,1796,1000,717,1720,1118,602,0.0,18,18141,,,
1085,18141001200,12,-86.2220364,41.6801588,1479561.0,1479561.0,0.0,2182,1695,93,346,40,11,0,2317,2000,166,132,14,9,0,2317,2002,142,165,10,8,0,2195,1799,109,202,43,21,4,2189,1934,121,124,10,7,1,2159,1962,42,87,13,36,1,1704,1380,53,233,30,6,0,1660,1450,120,83,10,10,0,1640,1435,105,90,10,10,0,1662,1385,74,134,36,19,2,1662,1385,74,122,30,5,1,9,36,1609,1453,73,68,9,0,0,1645,1565,29,25,14,0,4,10,1258,835,405,1003,591,412,1300,799,382,1290,790,448,1279,798,448,1232,665,567,1133,808,303,1243,811,396,1263,881,362,1273,688,554,1223,817,406,0.0,18,18141,,,
1086,18141001400,14,-86.208743,41.6693707,1637246.0,1637246.0,0.0,3348,2566,210,492,71,39,8,2829,2059,162,504,56,89,0,3210,2219,256,653,89,90,0,3632,2354,260,834,50,156,10,3449,2389,329,646,88,118,0,3623,2411,262,905,59,19,0,2541,2065,120,284,56,30,4,2165,1735,95,225,34,65,0,2355,1785,155,290,10,70,0,2758,1927,164,514,39,114,3,2758,1927,164,446,28,18,3,12,160,2633,2042,178,279,10,83,0,2815,2200,175,375,10,19,0,25,1410,912,470,1218,722,496,1282,703,464,1260,734,396,1252,755,427,1212,634,578,1056,687,325,1218,746,426,1320,802,486,1335,701,562,1277,793,484,0.0,18,18141,,,
1087,18097340108,3401.08,-86.2728414,39.8123206,1181905.0,1181905.0,0.0,2532,463,1048,991,58,40,12,2375,453,541,1300,28,48,0,2486,487,625,1294,21,58,0,3761,428,1010,2290,50,50,3,2464,523,416,1448,7,66,0,3082,710,425,1880,0,67,0,1809,434,699,653,40,28,5,1345,390,65,814,29,50,0,1390,395,140,780,19,55,0,2577,376,659,1516,42,39,3,2577,376,659,1435,34,3,0,7,63,1449,428,154,803,3,65,0,1665,585,115,900,0,65,0,0,640,492,139,715,575,140,671,523,121,666,498,134,666,541,114,656,501,155,511,415,81,657,524,117,720,588,122,722,535,160,720,588,132,0.0,18,18097,,,
1088,18097340400,3404,-86.232958,39.8167436,1951546.0,1951546.0,0.0,3614,1220,1227,1120,47,32,8,3781,939,1511,1263,127,10,0,3634,783,1517,1144,248,63,0,4024,707,2179,1055,55,110,4,3720,727,1203,1487,335,84,0,4071,916,1082,2094,174,73,0,2534,1052,772,680,34,22,4,1940,820,375,685,45,0,0,1665,710,255,570,75,35,0,2756,614,1364,705,42,78,3,2756,614,1364,657,31,5,2,18,65,1724,641,112,828,50,44,0,2105,745,200,1120,4,15,0,20,956,677,271,905,695,210,891,640,204,884,649,188,885,668,185,874,632,242,619,455,133,796,586,181,747,546,187,751,486,213,754,566,188,0.0,18,18097,,,
1089,18097340600,3406,-86.206737,39.8034745,3919338.0,3746855.0,172483.0,4829,1041,441,3279,57,67,1,5529,901,1066,3464,143,7,12,5664,923,957,3605,184,7,10,5274,1060,1313,2786,115,92,18,5457,1519,666,3046,227,6,12,5869,1537,811,3448,172,108,0,3655,877,277,2451,44,41,1,3480,820,115,2474,69,4,0,3580,840,100,2544,90,4,0,3945,880,808,2164,89,72,12,3945,880,808,2094,52,6,2,14,89,3529,991,241,2165,113,4,0,3835,1080,390,2289,75,0,0,0,2196,1992,187,1969,1796,173,1790,1581,168,1786,1556,168,1784,1589,167,1758,1538,220,1449,1284,131,1718,1516,172,1753,1530,198,1761,1424,270,1753,1549,204,0.0,18,18097,,,
1090,18141001600,16,-86.2288208,41.6717867,1411186.0,1411186.0,0.0,2323,1990,113,174,41,18,6,2084,1845,130,101,12,21,0,2169,1793,177,161,52,16,0,2318,1915,139,195,59,25,2,2469,1817,148,340,64,21,0,2593,1831,119,360,111,52,0,1759,1554,63,107,28,15,2,1535,1385,60,60,8,10,0,1565,1375,70,85,35,8,0,1743,1491,66,127,47,18,2,1743,1491,66,108,32,0,0,0,46,1878,1429,67,327,45,13,0,1965,1450,65,348,78,14,0,0,1349,878,458,1327,802,525,1292,800,379,1300,806,446,1305,808,472,1236,650,586,1210,890,293,1277,845,395,1303,917,352,1324,716,573,1259,832,427,0.0,18,18141,,,
1091,18141001700,17,-86.2479508,41.6716907,1581942.0,1512141.0,69801.0,1665,804,76,765,19,33,1,1230,623,64,568,0,16,0,1188,749,103,375,0,20,0,1697,862,131,643,23,43,0,1298,756,142,470,0,23,0,1408,780,235,476,26,10,0,1275,702,43,505,17,29,1,1060,580,35,434,0,15,0,1005,695,50,244,0,20,0,1382,784,102,447,16,34,0,1382,784,102,408,13,9,0,10,56,1044,690,46,290,0,25,0,1075,745,45,250,25,8,0,0,667,546,104,663,537,126,686,495,134,657,464,141,575,427,123,560,388,172,562,447,97,642,488,130,838,676,152,600,407,171,578,436,142,0.0,18,18141,,,
1092,18141001900,19,-86.2641219,41.6792941,764668.0,764668.0,0.0,1115,393,142,585,10,20,10,1047,382,63,577,5,18,9,888,300,104,461,5,14,5,1393,492,185,701,24,38,7,882,352,248,252,7,18,5,867,321,212,316,5,15,9,816,338,79,399,4,11,7,785,325,59,375,4,20,4,700,295,75,310,4,15,4,980,380,124,465,17,28,0,980,380,124,419,10,2,0,4,41,710,335,134,203,5,22,0,705,300,105,264,4,14,10,0,553,465,74,398,363,35,395,311,58,397,306,65,395,314,64,389,300,89,301,239,42,376,305,55,405,336,62,409,313,86,397,334,63,0.0,18,18141,,,
1093,18141002000,20,-86.2625835,41.6730613,949276.0,949276.0,0.0,1777,373,240,1163,14,42,4,1676,451,102,1086,0,37,0,1583,490,98,975,0,20,0,1698,387,226,1064,19,49,1,1412,525,48,769,0,68,0,1366,500,72,757,0,34,0,1151,304,125,708,11,31,2,1015,345,25,610,0,35,0,1010,370,50,570,0,20,0,1117,338,128,628,9,40,1,1117,338,128,584,6,1,0,5,55,999,408,39,480,0,64,0,880,405,50,385,0,29,0,0,687,628,51,686,629,57,498,418,54,485,397,60,485,411,64,475,389,86,345,294,39,429,363,53,387,332,51,387,307,69,374,324,50,0.0,18,18141,,,
1094,18141002100,21,-86.2787532,41.6790828,1165384.0,1165384.0,0.0,1194,170,149,882,7,20,7,1601,89,174,1299,0,15,0,1614,157,170,1247,0,14,0,1256,199,201,840,15,41,0,1529,187,68,1166,0,5,0,1614,210,488,851,0,17,0,834,142,79,610,4,12,3,875,75,59,724,0,10,0,870,100,60,705,0,4,0,862,154,126,566,12,36,0,862,154,126,529,11,0,0,9,33,801,177,27,572,0,5,0,720,155,60,505,0,4,0,0,522,495,19,445,425,20,362,316,36,355,304,35,357,318,33,355,288,67,261,224,27,324,287,33,325,276,46,319,261,51,312,273,39,0.0,18,18141,,,
1095,18141002200,22,-86.280894,41.6700276,1386227.0,1386227.0,0.0,3115,621,1759,742,30,28,1,3349,650,1968,756,0,105,0,2999,434,1876,712,0,34,0,3006,496,1862,618,24,130,2,3047,390,1727,956,0,35,0,3282,451,1746,1085,0,106,0,1901,525,967,410,14,16,1,1610,515,670,390,0,4,0,1495,355,730,385,0,4,0,1968,410,1167,361,18,82,1,1968,410,1167,325,13,2,0,2,49,1470,311,676,461,0,8,0,1645,370,755,520,0,0,0,0,748,618,111,639,537,102,567,443,87,557,446,68,551,457,76,550,428,122,397,322,68,501,411,76,505,407,89,503,378,108,498,409,89,0.0,18,18141,,,
1096,18141002400,24,-86.2987139,41.6682396,1099700.0,1099700.0,0.0,2989,662,1347,988,12,52,4,2944,524,1353,973,28,52,95,3038,546,1293,1109,25,53,93,2857,547,1480,814,6,83,7,2906,689,1377,844,9,56,0,2935,762,1537,642,16,0,0,1917,542,722,641,8,33,3,1430,450,295,609,0,0,45,1620,465,375,715,0,0,45,1931,443,894,571,3,66,1,1931,443,894,526,2,11,1,5,49,1601,570,478,550,0,0,0,1575,555,575,449,0,0,0,0,909,815,81,785,704,81,724,598,99,712,582,85,709,602,85,699,560,139,514,450,55,638,544,81,608,511,89,603,481,107,591,504,87,0.0,18,18141,,,
1097,18141002500,25,-86.3127176,41.6754972,1243891.0,1243891.0,0.0,2129,827,482,813,25,24,3,2645,768,885,895,90,33,66,2438,717,917,702,78,29,60,2213,669,835,691,23,53,0,2173,627,767,682,56,16,53,1976,604,837,479,7,76,0,1405,663,247,478,16,12,3,1460,620,180,635,4,15,0,1440,650,225,540,4,15,0,1562,552,495,503,18,43,0,1562,552,495,449,11,3,0,0,52,1345,575,221,536,0,7,0,1140,530,235,380,0,4,0,0,785,655,121,733,591,142,689,507,152,678,518,125,676,536,122,664,460,204,520,411,93,629,480,131,628,471,153,619,422,173,604,456,148,0.0,18,18141,,,
1098,18057110820,1108.20,-85.9990805,39.9893655,3967117.0,3915167.0,51950.0,2828,2353,102,214,157,17,2,3791,2879,193,637,82,0,0,3865,2754,191,752,150,7,0,4146,2869,355,476,383,67,11,4909,3232,188,986,334,95,0,4450,2989,328,562,474,38,0,2225,1906,62,149,103,11,2,2814,2304,93,349,69,0,0,2912,2263,97,419,119,5,0,3454,2509,234,356,285,49,10,3454,2509,234,288,265,9,3,20,126,3929,2854,113,507,376,95,0,3740,2705,255,295,450,35,0,0,1558,646,900,1421,604,817,1590,707,774,1567,694,791,1560,746,776,1520,617,903,1284,691,538,1629,811,770,1951,1068,844,1947,817,969,1866,959,907,0.0,18,18057,,,
1099,18057110910,1109.10,-86.2265514,39.9892454,7902212.0,7853446.0,48766.0,4278,2755,146,298,1065,25,7,5519,3617,237,283,1332,9,32,5536,3561,174,304,1474,0,39,7040,3803,238,423,2489,58,15,7077,4436,169,322,2159,0,57,7512,4674,180,231,2362,0,37,2611,1723,79,165,639,14,4,3123,2321,94,134,527,8,0,3175,2328,88,150,572,0,0,4538,2500,126,256,1589,42,13,4538,2500,126,232,1549,1,3,23,104,3998,2848,94,191,823,0,0,4460,3130,80,165,1074,0,0,10,1407,597,798,2040,752,1288,2582,1240,1200,2554,1117,1378,2542,1174,1331,2473,1001,1472,2383,1326,1027,2783,1418,1320,3391,1961,1377,3383,1373,1873,3308,1695,1613,0.0,18,18057,,,
1100,18057110301,1103.01,-86.1711776,40.0176916,7601577.0,7591103.0,10474.0,5336,4792,205,136,184,26,1,8102,6993,109,708,298,0,0,8781,7440,234,741,428,0,0,9332,7738,492,454,521,105,12,8400,6857,623,673,416,0,0,9799,8037,515,665,508,0,0,3597,3263,112,82,126,16,1,5067,4402,68,534,70,0,0,5562,4753,68,626,119,0,0,6423,5425,287,303,331,64,5,6423,5425,287,235,291,2,0,13,170,5376,4747,69,456,112,0,0,6560,5780,25,545,210,0,0,0,2310,762,1521,2602,715,1887,3716,1313,2139,3716,1252,2317,3703,1339,2274,3600,1030,2570,3633,1562,1957,4246,1681,2454,5438,2457,2880,5439,1610,3358,5280,2142,3138,0.0,18,18057,,,
1101,18057110515,1105.15,-86.095825,40.0182035,14403173.0,14290052.0,113121.0,4821,4437,129,94,134,29,1,6884,6236,70,402,156,41,0,7420,6541,255,181,423,41,0,9520,8338,315,341,354,112,5,7924,7146,257,263,213,44,0,9306,7362,717,626,549,26,0,3308,3077,78,58,83,13,1,4600,4275,70,170,80,10,0,5320,4700,255,75,280,10,0,6950,6171,210,223,232,71,3,6950,6171,210,183,198,5,2,17,164,5558,5048,256,129,107,16,0,6120,5235,540,125,205,20,0,0,2277,737,1521,2555,661,1894,3276,1003,2041,3269,927,2232,3261,1011,2186,3146,720,2426,3344,1274,1980,4027,1391,2540,5609,2241,3262,5618,1361,3872,5425,1904,3521,0.0,18,18057,,,
1102,18057110101,1101.01,-85.9353604,40.024186,19537563.0,19528954.0,8609.0,6024,4739,520,615,140,33,13,6415,4995,199,434,799,0,24,6855,5280,234,898,443,0,0,9078,6436,1052,1067,376,173,30,6964,5692,208,650,390,24,0,8917,6550,538,1207,641,35,0,3997,3283,286,330,79,23,8,4270,3695,122,188,252,0,0,4701,3761,151,620,164,0,0,6162,4559,633,613,249,129,15,6162,4559,633,492,197,12,4,23,242,4965,4217,140,448,139,24,0,6250,5175,280,530,180,35,0,50,1967,952,995,2477,1006,1471,2975,1211,1503,2924,1202,1539,2914,1298,1483,2819,1061,1758,2501,1182,1210,3196,1416,1644,3997,1877,1988,3980,1305,2174,3810,1705,2105,0.0,18,18057,,,
1103,18057110912,1109.12,-86.0710118,39.9651532,8032313.0,7670910.0,361403.0,5660,4642,108,123,776,16,11,6098,4860,278,0,960,0,46,5569,4575,212,0,756,26,44,5547,4354,181,150,789,39,8,5306,3967,152,0,1054,133,64,5196,3992,128,10,1010,56,0,3950,3309,69,75,490,13,5,3780,3315,100,0,335,0,0,3745,3225,90,0,375,25,0,4213,3367,123,88,577,30,2,4213,3367,123,78,545,5,2,13,80,3664,2960,69,0,470,134,0,3645,3065,80,0,450,55,0,0,3043,1043,1981,3128,895,2233,3240,1163,1889,3241,1066,2085,3223,1140,2036,3135,850,2285,2862,1252,1553,3289,1301,1917,3638,1719,1856,3654,1051,2434,3566,1475,2091,0.0,18,18057,,,
1104,18057111009,1110.09,-86.1849323,39.9617557,15420071.0,15206975.0,213096.0,5981,5313,98,151,410,17,6,7325,6152,453,227,503,0,0,7489,6257,524,110,608,0,0,7816,6255,303,259,908,59,7,7335,6016,508,258,563,0,0,7651,6197,516,147,680,0,24,4141,3714,51,101,263,12,2,5015,4520,100,85,310,0,0,5215,4580,110,45,475,0,0,5652,4685,167,157,573,52,4,5652,4685,167,113,517,0,0,13,157,5166,4561,125,155,342,0,0,5575,4955,170,95,340,0,25,0,3193,1178,1996,3299,1001,2298,3700,1561,1926,3698,1384,2237,3684,1479,2151,3580,1147,2433,3529,1659,1813,4032,1743,2217,4820,2348,2392,4851,1409,3259,4735,1993,2742,0.0,18,18057,,,
1105,18057110822,1108.22,-85.9528912,39.9484568,6266046.0,6079153.0,186893.0,4519,3821,113,263,300,13,3,4610,3825,151,246,385,13,0,4415,3689,178,260,293,0,0,5632,4232,174,448,637,83,2,4465,3783,138,56,488,0,0,4883,4131,0,0,711,5,0,2782,2376,64,148,181,6,2,2976,2484,115,187,176,9,0,3206,2672,121,202,221,0,0,3862,2967,107,282,423,52,2,3862,2967,107,244,376,5,0,23,140,2724,2320,99,60,237,0,0,3065,2705,0,0,355,4,0,0,2004,789,1203,2447,692,1755,2588,960,1459,2569,903,1582,2567,950,1571,2494,760,1734,2258,976,1231,2719,1083,1569,3211,1474,1685,3206,967,2054,3121,1242,1879,0.0,18,18057,,,
1106,18057110817,1108.17,-85.9848597,39.9899329,4235025.0,4171704.0,63321.0,6487,5176,275,519,508,33,7,7657,5760,304,708,1038,28,0,7595,5751,325,729,877,27,0,7395,5416,381,762,740,103,6,7429,5469,23,939,998,0,0,8026,5944,92,1093,720,0,0,3992,3233,154,285,313,17,5,4748,3686,162,429,465,10,0,4821,3777,222,397,418,8,0,4992,3711,226,467,520,72,2,4992,3711,226,391,465,7,1,6,185,4822,3657,24,658,486,0,0,5210,4130,90,635,355,0,0,0,2840,1121,1705,2483,967,1516,3051,1288,1535,3047,1267,1609,3026,1357,1570,2946,1094,1852,2502,1268,1130,3182,1502,1571,3833,2021,1729,3817,1469,2016,3688,1809,1879,0.0,18,18057,,,
1107,18057110816,1108.16,-85.9806823,39.9626176,3170121.0,3140612.0,29509.0,3522,2582,169,483,297,12,4,3968,3260,78,371,247,28,0,3963,3172,114,375,298,0,0,4346,2817,324,674,455,68,13,3671,3461,11,199,0,0,0,4129,3649,29,251,167,0,0,2433,1870,89,289,187,7,1,2496,2002,79,255,130,20,0,2473,1985,82,253,154,0,0,3163,2177,185,433,318,48,4,3163,2177,185,400,297,6,3,16,79,2566,2357,9,200,0,0,0,2800,2635,0,140,25,0,0,0,1692,666,1016,1582,612,970,1768,820,841,1737,772,879,1732,830,855,1681,687,994,1433,736,654,1787,890,847,2077,1164,886,2071,801,1124,2000,1025,975,0.0,18,18057,,,
1108,18057111012,1110.12,-86.1519131,39.9673687,3408553.0,3310793.0,97760.0,2652,2099,89,135,330,13,6,3637,2612,25,227,801,15,0,4317,2981,0,378,1000,20,0,4564,2970,243,341,930,70,8,4189,2680,0,401,1142,19,0,4273,2682,101,393,1061,27,0,2294,1881,67,96,240,9,4,2835,2530,25,100,180,0,0,3365,2840,0,220,305,0,0,4068,2813,206,297,679,62,5,4068,2813,206,257,638,5,0,13,136,2969,2522,0,233,206,0,0,3015,2370,100,245,294,19,0,0,1196,573,617,1313,492,821,1404,656,630,1401,645,682,1387,660,675,1327,566,761,1185,650,496,1562,798,713,2049,1153,857,2040,849,1064,1969,1029,940,0.0,18,18057,,,
1109,18097356400,3564,-86.1846379,39.7653157,4049230.0,3836708.0,212522.0,3733,2217,688,601,208,50,3,3474,1774,776,875,15,21,0,3808,1726,924,1069,35,53,0,3746,1770,1104,684,153,102,5,3933,1862,1185,966,47,19,0,4244,2020,973,1245,179,15,0,2903,1825,417,444,201,41,2,2245,1520,175,510,25,20,0,2480,1575,265,575,25,45,0,2891,1482,744,486,143,93,4,2891,1482,744,437,114,8,0,16,90,2485,1566,387,507,17,11,0,2600,1760,305,515,15,4,0,0,552,402,136,605,437,168,663,414,199,663,422,187,659,436,183,639,406,233,489,347,118,649,435,187,741,496,232,743,415,253,740,507,233,0.0,18,18097,,,
1110,18097356900,3569,-86.1543191,39.7471887,1130906.0,1130906.0,0.0,2607,1963,229,392,13,44,2,2424,1758,391,251,24,6,0,2198,1706,241,233,17,7,0,2188,1512,249,350,26,67,1,1976,1356,203,301,17,12,0,1948,1392,66,282,152,0,0,1915,1534,143,222,7,28,2,1640,1430,60,139,10,4,0,1585,1395,54,124,4,4,0,1712,1278,153,219,14,50,1,1712,1278,153,187,11,7,0,8,68,1478,1292,49,121,4,11,0,1450,1240,49,155,4,0,0,0,556,369,173,478,306,172,623,351,223,616,356,201,612,394,187,592,357,235,520,342,144,662,421,212,819,534,255,830,449,296,824,554,270,0.0,18,18097,,,
1111,18097357000,3570,-86.1447723,39.746238,986664.0,986664.0,0.0,2771,2251,290,184,19,39,7,2353,2052,158,128,14,13,0,2194,1932,100,143,13,19,0,2018,1551,219,148,41,43,6,2063,1828,101,126,4,15,0,1913,1758,120,36,3,3,0,2073,1749,178,109,13,32,5,1840,1710,25,78,8,12,0,1810,1645,35,110,14,12,0,1670,1344,152,88,34,38,6,1670,1344,152,68,19,2,1,14,70,1694,1549,29,101,4,13,0,1540,1470,45,30,4,4,0,0,675,434,230,608,369,239,768,389,299,763,414,284,763,451,279,739,394,345,681,462,186,809,504,270,947,642,282,960,530,320,948,659,289,0.0,18,18097,,,
1112,18097357100,3571,-86.1358955,39.7476203,1045462.0,1045462.0,0.0,2479,1673,407,361,10,54,3,2014,1478,319,177,8,0,8,2142,1591,333,170,12,0,9,2111,1498,269,221,56,75,0,2222,1663,272,162,17,0,9,1993,1550,209,83,71,0,0,1778,1292,231,224,8,39,0,1440,1225,79,129,10,0,0,1555,1325,85,140,10,0,0,1717,1295,183,142,47,57,0,1717,1295,183,114,31,13,0,4,77,1698,1484,68,129,13,0,0,1585,1465,34,64,24,0,0,0,564,409,149,469,324,145,615,396,170,602,383,167,608,417,159,589,385,204,534,387,118,641,450,162,749,550,180,751,476,212,746,557,189,0.0,18,18097,,,
1113,18115965800,9658,-84.9642994,38.940527,209079282.0,207223265.0,1856017.0,3544,3471,26,9,12,21,0,3564,3491,21,0,33,19,0,3514,3412,33,0,41,28,0,3398,3230,42,20,21,80,20,3579,3445,25,0,47,29,0,3446,3300,0,12,81,19,0,2756,2708,16,5,8,17,0,2810,2765,4,0,20,20,0,2760,2700,10,0,25,29,0,2679,2550,25,6,13,66,11,2679,2550,25,2,2,3,0,5,92,2805,2741,9,0,25,21,0,2690,2660,0,10,4,24,0,0,1715,612,1069,1630,529,1101,1790,356,1357,1777,452,1276,1763,546,1184,1703,409,1294,1447,398,1015,1766,420,1318,1964,395,1557,1946,335,1430,1892,388,1504,7678.56114362912,18,18115,,,
1114,18115965700,9657,-84.8640995,38.9492529,17417070.0,15903559.0,1513511.0,2584,2496,43,22,13,13,0,2323,2202,43,68,0,10,0,2360,2251,41,55,0,13,0,2542,2399,37,29,29,36,9,2311,2169,55,60,0,14,0,2528,2362,0,106,0,49,0,2072,2014,26,14,9,12,0,1925,1855,19,40,0,8,0,1965,1900,19,30,0,8,0,2045,1938,29,18,19,29,5,2045,1938,29,14,16,1,0,2,45,1939,1866,27,38,0,11,0,2045,1965,0,30,0,40,0,4,1207,546,644,1120,463,657,1143,330,761,1119,401,672,1100,450,621,1068,363,705,948,349,571,1109,375,711,1200,355,835,1174,306,780,1143,346,797,9962.875250900302,18,18115,,,
1115,18107957100,9571,-86.8833051,40.0504102,11139001.0,11139001.0,0.0,5135,4641,287,117,44,47,9,4721,4173,459,17,0,51,21,4570,3971,472,34,0,79,26,4925,4204,402,144,54,111,12,4513,4106,235,123,0,40,29,5093,4400,318,164,63,88,0,3930,3631,174,60,31,32,6,3609,3429,110,15,0,49,0,3569,3354,95,24,0,78,0,3710,3256,244,83,39,87,3,3710,3256,244,70,28,5,2,8,97,3624,3474,37,69,0,40,0,3880,3655,109,59,35,28,0,0,1669,747,886,1204,473,731,1736,511,1120,1729,598,995,1722,660,994,1669,453,1216,1411,496,826,1681,564,1052,1843,583,1216,1843,416,1079,1756,549,1207,0.0,18,18107,,,
1116,18131959000,9590,-86.5938676,41.0535714,38973829.0,38182828.0,791001.0,3617,3473,83,20,22,34,1,3551,3263,149,52,72,33,0,3504,3206,121,51,96,30,0,3514,3213,118,51,38,88,0,3525,3108,207,115,62,25,0,3504,3147,98,137,16,37,0,2810,2728,42,13,13,24,1,2680,2510,79,19,40,34,0,2665,2515,55,24,34,34,0,2800,2583,89,30,27,69,0,2800,2583,89,17,13,3,0,0,95,2676,2454,59,110,27,22,0,2835,2655,8,133,4,35,0,0,1767,726,1011,1541,552,989,1600,453,1061,1542,582,860,1508,627,830,1442,400,1042,1263,511,700,1516,514,951,1671,496,1138,1652,325,1099,1592,448,1144,0.0,18,18131,,,
1117,18097352800,3528,-86.1298008,39.7950552,2208927.0,2208927.0,0.0,1125,68,33,1015,3,9,2,999,140,2,857,0,0,0,1060,132,0,928,0,0,0,1480,260,66,1128,24,26,1,1265,190,0,1075,0,0,0,1461,283,12,1166,0,0,0,857,59,20,775,2,6,2,780,95,4,680,0,0,0,890,100,0,790,0,0,0,1110,221,40,832,11,20,0,1110,221,40,802,10,5,0,1,31,988,162,0,823,0,0,0,1095,260,10,820,0,0,0,0,663,645,9,575,564,11,522,491,17,517,479,21,518,485,20,511,474,37,422,404,8,524,494,20,586,539,36,591,490,81,589,552,37,0.0,18,18097,,,
1118,18097357200,3572,-86.1261501,39.7505055,1308546.0,1308546.0,0.0,3458,2250,562,605,13,75,4,2430,2053,137,231,0,16,0,2355,1849,140,298,41,37,0,3153,1794,710,521,48,111,5,2110,1374,310,340,46,72,1,2286,1396,304,424,127,29,1,2417,1690,322,374,12,55,3,1590,1355,55,163,0,14,0,1645,1260,70,250,40,35,0,2370,1483,431,349,42,84,5,2370,1483,431,300,23,14,2,10,107,1677,1103,247,244,49,67,0,1860,1220,235,285,99,34,0,0,826,617,194,621,466,155,848,550,223,831,539,218,831,584,200,807,540,267,739,558,141,911,650,218,1118,830,260,1128,718,308,1119,840,279,0.0,18,18097,,,
1119,18097357300,3573,-86.1208423,39.7430777,2032102.0,2032102.0,0.0,2023,1134,254,618,8,28,1,2298,1280,307,690,9,7,0,2137,1226,181,698,13,14,0,1970,1006,453,495,7,57,3,1971,1260,164,523,12,4,0,2024,1123,276,621,4,0,0,1439,889,143,393,4,19,1,1505,960,70,464,4,4,0,1500,1000,55,424,4,10,0,1442,801,285,351,6,41,2,1442,801,285,312,0,3,0,7,34,1411,1102,58,242,0,0,0,1315,965,55,295,4,0,0,0,557,445,103,460,365,95,426,267,138,424,277,120,421,289,114,408,273,135,322,216,91,415,273,129,451,283,158,460,262,147,452,301,151,0.0,18,18097,,,
1120,18105001403,14.03,-86.3959711,39.1932244,239673877.0,214356022.0,25317855.0,3530,3338,49,40,73,30,4,4082,3834,49,43,139,17,0,3807,3429,50,80,90,115,0,3340,3030,78,62,72,64,5,4238,3786,85,89,122,122,0,3295,2970,76,88,73,32,0,2830,2701,27,25,51,24,3,3235,3100,4,15,90,15,0,3130,2975,0,35,45,80,0,2780,2548,56,44,51,51,3,2780,2548,56,26,31,0,0,12,107,3574,3375,53,33,71,42,0,2890,2765,65,30,10,19,0,0,1920,1269,630,1920,1139,781,1992,1142,743,2016,1168,743,2000,1259,683,1928,1081,847,1874,1179,620,2038,1230,747,2210,1325,851,2204,1090,923,2175,1312,863,0.0,18,18105,,,
1121,18105000801,8.01,-86.5425293,39.2039626,8000644.0,8000644.0,0.0,2347,2051,74,149,58,34,3,2694,2355,212,75,45,3,0,2653,2192,233,116,102,3,0,2460,2124,78,113,105,32,6,2757,2382,183,78,95,9,0,2724,2369,103,27,207,7,0,1899,1702,48,84,52,30,2,2175,1995,125,34,20,0,0,2120,1920,135,64,0,0,0,1987,1749,50,65,89,26,3,1987,1749,50,40,63,2,1,7,75,2321,2127,119,65,0,11,0,2305,2070,90,24,110,4,0,0,1289,852,426,1079,699,380,1303,885,337,1324,877,383,1310,909,358,1255,811,444,1198,865,276,1338,947,346,1453,1071,353,1451,899,472,1423,1039,384,0.0,18,18105,,,
1122,18105001404,14.04,-86.4226581,39.2825476,90109232.0,85723811.0,4385421.0,1686,1608,18,11,23,24,2,1675,1634,25,0,16,0,0,1876,1845,31,0,0,0,0,1651,1556,25,28,19,27,0,1962,1962,0,0,0,0,0,1931,1910,4,0,0,8,8,1334,1288,10,6,11,17,2,1430,1390,25,0,15,0,0,1495,1465,30,0,0,0,0,1342,1274,17,14,18,18,0,1342,1274,17,6,8,4,0,1,32,1685,1685,0,0,0,0,0,1480,1465,4,0,0,4,0,10,853,480,361,831,437,394,928,433,440,944,465,432,931,510,405,896,395,501,814,461,326,950,491,432,1053,543,490,1044,423,527,1024,533,491,0.0,18,18105,,,
1123,18105000802,8.02,-86.4901874,39.1936812,18465154.0,18109856.0,355298.0,3295,2076,66,120,1018,13,5,3112,2385,96,0,631,0,0,3262,2598,92,18,554,0,0,3028,2061,119,118,641,58,9,3199,2383,53,35,687,41,0,3150,2373,24,107,580,67,0,2987,1875,57,101,945,13,3,2170,2035,45,0,90,0,0,2385,2230,34,20,105,0,0,2719,1862,106,109,573,46,8,2719,1862,106,80,544,6,1,7,113,2346,2178,4,37,93,40,0,2545,2215,15,109,155,60,0,0,1523,1099,402,1100,717,383,1191,799,318,1184,791,341,1168,811,324,1137,748,389,1111,814,259,1217,856,325,1334,976,331,1329,833,437,1308,932,376,0.0,18,18105,,,
1124,18097357400,3574,-86.097468,39.7454922,4082263.0,4082263.0,0.0,4312,2784,373,1129,7,44,6,4801,2881,358,1545,15,6,0,5066,2887,393,1771,11,13,0,4345,2309,727,1198,27,105,5,5340,2407,416,2518,0,12,0,5084,2023,424,2569,62,59,0,3020,2172,205,621,6,31,4,3025,2040,4,975,0,4,0,3165,2115,10,1020,0,15,0,3056,1862,398,702,27,75,3,3056,1862,398,655,20,7,0,13,101,3158,1820,16,1319,0,9,0,2950,1675,55,1205,14,4,0,0,1187,793,379,972,654,318,1032,511,463,1028,582,363,1023,607,368,1004,544,460,688,390,270,951,525,392,978,507,456,981,466,398,981,554,427,0.0,18,18097,,,
1125,18097357500,3575,-86.0969537,39.7307587,3982339.0,3982339.0,0.0,4026,3598,200,186,28,32,2,4179,3709,229,224,0,4,0,4024,3530,307,187,0,4,0,3917,3348,247,195,23,104,3,4015,3537,301,174,0,4,0,3634,3166,351,74,11,43,0,3111,2855,115,106,23,23,2,3223,3019,40,159,0,4,0,3084,2859,105,119,0,4,0,3183,2792,160,130,15,86,2,3183,2792,160,108,7,8,0,8,100,2936,2712,93,120,0,2,0,2695,2450,145,54,0,45,0,0,1589,780,782,1443,653,790,1528,545,863,1535,651,762,1526,689,766,1481,564,917,1225,539,619,1485,621,795,1558,633,883,1559,498,767,1543,672,871,0.0,18,18097,,,
1126,18087970302,9703.02,-85.5639988,41.6782536,84534354.0,82981837.0,1552517.0,4733,4629,69,12,18,10,2,5543,5499,36,1,0,7,0,5442,5392,41,2,0,7,0,5322,5151,90,17,16,39,3,4721,4628,22,65,0,6,0,4818,4659,91,66,0,2,0,2852,2798,38,4,7,5,1,3230,3205,20,0,0,4,0,3285,3255,30,0,0,4,0,3383,3269,63,11,12,22,1,3383,3269,63,6,10,0,0,3,32,2877,2808,23,49,0,4,0,3100,2995,65,44,0,4,0,0,766,232,515,752,173,579,782,131,611,773,188,537,773,188,557,761,116,645,654,140,498,785,153,617,909,148,754,898,100,632,871,142,729,0.0,18,18087,,,
1127,18087970301,9703.01,-85.5840791,41.7299108,72682211.0,71647650.0,1034561.0,2708,2617,61,14,12,11,0,2861,2769,0,0,39,53,0,3016,2951,0,0,14,51,0,3358,3233,64,14,17,22,6,3298,3258,0,0,40,0,0,3469,3325,0,0,86,6,0,1718,1670,26,4,9,9,0,2065,2020,0,0,0,40,0,2035,1995,0,0,0,40,0,2184,2103,42,10,10,13,0,2184,2103,42,2,4,1,0,4,28,2010,2013,0,0,0,0,0,2080,2075,0,0,0,4,0,0,603,201,389,596,152,444,657,107,518,654,131,475,652,157,474,644,96,548,508,107,387,645,118,512,736,115,614,725,86,525,702,113,589,11939.655666224851,18,18087,,,
1128,18141002700,27,-86.2702683,41.6631148,3762576.0,3762576.0,0.0,1924,594,715,606,9,27,2,1987,583,767,645,0,10,0,1899,631,655,623,0,12,0,1592,440,648,492,5,35,5,1801,639,574,597,0,0,0,1548,488,539,512,9,82,0,1448,532,424,480,5,23,2,1295,555,235,500,0,4,0,1265,590,200,465,0,4,0,1226,406,427,372,4,25,3,1226,406,427,360,3,0,1,2,27,1233,568,201,467,0,0,0,1140,435,280,415,10,0,0,0,324,271,45,226,171,55,221,169,42,214,161,40,211,164,41,209,152,57,137,106,22,191,150,35,209,165,41,204,147,46,197,156,41,0.0,18,18141,,,
1129,18141002800,28,-86.2971598,41.6522536,4791344.0,4791344.0,0.0,2341,935,657,739,27,40,3,2389,530,786,1120,30,32,0,2425,433,851,1171,24,113,0,2195,587,701,881,25,51,3,2387,606,701,1057,27,112,0,2363,504,765,1102,29,108,0,1603,768,369,445,19,26,2,1460,475,245,710,28,0,0,1465,425,255,735,12,0,0,1545,497,449,574,17,37,2,1545,497,449,510,13,9,2,8,57,1453,598,215,614,11,0,0,1350,485,175,650,15,10,0,20,695,555,120,663,525,138,656,445,167,639,450,139,629,457,142,618,421,197,463,355,89,571,413,137,564,400,144,560,372,158,544,407,137,0.0,18,18141,,,
1130,18095011000,110,-85.8181947,40.1412848,75101708.0,74888773.0,212935.0,1904,1826,34,29,14,1,1,1863,1818,0,22,8,10,0,1837,1781,0,34,9,13,0,1954,1803,44,15,23,63,2,1920,1834,0,60,8,18,0,1829,1762,8,30,12,5,0,1483,1433,20,19,10,1,0,1485,1455,0,14,10,10,0,1450,1405,0,29,4,15,0,1508,1405,29,7,21,40,2,1508,1405,29,6,12,0,0,1,55,1548,1476,0,49,4,14,0,1490,1455,0,30,4,8,0,0,1011,382,621,972,305,667,980,240,695,984,294,637,973,362,580,952,229,723,825,259,528,974,282,662,1055,261,775,1057,176,686,1039,280,759,0.0,18,18095,,,
1131,18095000500,5,-85.7015302,40.0890554,4667234.0,4667234.0,0.0,3205,1569,279,1337,18,39,2,2776,1530,359,879,8,0,0,2504,1449,178,861,16,14,0,2826,1352,434,951,12,84,8,2509,1544,176,777,12,26,0,2678,1336,355,984,16,21,0,2356,1267,143,920,13,25,1,2085,1330,70,680,4,0,0,1885,1235,10,629,10,15,0,2120,1094,261,693,8,70,7,2120,1094,261,663,0,2,3,8,89,1763,1207,8,540,4,24,0,1830,1075,75,685,4,24,0,0,1199,962,205,1051,832,219,939,594,308,929,608,263,924,641,252,916,570,346,706,495,182,873,579,268,891,553,327,896,476,337,884,585,299,0.0,18,18095,,,
1132,18095010800,108,-85.7285808,40.1769863,87829008.0,87829008.0,0.0,3337,3134,100,75,17,18,2,3258,3055,65,118,8,14,0,3319,3077,127,88,10,18,0,3293,3011,119,93,18,44,0,3393,3043,186,131,13,20,0,3346,3026,145,39,0,2,0,2521,2405,51,43,8,16,1,2584,2452,50,58,10,14,0,2515,2410,50,24,10,20,0,2640,2446,71,63,11,40,0,2640,2446,71,47,9,4,0,2,61,2399,2267,53,45,15,14,0,2380,2325,20,35,0,4,0,0,1571,781,762,1484,643,841,1569,424,1051,1554,552,888,1540,627,852,1495,453,1042,1227,439,719,1417,479,874,1313,390,895,1304,291,806,1290,438,852,0.0,18,18095,,,
1133,18095000400,4,-85.7011376,40.1053603,1232504.0,1232504.0,0.0,2260,992,122,1120,7,21,4,2472,951,167,1383,0,5,0,2347,909,163,1269,4,7,0,2307,1010,210,1020,17,50,6,2520,921,450,1130,11,6,0,2670,1027,456,1121,32,0,0,1611,749,64,787,7,16,3,1730,780,50,894,0,4,0,1670,695,40,910,0,4,0,1718,759,121,798,9,41,5,1718,759,121,754,6,6,1,5,66,1672,671,146,826,0,4,0,1790,730,140,845,0,0,0,75,1047,864,170,839,692,147,760,556,157,746,573,135,743,581,140,727,541,186,622,472,121,728,549,154,769,543,206,769,471,219,761,570,191,0.0,18,18095,,,
1134,18095011400,114,-85.6287061,39.9966162,93412133.0,93372357.0,39776.0,3892,3794,36,28,18,24,3,3846,3832,5,8,0,2,0,3842,3795,34,12,0,1,0,3957,3704,81,34,23,77,2,3848,3771,34,1,0,43,0,3952,3774,84,21,0,55,0,2952,2901,19,9,9,16,0,2875,2865,4,4,0,0,0,2827,2817,4,4,0,0,0,3055,2902,38,19,21,55,2,3055,2902,38,6,8,10,2,12,77,2906,2883,5,0,0,11,0,3035,2965,30,10,0,29,0,0,1900,787,1077,1733,629,1104,1956,430,1421,1952,563,1261,1941,635,1225,1873,430,1443,1620,495,1049,1852,513,1269,1832,467,1329,1835,320,1153,1809,488,1321,0.0,18,18095,,,
1135,18095001200,12,-85.6389562,40.0992378,3075137.0,3046163.0,28974.0,2929,2541,96,247,28,12,1,3093,2744,44,232,54,19,0,3098,2714,74,247,40,23,0,2906,2447,138,213,35,69,0,3054,2665,58,198,44,29,0,2978,2698,70,158,3,11,0,2324,2066,63,158,24,9,1,2470,2245,35,130,40,19,0,2470,2245,35,145,25,24,0,2368,2022,101,160,32,56,0,2368,2022,101,130,18,0,0,5,92,2500,2293,32,119,37,16,0,2550,2380,40,120,4,4,0,0,1420,736,668,1202,589,613,1302,481,724,1291,571,638,1286,595,635,1241,464,777,1050,492,493,1237,544,637,1255,562,666,1257,402,684,1242,565,677,0.0,18,18095,,,
1136,18095002000,20,-85.64968,40.0743715,7790774.0,7790774.0,0.0,4052,3347,125,484,75,30,3,3770,3195,154,367,92,10,0,3670,3107,163,331,121,9,0,4101,3207,232,532,60,83,4,3652,2912,191,463,163,15,0,3663,3155,242,258,0,17,0,3146,2719,73,288,50,20,1,2953,2618,65,215,50,0,0,2989,2628,85,204,60,0,0,3225,2622,136,346,52,66,1,3225,2622,136,304,39,12,0,10,102,3114,2608,105,312,75,3,0,3025,2680,100,225,0,8,0,10,1795,998,770,1573,846,727,1669,655,931,1649,739,797,1645,789,787,1597,639,958,1322,607,634,1561,687,808,1519,636,853,1518,478,850,1503,660,843,0.0,18,18095,,,
1137,18095001100,11,-85.6631735,40.1082159,2109584.0,2109584.0,0.0,2585,2252,83,215,21,25,3,2638,2275,114,238,0,11,0,2710,2258,153,282,5,12,0,2449,1860,165,314,21,57,1,2643,2148,67,380,6,12,0,2722,1913,212,551,17,14,0,2166,1943,47,145,18,20,3,2150,1910,34,190,0,14,0,2180,1905,49,210,0,14,0,1966,1559,96,235,15,36,0,1966,1559,96,214,11,7,0,21,58,2151,1811,36,283,0,12,0,2090,1540,160,369,0,14,0,4,919,494,410,736,361,375,798,310,431,783,337,390,778,370,375,753,281,472,563,270,263,717,314,372,696,303,366,700,235,351,686,302,384,0.0,18,18095,,,
1138,18095000300,3,-85.6906611,40.1129438,2429090.0,2429090.0,0.0,2886,2232,149,457,12,43,3,2448,2020,57,352,0,19,0,2719,2252,45,401,0,21,0,2812,2063,242,394,23,101,2,2798,2282,34,454,0,39,0,3084,2400,144,505,10,133,0,2179,1747,80,311,8,33,1,1930,1600,10,300,0,18,0,2155,1790,4,344,0,24,0,2202,1705,145,276,16,70,2,2202,1705,145,239,13,11,1,0,88,2142,1706,1,399,0,26,0,2330,1770,60,460,10,28,0,4,926,606,299,712,463,249,781,369,350,776,394,303,775,426,301,761,379,382,592,326,211,734,382,308,732,354,355,732,276,352,727,400,327,0.0,18,18095,,,
1139,18095000800,8,-85.676753,40.092404,1105759.0,1105759.0,0.0,2128,1696,230,175,7,19,5,2127,1552,321,256,12,25,0,2139,1491,430,286,6,3,0,1916,1259,355,249,8,47,2,2187,1404,508,257,0,18,0,2006,1132,463,386,0,25,0,1579,1313,130,116,5,17,4,1448,1278,72,72,10,25,0,1489,1277,137,74,1,0,0,1386,1006,193,147,6,36,0,1386,1006,193,126,0,4,0,6,51,1544,1171,230,129,0,11,0,1390,930,250,185,0,23,0,0,615,426,178,523,338,185,503,212,250,502,260,193,494,265,196,482,239,243,367,199,138,460,225,205,449,201,235,452,164,230,444,228,216,0.0,18,18095,,,
1140,18065976500,9765,-85.3490565,39.9202574,2778368.0,2778368.0,0.0,2588,2440,48,75,6,21,2,2251,2008,105,98,64,13,0,2067,1889,61,102,33,13,0,2396,2113,101,98,13,54,6,1992,1763,86,127,23,16,0,1963,1663,43,253,0,4,0,1905,1808,20,52,1,17,1,1655,1535,45,60,0,4,0,1470,1390,10,60,0,0,0,1789,1603,66,48,13,39,3,1789,1603,66,35,9,5,0,5,66,1461,1369,14,77,0,0,0,1475,1325,0,150,0,4,0,0,834,541,264,623,386,237,716,230,422,709,291,335,708,319,302,689,265,424,463,198,230,662,259,365,695,229,451,705,189,359,698,271,427,0.0,18,18065,,,
1141,18095001000,10,-85.6556739,40.0938408,4309208.0,4309208.0,0.0,3062,2409,331,296,7,32,5,2636,2127,339,138,3,20,0,2559,1953,217,310,4,16,0,2627,1929,257,314,26,96,0,2422,1702,181,333,0,22,0,2858,1997,174,444,30,35,30,2270,1921,193,140,3,18,5,1847,1642,104,90,0,20,0,1795,1630,25,133,0,0,0,2036,1583,159,202,22,68,0,2036,1583,159,178,8,6,0,15,87,1669,1509,26,127,0,2,0,1990,1725,60,200,0,4,0,0,932,580,330,703,422,281,731,277,403,721,334,323,712,344,323,698,296,402,511,258,226,651,288,331,630,243,371,632,201,326,626,293,333,0.0,18,18095,,,
1142,18065976600,9766,-85.3564587,39.9130719,3245533.0,3244420.0,1113.0,2127,2023,35,45,6,21,3,2198,2046,48,60,30,6,8,2186,2076,39,58,0,8,5,2058,1867,56,63,13,43,4,2111,2024,32,47,0,8,0,2216,1988,137,72,0,8,0,1646,1581,18,25,4,15,2,1770,1645,40,59,10,8,0,1784,1684,30,59,0,8,0,1626,1517,35,26,6,27,3,1626,1517,35,20,2,1,0,6,45,1781,1699,30,49,0,10,0,1840,1705,65,59,0,10,0,0,830,496,317,691,367,324,766,252,454,768,335,370,762,361,325,710,270,440,577,240,293,751,286,418,807,261,534,806,182,441,792,282,510,0.0,18,18065,,,
1143,18097320202,3202.02,-86.1302148,39.8984484,7952625.0,7474448.0,478177.0,3885,3648,65,108,54,14,3,4572,4184,113,60,157,51,0,4548,4097,150,93,163,38,2,4708,4095,150,244,139,63,6,5100,4552,125,86,305,28,4,5238,4248,164,274,423,85,1,3226,3054,47,71,43,13,3,3780,3505,64,48,113,50,0,3810,3450,124,78,119,40,0,4036,3568,130,185,102,41,4,4036,3568,130,148,66,2,0,9,113,4452,4040,109,70,200,24,0,4520,3895,110,210,260,59,0,35,2530,1264,1244,2437,1111,1326,2832,1523,1075,2838,1447,1260,2828,1573,1197,2733,1312,1421,2608,1627,913,2846,1655,1106,3020,1941,1021,3041,1431,1451,3007,1822,1185,0.0,18,18097,,,
1144,18097320203,3202.03,-86.1299342,39.9234777,2188023.0,2188023.0,0.0,2981,1983,351,444,200,18,3,3039,2176,104,476,295,0,0,2756,2098,67,439,188,0,0,3087,1904,374,578,164,82,3,2569,1879,82,507,139,37,0,2698,1914,111,558,108,33,0,2486,1776,235,332,141,12,2,2390,1870,60,400,60,0,0,2270,1790,45,380,55,0,0,2600,1727,239,456,132,52,0,2600,1727,239,414,119,5,0,15,81,2166,1650,34,433,41,10,0,2310,1735,50,490,20,18,0,0,1428,849,569,1280,724,556,1274,739,430,1279,724,470,1277,778,456,1233,684,549,1065,697,320,1267,787,431,1369,905,430,1380,721,574,1362,878,484,0.0,18,18097,,,
1145,18057110509,1105.09,-86.0276291,40.0749517,12934667.0,11562433.0,1372234.0,4675,4221,239,121,69,26,14,5378,4652,257,244,225,0,0,5184,4757,150,64,188,24,0,5469,4606,430,205,103,124,9,5154,4744,181,36,181,12,0,5394,4623,60,358,339,14,0,3389,3114,144,73,44,18,8,3629,3294,120,150,60,0,0,3633,3424,100,0,85,25,0,4020,3475,256,125,71,78,7,4020,3475,256,91,49,7,7,22,113,3781,3554,129,0,85,9,0,3845,3450,50,250,85,14,0,0,1937,753,1164,2052,622,1430,2523,757,1585,2502,808,1553,2483,875,1519,2400,664,1736,2142,758,1280,2558,874,1587,2931,1093,1772,2871,716,1747,2777,956,1821,0.0,18,18057,,,
1146,18057110511,1105.11,-86.067224,40.0780845,8642160.0,8005094.0,637066.0,5934,5635,131,67,67,26,2,5464,5107,189,88,79,3,1,5574,5237,150,72,113,3,1,5688,5180,191,91,98,102,4,5432,5161,83,62,126,0,0,5527,5369,54,0,95,9,0,4131,3953,83,40,37,18,1,3912,3792,31,54,35,3,0,3981,3875,20,42,45,3,0,4204,3893,116,52,56,65,2,4204,3893,116,38,42,4,1,11,99,3851,3730,25,35,64,0,0,3995,3895,34,0,60,10,0,0,3091,1108,1963,2971,807,2164,3271,948,2082,3251,954,2133,3245,1105,2046,3130,789,2341,2608,959,1545,3196,1057,2027,3475,1247,2146,3480,828,2146,3343,1127,2216,0.0,18,18057,,,
1147,18057110811,1108.11,-86.0574105,39.9439584,5615901.0,5450252.0,165649.0,4087,3568,116,219,175,13,3,4528,3965,195,319,64,0,0,4589,3948,175,316,164,0,0,4492,3475,260,411,273,77,4,4974,4203,201,359,224,0,0,4527,3904,61,397,152,8,0,3222,2861,76,148,126,12,2,3705,3305,135,220,45,0,0,3660,3265,75,255,75,0,0,3693,2953,187,294,203,53,2,3693,2953,187,257,179,1,0,6,110,3831,3390,77,282,79,0,0,3560,3205,20,270,50,10,0,0,2330,966,1348,2145,839,1306,2310,1037,1111,2300,998,1200,2289,1086,1147,2213,861,1352,1946,997,894,2316,1106,1141,2561,1323,1183,2565,926,1458,2495,1187,1308,0.0,18,18057,,,
1148,18057111007,1110.07,-86.1209632,39.9673513,3021888.0,3010282.0,11606.0,3989,3253,200,257,266,29,8,4224,3066,360,491,167,40,7,4336,3068,410,464,240,45,5,4030,2841,510,311,334,73,6,4306,2868,466,448,382,28,5,3760,2404,330,353,552,43,0,3137,2667,122,168,171,21,6,2920,2340,230,215,100,25,4,2995,2355,270,220,120,30,4,3146,2298,408,211,216,42,6,3146,2298,408,158,179,3,0,14,86,2929,2310,276,197,132,0,1,2755,2100,170,254,220,12,0,0,1772,819,933,1633,731,902,1635,729,785,1614,728,783,1610,754,787,1570,640,930,1449,751,624,1656,810,775,1824,985,806,1815,726,925,1756,902,854,0.0,18,18057,,,
1149,18057110812,1108.12,-86.0235815,39.9670738,8104245.0,7610350.0,493895.0,6047,5156,331,226,317,24,1,6559,5862,115,98,542,11,0,6767,5992,116,128,618,0,0,6686,5215,486,332,538,101,3,7327,5921,73,200,755,0,0,7039,5413,228,214,851,7,0,4423,3887,188,131,202,18,1,4620,4415,15,60,110,10,0,4825,4600,15,89,120,0,0,5124,4140,282,231,365,79,2,5124,4140,282,174,322,5,0,25,176,4670,4308,19,139,208,0,0,4620,3975,35,165,435,4,0,0,3196,1326,1850,3064,1083,1981,3296,1275,1752,3287,1265,1868,3268,1342,1825,3168,1030,2138,2891,1392,1402,3347,1460,1770,3731,1854,1789,3728,1244,2145,3624,1627,1997,0.0,18,18057,,,
1150,18095001400,14,-85.6770771,40.13465,5763167.0,5712275.0,50892.0,3720,3367,82,235,18,23,2,3601,3020,147,407,0,27,0,3623,2981,132,434,40,35,40,3811,3094,174,369,31,105,3,3689,3132,175,315,28,32,28,3850,3041,198,380,195,34,27,2934,2721,45,143,13,19,2,2995,2620,30,315,0,24,0,3005,2580,15,329,0,35,0,2950,2486,108,212,25,82,3,2950,2486,108,187,19,5,0,4,141,3100,2780,33,215,0,37,0,3370,2830,70,255,155,25,0,25,1524,830,669,1316,662,654,1492,538,839,1469,644,708,1473,683,716,1427,558,869,1166,530,559,1399,588,740,1408,540,840,1414,414,806,1395,604,791,0.0,18,18095,,,
1151,18095001500,15,-85.7186843,40.1249227,10634051.0,10634051.0,0.0,3922,3467,79,346,23,21,3,4368,3448,51,736,37,91,0,4296,3346,70,782,9,78,0,3941,3231,142,453,29,66,8,4228,3185,75,837,4,93,0,4338,3526,165,584,8,45,0,3077,2795,43,211,17,18,2,3315,2835,8,400,4,59,0,3315,2795,19,439,4,60,0,3098,2649,75,276,20,51,7,3098,2649,75,255,10,2,2,9,96,3215,2590,11,534,5,77,0,3315,2785,124,395,4,20,0,0,2017,960,1022,1773,759,1014,1897,689,1068,1874,788,974,1865,831,973,1792,655,1137,1598,722,795,1795,754,976,1778,738,1010,1789,512,1069,1768,745,1023,0.0,18,18095,,,
1152,18095001600,16,-85.7398674,40.0974833,7702128.0,7702128.0,0.0,2628,2328,45,225,18,15,9,2720,2440,99,128,42,11,0,2799,2524,103,123,49,0,0,2874,2531,83,166,31,60,2,2863,2568,109,115,40,31,0,2751,2454,93,117,53,34,0,2089,1892,29,152,8,7,2,2120,1890,59,125,35,10,0,2180,1960,55,125,35,0,0,2301,2067,43,125,18,44,0,2301,2067,43,107,8,6,0,0,70,2191,1974,60,102,34,10,0,2110,1935,50,89,19,8,0,0,1666,744,903,1558,643,915,1559,609,861,1551,667,795,1542,703,797,1494,547,947,1363,618,681,1535,670,817,1625,708,891,1624,529,878,1609,719,890,0.0,18,18095,,,
1153,18097320400,3204,-86.0762736,39.8788259,3965291.0,3950099.0,15192.0,3295,2099,178,954,70,26,0,3208,1915,221,878,195,20,0,2852,1876,118,733,128,24,0,3228,1905,228,977,83,50,3,2965,1670,118,937,141,89,0,3343,1966,41,1183,102,88,0,2464,1707,111,594,55,19,0,2495,1705,120,575,85,10,0,2330,1615,115,520,75,15,0,2465,1573,137,636,66,48,3,2465,1573,137,593,46,3,0,11,102,2497,1432,110,782,80,85,0,2540,1560,19,835,25,80,0,15,1706,1010,681,1617,929,688,1654,978,540,1647,971,582,1648,1038,566,1586,888,698,1455,955,443,1628,1024,542,1672,1114,521,1688,864,707,1673,1082,591,0.0,18,18097,,,
1154,18097320500,3205,-86.1102868,39.8759789,3282379.0,3282379.0,0.0,3208,2399,137,588,84,30,0,3153,2559,124,426,52,0,7,3320,2676,138,474,49,0,8,3121,2368,169,480,92,59,6,3273,2223,170,721,51,0,7,3036,2075,110,711,9,11,8,2451,1929,87,368,61,23,0,2410,2015,35,320,30,0,0,2485,2065,50,340,30,0,0,2533,1970,103,358,75,49,6,2533,1970,103,313,56,6,0,10,75,2412,1927,40,408,36,0,0,2225,1825,14,365,0,10,0,10,1304,501,785,1695,911,784,1759,1022,596,1764,972,704,1760,1065,653,1710,892,818,1610,1054,509,1770,1089,628,1876,1228,621,1888,917,863,1873,1192,681,0.0,18,18097,,,
1155,18097320600,3206,-86.1296164,39.8815701,2939774.0,2826215.0,113559.0,2582,2315,83,130,40,14,1,2224,2026,42,52,110,6,0,2323,2155,52,53,46,9,0,2554,2147,168,126,52,61,3,2339,1930,67,283,42,10,0,2307,1758,168,343,38,6,0,2135,1963,52,74,31,10,1,1940,1805,40,30,60,4,0,2055,1905,55,55,40,10,0,2121,1838,101,90,41,43,1,2121,1838,101,76,29,6,0,10,61,2014,1769,67,131,34,15,0,1855,1565,95,160,30,8,0,0,1387,772,595,1269,665,604,1307,685,506,1305,685,527,1306,734,512,1248,634,614,1183,725,406,1322,762,501,1433,873,517,1446,672,634,1429,882,547,0.0,18,18097,,,
1156,18097320301,3203.01,-86.1074138,39.8862228,4617925.0,3441243.0,1176682.0,3382,2951,84,263,80,17,1,3339,3063,0,172,104,0,0,3266,2969,11,180,106,0,0,3413,2986,108,233,55,38,1,3618,3292,10,135,16,0,0,3657,3230,17,198,45,0,17,2922,2587,65,199,64,11,1,2955,2735,0,115,100,0,0,2840,2615,10,115,100,0,0,2992,2659,82,169,44,27,1,2992,2659,82,147,41,2,0,8,53,2894,2805,10,70,9,0,0,2995,2810,15,115,29,0,0,15,2056,980,1064,1992,915,1077,2302,1143,999,2302,1096,1124,2302,1209,1051,2202,917,1285,2078,1186,834,2299,1232,1002,2394,1421,929,2423,998,1305,2396,1322,1074,0.0,18,18097,,,
1157,18097320700,3207,-86.148345,39.8764733,1641260.0,1551718.0,89542.0,1985,1785,51,80,58,12,0,1994,1808,0,102,69,15,0,2009,1896,0,72,18,22,0,2353,2006,97,88,97,34,6,2032,1919,54,37,22,12,0,2151,1946,79,37,22,20,0,1728,1581,34,60,41,11,0,1725,1595,0,55,60,15,0,1745,1665,0,45,10,20,0,2075,1804,68,69,79,30,6,2075,1804,68,56,67,3,6,15,56,1635,1584,7,12,12,0,0,1725,1665,15,20,20,4,0,4,1285,803,469,1264,729,535,1302,853,348,1299,789,443,1294,861,409,1246,716,530,1269,899,330,1364,939,389,1549,1140,380,1561,834,650,1553,1099,454,0.0,18,18097,,,
1158,18097322500,3225,-86.1322615,39.8336555,2152132.0,2152132.0,0.0,1553,426,113,1000,14,15,0,1513,391,110,959,41,25,0,1559,459,112,935,40,33,0,1651,576,209,811,30,42,3,1559,479,214,837,19,24,0,1626,415,107,1063,12,15,0,1216,397,70,734,13,14,0,1200,325,30,818,20,23,0,1245,385,10,817,19,28,0,1281,514,124,613,15,25,1,1281,514,124,577,14,0,0,9,43,1219,401,49,743,10,18,0,1145,420,80,649,0,19,0,0,747,698,44,595,553,42,627,546,51,620,517,57,620,553,48,608,536,72,518,459,40,611,541,51,649,578,57,653,533,93,652,600,52,0.0,18,18097,,,
1159,18097322700,3227,-86.0932827,39.8328625,2678434.0,2678434.0,0.0,2382,280,42,2060,11,20,0,2050,291,106,1635,19,7,0,1899,366,125,1403,17,7,0,2002,328,181,1483,18,25,2,1733,437,168,1055,80,7,0,1845,532,52,1179,87,4,0,1849,246,29,1569,9,13,0,1710,285,40,1360,20,0,0,1590,340,55,1160,15,0,0,1661,288,106,1257,9,25,2,1661,288,106,1216,8,5,2,8,28,1390,359,91,856,80,0,0,1530,440,40,955,90,4,0,0,1401,1323,67,1379,1298,81,1128,1020,71,1127,1022,76,1124,1031,79,1116,968,148,982,907,57,1086,997,71,1082,994,74,1086,926,130,1082,1002,80,0.0,18,18097,,,
1160,18091990000,9900,-86.9005804,41.7471141,18416421.0,0.0,18416421.0,0,0,0,0,0,0,0,0,0,0,0,0,0,0,0,0,0,0,0,0,0,0,0,0,0,0,0,0,0,0,0,0,0,0,0,0,0,0,0,0,0,0,0,0,0,0,0,0,0,0,0,0,0,0,0,0,0,0,0,0,0,0,0,0,0,0,0,0,0,0,0,0,0,0,0,0,0,0,0,0,0,0,0,0,0,0,0,0,0,0,0,0,0,0,0,0,0,0,0,0,0,0,0,0,0,0,0,0,0,0,0,0,0,0,0,0,0,0,0,0,0,0,0,0,0,0,0,8044.152525956799,18,18091,,,
1161,18091043000,430,-86.8925081,41.7268,6497838.0,4629683.0,1868155.0,2405,1396,126,841,29,40,3,2543,1386,146,997,0,14,0,2641,1515,175,951,0,0,0,2392,1403,164,726,42,59,4,2611,1449,162,962,7,31,0,2422,1666,239,473,17,37,0,1887,1181,88,584,19,32,1,1930,1265,90,555,0,15,0,2015,1390,115,510,0,0,0,1963,1253,115,539,29,39,3,1963,1253,115,494,24,6,0,12,59,2000,1348,145,503,4,10,0,1940,1450,125,335,10,8,0,10,996,779,200,871,636,235,974,620,288,967,629,271,950,635,271,929,610,319,851,602,230,969,647,293,1078,706,356,1053,595,411,1035,669,366,0.0,18,18091,,,
1162,18097320903,3209.03,-86.1959271,39.8775283,2243379.0,2243379.0,0.0,4887,655,1015,3171,81,37,4,5184,623,1846,2508,210,65,20,5028,652,1530,2737,95,34,11,4922,550,1435,2794,187,126,0,6220,898,1227,3774,268,121,38,5514,990,589,3785,140,112,18,3243,549,612,2037,53,23,2,2580,445,290,1710,100,15,0,2590,395,180,1935,55,4,0,3275,452,847,1876,117,88,0,3275,452,847,1768,117,6,0,7,78,3356,588,144,2378,165,25,0,3520,745,55,2589,105,8,0,20,1934,1794,129,1587,1471,116,1445,1268,112,1438,1234,136,1430,1275,123,1409,1211,198,1128,1017,75,1398,1234,127,1480,1300,149,1486,1169,260,1488,1311,177,0.0,18,18097,,,
1163,18097321001,3210.01,-86.2028174,39.8614827,3863689.0,3863689.0,0.0,2650,778,304,1535,39,50,11,2883,1001,313,1510,0,77,0,2929,1150,359,1355,11,74,0,2860,760,775,1205,92,92,4,3087,1343,213,1492,16,52,0,2946,1032,404,1335,166,137,0,2034,671,173,1155,30,31,6,2125,810,115,1140,0,80,0,2090,940,115,975,10,75,0,2177,654,476,964,69,70,0,2177,654,476,894,64,1,0,3,85,2209,1043,53,1069,13,50,0,2065,835,85,895,90,65,0,105,1370,1172,184,1281,1097,184,1179,944,165,1166,933,178,1170,964,172,1137,892,245,1028,864,140,1140,935,178,1188,960,208,1192,846,261,1181,953,228,0.0,18,18097,,,
1164,18097321002,3210.02,-86.2026357,39.837706,7599232.0,7420312.0,178920.0,4414,2284,116,1901,104,43,4,4648,1809,94,1809,905,35,0,4892,1861,140,2044,834,19,0,4657,2307,271,1808,192,61,8,5224,2818,137,1551,660,36,0,5292,2900,7,1647,701,14,0,3578,1939,74,1479,77,29,4,2935,1620,20,1225,48,25,0,3140,1635,20,1415,58,10,0,3718,1943,168,1399,150,46,8,3718,1943,168,1359,116,4,1,16,111,3722,2595,16,1052,25,25,0,3930,2580,4,1319,8,14,0,4,2760,2125,613,2550,1975,575,2575,1988,424,2567,1931,530,2567,2039,483,2486,1809,677,2389,1963,345,2549,2038,449,2630,2190,405,2652,1866,673,2632,2139,493,0.0,18,18097,,,
1165,18097320800,3208,-86.1560958,39.8948069,6304675.0,6304675.0,0.0,2948,2773,59,54,55,11,2,3061,2709,52,149,105,20,24,2985,2686,42,159,88,14,0,3225,2905,75,95,101,33,2,2969,2724,43,70,82,29,0,2947,2645,32,66,140,15,0,2267,2148,32,41,37,9,2,2250,1995,39,115,73,4,25,2180,1990,23,115,37,4,0,2492,2260,52,64,72,25,1,2492,2260,52,56,66,7,0,9,42,2189,2080,28,35,44,12,0,2235,2095,29,34,74,8,0,0,2059,922,1120,2079,843,1236,2080,1103,828,2102,972,1081,2100,1118,968,2016,828,1188,1998,1181,778,2142,1186,914,2290,1442,819,2312,935,1304,2300,1294,1006,0.0,18,18097,,,
1166,18097321600,3216,-86.0963814,39.8477373,4945845.0,4540175.0,405670.0,4554,2011,109,2364,73,27,4,5714,2421,486,2693,188,27,0,5796,2629,464,2677,170,34,0,5024,2201,270,2349,141,76,3,5999,2632,535,2436,578,46,0,5629,2674,288,2256,731,14,0,3709,1775,78,1805,52,24,4,4360,2080,360,1815,80,25,0,4275,2210,335,1660,65,35,0,4111,1920,175,1831,118,73,2,4111,1920,175,1729,82,7,0,34,164,4473,2229,326,1547,334,50,0,4030,2150,240,1180,365,15,0,80,2670,2054,597,2415,1877,538,2587,1945,497,2584,1915,545,2581,1999,525,2517,1852,665,2234,1772,404,2563,1981,511,2714,2150,510,2712,1816,751,2703,2116,587,0.0,18,18097,,,
1167,18097321700,3217,-86.128437,39.853208,2959360.0,2900457.0,58903.0,4157,3333,163,546,91,19,6,3937,3197,153,282,204,72,17,4238,3466,190,264,217,72,17,4183,3386,215,373,95,71,11,4159,3441,177,350,123,18,33,4283,3413,245,538,85,24,2,3655,3009,110,434,70,15,5,3330,2870,90,143,140,70,0,3585,3165,75,118,145,70,0,3594,2963,158,303,70,57,5,3594,2963,158,272,48,7,1,24,121,3562,3149,88,169,103,20,2,3700,3185,155,274,84,0,4,0,2302,1528,746,2161,1333,828,2348,1530,577,2362,1481,745,2361,1583,683,2277,1374,903,2122,1566,455,2380,1649,628,2569,1900,599,2581,1478,937,2556,1843,713,0.0,18,18097,,,
1168,18097310306,3103.06,-86.2525581,39.8312731,5193429.0,5193429.0,0.0,6005,784,1253,3834,179,48,18,6532,549,1653,4034,322,16,0,5956,513,1192,4014,213,11,0,6924,564,1982,4293,132,114,2,7431,439,1354,5557,200,15,0,7961,384,1314,6183,116,60,0,3993,664,784,2432,135,29,12,3050,505,150,2289,115,0,0,2950,465,170,2259,60,0,0,4640,498,1183,2857,104,71,2,4640,498,1183,2758,90,0,0,28,83,3503,379,170,2897,63,0,0,4170,295,440,3340,100,0,0,0,2034,1817,204,1861,1666,195,1841,1597,192,1826,1535,207,1831,1596,196,1814,1529,285,1323,1149,137,1717,1480,200,1741,1492,230,1753,1374,321,1752,1510,242,0.0,18,18097,,,
1169,18093950900,9509,-86.4993442,38.8654863,3199928.0,3199928.0,0.0,2772,2636,43,35,19,33,3,2886,2637,42,38,34,144,0,2731,2446,40,39,95,118,0,2903,2636,82,60,26,69,5,2665,2513,0,20,79,68,0,2623,2402,0,55,60,120,0,2091,2001,17,23,9,31,1,2175,1990,29,34,10,105,0,2110,1935,29,24,30,90,0,2237,2062,45,34,18,53,4,2237,2062,45,20,13,5,0,5,87,2139,2032,0,0,29,47,0,2095,1935,0,44,20,90,0,10,1080,445,594,960,352,608,1061,290,702,1040,361,622,1030,395,598,981,287,694,843,314,478,1027,338,651,1170,372,770,1161,259,694,1125,362,763,0.0,18,18093,,,
1170,18097330103,3301.03,-86.0507697,39.919922,5215430.0,5215430.0,0.0,4843,3541,395,759,140,21,13,4973,4095,99,455,324,47,39,4722,3476,113,862,271,49,31,4436,2879,469,805,194,90,9,4441,3180,100,958,203,46,38,3975,2537,555,1059,82,59,0,4050,3134,279,512,115,19,10,4055,3385,100,370,130,0,0,3780,2820,100,690,100,0,0,3763,2604,295,612,163,65,9,3763,2604,295,579,135,9,3,23,115,3590,2686,91,679,57,0,0,3240,2245,220,670,39,20,0,40,2480,1363,1096,2213,1163,1050,2240,1174,888,2233,1177,919,2223,1261,890,2178,1065,1113,1921,1194,657,2213,1293,838,2330,1508,781,2352,1145,1025,2325,1443,882,0.0,18,18097,,,
1171,18097310308,3103.08,-86.2293113,39.8607527,3356463.0,3356463.0,0.0,3463,939,346,2052,120,49,12,3526,708,588,2167,117,134,0,3438,642,524,2183,133,131,0,3679,752,495,2297,126,49,1,3244,563,582,2080,56,8,0,3263,759,563,1772,127,9,0,2397,742,198,1371,85,31,6,2280,655,145,1380,104,99,0,2390,600,185,1470,114,94,0,2692,642,319,1620,102,35,1,2692,642,319,1546,92,2,0,25,66,2271,499,255,1460,51,11,0,2345,725,220,1330,70,10,0,0,1675,1354,313,1507,1248,259,1508,1225,221,1504,1219,218,1504,1244,230,1482,1179,303,1230,1039,153,1462,1212,213,1507,1271,212,1519,1099,349,1509,1265,244,0.0,18,18097,,,
1172,18097321100,3211,-86.1768526,39.8552651,9352339.0,9206825.0,145514.0,3624,2010,101,1479,49,22,11,3504,1909,57,1475,39,28,0,3513,2055,70,1320,41,29,0,3631,2053,208,1217,101,41,7,3579,2072,64,1393,34,31,0,3718,2081,121,1362,142,40,3,2855,1618,56,1151,32,16,5,2670,1485,38,1119,24,29,0,2655,1595,39,989,23,29,0,2966,1700,130,1026,66,31,2,2966,1700,130,981,52,2,0,19,82,2851,1647,50,1118,13,32,0,3030,1775,94,1080,72,39,0,4,2518,1959,542,2352,1804,548,2419,1848,433,2428,1814,519,2418,1868,498,2331,1665,666,2187,1743,395,2383,1839,488,2443,1907,501,2455,1580,777,2437,1845,592,0.0,18,18097,,,
1173,18097321200,3212,-86.1504484,39.8622524,2989231.0,2989231.0,0.0,4683,4282,111,184,98,18,12,5190,4743,51,293,117,16,0,5052,4574,120,277,95,30,0,5071,4454,166,178,157,54,6,4987,4624,118,146,108,18,0,5188,4571,236,46,245,37,51,3871,3568,80,148,68,14,7,3835,3560,30,180,45,0,0,3925,3640,50,145,64,0,0,4037,3614,116,132,97,32,4,4037,3614,116,102,62,1,4,14,124,3600,3402,47,112,41,4,0,3605,3335,80,20,119,14,0,25,3227,1955,1237,3011,1657,1354,3184,2003,873,3195,1848,1195,3198,2030,1100,3061,1672,1389,3032,2158,794,3263,2160,987,3485,2534,866,3514,1798,1559,3490,2380,1110,0.0,18,18097,,,
1174,18097321400,3214,-86.104804,39.8590403,4928842.0,4902120.0,26722.0,5189,3765,175,1101,139,32,6,5559,4053,274,1071,124,0,0,5339,3850,393,1037,59,0,0,5364,3914,242,989,136,64,9,5196,4062,266,819,49,0,0,4954,3622,284,914,99,50,0,4195,3156,124,802,101,24,4,4445,3510,35,790,110,0,0,4010,3170,60,735,50,0,0,4440,3318,180,766,102,61,2,4440,3318,180,697,83,2,0,10,150,4118,3366,47,659,42,0,0,4070,3055,135,755,90,35,0,0,3007,1849,1132,2913,1769,1144,3021,1929,850,3001,1863,1010,2994,1985,941,2901,1709,1192,2698,1937,681,3038,2059,888,3298,2372,862,3326,1859,1258,3292,2308,984,0.0,18,18097,,,
1175,18097320106,3201.06,-86.1737002,39.9233095,2611242.0,2598371.0,12871.0,2655,1676,352,588,48,22,3,2156,1571,136,401,113,21,12,2557,1380,165,915,306,7,8,2526,1454,183,811,53,40,2,3707,1446,53,2063,221,10,13,3612,1515,109,1870,154,0,0,2002,1396,208,367,33,15,2,1700,1345,70,239,49,19,0,1845,1175,65,438,75,4,0,1885,1206,107,512,32,28,1,1885,1206,107,481,24,3,0,12,52,2465,1160,44,1138,71,9,0,2405,1160,105,1050,55,0,0,25,1235,647,582,1167,588,579,1160,679,415,1165,631,498,1164,674,468,1122,559,563,1047,664,360,1174,714,435,1270,850,402,1277,614,619,1265,793,472,0.0,18,18097,,,
1176,18097320107,3201.07,-86.1554502,39.9197558,2653195.0,2653195.0,0.0,1525,1222,71,170,71,2,2,1915,1672,36,176,31,0,0,1997,1678,50,228,41,0,0,1808,1464,84,186,56,31,3,2169,1856,61,163,89,0,0,2109,1801,48,199,68,3,0,1270,1059,47,120,43,2,2,1555,1420,24,95,15,0,0,1600,1400,39,135,30,0,0,1529,1259,62,150,43,21,3,1529,1259,62,130,38,0,0,0,40,1638,1436,47,111,39,0,0,1655,1420,35,160,34,4,0,0,931,469,455,927,445,482,1039,553,403,1044,536,445,1042,562,452,997,484,513,920,568,326,1044,597,411,1121,710,385,1129,529,529,1114,657,457,0.0,18,18097,,,
1177,18097320108,3201.08,-86.1934762,39.9047551,2654912.0,2654912.0,0.0,5296,1937,929,2301,128,73,9,5381,1925,744,2847,112,0,0,5637,2077,785,2841,165,0,0,5546,1618,793,2951,182,98,2,5080,1886,645,2545,217,3,0,5054,1768,233,2913,140,2,0,4055,1727,606,1616,102,47,4,3520,1685,140,1625,65,0,0,3710,1730,175,1700,115,0,0,4220,1476,535,2036,143,83,2,4220,1476,535,1906,125,20,0,12,146,3511,1604,244,1539,113,4,0,3570,1400,145,1924,89,4,0,0,1896,1514,369,1709,1371,338,1767,1344,295,1746,1318,323,1752,1375,307,1701,1271,430,1383,1105,227,1688,1321,302,1751,1406,310,1761,1208,454,1738,1372,366,0.0,18,18097,,,
1178,18097320109,3201.09,-86.1744727,39.90496,2649664.0,2649664.0,0.0,2497,2066,51,254,118,14,1,2540,1978,73,244,234,22,0,2446,1852,44,242,271,38,0,2578,1902,124,295,230,33,6,2533,1906,49,303,243,32,0,2691,2136,67,363,113,46,0,2057,1745,29,172,107,10,1,1950,1680,40,170,49,10,0,1925,1635,25,175,70,14,0,2148,1647,76,217,183,22,2,2148,1647,76,194,169,2,1,20,39,2046,1650,36,290,49,12,0,2135,1705,25,350,55,4,0,0,1642,874,750,1567,787,780,1624,932,588,1633,891,690,1625,960,641,1576,769,807,1517,939,536,1645,989,615,1730,1132,574,1748,856,818,1726,1067,659,0.0,18,18097,,,
1179,18097320303,3203.03,-86.0757836,39.91771,1487322.0,1486791.0,531.0,3240,2159,354,485,234,16,8,3440,1900,289,977,295,0,8,3520,1939,278,1071,262,0,6,3585,1856,384,1112,160,71,4,3214,1763,248,985,235,5,23,3132,1676,255,1029,234,17,0,2845,2033,235,366,199,13,5,2855,1845,115,760,135,0,0,3000,1890,155,805,150,0,0,3073,1739,300,842,131,62,3,3073,1739,300,742,99,2,1,33,157,2695,1708,112,704,137,3,0,2630,1640,140,650,160,19,0,30,1201,754,434,1010,642,368,1137,719,296,1127,662,348,1127,744,321,1074,673,401,861,643,166,1119,784,271,1235,977,226,1241,813,327,1233,960,273,0.0,18,18097,,,
1180,18007100300,1003,-87.4468509,40.6055549,403579281.0,403510473.0,68808.0,2326,2023,270,19,6,11,3,2461,2157,212,46,12,18,18,2402,2075,241,55,7,10,18,2289,1816,410,22,4,30,2,2398,1974,315,59,7,9,42,2295,1825,322,40,7,18,52,1740,1568,153,9,2,9,3,1800,1600,140,39,4,18,8,1790,1580,145,44,4,4,8,1737,1430,255,11,4,25,2,1737,1430,255,7,3,1,2,9,30,1702,1491,139,43,4,5,10,1630,1465,85,38,8,10,19,4,1044,476,528,932,335,597,984,227,688,984,329,588,973,328,601,943,235,708,776,223,500,971,263,664,1045,234,792,1045,166,708,1026,284,742,28951.890855710466,18,18007,,,
1181,18007100100,1001,-87.1903078,40.5942371,370950956.0,370888755.0,62201.0,3413,3312,58,20,9,17,0,3237,3020,180,9,11,17,0,3288,3087,163,3,4,31,0,3336,3114,113,31,11,60,8,3246,3084,118,4,5,35,0,3258,3020,131,62,0,33,0,2487,2437,27,10,4,12,0,2305,2245,30,8,14,19,0,2365,2295,30,0,4,35,0,2467,2321,60,22,8,43,2,2467,2321,60,15,3,9,0,5,54,2442,2349,31,0,1,41,0,2430,2330,60,25,0,23,0,0,1452,540,865,1350,426,924,1409,303,1000,1411,393,916,1406,443,905,1370,298,1072,1138,308,754,1423,368,996,1619,386,1193,1619,259,1119,1600,414,1186,0.0,18,18007,,,
1182,18007100200,1002,-87.2954498,40.6569774,278322254.0,278217230.0,105024.0,3115,2963,103,39,7,10,0,2969,2855,53,51,2,8,0,2987,2863,48,51,2,23,0,3094,2859,106,39,8,44,14,3051,2956,40,42,1,12,0,3156,3061,63,28,0,4,0,2343,2262,53,18,5,8,0,2320,2240,50,27,4,8,0,2295,2210,50,32,4,8,0,2350,2196,63,23,8,33,8,2350,2196,63,11,6,5,3,12,54,2268,2208,42,21,0,4,0,2370,2270,60,28,0,8,0,0,1382,547,790,1238,397,841,1295,330,891,1299,410,812,1290,430,812,1249,301,948,1050,316,672,1284,367,871,1444,389,1022,1436,246,988,1422,413,1009,0.0,18,18007,,,
1183,18097330105,3301.05,-86.0559303,39.8970365,7016361.0,7016361.0,0.0,5050,3257,491,1071,218,41,6,5323,3464,348,1318,232,0,0,5027,3384,395,1069,236,0,0,5344,3014,471,1557,206,117,6,4718,3425,52,1039,69,0,0,4619,3425,300,782,7,39,0,4039,2789,317,764,155,33,3,4000,2930,170,900,0,0,0,3835,2810,195,825,0,0,0,4301,2616,331,1131,162,85,4,4301,2616,331,1023,135,11,0,12,173,3873,3096,44,719,0,0,0,3670,2720,200,759,0,10,0,0,2366,1295,1051,2361,1297,1064,2331,1333,829,2334,1296,905,2326,1378,882,2264,1202,1062,1885,1206,613,2303,1405,822,2483,1626,812,2498,1276,1043,2485,1600,885,0.0,18,18097,,,
1184,18097330106,3301.06,-86.0410847,39.9000296,3112340.0,3112340.0,0.0,4505,2534,578,1195,185,38,10,3993,2391,491,931,190,0,0,4109,2834,488,641,159,0,0,4354,2008,472,1660,202,83,12,4915,2049,1133,1687,497,0,0,4909,2070,1071,1627,543,0,0,3731,2309,380,871,156,29,6,3430,2200,259,865,100,0,0,3355,2400,310,590,60,0,0,3634,1868,331,1239,173,65,11,3634,1868,331,1143,137,7,0,22,126,3518,1879,494,1070,75,0,0,3305,1740,370,1020,185,0,0,0,1731,1143,567,1660,997,663,1643,973,568,1628,960,574,1631,1023,568,1599,924,675,1329,865,412,1608,1031,526,1728,1203,491,1735,968,648,1723,1168,555,0.0,18,18097,,,
1185,18097330107,3301.07,-86.0181936,39.8886758,8653179.0,8640329.0,12850.0,5803,4911,157,544,185,14,10,6114,5032,340,507,264,0,0,6129,5027,361,502,267,0,0,5683,4562,291,548,210,79,8,5430,4603,183,503,168,0,0,4882,4058,217,335,268,0,0,4522,3935,97,359,122,7,2,4945,4080,155,490,210,0,0,4865,4030,205,465,165,0,0,4669,3815,213,418,168,66,2,4669,3815,213,358,130,0,0,15,138,4523,3804,147,467,107,0,0,4055,3375,189,279,200,0,0,0,3799,1633,2139,3675,1476,2199,3776,1719,1758,3785,1680,1946,3789,1822,1868,3689,1461,2228,3414,1820,1493,3782,1889,1773,3970,2202,1681,3995,1550,2146,3971,2074,1897,0.0,18,18097,,,
1186,18097321800,3218,-86.1533231,39.8502907,1755035.0,1755035.0,0.0,3550,3166,84,191,94,16,3,3633,3114,86,167,240,26,0,3553,3055,94,126,263,14,0,3556,3095,130,167,92,45,6,3415,2963,88,97,253,14,0,3261,3011,48,123,53,8,0,2836,2559,47,166,54,15,2,2810,2490,33,170,84,25,0,2810,2525,49,125,98,15,0,2842,2489,97,138,62,36,5,2842,2489,97,113,42,4,2,13,82,2560,2305,45,96,109,14,0,2530,2340,39,99,45,10,0,0,2297,1561,714,2238,1437,801,2321,1601,549,2335,1482,774,2328,1567,724,2240,1338,902,2215,1669,483,2353,1659,628,2474,1887,547,2490,1358,1050,2475,1770,705,0.0,18,18097,,,
1187,18097322100,3221,-86.1477118,39.8289727,1045758.0,1045758.0,0.0,2582,835,64,1657,33,30,0,2781,1559,46,1120,94,0,0,2778,1389,49,1306,41,14,9,2706,1433,121,1073,37,42,4,3045,1446,16,1180,365,42,24,3082,1486,58,1074,423,24,20,1946,686,43,1191,25,21,0,1905,1090,23,765,25,0,0,1890,1000,18,830,15,15,0,1965,1067,63,782,22,30,2,1965,1067,63,738,15,0,2,14,66,1920,1025,4,824,0,40,0,1860,1090,29,690,10,25,0,20,1445,1277,163,1318,1145,173,1356,1094,164,1353,1060,228,1353,1109,212,1317,1048,269,1273,1092,138,1375,1137,191,1459,1255,173,1470,1069,349,1460,1227,233,0.0,18,18097,,,
1188,18097322300,3223,-86.1475613,39.8432574,988629.0,988629.0,0.0,2462,1777,51,572,47,23,2,2550,2173,95,226,56,0,0,2445,2058,82,250,55,0,0,2528,2091,82,235,62,30,3,2417,1869,287,165,95,1,0,2327,1851,291,136,47,2,0,1992,1485,39,426,25,21,2,2100,1785,50,220,45,0,0,2035,1730,35,220,45,0,0,1994,1690,57,169,36,17,2,1994,1690,57,156,27,0,0,6,58,1899,1540,170,120,72,4,0,1765,1520,154,64,30,4,0,0,1163,805,346,1471,1080,391,1530,1137,264,1531,1105,350,1521,1158,325,1464,1033,431,1454,1188,216,1542,1199,290,1625,1334,262,1630,1077,482,1614,1286,328,0.0,18,18097,,,
1189,18097322400,3224,-86.1309773,39.8439299,1330962.0,1330962.0,0.0,2742,1201,111,1390,41,29,10,3057,1783,100,1010,37,98,0,2909,1862,126,778,29,78,0,2964,1757,239,824,74,68,5,2809,1906,121,722,38,0,0,2734,1628,142,795,55,92,0,2196,1116,71,974,35,26,7,2525,1605,30,784,40,70,0,2435,1635,60,664,30,55,0,2525,1597,163,647,62,60,2,2525,1597,163,586,44,6,0,18,111,2392,1667,51,644,39,0,0,2330,1460,35,730,54,45,0,0,1592,1382,196,1264,1059,205,1514,1172,206,1504,1145,245,1504,1209,234,1468,1151,317,1335,1125,147,1532,1237,227,1669,1392,236,1676,1210,376,1664,1394,270,0.0,18,18097,,,
1190,18097320901,3209.01,-86.1768823,39.8854358,5226398.0,5216057.0,10341.0,5820,3623,307,1773,111,42,11,6538,4282,124,1934,79,66,10,6934,4295,598,2166,103,67,13,5883,3467,374,1704,222,73,11,6607,4251,613,1947,103,0,24,6143,3328,874,2039,57,38,0,4602,2994,188,1339,79,39,6,4795,3220,95,1340,59,65,0,5010,3260,305,1295,69,65,0,4760,2878,256,1379,157,53,3,4760,2878,256,1313,137,3,0,39,134,4793,3376,315,1006,67,0,0,4550,2870,350,1230,54,39,0,0,3491,2365,1108,3255,2202,1053,3255,2288,788,3248,2229,885,3249,2340,839,3143,2055,1088,2981,2222,682,3251,2364,804,3384,2570,755,3415,2117,1156,3391,2527,864,0.0,18,18097,,,
1191,18097320902,3209.02,-86.1933133,39.8915621,2112992.0,2112992.0,0.0,4368,1273,1065,1933,101,61,4,4216,1224,885,1966,176,51,4,4249,1115,747,2264,131,47,5,4644,1243,647,2449,310,93,13,3840,1115,434,2065,239,14,6,3850,1130,692,1855,244,9,0,3002,1107,658,1164,73,38,2,2390,1020,185,1094,75,4,4,2635,1005,230,1309,74,4,4,3346,1117,375,1620,194,58,11,3346,1117,375,1526,175,5,7,35,106,2606,1037,166,1249,147,9,4,2520,1090,130,1205,100,10,0,0,1493,1140,341,1534,1167,367,1483,1095,291,1481,1073,325,1478,1120,322,1431,1013,418,1202,935,224,1467,1120,300,1584,1250,303,1595,1060,453,1582,1239,343,0.0,18,18097,,,
1192,18145710200,7102,-85.9078331,39.6207679,157242133.0,156545540.0,696593.0,5663,5510,62,30,37,23,6,5710,5481,62,40,127,0,78,5516,5225,59,41,191,0,122,5702,5321,149,68,39,86,7,5767,5480,26,27,234,0,152,5696,5370,185,20,0,91,0,4263,4178,35,12,20,19,5,4345,4205,45,39,20,0,0,4335,4160,35,44,30,0,0,4416,4171,76,30,28,64,5,4416,4171,76,18,20,5,0,21,105,4277,4149,24,24,19,0,0,4290,4125,90,19,0,55,0,0,2684,938,1697,2588,736,1852,2792,580,2067,2777,739,1888,2756,861,1799,2672,543,2129,2334,621,1634,2785,691,2004,3076,652,2340,3058,460,1882,2946,676,2270,0.0,18,18145,,,
1193,18145710800,7108,-85.7893402,39.482309,230903442.0,230325541.0,577901.0,4950,4839,34,38,20,15,3,4753,4728,0,25,0,0,0,4933,4908,0,25,0,0,0,4869,4633,73,62,27,68,1,4776,4753,3,20,0,0,0,5074,5055,5,14,0,0,0,3778,3719,21,15,7,14,2,3665,3660,0,4,0,0,0,3825,3820,0,4,0,0,0,3811,3666,46,34,13,49,1,3811,3666,46,19,10,1,0,6,63,3734,3720,3,4,0,0,0,4080,4075,4,0,0,0,0,0,2194,791,1356,2025,581,1444,2247,461,1662,2239,655,1464,2223,734,1422,2160,450,1710,1855,493,1247,2228,571,1582,2450,537,1871,2435,384,1551,2327,554,1773,0.0,18,18145,,,
1194,18145710900,7109,-85.7953417,39.3848745,272860043.0,272311489.0,548554.0,4567,4478,53,13,5,24,0,4440,4356,30,31,0,23,0,4537,4412,44,26,0,55,11,4594,4362,71,32,27,66,6,4787,4513,90,174,0,61,7,4574,4301,114,188,30,12,11,3470,3419,24,6,5,17,0,3455,3405,30,0,0,25,0,3560,3470,35,0,0,55,0,3628,3468,41,19,25,49,3,3628,3468,41,11,10,0,0,14,84,3814,3627,54,85,0,56,0,3610,3445,50,89,15,8,0,4,1895,681,1173,1814,519,1295,2079,404,1555,2071,552,1408,2061,622,1359,1990,387,1603,1695,447,1154,2061,503,1475,2296,491,1759,2283,353,1415,2200,545,1655,0.0,18,18145,,,
1195,18145710400,7104,-85.8032926,39.5432932,48213145.0,47720876.0,492269.0,2975,2658,214,39,55,14,3,3364,2487,617,173,66,21,0,3426,2587,596,177,66,0,0,3198,2409,553,95,110,50,2,3316,2491,524,170,131,0,0,3329,2437,598,17,277,0,0,2261,2067,129,24,37,13,1,2160,1975,100,64,0,20,0,2200,2035,115,54,0,0,0,2458,1967,331,61,77,42,2,2458,1967,331,35,72,2,2,2,47,2193,2035,100,52,0,0,0,2180,1870,300,15,0,0,0,0,1209,503,688,1017,349,668,1201,312,799,1189,395,710,1188,449,693,1143,299,844,908,296,558,1192,365,777,1366,377,957,1351,248,866,1294,372,922,0.0,18,18145,,,
1196,18145710100,7101,-85.7436224,39.6646302,143072342.0,142737649.0,334693.0,3763,3667,45,16,11,33,2,3986,3781,0,90,0,115,0,3898,3699,0,100,0,100,0,3678,3477,59,33,23,73,2,3532,3420,0,67,0,45,0,3369,3258,11,61,0,26,0,2892,2828,30,5,8,24,2,3150,2945,0,89,0,115,0,3140,2945,0,100,0,100,0,2877,2738,38,19,16,47,1,2877,2738,38,9,10,8,0,6,68,2820,2687,0,66,0,46,0,2685,2605,10,60,0,4,0,0,1708,569,1104,1548,456,1092,1708,339,1271,1675,464,1117,1679,491,1122,1630,296,1334,1366,346,955,1647,394,1193,1733,344,1371,1724,230,1053,1667,388,1279,0.0,18,18145,,,
1197,18145710300,7103,-85.7515442,39.5840541,191871705.0,191084002.0,787703.0,4908,4727,90,33,23,28,6,4952,4688,117,27,19,49,0,4950,4686,118,26,28,53,0,4753,4456,128,63,36,53,4,4994,4748,113,27,0,40,0,4823,4599,163,20,0,23,0,3843,3733,51,15,18,21,4,3845,3715,80,25,0,29,0,3830,3685,79,25,0,34,0,3773,3590,66,42,24,41,2,3773,3590,66,33,22,10,0,10,42,3942,3786,95,27,0,31,0,3935,3790,104,19,0,24,0,0,2399,889,1456,2204,660,1544,2339,538,1687,2322,702,1482,2307,787,1444,2249,484,1765,1855,541,1238,2304,632,1604,2597,623,1932,2582,425,1622,2467,630,1837,0.0,18,18145,,,
1198,18145710500,7105,-85.7499535,39.5228206,14341041.0,13738508.0,602533.0,4358,3725,439,108,78,29,2,4849,4044,457,149,146,43,11,4740,3952,519,135,77,46,12,5343,4322,627,138,138,125,8,4919,4088,617,144,26,36,8,5795,4686,771,231,102,5,0,3198,2844,250,47,53,22,0,3147,2937,70,65,25,45,0,3052,2832,115,20,30,45,0,3961,3355,344,80,97,103,2,3961,3355,344,57,81,13,1,0,110,3306,3121,75,34,26,34,0,3625,3380,70,70,100,4,0,0,1554,723,802,1229,474,755,1451,371,970,1436,478,851,1430,539,832,1397,372,1025,1075,373,630,1513,479,971,1898,565,1287,1878,383,1148,1818,572,1246,0.0,18,18145,,,
1199,18145710700,7107,-85.7794784,39.5076469,7085352.0,6965928.0,119424.0,6508,5910,344,169,71,21,5,6316,6041,115,72,68,0,0,6420,6022,202,108,71,0,0,6453,5755,312,228,58,120,1,6184,5717,267,117,64,0,0,6359,5903,216,159,22,36,0,4915,4543,200,116,47,17,4,4958,4868,35,25,29,0,0,4853,4738,40,55,24,0,0,4992,4540,175,159,34,89,0,4992,4540,175,124,27,4,0,4,118,4757,4552,101,71,29,0,0,4890,4675,85,85,20,40,0,0,2200,976,1183,2269,868,1401,2543,721,1649,2525,910,1454,2522,1010,1419,2445,667,1778,2014,739,1163,2445,830,1523,2607,797,1759,2600,558,1627,2493,808,1685,0.0,18,18145,,,
1200,18045957900,9579,-87.1925333,40.1156482,226983758.0,226811524.0,172234.0,4431,4188,179,18,12,36,0,4392,4201,110,42,0,39,0,4324,4098,126,66,0,34,0,4272,3927,171,41,19,91,3,4265,4054,115,53,0,43,0,4489,4239,131,14,0,102,0,3339,3187,113,10,7,24,0,3170,3100,30,10,0,38,0,3210,3125,60,8,0,41,0,3316,3086,109,20,16,64,2,3316,3086,109,6,6,5,1,11,92,3133,3026,47,6,0,43,0,3435,3300,68,4,0,68,0,0,1851,754,1033,1689,537,1152,1884,323,1476,1873,478,1282,1869,575,1224,1810,316,1494,1512,357,1073,1842,404,1374,2003,345,1603,2000,250,1303,1969,381,1588,0.0,18,18045,,,
1201,18045957700,9577,-87.247015,40.2901784,2349925.0,2277257.0,72668.0,2402,2313,56,6,11,16,0,2317,2249,17,14,0,37,0,2236,2172,16,11,0,37,0,2161,1967,50,42,11,82,6,2296,2222,17,35,0,22,0,1979,1939,7,14,4,15,0,1789,1732,35,2,6,9,0,1795,1735,10,8,0,35,0,1725,1670,10,4,0,39,0,1686,1551,35,24,9,65,2,1686,1551,35,13,3,7,0,2,75,1721,1669,10,24,0,27,0,1500,1470,4,14,4,18,0,0,881,459,391,782,342,440,803,215,534,808,278,473,802,300,466,766,191,575,569,200,336,786,247,505,882,247,606,873,177,540,867,275,592,0.0,18,18045,,,
1202,18003010705,107.05,-85.1245537,41.1532751,4614882.0,4614882.0,0.0,5020,4126,232,417,226,51,10,5165,4434,445,237,29,20,0,5136,4226,413,281,180,0,36,4992,3835,303,524,216,105,16,5237,4482,321,108,157,0,58,4981,4179,115,324,211,15,22,3926,3354,140,255,149,38,6,4025,3545,270,164,30,20,0,3990,3410,230,200,115,0,15,3977,3201,192,330,165,86,9,3977,3201,192,279,143,15,4,23,120,4027,3671,108,79,98,0,18,3795,3405,65,180,110,0,10,30,2463,1135,1301,2100,828,1272,2326,797,1376,2308,903,1262,2295,928,1300,2240,709,1531,1858,820,977,2282,929,1273,2499,1096,1345,2473,748,1510,2434,1036,1398,0.0,18,18003,,,
1203,18089012300,123,-87.3227252,41.5584396,5151256.0,5151256.0,0.0,3049,131,185,2765,6,27,1,2215,275,171,1806,11,8,0,2057,257,176,1672,11,0,0,2279,161,212,1920,7,17,2,2051,388,321,1391,11,0,0,2431,420,559,1682,12,8,0,2100,123,120,1865,3,12,1,1830,235,170,1420,0,0,0,1620,215,175,1240,0,0,0,1683,143,126,1409,4,7,1,1683,143,126,1369,0,0,1,14,30,1624,380,228,1017,0,0,0,1600,345,285,974,0,10,0,0,1395,1356,25,1135,1131,4,906,868,22,897,857,25,896,866,22,900,873,27,694,670,17,806,779,20,760,712,39,758,705,45,755,716,39,0.0,18,18089,,,
1204,18059411000,4110,-85.8700601,39.7368071,46387100.0,46144335.0,242765.0,5870,5673,62,47,42,45,0,6113,5944,101,10,22,36,0,6262,6064,112,22,19,45,0,7063,6542,148,87,76,181,9,6476,6009,322,125,15,5,0,6834,6220,407,161,15,14,0,4344,4234,37,20,25,27,0,4775,4670,54,10,0,34,0,4910,4730,110,20,0,44,0,5339,5016,85,46,42,123,1,5339,5016,85,30,25,10,1,1,171,4911,4737,152,19,0,3,0,5155,4915,175,55,4,14,0,0,2863,908,1915,2820,728,2092,3186,675,2271,3196,885,2115,3183,1053,2038,3101,649,2452,2717,820,1777,3316,904,2297,3894,1034,2773,3885,694,2411,3804,1010,2794,0.0,18,18059,,,
1205,18063211000,2110,-86.5006156,39.6578725,128093462.0,127565841.0,527621.0,5772,5519,68,42,107,33,1,6058,5525,38,74,93,37,0,6130,5540,50,183,205,74,0,6055,5608,109,68,109,136,10,6177,5640,83,138,244,34,0,6067,5572,54,137,221,16,1,4314,4156,43,22,68,25,0,4595,4410,35,60,44,35,0,4630,4245,45,164,129,49,0,4746,4433,79,37,73,91,7,4746,4433,79,27,60,7,1,13,126,5126,4749,65,128,170,10,0,5110,4820,30,104,164,4,0,4,2605,860,1707,2480,678,1802,2860,534,2175,2799,667,1962,2800,820,1884,2708,525,2183,2390,584,1723,2928,694,2143,3448,793,2587,3433,544,2084,3341,790,2551,0.0,18,18063,,,
1206,18003003301,33.01,-85.1272968,41.1379921,1853251.0,1853251.0,0.0,2799,2174,178,229,193,38,7,3086,2586,96,129,242,33,0,3060,2359,188,263,226,24,0,2728,1790,269,316,289,95,7,3278,2269,90,767,133,19,0,2764,1931,56,724,43,10,0,2020,1643,107,137,115,20,5,2135,1875,35,50,150,20,0,2155,1870,65,70,135,15,0,2013,1424,144,196,203,67,7,2013,1424,144,162,185,2,0,3,93,2528,1831,28,573,94,8,0,2200,1605,10,550,34,4,0,0,1000,507,488,971,433,538,947,377,496,936,420,440,937,417,483,918,347,571,766,340,397,934,408,483,1013,447,533,1013,342,551,1000,439,561,0.0,18,18003,,,
1207,18057110404,1104.04,-86.1484096,40.006262,5092393.0,4952892.0,139501.0,5114,4691,104,122,176,17,3,5318,4938,35,178,167,44,0,5292,4746,30,298,219,29,0,5309,4625,185,171,196,74,2,4910,4400,32,260,208,32,0,4884,4369,32,255,187,28,19,3552,3297,59,79,108,10,1,3770,3530,35,135,60,0,0,3720,3410,30,175,100,0,0,3861,3407,118,106,132,48,2,3861,3407,118,92,111,5,0,16,112,3421,3157,31,136,83,0,0,3520,3250,14,170,75,8,0,4,2791,942,1826,2943,860,2083,2912,1000,1682,2909,937,1837,2904,1039,1808,2810,760,2050,2462,1023,1373,2947,1127,1727,3314,1488,1757,3317,925,2124,3198,1276,1922,0.0,18,18057,,,
1208,18057110906,1109.06,-86.1488664,39.9919237,5748110.0,5693867.0,54243.0,6216,5506,150,157,375,40,7,6494,5859,219,54,349,0,13,6813,6011,321,77,389,0,15,6774,5789,232,177,434,79,3,6844,5769,199,30,794,0,52,7333,5663,379,503,805,26,59,4349,3920,88,95,226,23,2,4550,4275,100,55,114,0,15,4750,4370,125,75,164,0,15,4930,4262,143,128,293,62,3,4930,4262,143,114,264,3,2,34,108,4920,4268,83,28,495,0,50,5075,4125,310,115,450,14,60,0,3621,1357,2227,3497,1181,2316,3744,1441,2001,3746,1371,2234,3735,1512,2123,3604,1156,2448,3276,1555,1635,3785,1617,2053,4183,2047,2064,4183,1331,2579,4062,1777,2285,0.0,18,18057,,,
1209,18059410600,4106,-85.7601061,39.7975204,4991144.0,4786676.0,204468.0,5074,4856,83,42,44,40,1,5366,5017,345,4,0,0,0,5352,5037,309,6,0,0,0,5370,4933,141,88,55,103,2,5561,5327,184,12,0,38,0,5322,4853,140,192,4,91,0,3700,3572,46,18,25,28,1,4235,3910,315,4,0,0,0,4290,4000,285,4,0,0,0,4193,3913,85,50,44,72,2,4193,3913,85,27,31,3,0,6,128,4668,4454,152,10,0,42,0,4405,4175,0,135,4,89,0,0,2165,792,1331,2390,756,1634,2287,608,1495,2268,733,1356,2274,829,1334,2192,563,1629,1855,648,1137,2283,733,1457,2593,817,1706,2588,527,1479,2512,778,1734,0.0,18,18059,,,
1210,18057110807,1108.07,-86.0060879,39.947136,9486558.0,9197196.0,289362.0,5468,4265,217,430,528,25,4,6576,4309,528,592,1180,74,0,6726,4283,521,572,1402,90,0,6481,4332,446,589,1017,83,5,6446,4330,440,732,997,89,0,5647,4265,251,421,729,100,0,3951,3119,135,297,379,18,3,4190,3210,340,390,260,55,0,4201,3174,315,381,325,65,0,4869,3394,290,430,675,63,4,4869,3394,290,366,638,11,2,18,150,4242,3221,209,499,310,64,0,3925,3180,210,325,190,80,0,0,2858,1183,1653,2506,1057,1449,2591,1158,1237,2586,1119,1357,2588,1194,1331,2502,967,1535,2236,1154,1013,2696,1286,1329,3157,1631,1452,3149,1157,1777,3048,1449,1599,0.0,18,18057,,,
1211,18057110810,1108.10,-86.0403989,39.9410755,8841764.0,8746676.0,95088.0,6298,5655,117,334,185,22,5,7069,6123,333,399,308,0,0,7194,6241,373,471,244,0,0,6832,5558,281,521,341,104,6,6885,5528,377,739,368,0,1,6625,5528,250,608,369,41,1,4812,4375,83,222,125,15,4,5330,4735,220,270,95,0,0,5579,4916,235,324,100,0,0,5380,4505,178,367,223,61,3,5380,4505,178,312,193,1,0,25,166,5228,4263,248,613,118,0,0,5085,4330,115,525,80,10,0,19,3479,1442,2012,3087,1101,1986,3596,1470,1808,3604,1463,1944,3590,1584,1905,3475,1266,2209,3076,1561,1385,3633,1661,1838,4036,2058,1887,4036,1436,2289,3936,1859,2077,0.0,18,18057,,,
1212,18169102500,1025,-85.7107104,40.8085841,305585819.0,299930007.0,5655812.0,4534,4405,52,25,14,44,1,4327,4109,72,43,25,78,0,4316,4051,57,58,46,104,0,4204,3986,72,35,13,85,3,4208,3884,91,104,32,89,0,4053,3798,90,61,22,56,0,3436,3362,29,3,10,31,1,3295,3165,30,4,14,79,0,3250,3085,29,4,30,99,0,3217,3098,35,5,3,66,1,3217,3098,35,3,3,20,1,0,57,3239,3097,29,30,10,89,0,3210,3080,40,25,10,63,0,0,2086,644,1394,2007,475,1532,2143,334,1719,2113,491,1512,2109,550,1500,2040,320,1720,1809,377,1381,2085,410,1622,2261,379,1843,2259,250,1508,2182,388,1794,0.0,18,18169,,,
1213,18169102700,1027,-85.8320005,40.8094438,4637600.0,4636771.0,829.0,4131,3930,84,22,32,69,0,4090,3957,55,31,27,27,0,3945,3797,67,19,25,45,0,4132,3796,105,71,27,110,3,3709,3421,114,20,69,40,0,3896,3655,93,2,0,26,0,3236,3106,50,14,21,53,0,3199,3119,29,18,0,25,0,3135,3039,39,12,0,45,0,3266,3032,84,32,19,82,2,3266,3032,84,20,14,24,0,5,87,2852,2762,44,12,0,40,0,3025,2935,60,4,0,18,0,0,1897,833,1038,1646,558,1088,1793,441,1242,1766,579,1080,1758,623,1080,1683,412,1271,1428,456,911,1738,519,1166,1923,537,1346,1909,353,1242,1845,489,1356,0.0,18,18169,,,
1214,18087970600,9706,-85.3763243,41.5477516,44680342.0,40069047.0,4611295.0,2405,2338,26,14,16,16,0,2464,2358,62,6,10,38,0,2494,2370,75,15,14,34,0,2559,2424,54,16,6,32,1,2667,2527,106,14,12,20,0,2729,2637,56,14,1,22,0,1772,1735,12,6,12,11,0,1975,1880,65,0,0,38,0,2005,1900,75,0,0,33,0,2051,1972,24,10,5,25,1,2051,1972,24,6,0,7,0,0,42,2110,2017,74,0,0,19,0,2120,2095,20,0,0,8,0,4,924,357,550,917,305,612,1026,203,772,1019,290,680,1023,307,677,1006,202,804,777,237,513,1005,253,722,1108,243,852,1101,169,777,1079,236,843,0.0,18,18087,,,
1215,18169102800,1028,-85.8346667,40.7843289,8865829.0,8745139.0,120690.0,3497,3313,66,34,15,67,2,3406,3194,53,13,28,118,0,3242,3084,46,20,31,61,0,3463,3143,104,70,21,104,4,3342,3260,38,14,11,19,0,3411,3220,148,24,17,8,0,2668,2540,49,20,15,43,1,2595,2435,45,14,10,95,0,2550,2400,40,19,30,60,0,2679,2473,69,30,15,73,3,2679,2473,69,14,12,12,1,9,89,2692,2620,34,14,9,20,0,2770,2620,99,14,10,10,0,4,1245,526,688,1134,405,729,1225,279,874,1196,341,755,1194,395,743,1158,279,879,919,247,624,1188,324,816,1353,352,966,1351,261,803,1285,339,946,0.0,18,18169,,,
1216,18087970500,9705,-85.3767125,41.5917843,127835754.0,124999592.0,2836162.0,3429,3338,44,20,8,8,0,3614,3576,20,0,0,18,0,3502,3499,0,0,0,3,0,3804,3658,73,19,14,34,3,3624,3624,0,0,0,0,0,3700,3638,58,0,0,31,0,2243,2198,24,6,3,6,0,2305,2285,0,0,0,19,0,2230,2225,0,0,0,4,0,2422,2333,38,9,8,26,1,2422,2333,38,3,6,6,0,0,36,2332,2314,0,0,0,0,0,2270,2225,35,0,0,4,0,0,957,361,572,879,278,601,904,189,660,901,264,581,902,282,591,885,173,712,787,242,526,927,239,665,1045,233,798,1050,152,778,1024,220,804,0.0,18,18087,,,
1217,18169102400,1024,-85.8786007,40.8754027,202008152.0,201107625.0,900527.0,3326,3213,49,16,17,34,1,3191,3157,11,0,5,18,0,3092,3054,6,0,6,26,0,3245,3054,53,18,44,80,4,3065,3034,2,0,4,25,0,3366,3292,34,18,20,2,0,2525,2458,24,7,8,30,1,2496,2466,4,0,4,24,0,2410,2376,4,0,4,24,0,2540,2426,28,9,27,52,4,2540,2426,28,3,24,7,0,6,46,2470,2445,2,0,4,27,0,2675,2630,15,4,19,4,0,0,1701,530,1129,1617,385,1232,1612,261,1279,1590,384,1113,1584,407,1140,1538,246,1292,1326,283,1000,1561,309,1213,1698,290,1381,1695,192,1130,1649,280,1369,0.0,18,18169,,,
1218,18169102300,1023,-85.7889259,40.9794042,302045813.0,299887350.0,2158463.0,4309,4105,100,38,14,59,8,4127,3823,93,124,10,81,0,4363,4069,78,119,0,101,0,4112,3837,125,46,20,70,4,4416,4102,87,44,38,151,0,4426,4181,101,65,45,46,0,3220,3112,54,13,8,40,3,3135,2970,40,43,10,75,0,3325,3155,34,43,0,95,0,3147,2984,73,15,15,50,3,3147,2984,73,7,9,12,3,2,57,3501,3272,45,8,20,144,0,3475,3365,60,12,20,15,0,0,1730,633,1050,1614,458,1156,1739,342,1315,1725,423,1178,1717,488,1166,1670,307,1363,1589,399,1096,1744,403,1280,1928,397,1489,1920,256,1201,1842,382,1460,0.0,18,18169,,,
1219,18169102600,1026,-85.8048986,40.7991392,15935778.0,15717424.0,218354.0,3236,3080,65,21,11,53,0,3160,2953,123,22,46,16,0,3341,3167,89,23,50,12,0,3036,2807,74,40,25,74,7,3313,3154,108,0,33,18,0,3406,3205,183,0,18,0,0,2473,2374,40,11,7,40,0,2495,2360,63,20,30,14,0,2705,2605,28,25,30,10,0,2372,2216,40,14,19,61,3,2372,2216,40,12,13,7,0,14,70,2486,2408,33,0,18,18,0,2500,2440,45,0,20,0,0,0,1202,527,632,1014,384,630,1134,267,801,1116,358,680,1106,381,686,1072,261,811,808,245,524,1093,316,739,1201,308,854,1192,213,722,1149,307,842,0.0,18,18169,,,
1220,18087970700,9707,-85.2557182,41.5856485,92971933.0,88528823.0,4443110.0,2991,2899,38,15,18,20,3,3057,2974,0,6,13,47,17,3140,3047,15,15,4,45,14,2982,2811,68,19,12,37,5,3183,3085,41,25,9,23,0,2977,2897,38,7,0,12,0,2324,2271,23,6,10,13,2,2570,2495,0,4,15,45,4,2670,2610,0,10,4,45,4,2352,2258,22,9,8,28,2,2352,2258,22,9,4,2,0,6,51,2537,2491,10,4,9,25,0,2525,2500,15,0,0,8,0,0,1304,505,771,1245,392,853,1328,292,979,1330,393,851,1328,423,872,1303,260,1043,1130,334,756,1328,346,945,1489,324,1133,1490,228,1089,1442,335,1107,0.0,18,18087,,,
1221,18087970100,9701,-85.3323154,41.7061406,305199921.0,301636861.0,3563060.0,6324,5631,525,59,60,69,3,6778,6051,643,33,14,37,0,6670,5727,759,131,10,103,0,6445,5581,667,74,17,104,3,6782,6157,482,97,13,76,0,6481,5683,612,134,23,88,0,4485,4089,296,24,28,51,1,4640,4430,135,35,4,35,0,4755,4360,260,59,4,30,0,4662,4078,442,42,13,77,1,4662,4078,442,21,12,10,0,3,96,4849,4597,169,41,4,16,0,4695,4235,360,44,15,12,0,30,2315,957,1298,2165,774,1391,2329,539,1640,2327,707,1460,2319,735,1490,2264,512,1752,1797,552,1156,2261,605,1575,2487,572,1868,2473,421,1797,2401,561,1840,26515.97665738809,18,18087,,,
1222,18087970200,9702,-85.4184824,41.6431872,59728190.0,59728190.0,0.0,5086,4585,428,30,20,28,2,5211,4425,649,50,7,171,0,5265,4465,627,34,15,193,0,5447,4667,609,53,23,95,10,5581,4503,939,25,30,131,0,5681,4725,829,27,16,96,0,3488,3224,227,8,15,20,0,3490,3240,185,8,4,59,0,3535,3295,160,18,8,62,0,3832,3361,355,25,14,67,7,3832,3361,355,17,9,7,0,0,83,3740,3304,322,11,17,63,0,3880,3485,285,18,10,68,0,0,1616,698,876,1514,561,953,1545,431,1001,1526,526,892,1528,570,889,1473,395,1078,1125,398,679,1455,466,935,1591,466,1091,1579,356,1061,1524,449,1075,0.0,18,18087,,,
1223,18169102200,1022,-85.7755915,41.0052087,9358098.0,9153881.0,204217.0,6112,5677,232,104,65,44,4,5917,5367,372,111,52,0,0,5710,5078,455,131,27,0,20,5277,4725,293,85,76,94,11,5612,5020,372,207,12,0,23,5017,4464,185,247,9,121,27,5004,4707,145,72,50,40,4,4700,4445,160,79,15,0,0,4540,4265,175,83,15,0,0,4247,3891,180,48,52,72,8,4247,3891,180,24,42,5,2,6,97,4489,4167,183,138,0,0,0,4125,3755,135,165,0,70,0,0,2358,1185,1135,1980,861,1119,2073,772,1179,2060,893,1044,2051,903,1095,1994,692,1302,1924,823,1008,2109,861,1174,2338,904,1378,2328,675,1273,2263,888,1375,0.0,18,18169,,,
1224,18169102900,1029,-85.8198659,40.7131582,241885114.0,229289887.0,12595227.0,3743,3646,49,12,11,26,1,3413,3329,26,29,10,19,0,3380,3311,21,22,26,0,0,3507,3286,71,29,23,73,5,3533,3481,20,13,19,0,0,3457,3181,30,15,89,79,0,2867,2803,34,4,8,20,0,2840,2765,19,24,4,20,0,2740,2690,15,20,15,0,0,2819,2661,56,11,11,61,2,2819,2661,56,7,8,10,0,0,77,2775,2733,12,15,10,0,0,2660,2515,30,4,30,79,0,0,1791,578,1172,1604,433,1171,1831,322,1410,1806,456,1233,1798,515,1226,1765,327,1438,1496,329,1114,1762,377,1331,1871,327,1505,1857,221,1232,1815,329,1486,0.0,18,18169,,,
1225,18157001800,18,-86.8444664,40.4103388,6332371.0,6299436.0,32935.0,3526,2416,765,237,93,36,5,3981,2436,951,473,66,10,0,3982,2187,1138,547,57,15,0,3733,2101,1047,464,69,86,6,4013,1995,1524,425,22,0,0,4031,2118,1543,286,41,0,0,2643,2041,410,112,71,26,1,2705,2165,280,250,10,0,0,2510,2010,235,250,20,0,0,2760,1784,636,244,57,63,0,2760,1784,636,220,51,0,0,5,64,2342,1845,264,219,11,0,0,2430,1910,250,230,35,0,0,0,1257,741,503,992,531,461,1125,503,537,1110,541,470,1109,559,501,1072,498,574,831,437,348,1105,559,495,1223,654,541,1224,500,624,1221,646,575,0.0,18,18157,,,
1226,18157005200,52,-86.9069508,40.4432272,4174035.0,4031247.0,142788.0,4517,3681,162,159,510,17,1,5732,4252,273,452,765,111,0,5983,4614,224,417,741,113,0,4881,3375,297,292,826,93,5,5966,4987,237,363,442,54,0,4601,3829,159,124,485,18,0,3813,3154,124,106,422,15,1,3935,3320,60,244,195,110,0,3950,3370,50,239,180,115,0,3811,2734,197,165,639,71,2,3811,2734,197,140,590,2,1,14,133,4318,3833,57,241,139,55,0,3220,2905,69,74,174,4,0,0,2316,1421,869,1834,1067,767,2062,1253,629,2070,1224,763,2058,1261,740,1990,1120,870,1870,1264,543,2080,1333,680,2218,1555,617,2241,1193,958,2198,1443,755,0.0,18,18157,,,
1227,18035000903,9.03,-85.4338175,40.2262377,2469889.0,2469889.0,0.0,2786,2188,74,409,112,17,9,2904,2347,102,339,181,18,0,2930,2236,124,401,236,18,0,2442,1789,87,366,141,50,3,2993,2430,65,383,174,10,0,2919,2228,193,399,164,0,0,2451,1998,59,295,96,15,7,2585,2175,90,205,100,4,0,2660,2115,115,260,150,4,0,2184,1633,70,313,113,44,2,2184,1633,70,281,96,0,0,12,92,2660,2224,63,240,124,0,0,2515,2035,190,209,54,0,0,10,790,494,281,659,383,276,729,416,241,715,406,267,712,443,238,694,392,302,613,394,192,749,461,258,877,562,294,879,458,364,861,531,330,0.0,18,18035,,,
1228,18057111004,1110.04,-86.1012079,39.9487801,3584788.0,3369568.0,215220.0,2925,2602,64,82,169,4,1,3259,3100,11,46,96,6,0,3133,2891,22,11,202,7,0,3014,2474,113,134,230,49,1,2972,2754,22,6,185,5,0,2853,2425,124,0,246,34,0,2189,1979,43,57,108,3,1,2335,2255,10,8,55,4,0,2265,2100,20,8,125,4,0,2258,1904,71,84,156,28,1,2258,1904,71,77,136,0,0,8,62,2190,2057,20,3,105,4,0,2090,1910,54,0,120,4,0,0,1410,592,805,1656,584,1072,1734,730,871,1733,684,977,1726,759,924,1670,606,1064,1529,752,735,1737,778,900,1860,926,892,1862,616,1114,1825,808,1017,0.0,18,18057,,,
1229,18127050501,505.01,-87.2069622,41.5758812,6542352.0,6485138.0,57214.0,6150,4655,956,452,67,92,9,6059,4433,1032,411,143,7,14,6194,4495,1001,519,117,20,20,6015,4129,993,647,71,191,3,6309,3908,1710,572,56,43,0,6151,3886,1770,264,200,1,0,4513,3619,579,241,40,58,4,4735,3745,710,125,130,4,0,4700,3670,705,195,105,20,0,4618,3391,667,359,49,140,0,4618,3391,667,306,32,22,0,18,182,4812,3355,1110,263,38,43,0,4755,3300,1095,160,200,4,0,0,2365,1444,884,2167,1395,772,2320,1130,1025,2275,1277,832,2283,1423,759,2212,1323,889,1761,1016,654,2255,1212,942,2443,1191,1191,2453,1105,1109,2436,1255,1181,0.0,18,18127,,,
1230,18039000502,5.02,-85.8547925,41.5827481,5367465.0,5255736.0,111729.0,4939,3213,1478,145,86,63,6,5080,3407,1362,60,230,8,0,4790,3184,1269,95,232,0,0,5207,3034,1747,202,158,171,8,4903,3380,1200,91,232,0,0,5017,3329,1437,103,134,118,0,3476,2473,847,72,62,41,6,3195,2675,290,50,159,10,0,3115,2650,260,34,170,0,0,3838,2421,1143,119,93,136,4,3838,2421,1143,77,84,6,0,7,100,3075,2682,213,37,135,0,0,2970,2660,220,14,50,8,0,10,1712,765,919,1544,585,959,1524,591,820,1526,649,790,1466,611,793,1448,457,991,1247,569,630,1530,639,836,1748,750,965,1676,538,995,1656,656,1000,0.0,18,18039,,,
1231,18039000301,3.01,-85.7980432,41.5371532,14899619.0,14899619.0,0.0,3901,2950,826,54,60,25,2,4183,2775,1327,38,10,118,0,4356,2905,1378,9,41,112,0,4500,2682,1567,132,72,124,5,3995,2679,1255,6,29,104,0,4230,2767,1392,0,66,55,0,2912,2346,483,37,42,16,2,2700,2115,515,40,0,35,0,2870,2265,560,10,10,25,0,3215,2099,960,66,45,97,5,3215,2099,960,42,38,0,1,0,75,2665,2123,500,4,12,24,0,2745,2195,510,0,35,8,0,0,1365,571,784,1129,383,746,1217,403,752,1205,443,705,1209,446,728,1189,342,847,1016,401,587,1255,452,768,1452,531,891,1457,424,864,1437,498,939,0.0,18,18039,,,
1232,18039000302,3.02,-85.7995933,41.569367,15137726.0,14815012.0,322714.0,6097,4814,1096,101,91,22,8,6579,5013,1204,241,114,6,86,6797,5519,939,218,120,6,94,6365,4722,1287,190,104,121,5,6661,5411,709,458,87,9,72,6755,5124,1150,420,50,41,0,5058,4269,661,66,55,13,5,4767,4492,155,110,0,0,0,5201,4891,200,85,0,0,0,5367,4282,830,127,79,76,5,5367,4282,830,88,59,3,2,19,84,5119,4880,154,64,0,0,0,5220,4720,375,70,45,15,0,0,2690,1353,1306,2678,1274,1404,2554,1252,1178,2572,1336,1146,2565,1320,1200,2523,968,1555,2323,1299,971,2626,1364,1211,2883,1533,1312,2896,1165,1564,2853,1426,1427,0.0,18,18039,,,
1233,18095010200,102,-85.8415967,40.2828552,6104908.0,6104908.0,0.0,4910,4642,164,43,28,33,7,4773,4586,165,2,20,0,8,4936,4741,157,2,36,0,5,4655,4232,196,39,35,122,5,4996,4677,223,69,15,25,7,4696,4413,147,76,12,42,0,3674,3531,91,8,18,27,4,3626,3521,89,0,20,0,0,3811,3681,88,4,35,0,0,3547,3291,105,10,20,80,5,3547,3291,105,3,19,5,0,4,120,3943,3730,117,74,15,25,0,3780,3550,125,74,10,39,0,0,1856,1087,726,1547,852,695,1605,476,1021,1587,643,822,1595,757,779,1546,528,1018,1272,482,687,1549,568,920,1658,476,1150,1660,364,932,1635,575,1060,0.0,18,18095,,,
1234,18095010300,103,-85.8413654,40.2685365,4361672.0,4361672.0,0.0,3128,2993,91,19,6,12,4,2952,2788,137,53,0,5,0,2928,2644,215,98,0,10,0,3094,2813,122,23,21,87,10,2967,2673,188,184,1,7,0,3187,3036,79,99,3,0,0,2335,2260,50,5,3,9,1,2250,2145,90,10,0,0,0,2235,2095,115,10,0,0,0,2369,2184,73,10,10,72,10,2369,2184,73,4,9,9,5,0,85,2266,2079,123,55,4,0,0,2290,2220,25,45,4,0,0,0,1105,659,414,1006,563,443,1051,347,647,1043,467,498,1036,503,489,1010,379,631,802,350,397,1011,392,577,1058,314,725,1058,251,566,1055,385,670,0.0,18,18095,,,
1235,18095010600,106,-85.6772778,40.2672731,15284427.0,15272572.0,11855.0,5350,5172,87,36,27,20,2,5036,4754,248,33,0,1,0,4868,4818,18,32,0,0,0,5385,4930,150,87,29,166,1,5273,5234,1,38,0,0,0,5285,5104,45,129,0,7,0,3999,3905,48,10,16,16,2,3805,3720,50,35,0,4,0,3705,3655,20,34,0,0,0,4064,3777,94,37,18,118,0,4064,3777,94,20,6,3,0,7,157,3865,3872,4,12,0,0,0,3900,3800,40,54,0,4,0,0,2240,1102,1061,1855,828,1027,2102,548,1410,2103,755,1173,2083,887,1115,2031,630,1401,1630,597,917,1900,643,1167,1785,536,1217,1791,379,1102,1754,595,1159,0.0,18,18095,,,
1236,18095010900,109,-85.7725466,40.221891,6305092.0,6305092.0,0.0,2241,2151,40,23,9,15,1,2419,2317,23,29,34,10,6,2460,2342,30,26,29,15,7,2165,2014,45,42,9,40,0,2411,2229,65,33,39,6,0,2183,2032,85,7,18,1,0,1698,1643,27,9,7,13,0,1755,1695,18,4,25,8,0,1760,1685,29,4,25,14,0,1637,1548,32,14,2,30,0,1637,1548,32,5,2,0,0,0,50,1746,1625,55,4,36,5,0,1665,1570,75,0,14,4,0,0,1108,527,554,1018,437,581,1071,263,745,1063,373,608,1055,417,601,1016,269,747,886,302,526,1002,315,647,964,237,713,970,172,574,945,278,667,0.0,18,18095,,,
1237,18095011600,116,-85.7681485,39.9794667,1535580.0,1535580.0,0.0,3375,2182,116,1045,13,13,4,3100,1647,165,1238,32,99,9,3067,1588,197,1229,32,138,9,2523,1418,102,985,9,6,3,2179,1108,154,891,24,92,0,2065,946,141,896,32,121,0,2965,1858,109,983,7,11,4,3007,1652,80,1196,30,60,4,2992,1588,109,1221,30,65,4,2517,1418,98,983,7,6,3,2517,1418,98,980,4,2,1,7,7,2116,1110,90,855,20,45,0,2025,985,100,855,15,70,0,25,416,166,242,603,195,408,569,137,399,561,172,355,562,189,355,544,129,415,509,157,327,518,156,343,455,138,310,456,87,286,450,140,310,0.0,18,18095,,,
1238,18095011700,117,-85.7464313,40.000683,5231324.0,5101131.0,130193.0,2574,2487,22,28,23,12,4,2341,2257,47,22,10,5,0,2248,2167,51,21,0,9,0,2569,2407,43,33,29,44,5,2437,2329,58,42,0,8,0,2689,2632,27,24,0,6,0,1916,1873,8,15,14,7,2,1805,1760,35,0,10,4,0,1670,1635,35,0,0,10,0,1953,1851,27,13,19,33,3,1953,1851,27,8,19,0,2,9,37,1790,1748,19,21,0,0,0,2110,2075,8,25,0,4,0,0,1191,582,587,1100,478,622,1297,427,770,1297,519,689,1289,548,682,1237,405,832,1080,464,547,1255,500,695,1273,518,726,1268,330,742,1255,501,754,0.0,18,18095,,,
1239,18143967000,9670,-85.783218,38.6888617,13244606.0,13170661.0,73945.0,5570,5349,99,28,64,19,4,5529,5442,60,7,0,20,0,5604,5365,177,6,0,56,0,5882,5460,138,77,51,118,11,5298,5005,163,3,0,127,0,5411,4891,165,67,30,210,29,4285,4135,66,14,51,16,3,4414,4319,60,4,0,20,0,4409,4169,175,4,0,55,0,4633,4337,84,43,43,102,4,4633,4337,84,24,26,12,0,13,137,4238,3956,162,5,0,130,0,4110,3905,65,4,0,140,0,0,2005,953,1014,1954,939,1015,2095,679,1310,2090,906,1113,2061,925,1078,1995,759,1236,1748,783,896,2055,791,1205,2240,710,1490,2212,588,1280,2096,749,1347,0.0,18,18143,,,
1240,18143966900,9669,-85.8372442,38.6522435,160924701.0,159718408.0,1206293.0,4500,4393,57,16,25,22,4,4202,4140,9,32,0,10,0,4324,4240,21,34,0,19,0,4775,4481,83,28,41,101,3,4176,4009,25,4,0,71,0,4138,3892,102,6,0,56,0,3459,3376,38,8,14,19,3,3204,3184,10,0,0,10,0,3329,3289,20,0,0,20,0,3643,3446,61,9,29,74,3,3643,3446,61,4,18,4,3,2,105,3408,3306,23,4,0,70,0,3185,3020,105,8,0,55,0,0,2015,836,1139,1878,739,1139,2062,546,1411,2056,737,1256,2023,774,1199,1938,610,1328,1773,635,1082,2073,649,1373,2334,612,1687,2297,486,1470,2176,614,1562,0.0,18,18143,,,
1241,18143967100,9671,-85.6690653,38.6544241,181850629.0,180186520.0,1664109.0,5735,5610,62,19,18,19,5,5958,5454,215,73,197,19,0,5674,5085,287,95,198,9,0,5552,5258,135,47,28,70,6,6094,5633,263,41,66,35,0,6333,5975,141,36,14,92,0,4336,4273,39,5,10,15,3,4350,4165,135,10,25,20,0,4220,3970,180,35,30,10,0,4309,4108,89,22,21,51,4,4309,4108,89,10,15,5,3,6,73,4490,4215,176,34,24,36,0,5070,4895,35,29,15,95,0,0,2146,999,1098,2085,913,1172,2246,599,1539,2236,872,1293,2209,847,1304,2139,693,1446,1777,636,1073,2193,688,1450,2428,587,1814,2401,481,1519,2273,606,1667,0.0,18,18143,,,
1242,18143966700,9667,-85.73048,38.7620451,130697843.0,127694519.0,3003324.0,4375,4269,57,16,15,19,5,4285,4178,33,55,0,20,0,4658,4536,29,93,0,0,0,4398,4187,70,23,25,88,9,4512,4350,22,138,0,2,0,5005,4980,12,0,0,13,0,3323,3258,37,3,12,14,5,3314,3270,15,10,0,20,0,3643,3633,0,15,0,0,0,3385,3241,41,11,9,73,6,3385,3241,41,4,5,0,2,1,91,3271,3236,0,31,0,5,0,3555,3540,0,0,0,15,0,0,1629,864,731,1578,797,781,1676,474,1138,1658,733,877,1619,759,818,1553,596,957,1447,591,784,1695,596,1054,1946,455,1472,1893,420,1130,1778,549,1229,0.0,18,18143,,,
1243,18143966800,9668,-85.8141263,38.74956,12497417.0,12370137.0,127280.0,4001,3850,79,27,18,33,3,3769,3475,204,18,15,56,0,3499,3431,28,9,6,25,0,3777,3443,109,62,23,108,3,3705,3520,101,0,22,62,0,3516,3191,194,124,0,177,0,2966,2874,48,12,10,22,1,2808,2697,59,0,0,55,0,2629,2589,15,0,0,24,0,2875,2651,69,29,8,90,3,2875,2651,69,14,6,4,1,6,124,2994,2905,19,0,0,60,0,2860,2635,90,35,0,130,0,0,1119,619,463,1032,604,428,1068,344,676,1058,515,507,1032,525,470,981,418,563,918,468,406,1063,429,603,1218,337,868,1172,322,666,1088,397,691,0.0,18,18143,,,
1244,18097391001,3910.01,-86.1714276,39.7661153,4530047.0,4293199.0,236848.0,1825,1053,263,357,147,16,1,1431,957,77,171,234,52,0,1681,1090,67,176,354,45,0,2731,1774,222,438,277,19,7,1436,1042,31,165,196,44,0,1689,984,185,160,273,87,0,1603,957,178,317,142,13,1,1227,937,57,97,84,4,0,1360,1067,58,109,79,0,0,2695,1766,212,427,270,15,6,2695,1766,212,383,248,2,1,15,68,1227,1015,24,119,25,0,0,1350,1015,135,139,30,55,0,10,381,299,74,345,232,113,446,283,121,442,273,139,438,291,126,425,260,165,337,252,73,449,316,115,534,402,121,528,330,170,528,390,138,0.0,18,18097,,,
1245,18097356200,3562,-86.148975,39.7601278,1497413.0,1497413.0,0.0,2154,1338,164,608,39,21,4,4041,2171,316,1355,205,31,0,4092,2235,276,1403,169,29,0,2783,1991,95,495,163,27,7,4211,2181,192,1467,351,31,0,4095,2175,223,1428,276,42,0,1934,1229,133,532,37,15,2,3645,2075,140,1255,135,30,0,3710,2150,130,1285,115,30,0,2656,1908,87,477,153,21,5,2656,1908,87,458,128,0,0,7,68,3815,2085,86,1340,280,31,0,3800,2095,140,1325,225,10,0,10,636,437,191,617,396,221,887,587,219,881,563,276,880,598,249,846,514,332,827,624,169,1007,711,259,1289,965,294,1295,750,485,1283,924,359,0.0,18,18097,,,
1246,18021040100,401,-87.1483354,39.5297298,16985107.0,16839075.0,146032.0,5418,5228,77,54,31,31,3,5022,4780,0,153,0,70,0,4908,4819,0,57,0,15,0,5557,5114,106,122,58,122,8,4609,4474,0,36,0,8,0,5016,4757,80,79,0,20,0,4013,3898,44,29,21,22,2,3665,3565,0,45,0,54,0,3520,3505,0,0,0,15,0,4161,3866,70,75,36,86,1,4161,3866,70,44,27,12,0,8,134,3295,3303,0,0,0,11,0,3615,3535,60,0,0,20,0,0,1844,928,857,1715,692,1023,1863,440,1329,1820,694,998,1812,734,1014,1740,457,1283,1485,483,907,1848,557,1223,2135,498,1600,2129,359,1382,2063,533,1530,0.0,18,18021,,,
1247,18021040500,405,-87.1001086,39.3918084,364476194.0,362342773.0,2133421.0,3540,3458,32,7,6,33,1,3606,3521,15,9,0,61,0,3589,3505,0,10,0,74,0,3528,3387,31,25,18,64,5,3907,3862,2,4,0,39,0,4009,3993,5,3,0,4,0,2712,2658,15,3,4,25,0,2680,2630,0,10,0,40,0,2615,2555,0,10,0,50,0,2732,2635,19,11,14,50,2,2732,2635,19,2,9,0,0,4,63,2861,2827,3,4,0,29,0,2995,2990,4,0,0,4,0,0,850,300,520,1635,441,1194,1798,322,1422,1772,571,1109,1770,657,1069,1674,339,1335,1475,373,1049,1746,432,1274,1909,348,1535,1890,248,1341,1814,362,1452,0.0,18,18021,,,
1248,18021040200,402,-87.1011482,39.5267921,19953175.0,19818127.0,135048.0,6279,6087,78,66,29,24,5,6590,6220,60,299,5,44,0,6569,6098,103,356,7,58,0,6096,5656,155,93,32,129,2,6616,6132,200,228,2,83,0,6279,5815,115,186,26,109,0,4788,4656,56,38,18,22,3,5125,4895,19,197,0,52,0,5185,4915,34,211,0,55,0,4764,4456,103,57,19,98,2,4764,4456,103,36,13,11,2,7,136,5302,5050,83,141,0,48,0,5150,4920,64,89,20,40,0,4,1701,814,847,2263,789,1474,2338,544,1691,2283,886,1250,2271,877,1325,2190,570,1620,1929,579,1225,2308,692,1543,2580,607,1931,2561,429,1608,2481,650,1831,0.0,18,18021,,,
1249,18021040600,406,-87.1403205,39.2456712,278403060.0,276916545.0,1486515.0,3653,3568,36,14,5,35,0,3676,3627,3,0,14,34,0,3727,3634,3,0,13,69,10,3537,3356,63,19,12,63,4,3755,3685,11,0,19,39,6,3603,3382,37,1,21,44,18,2803,2749,21,4,2,30,0,2815,2780,4,0,0,36,0,2910,2825,4,0,0,68,10,2763,2646,38,12,5,50,0,2763,2646,38,4,0,6,0,7,62,2943,2886,10,0,0,27,0,2655,2575,15,0,10,35,19,4,1685,631,1013,1535,421,1114,1675,267,1329,1639,544,992,1639,674,919,1538,329,1209,1356,345,951,1590,393,1150,1724,281,1420,1710,188,1203,1628,347,1281,0.0,18,18021,,,
1250,18021040300,403,-87.0682721,39.5352194,131819685.0,130287723.0,1531962.0,3395,3309,33,21,6,10,2,3298,3209,0,39,47,3,0,3118,3013,8,57,33,7,0,3302,3190,25,31,16,41,1,2949,2802,24,32,51,41,0,3243,2944,79,166,88,67,0,2576,2534,19,8,4,7,1,2565,2520,0,30,15,8,0,2505,2440,10,40,10,8,0,2597,2530,6,17,9,32,1,2597,2530,6,5,6,4,0,0,46,2307,2205,25,19,20,42,0,2540,2350,60,110,25,4,0,0,646,278,355,1429,447,982,1589,297,1216,1566,558,919,1547,561,934,1476,339,1137,1338,350,921,1544,409,1084,1674,335,1310,1658,234,1104,1606,368,1238,0.0,18,18021,,,
1251,18021040400,404,-87.1774012,39.5158923,121590782.0,119976377.0,1614405.0,4605,4496,51,21,8,23,4,4076,3926,20,75,55,0,14,4325,4154,28,66,77,0,12,4446,4177,80,47,19,100,5,4395,4134,156,48,56,1,0,4246,4067,148,18,12,1,0,3557,3490,33,8,4,20,4,3290,3190,8,50,30,0,0,3420,3295,19,40,45,0,0,3435,3256,46,26,12,81,4,3435,3256,46,12,7,3,0,0,111,3339,3226,31,20,36,1,0,3265,3190,50,20,0,4,0,0,1440,612,797,1953,665,1288,2068,436,1541,2038,726,1171,2020,757,1196,1947,487,1460,1694,471,1154,2020,554,1400,2237,483,1703,2238,322,1526,2155,505,1650,0.0,18,18021,,,
1252,18141012100,121,-86.4123069,41.5236803,110905386.0,109790001.0,1115385.0,3829,3656,75,36,19,44,2,3823,3701,115,0,7,0,0,3815,3708,91,8,8,0,0,3402,3116,119,47,29,71,1,3841,3724,89,10,10,0,0,3376,3284,37,11,12,33,0,2732,2645,35,12,12,28,1,2795,2735,59,0,4,0,0,2850,2780,59,10,4,0,0,2557,2381,66,18,18,53,1,2557,2381,66,3,12,9,0,14,72,2925,2832,63,10,3,0,0,2745,2655,40,10,14,23,0,0,1583,749,798,1537,603,934,1619,427,1080,1593,592,883,1589,668,867,1520,376,1144,1346,549,743,1568,530,983,1695,474,1200,1692,356,1183,1586,467,1119,0.0,18,18141,,,
1253,18141011602,116.02,-86.0853709,41.6351778,45055652.0,44410107.0,645545.0,7351,6830,121,207,107,60,29,7615,6804,387,221,270,14,0,7931,6987,456,294,313,41,28,7695,6700,277,279,193,172,22,7813,6686,479,344,340,48,24,7590,6741,270,334,184,77,19,5515,5209,72,114,59,44,15,5535,5210,139,119,59,8,0,5660,5265,174,144,59,8,0,5830,5217,154,155,117,120,17,5830,5217,154,122,78,17,14,5,223,5644,5226,189,156,64,20,0,5655,5325,150,85,33,38,0,25,3183,1483,1652,3106,1168,1938,3305,962,2144,3280,1217,1854,3253,1239,1910,3166,796,2370,2742,1156,1503,3231,1161,1968,3490,1212,2212,3475,981,2277,3319,1160,2159,0.0,18,18141,,,
1254,18141002300,23,-86.2938692,41.6769432,1684275.0,1656853.0,27422.0,1566,115,327,1139,10,42,0,1444,29,503,912,0,0,0,1194,44,404,746,0,0,0,1406,105,409,893,6,36,0,1182,27,415,694,0,47,0,1257,52,562,624,0,48,4,1031,98,174,763,8,21,0,940,30,175,735,0,0,0,735,45,170,520,0,0,0,989,80,241,654,5,29,0,989,80,241,629,2,3,0,7,27,789,22,218,528,0,25,0,700,40,235,395,0,30,0,4,653,622,18,549,542,7,513,475,19,505,458,22,497,468,18,496,435,61,343,321,14,451,423,20,437,409,24,434,392,33,427,400,27,0.0,18,18141,,,
1255,18141000400,4,-86.2795814,41.6908386,1154676.0,1154676.0,0.0,2252,665,276,1275,17,52,0,2186,782,212,1199,0,7,0,2043,820,292,943,6,11,0,2464,608,405,1402,33,87,2,2192,783,150,1246,6,0,0,2307,772,132,1383,7,32,0,1477,521,144,780,10,32,0,1405,610,35,759,0,4,0,1350,600,45,700,0,10,0,1659,495,235,888,26,50,1,1659,495,235,824,15,12,0,6,72,1392,591,27,775,0,0,0,1490,700,60,734,0,4,0,0,898,786,90,320,291,29,662,524,106,645,520,86,637,526,94,630,477,153,460,389,55,593,488,89,604,490,109,599,455,125,593,487,106,0.0,18,18141,,,
1256,18141000302,3.02,-86.2814252,41.7155647,3463846.0,3314253.0,149593.0,2710,1584,111,950,67,28,6,2685,1356,95,1157,77,0,0,2452,1072,72,1230,79,0,0,2641,963,158,1398,73,50,6,2605,1194,109,1212,90,4,0,2709,789,103,1786,31,14,0,2045,1290,67,635,49,22,6,1940,1130,70,690,60,0,0,1745,900,50,735,60,0,0,2009,834,95,989,50,34,2,2009,834,95,948,32,14,0,16,70,2056,1078,89,824,60,4,0,1815,680,35,1075,20,15,0,0,1052,729,312,1150,725,425,1042,658,310,1031,670,302,1030,688,309,998,582,416,883,638,222,990,680,280,1003,725,270,1005,626,339,977,706,271,0.0,18,18141,,,
1257,18141003300,33,-86.2432447,41.6471,1124984.0,1124984.0,0.0,2967,2077,262,573,24,60,0,3057,1816,293,929,19,0,0,3309,1871,323,1101,14,0,0,2963,1772,422,669,37,68,5,3236,1823,290,998,125,0,0,2861,1778,301,663,117,0,0,2124,1617,147,317,18,31,0,2065,1410,150,485,10,0,0,2230,1465,180,590,4,0,0,2134,1414,250,383,33,42,1,2134,1414,250,343,22,9,0,16,80,2175,1515,129,425,125,0,0,2130,1545,180,325,90,0,0,0,1255,797,425,1132,678,454,1144,647,401,1140,695,374,1130,709,383,1083,586,497,907,616,265,1097,685,377,1170,727,419,1170,643,467,1134,725,409,0.0,18,18141,,,
1258,18141000301,3.01,-86.2660648,41.7009956,1643875.0,1538893.0,104982.0,2456,1773,132,515,39,29,1,2331,1654,212,306,72,70,17,2411,1719,262,350,0,63,18,2617,1613,213,694,50,67,2,2017,1345,250,354,0,68,0,2086,1358,373,344,34,7,6,1872,1443,79,313,30,21,1,1680,1335,120,140,15,70,10,1805,1365,155,215,0,65,10,1952,1320,132,429,35,34,2,1952,1320,132,393,16,5,0,8,78,1545,1102,156,217,0,70,0,1605,1185,159,224,30,0,0,4,1174,820,338,510,362,148,1013,634,306,1000,651,282,1004,672,297,968,573,395,843,620,187,979,658,285,1018,687,308,1029,601,374,1001,673,328,0.0,18,18141,,,
1259,18141012300,123,-86.2599138,41.5174725,110526345.0,109987759.0,538586.0,3665,3542,67,24,3,23,9,3654,3382,67,55,215,52,68,3676,3386,78,63,232,65,82,3482,3168,109,74,18,83,5,3695,3300,209,96,223,101,107,3491,3245,134,19,9,46,0,2838,2759,37,12,3,19,9,2890,2755,54,12,18,8,10,2915,2760,63,12,18,8,20,2690,2497,67,31,11,51,5,2690,2497,67,23,4,6,0,4,89,2955,2738,108,13,13,21,21,2785,2690,29,22,4,49,0,0,1859,725,1103,1714,597,1117,1678,417,1173,1676,548,1018,1666,628,995,1596,369,1227,1396,512,837,1645,508,1089,1782,491,1270,1776,369,1250,1689,464,1225,0.0,18,18141,,,
1260,18141012000,120,-86.3659931,41.6023077,119506820.0,118830778.0,676042.0,3980,3631,159,118,32,36,4,3988,3903,49,4,27,5,0,4159,3988,110,20,40,0,6,3670,3264,175,74,35,75,8,4337,4160,113,13,38,13,5,4067,3859,93,33,12,24,12,3190,2965,103,73,21,24,4,3103,3042,50,2,10,4,0,3233,3112,90,16,10,0,0,2997,2714,112,56,30,61,6,2997,2714,112,43,17,3,0,0,108,3547,3422,79,11,13,16,0,3395,3305,49,10,0,20,0,10,2202,1063,1115,2031,833,1198,1993,647,1227,1990,808,1052,1979,848,1068,1910,583,1327,1745,791,898,1948,757,1124,2017,736,1248,2008,562,1321,1916,683,1233,0.0,18,18141,,,
1261,18141011304,113.04,-86.2012707,41.7542052,4039789.0,4039789.0,0.0,2427,2105,59,157,107,2,0,2349,1953,34,205,139,14,4,2314,1924,53,174,123,21,0,2456,2015,105,152,143,38,1,2326,1951,60,213,59,31,0,2408,1968,88,246,49,19,0,1853,1638,37,107,69,2,0,1845,1600,25,125,85,10,0,1850,1610,40,105,80,20,0,1919,1607,63,102,114,21,0,1919,1607,63,86,93,4,0,17,49,1746,1540,21,109,45,26,0,1775,1585,45,100,30,14,0,0,1441,654,782,1534,592,942,1578,665,820,1575,675,857,1561,664,877,1518,531,987,1389,723,645,1535,700,801,1571,800,757,1573,576,954,1508,676,832,3227.3688816997524,18,18141,,,
1262,18141000200,2,-86.2834831,41.700428,2784279.0,2784279.0,0.0,3426,1259,296,1844,49,41,5,4265,1602,892,1799,4,0,0,3970,1281,450,2274,20,0,6,3552,1100,469,1949,47,67,7,4278,1447,828,2093,10,0,7,3896,1478,583,1941,9,14,8,2293,975,158,1144,26,27,2,2170,945,115,1110,0,0,0,2245,870,100,1265,0,0,0,2368,862,246,1235,15,50,4,2368,862,246,1141,10,7,4,9,89,2527,1159,357,1028,0,0,0,2455,1155,350,945,0,0,0,0,1442,1204,217,1284,973,311,1281,890,304,1262,881,281,1246,913,288,1216,798,418,963,736,183,1175,857,278,1182,866,294,1200,784,371,1160,849,311,0.0,18,18141,,,
1263,18141012400,124,-86.1278061,41.5319739,136162213.0,136129411.0,32802.0,1912,1845,26,12,7,20,1,1999,1933,56,0,10,0,0,2046,2001,39,0,6,0,0,1791,1669,29,23,21,26,5,2074,2029,36,0,7,2,0,1898,1812,22,7,29,15,0,1392,1358,15,3,3,12,0,1485,1455,19,0,10,0,0,1445,1415,19,0,4,0,0,1323,1254,23,7,6,22,3,1323,1254,23,3,1,1,3,1,37,1418,1396,18,0,4,2,0,1255,1215,15,4,4,19,0,0,825,300,503,764,222,542,796,196,554,790,252,498,784,258,511,761,143,618,634,231,390,744,222,506,780,201,568,773,128,573,728,177,551,0.0,18,18141,,,
1264,18141001300,13,-86.2064895,41.6770934,1310419.0,1296916.0,13503.0,2464,1482,225,687,65,28,6,1941,1412,165,331,39,9,10,1976,1353,172,336,88,9,12,2363,1250,275,730,64,57,4,2106,1254,252,410,147,9,35,2001,1134,266,374,212,8,0,1973,1290,145,474,49,21,5,1535,1170,115,230,10,0,0,1460,1050,115,230,55,0,0,1842,1071,185,493,47,47,2,1842,1071,185,453,36,8,0,11,78,1507,1022,105,277,100,0,0,1495,970,130,250,140,0,0,10,1066,734,317,895,564,331,836,514,265,820,538,231,812,538,251,793,452,341,676,478,176,805,529,251,854,560,281,855,464,366,826,528,298,0.0,18,18141,,,
1265,18095011900,119,-85.6830606,40.1047451,1372302.0,1372302.0,0.0,1755,1177,116,435,7,21,4,1789,1342,176,256,10,5,0,2014,1478,229,284,22,8,0,1687,1145,156,312,13,49,1,1964,1554,163,184,0,28,0,1975,1461,198,216,41,35,0,1363,962,68,319,5,15,2,1396,1088,53,240,10,5,0,1495,1166,59,251,17,10,0,1336,945,88,250,3,37,1,1336,945,88,221,3,9,0,7,63,1430,1208,19,179,0,32,0,1370,1175,10,155,0,29,0,4,589,411,165,476,334,142,467,265,171,451,270,146,454,285,149,448,258,190,342,216,106,417,251,147,430,243,177,433,200,181,427,258,169,0.0,18,18095,,,
1266,18095012000,120,-85.685861,40.0918464,1941409.0,1941409.0,0.0,2917,1748,246,878,17,59,5,2595,1753,310,522,0,24,0,2344,1330,284,622,81,38,0,2659,1362,345,881,26,72,3,2477,1335,288,686,110,77,0,2530,1310,265,832,99,31,0,2140,1394,131,580,7,41,1,1882,1367,90,416,0,7,0,1640,1045,85,444,43,23,0,1940,1091,204,584,16,63,3,1940,1091,204,532,11,10,0,7,85,1651,1109,72,337,64,61,0,1855,1050,190,529,60,32,0,4,992,730,242,820,619,201,805,505,254,799,527,223,793,544,221,778,486,292,601,398,162,755,500,228,785,499,267,790,440,268,781,529,252,0.0,18,18095,,,
1267,18033020300,203,-84.8789841,41.4038989,132397099.0,132376843.0,20256.0,4299,4093,144,26,13,36,3,4291,3917,269,27,7,94,0,4365,4119,180,45,18,36,0,4173,3889,141,43,13,67,0,4418,4170,169,53,16,37,0,4192,4058,71,44,23,41,0,3103,2996,73,8,7,24,1,3139,3014,74,16,0,37,0,3209,3059,90,37,10,20,0,3131,2948,86,17,9,53,0,3131,2948,86,8,7,12,0,4,66,3167,3029,76,43,9,29,0,3015,2885,70,26,10,27,0,0,1400,555,809,1252,395,857,1334,225,1031,1298,349,834,1279,366,844,1255,236,1019,1016,254,720,1306,296,961,1517,285,1194,1517,219,1022,1445,318,1127,9689.128190143862,18,18033,,,
1268,18033020700,207,-85.091578,41.302252,105748987.0,105116815.0,632172.0,3638,3511,60,25,23,10,11,3730,3652,27,0,32,19,0,3796,3722,31,0,33,9,0,4254,4018,70,27,52,78,5,3852,3821,23,0,7,1,0,4272,4158,71,16,16,3,0,2688,2626,36,8,14,7,8,2803,2753,25,0,10,8,0,2883,2838,30,0,10,8,0,3241,3092,48,9,21,52,5,3241,3092,48,6,19,5,0,4,67,3017,2997,24,0,0,0,0,3425,3335,70,0,10,4,0,0,1825,641,1159,1718,486,1232,1836,376,1363,1810,479,1210,1795,542,1203,1746,325,1421,1569,426,1091,1918,476,1387,2325,528,1751,2300,340,1634,2241,533,1708,0.0,18,18033,,,
1269,18033020800,208,-84.9176603,41.3151941,178946549.0,178636889.0,309660.0,4284,4142,70,30,18,24,1,4368,3997,184,0,35,152,0,4457,4187,238,0,1,31,0,4377,4174,72,29,16,70,0,4096,3849,226,0,0,21,0,4429,4120,284,11,0,14,0,3044,2974,35,7,4,12,1,3146,2926,114,0,35,74,0,3176,3026,135,0,0,14,0,3092,2972,43,9,1,55,0,3092,2972,43,3,0,1,0,6,67,3152,2981,156,0,0,15,0,3310,3120,179,10,0,8,0,0,1868,579,1246,1757,448,1309,1900,304,1501,1874,423,1313,1867,451,1350,1820,282,1538,1590,334,1204,1856,368,1433,2040,365,1637,2039,250,1447,1965,381,1584,9627.768601698841,18,18033,,,
1270,18033020100,201,-85.0033829,41.4879775,307436140.0,306175708.0,1260432.0,4428,4326,59,10,19,20,4,4603,4372,62,16,108,45,0,4535,4311,17,32,140,35,0,4506,4251,93,38,17,91,4,4834,4568,29,21,179,37,0,4611,4276,154,39,124,35,0,3438,3371,39,4,12,16,1,3610,3480,45,4,50,42,0,3553,3443,15,4,64,36,0,3470,3305,58,16,12,52,4,3470,3305,58,11,7,3,1,1,84,3596,3429,30,4,100,38,0,3445,3240,110,4,70,22,0,0,2081,892,1146,1925,631,1294,2031,414,1532,1996,566,1257,1981,590,1306,1942,396,1546,1675,438,1182,1991,484,1445,2206,461,1706,2201,318,1482,2116,491,1625,9503.4361764635,18,18033,,,
1271,18033020200,202,-85.0890615,41.4178188,109279180.0,109005821.0,273359.0,4608,4386,135,34,21,37,6,4396,4191,115,30,23,50,3,4390,4113,145,85,26,33,0,4346,4055,96,40,20,93,16,4420,4107,157,118,24,14,0,4198,3885,123,96,49,26,0,3338,3214,76,8,9,31,4,3250,3165,34,8,4,28,0,3252,3157,48,14,10,18,0,3345,3152,46,23,18,71,13,3345,3152,46,10,10,11,6,12,98,3347,3193,43,87,15,12,0,3295,3095,105,74,14,18,0,0,1768,777,946,1633,578,1055,1729,373,1243,1708,480,1072,1698,538,1082,1656,366,1290,1435,415,939,1734,463,1199,1977,478,1463,1969,343,1298,1905,497,1408,0.0,18,18033,,,
1272,18033020400,204,-85.0071119,41.3696392,35370153.0,35348801.0,21352.0,7217,6946,125,42,66,34,0,7430,7178,141,81,56,50,0,7524,7231,169,134,56,31,0,7842,7290,232,71,106,99,5,7708,7368,200,35,58,77,0,7557,7128,125,116,57,109,0,5503,5350,72,25,39,21,0,5657,5507,85,14,35,10,0,5772,5572,105,50,30,14,0,6143,5762,155,38,76,80,5,6143,5762,155,23,59,4,0,13,127,5734,5493,140,35,15,52,0,5575,5335,65,70,30,79,0,0,3531,1438,2049,3359,1138,2221,3508,947,2354,3453,1142,2063,3434,1162,2137,3369,811,2558,2994,1009,1867,3580,1098,2352,4161,1220,2847,4124,748,2851,3940,1126,2814,0.0,18,18033,,,
1273,18033020500,205,-85.0656293,41.3716255,10334360.0,10334360.0,0.0,6156,5820,199,61,46,35,1,6043,5843,133,31,14,26,0,6089,5840,117,100,13,20,0,5987,5436,236,88,63,139,12,6061,5784,165,79,17,16,0,6208,6162,23,8,9,4,0,4521,4331,113,29,24,24,1,4600,4420,135,4,15,25,0,4520,4365,115,4,15,20,0,4576,4199,150,60,48,97,12,4576,4199,150,30,31,11,8,5,142,4477,4282,167,11,10,22,0,4620,4585,25,10,0,4,0,0,2235,1071,1117,1932,780,1152,2014,592,1254,1960,698,1075,1955,737,1098,1901,535,1366,1643,617,947,2035,690,1254,2398,762,1575,2367,513,1458,2265,736,1529,0.0,18,18033,,,
1274,18083955201,9552.01,-87.4566461,38.8272468,198833280.0,196272914.0,2560366.0,2095,2046,24,10,7,5,0,1907,1776,85,13,2,30,0,1939,1849,75,0,2,13,0,1953,1834,44,23,3,28,2,2307,2113,121,0,1,5,0,1975,1873,14,0,2,26,0,1635,1603,13,6,5,5,0,1467,1351,72,14,4,30,0,1517,1436,66,0,4,15,0,1507,1424,30,12,3,21,2,1507,1424,30,9,1,3,0,4,36,1883,1792,87,0,4,3,0,1675,1645,4,0,4,29,0,0,936,413,494,895,311,584,939,171,722,916,407,466,932,560,362,833,224,609,751,215,485,891,303,569,953,195,742,950,149,680,926,269,657,29458.953005043117,18,18083,,,
1275,18083955202,9552.02,-87.4387379,38.7175216,69353499.0,68669048.0,684451.0,3888,3740,38,43,54,16,8,3954,3797,13,26,99,20,10,3558,3418,3,11,114,12,0,3968,3589,153,66,79,48,5,3498,3394,0,12,92,0,0,3700,3593,7,61,29,9,1,3028,2939,22,22,37,15,2,3273,3199,3,1,55,19,0,3008,2939,3,4,50,10,0,3104,2831,127,39,59,31,5,3104,2831,127,24,59,2,1,2,58,2890,2842,0,2,38,0,0,2790,2730,4,38,0,8,0,4,2032,805,1203,1954,582,1372,2056,464,1495,1988,796,1120,2029,1082,915,1845,499,1346,1772,528,1159,2023,683,1288,2200,560,1599,2184,357,1645,2121,649,1472,4995.883858867045,18,18083,,,
1276,18141011900,119,-86.2497898,41.5843398,28364756.0,28357534.0,7222.0,3934,3605,125,132,53,31,1,4226,3500,450,257,104,15,77,4020,3339,411,258,87,15,53,4212,3560,230,246,63,107,8,4004,3477,239,284,61,17,13,4064,3521,185,306,19,78,0,3120,2914,74,81,26,24,1,3330,2995,150,129,40,14,0,3220,2875,140,140,40,14,0,3346,2927,141,158,34,69,2,3346,2927,141,135,26,17,0,6,94,3228,2909,106,143,46,14,0,3130,2790,85,205,20,29,0,0,2142,899,1223,2135,811,1324,2155,713,1297,2143,869,1157,2132,877,1202,2078,618,1460,1833,810,958,2131,830,1235,2313,873,1402,2310,683,1510,2220,828,1392,0.0,18,18141,,,
1277,18139974200,9742,-85.5358884,39.7061582,274860340.0,274387901.0,472439.0,3605,3529,29,11,7,22,1,3220,3132,62,0,0,26,0,3462,3355,67,0,0,40,0,3487,3317,59,41,8,54,6,3460,3359,76,0,0,25,0,3502,3457,0,0,30,15,0,2702,2658,17,1,2,19,0,2420,2385,10,0,0,25,0,2600,2550,10,0,0,40,0,2674,2564,31,20,6,41,3,2674,2564,31,10,0,6,1,6,56,2474,2430,10,0,0,24,0,2570,2545,0,0,10,15,0,0,1663,592,1034,1489,394,1095,1624,270,1270,1603,419,1097,1586,477,1057,1564,257,1307,1387,342,978,1596,367,1186,1766,328,1414,1747,249,1074,1706,375,1331,0.0,18,18139,,,
1278,18139974500,9745,-85.5384892,39.5473604,318671107.0,318435135.0,235972.0,4132,4009,61,36,11,19,1,4194,4116,41,0,21,0,0,4011,3946,36,0,19,0,0,4087,3907,56,27,28,52,2,3909,3812,63,0,17,2,0,3651,3404,51,79,11,32,0,3071,3016,32,9,7,12,1,3190,3155,35,0,0,0,0,3075,3050,24,0,4,0,0,3089,2980,20,13,18,44,0,3089,2980,20,7,7,3,0,4,68,3116,3042,42,0,4,3,0,2875,2735,45,55,4,33,0,0,1784,683,1051,1653,487,1166,1774,348,1325,1739,502,1133,1736,583,1079,1680,320,1360,1452,382,969,1743,429,1244,1930,390,1508,1918,278,1223,1856,439,1417,0.0,18,18139,,,
1279,18139974100,9741,-85.3688938,39.618492,425688153.0,425566870.0,121283.0,3077,3022,24,19,4,12,3,2893,2803,8,49,33,0,0,2824,2764,5,31,24,0,0,2877,2802,22,12,6,32,4,2846,2803,7,23,13,0,0,2941,2941,0,0,0,0,0,2321,2284,18,8,4,9,3,2240,2160,0,50,30,0,0,2205,2150,0,30,25,0,0,2281,2231,11,11,1,26,3,2281,2231,11,0,0,6,2,0,31,2225,2169,0,24,2,0,0,2300,2300,0,0,0,0,0,0,1542,580,900,1379,366,1013,1468,259,1129,1457,399,975,1469,479,928,1405,231,1174,1278,298,906,1468,326,1085,1598,293,1286,1596,197,1040,1547,309,1238,0.0,18,18139,,,
1280,18139974300,9743,-85.455204,39.6202579,6579987.0,6579987.0,0.0,3612,3457,39,70,20,18,1,3579,3472,77,15,0,30,0,3588,3448,95,45,0,22,0,3533,3279,56,77,39,90,7,3657,3372,114,171,0,18,0,3725,3255,220,206,0,62,0,2685,2596,23,32,14,14,1,2725,2685,25,0,0,15,0,2685,2630,35,25,0,0,0,2646,2495,36,36,29,56,3,2646,2495,36,20,15,4,0,3,73,2839,2628,56,152,0,0,0,2860,2590,120,104,0,54,0,0,1466,729,712,1281,509,772,1316,337,866,1287,484,706,1281,480,736,1239,274,965,1065,349,623,1306,403,830,1470,392,1029,1462,253,916,1409,386,1023,0.0,18,18139,,,
1281,18139974400,9744,-85.420184,39.6115274,32108083.0,32099437.0,8646.0,2966,2822,37,74,24,11,2,2818,2483,78,264,0,0,0,2752,2406,72,280,0,3,0,2768,2571,59,75,21,42,1,2760,2550,23,182,0,5,0,2897,2817,32,14,12,4,0,2306,2213,21,53,17,7,0,2285,2050,64,180,0,0,0,2220,2000,45,175,0,4,0,2206,2076,35,47,18,31,0,2206,2076,35,37,12,0,0,8,38,2253,2120,13,115,0,8,0,2345,2290,30,18,10,4,0,0,1242,644,573,1031,450,581,1084,311,702,1069,434,561,1069,421,593,1039,269,770,901,319,515,1081,371,656,1168,351,798,1157,238,696,1115,362,753,0.0,18,18139,,,
1282,18039000400,4,-85.8571664,41.5478824,28175465.0,27312921.0,862544.0,4790,3815,740,101,92,56,6,4935,3913,796,99,94,17,1,5162,3911,1002,97,115,18,0,5158,3767,983,166,176,102,3,4843,3616,719,194,309,24,0,4919,4070,270,264,212,14,0,3529,2988,414,48,57,35,5,3530,3130,329,38,19,10,0,3599,3124,410,29,24,10,0,3923,3054,591,93,126,79,2,3923,3054,591,66,107,0,2,14,89,3187,2793,214,53,112,5,0,3420,3070,88,149,115,4,0,0,2317,1213,1085,2017,912,1105,2268,994,1162,2261,1059,1112,2260,1074,1139,2224,806,1418,2063,1082,928,2282,1102,1126,2443,1241,1158,2463,999,1278,2443,1178,1265,0.0,18,18039,,,
1283,18039002300,23,-85.9959655,41.6688209,4115859.0,4000905.0,114954.0,2402,1300,539,536,30,20,2,2413,1157,502,616,28,17,0,2352,1270,498,546,40,18,0,2511,1071,878,525,24,56,4,2261,1121,633,468,39,7,0,2122,1034,721,351,25,12,0,1695,1086,288,305,16,11,1,1360,915,89,319,10,18,0,1415,1015,94,279,15,18,0,1810,901,538,334,17,39,3,1810,901,538,295,9,0,0,9,58,1243,877,81,280,15,7,0,1215,815,134,263,4,4,0,0,686,475,198,555,375,180,488,268,195,492,283,173,485,286,177,489,253,236,405,236,137,490,281,187,544,304,232,542,264,249,544,313,231,0.0,18,18039,,,
1284,18039001100,11,-85.9747771,41.482937,131304200.0,131303838.0,362.0,4840,4656,129,19,27,7,3,5036,4810,151,84,50,6,0,4948,4692,202,72,46,0,0,4997,4714,191,33,24,41,4,4996,4743,200,78,40,6,0,5034,4657,327,10,28,12,0,3214,3127,61,7,14,6,1,3315,3270,25,4,10,4,0,3280,3210,50,10,10,0,0,3424,3255,116,16,14,30,0,3424,3255,116,9,11,0,0,0,33,3542,3443,72,5,14,7,0,3685,3485,195,0,0,14,0,0,1306,323,950,1281,233,1048,1211,182,979,1219,240,943,1211,259,925,1198,151,1047,982,202,769,1248,229,1005,1454,261,1182,1455,185,1018,1450,238,1212,0.0,18,18039,,,
1285,18121030300,303,-87.265823,39.7581011,67538238.0,67008909.0,529329.0,5102,4613,64,381,12,34,1,4950,4607,85,204,41,18,6,4904,4588,95,166,28,27,20,4613,4259,75,194,23,58,0,4544,4100,143,226,52,23,3,4807,4445,73,173,0,101,14,4348,3883,61,375,9,26,1,4125,3900,40,134,30,20,0,4100,3880,50,124,20,15,0,3781,3497,51,171,16,44,0,3781,3497,51,163,6,4,0,0,60,3856,3596,39,129,50,18,0,3900,3660,40,128,0,59,0,15,1877,761,1067,1570,498,1072,1626,333,1193,1633,579,944,1634,619,957,1561,341,1220,1322,340,887,1611,442,1105,1773,389,1349,1752,266,1215,1676,402,1274,0.0,18,18121,,,
1286,18121030100,301,-87.1944251,39.8736679,487200713.0,484868357.0,2332356.0,3946,3860,38,18,2,30,3,3974,3920,39,0,0,15,0,4062,3980,37,0,2,43,0,3884,3729,32,18,8,63,1,4115,3983,20,94,5,13,0,4222,4007,0,169,1,45,0,2845,2798,24,4,1,20,1,2890,2855,20,0,0,14,0,2920,2860,15,0,4,40,0,2697,2607,25,2,1,46,1,2697,2607,25,0,0,10,0,0,55,2993,2895,0,97,0,17,0,3070,2915,0,140,4,18,0,0,1584,633,892,1438,442,996,1523,307,1132,1518,473,938,1522,592,869,1472,304,1168,1190,339,796,1449,396,1009,1548,342,1192,1541,255,1008,1495,361,1134,0.0,18,18121,,,
1287,18121030200,302,-87.3446479,39.7175274,178825336.0,177024678.0,1800658.0,3145,3038,67,7,14,19,0,3372,3182,138,35,0,9,0,3146,2929,142,30,0,33,0,2940,2774,74,22,18,49,0,3314,3073,102,99,0,28,0,2977,2784,84,11,4,78,0,2360,2303,28,2,8,13,0,2435,2400,39,0,0,8,0,2325,2250,30,20,0,23,0,2197,2100,32,13,13,36,0,2197,2100,32,5,11,5,0,2,42,2564,2444,50,45,0,27,0,2290,2175,29,10,4,70,0,0,1315,602,671,1155,452,703,1235,304,870,1234,493,658,1236,544,655,1187,349,838,938,298,574,1176,372,768,1263,284,960,1256,215,885,1221,330,891,0.0,18,18121,,,
1288,18183050402,504.02,-85.4757656,41.179293,35325186.0,35258097.0,67089.0,3531,3368,67,39,30,26,6,3946,3873,0,60,13,0,0,4170,4117,0,53,0,0,0,4281,3828,177,62,94,98,6,4553,4481,0,40,0,32,0,4815,4596,54,20,0,63,0,2672,2583,39,13,19,17,1,2950,2875,0,60,15,0,0,3125,3070,0,55,0,0,0,3380,3074,126,38,71,56,0,3380,3074,126,29,60,2,0,13,76,3481,3404,0,39,0,31,0,3790,3705,45,20,0,24,0,0,1561,634,908,1493,464,1029,1671,391,1162,1651,518,996,1637,558,1004,1573,337,1236,1429,436,933,1716,500,1142,1996,568,1371,1978,346,1261,1905,532,1373,0.0,18,18183,,,
1289,18183050401,504.01,-85.487457,41.1632197,3984386.0,3955187.0,29199.0,3528,3377,69,27,22,27,1,3415,3233,46,7,38,114,0,3298,3028,60,52,44,135,0,3635,3348,117,50,22,80,2,3271,3028,67,38,48,115,0,3412,3072,140,71,23,62,0,2608,2535,35,8,12,17,1,2660,2535,50,4,15,65,0,2540,2350,60,25,25,85,0,2724,2548,69,29,12,51,0,2724,2548,69,14,6,10,0,8,69,2577,2415,63,8,24,59,0,2550,2345,115,20,25,39,0,0,1460,625,801,1430,503,927,1546,400,997,1523,514,859,1507,550,874,1465,355,1110,1302,434,798,1524,479,964,1678,494,1126,1680,331,1012,1615,497,1118,0.0,18,18183,,,
1290,18157011200,112,-86.9162048,40.434046,2588181.0,2449667.0,138514.0,6357,4656,222,206,1258,31,8,7407,5243,228,141,1790,45,34,7501,5350,290,176,1646,34,35,6550,4379,389,226,1467,35,469,7385,5046,235,196,1853,53,29,6992,4784,227,177,1734,39,10,6000,4422,206,189,1170,29,8,5660,4950,200,134,335,39,0,5780,4955,255,163,350,28,4,6239,4170,359,193,1424,30,467,6239,4170,359,149,872,8,3,35,643,5699,4724,208,184,542,41,10,5575,4465,220,142,700,22,4,18,2205,1424,761,1063,669,394,1316,856,323,1303,801,422,1292,847,389,1241,780,461,1042,767,225,1235,835,342,1247,886,328,1236,723,456,1221,834,387,0.0,18,18157,,,
1291,18157010208,102.08,-86.9361751,40.4538778,5592725.0,5195412.0,397313.0,5858,4424,244,298,880,38,10,5514,4224,136,128,1028,0,0,5953,4214,79,392,1242,30,0,6484,3530,451,402,1922,88,25,5572,3859,104,344,1188,77,0,5274,3593,245,470,886,53,0,5328,4073,202,254,777,32,10,4320,3815,123,124,257,0,0,4331,3557,65,346,340,30,0,5643,3075,364,325,1719,71,24,5643,3075,364,252,1613,21,10,32,276,3984,3218,35,301,351,75,0,4060,3160,129,455,270,44,0,0,2053,1295,743,1266,754,512,1438,820,460,1428,788,532,1426,855,514,1383,774,609,1163,751,358,1436,869,499,1603,1035,520,1592,819,661,1575,967,608,0.0,18,18157,,,
1292,18157005401,54.01,-86.9133391,40.4274973,778569.0,778569.0,0.0,3336,2718,98,47,471,8,8,3881,2829,127,256,676,0,21,3929,2866,124,239,702,0,21,2271,1485,139,80,530,13,8,3978,2949,84,134,809,0,4,3842,2972,72,44,748,0,5,3233,2633,95,44,457,8,8,3415,2793,117,216,267,0,0,3469,2813,115,203,317,0,0,2110,1386,129,72,485,11,7,2110,1386,129,64,433,0,1,19,78,3636,2915,74,106,538,0,0,3445,2895,65,34,450,0,0,4,718,428,287,415,245,170,472,290,136,464,272,166,461,283,160,435,255,180,374,272,83,432,283,130,419,302,106,418,246,157,414,283,131,0.0,18,18157,,,
1293,18157001603,16.03,-86.8804621,40.362019,7637155.0,7605750.0,31405.0,6020,5154,315,379,154,39,4,5833,5108,309,222,198,0,0,6181,5571,258,210,142,0,0,6733,5251,688,467,186,132,10,6897,6011,208,511,167,0,0,6286,4712,616,601,380,60,0,4359,3852,171,210,105,25,3,4555,4010,220,160,165,0,0,4730,4260,190,145,140,0,0,4936,3985,414,295,135,90,7,4936,3985,414,240,102,10,0,13,172,5054,4274,186,426,164,0,0,4695,3600,420,450,225,4,0,0,2619,1369,1223,2294,985,1309,2705,984,1511,2692,1079,1440,2679,1121,1466,2597,904,1693,2152,954,1102,2781,1144,1534,3251,1363,1804,3248,982,1903,3213,1349,1864,0.0,18,18157,,,
1294,18157001702,17.02,-86.8519791,40.3846486,5446888.0,5369262.0,77626.0,3123,1982,908,152,66,31,0,3469,1762,1213,603,0,0,0,3489,1940,1024,568,0,0,0,2606,1515,738,231,69,56,9,3710,2679,802,245,0,0,0,3251,2564,429,142,115,13,0,2363,1666,522,110,56,20,0,2380,1630,330,420,0,0,0,2500,1810,255,440,0,0,0,2026,1298,454,175,57,45,8,2026,1298,454,151,46,7,0,2,68,2822,2465,149,200,0,0,0,2685,2375,85,130,85,15,0,0,779,440,326,639,340,299,752,295,381,749,341,341,746,355,350,727,308,419,530,269,229,705,326,342,748,361,369,749,279,379,746,354,392,0.0,18,18157,,,
1295,18157001601,16.01,-86.9104335,40.352467,4530298.0,4472713.0,57585.0,1894,1771,62,20,32,8,1,2617,2516,38,65,0,0,0,2192,2089,30,73,0,0,0,2161,1895,117,56,36,34,1,1848,1664,94,90,0,0,0,1601,1450,137,14,0,0,0,1378,1302,37,14,21,5,1,1849,1770,15,65,0,0,0,1512,1423,15,75,0,0,0,1556,1397,65,34,18,20,1,1556,1397,65,29,16,2,0,10,37,1373,1253,40,91,0,0,0,1185,1135,40,4,0,0,0,0,902,359,532,944,308,636,1215,397,729,1215,454,704,1206,474,701,1166,343,823,1045,425,577,1181,442,700,1213,486,707,1217,326,798,1199,430,769,0.0,18,18157,,,
1296,18157001701,17.01,-86.8477578,40.3989782,2885189.0,2845006.0,40183.0,3666,2282,638,620,148,26,4,3626,2260,480,754,114,0,0,3388,1805,614,826,132,0,0,3936,1886,563,1287,127,107,1,4109,2290,418,1115,276,0,0,4114,2235,482,862,535,0,0,2679,1852,376,332,120,19,2,2330,1865,100,345,20,0,0,2105,1545,215,330,15,0,0,2898,1605,391,739,109,91,1,2898,1605,391,664,91,3,1,19,124,2395,1863,145,371,19,0,0,2475,1990,150,315,20,0,0,0,1087,716,363,872,525,347,971,483,392,959,502,368,960,532,375,948,498,450,611,377,203,923,512,359,1024,595,394,1022,468,437,1011,587,424,0.0,18,18157,,,
1297,18157010205,102.05,-86.9741672,40.4565775,6883103.0,6811034.0,72069.0,3474,2784,246,188,228,41,0,5141,4019,426,128,508,19,0,4926,3700,472,224,470,22,0,4612,3177,402,391,527,101,6,5372,3987,578,140,657,24,0,5302,3887,803,237,283,80,0,2439,2008,145,100,169,26,0,3200,2960,135,75,10,0,0,3025,2615,220,130,40,0,0,3256,2351,228,211,394,71,6,3256,2351,228,179,351,9,0,12,126,2943,2787,49,41,41,0,0,3345,2955,165,85,65,20,0,50,1359,789,558,1306,653,653,1587,772,665,1583,775,725,1573,806,714,1534,680,854,1336,779,497,1652,863,725,1918,1058,811,1935,782,991,1920,984,936,0.0,18,18157,,,
1298,18035002404,24.04,-85.4624347,40.2065784,10906625.0,10870127.0,36498.0,4370,3870,95,206,176,15,11,4936,4451,103,92,275,15,0,4705,4162,106,145,275,18,0,4225,3507,87,284,233,97,5,4319,3688,98,234,259,12,0,4398,3778,63,269,271,20,0,3398,3090,57,116,119,12,9,3730,3495,105,90,25,15,0,3570,3325,105,100,30,20,0,3392,2922,62,201,141,57,5,3392,2922,62,170,130,4,5,4,95,3402,3130,84,122,60,8,0,3425,3220,30,99,50,12,0,10,2082,1070,987,1968,833,1135,2155,856,1164,2138,919,1131,2129,979,1095,2040,732,1308,1880,887,912,2157,953,1140,2328,1051,1240,2318,748,1390,2277,988,1289,0.0,18,18035,,,
1299,18035002603,26.03,-85.3794095,40.287194,47858911.0,47779056.0,79855.0,3398,3275,36,41,25,23,1,3244,3118,112,11,3,0,92,3014,2870,105,36,2,2,98,3301,3047,70,98,14,64,1,2886,2830,49,7,0,0,49,2963,2952,0,11,0,0,0,2521,2437,23,25,21,16,0,2506,2394,100,11,3,0,0,2440,2298,108,30,2,2,0,2468,2308,46,52,11,54,1,2468,2308,46,33,4,3,1,0,73,2292,2249,46,3,0,0,0,2365,2355,0,10,0,0,0,0,1781,784,980,1654,636,1018,1666,494,1065,1642,587,965,1634,647,927,1575,432,1143,1425,528,819,1651,573,1017,1785,595,1158,1776,421,1120,1749,576,1173,0.0,18,18035,,,
1300,18035002403,24.03,-85.5308509,40.2036199,36446613.0,36385083.0,61530.0,3945,3755,43,68,65,13,2,3651,3359,0,183,28,48,33,3967,3753,0,130,55,0,29,4543,4060,95,121,181,68,5,4024,3611,0,176,209,0,28,3944,3573,40,105,157,37,21,2967,2871,16,30,38,7,2,2875,2650,0,115,30,50,35,3130,2980,0,75,55,0,30,3396,3091,58,64,118,49,5,3396,3091,58,52,103,0,2,7,83,3092,2784,0,116,164,0,30,3125,2840,35,90,104,35,20,0,2275,1015,1233,2055,763,1292,2466,796,1531,2454,898,1460,2425,967,1408,2332,675,1657,2221,866,1251,2484,904,1512,2715,993,1671,2711,669,1775,2664,910,1754,0.0,18,18035,,,
1301,18035002201,22.01,-85.2709426,40.1858189,96439929.0,95985764.0,454165.0,4813,4657,36,59,18,43,8,4795,4591,100,62,0,53,0,4718,4428,143,100,9,53,0,4545,4285,56,82,16,95,2,4642,4363,137,85,8,51,0,4440,4122,68,112,6,69,0,3709,3629,22,27,7,26,3,3960,3840,40,44,0,44,0,3820,3695,85,4,10,34,0,3632,3467,34,41,12,69,0,3632,3467,34,21,7,8,0,2,93,3670,3524,96,3,10,33,0,3615,3515,60,12,4,33,0,0,2315,1213,1058,2085,1015,1070,2250,698,1430,2244,878,1222,2231,999,1162,2169,736,1433,1905,815,962,2221,828,1313,2390,778,1570,2381,562,1483,2335,793,1542,0.0,18,18035,,,
1302,18035002604,26.04,-85.3953624,40.2414881,29249120.0,29135005.0,114115.0,3808,3556,42,135,57,22,5,3816,3647,63,94,72,0,60,4019,3784,34,181,53,9,43,3868,3500,82,156,86,33,3,4128,3833,87,196,42,12,42,4202,3791,195,195,37,21,37,2885,2726,27,86,32,13,0,3064,2926,30,34,12,0,0,3155,2962,37,100,8,8,0,3018,2774,52,100,51,31,0,3018,2774,52,78,40,3,0,7,64,3338,3097,60,113,0,16,0,3370,3065,125,130,0,14,0,35,2125,961,1144,1974,795,1179,2044,754,1157,2004,830,1078,2003,883,1064,1910,637,1273,1797,794,919,2046,837,1143,2250,910,1298,2246,641,1397,2205,848,1357,0.0,18,18035,,,
1303,18035002502,25.02,-85.5094853,40.2522614,88528410.0,88248063.0,280347.0,3096,2984,42,22,34,13,7,3137,2777,42,27,304,0,13,2982,2654,41,22,278,0,13,3170,2969,61,58,32,37,6,2874,2783,66,0,25,0,0,3028,2970,43,0,15,0,0,2526,2448,28,17,19,13,3,2240,2180,15,15,15,0,0,1990,1925,20,10,30,0,0,2590,2453,38,35,23,37,3,2590,2453,38,26,17,2,1,0,53,2088,2034,26,0,24,0,0,2295,2265,15,0,15,0,0,0,1628,702,905,1593,584,1009,1625,452,1086,1613,539,997,1613,571,987,1548,405,1143,1368,469,830,1607,495,1055,1732,505,1202,1719,339,1192,1679,461,1218,0.0,18,18035,,,
1304,18035002501,25.01,-85.5079828,40.3285804,113259374.0,112823325.0,436049.0,2308,2242,35,8,7,12,2,2199,2187,8,2,0,0,0,2248,2200,23,1,20,0,0,2142,2035,47,11,4,40,1,2179,2081,58,1,33,6,0,2064,2009,35,1,9,10,0,1761,1729,17,2,4,7,2,1840,1835,4,4,0,0,0,1845,1830,8,0,4,0,0,1674,1605,24,4,3,31,0,1674,1605,24,0,2,5,0,2,36,1633,1607,4,0,4,3,0,1570,1560,8,0,4,4,0,0,1031,541,463,911,413,498,1059,285,706,1047,383,584,1037,435,551,1009,306,703,814,288,480,1022,325,650,1119,285,816,1110,218,728,1083,309,774,0.0,18,18035,,,
1305,18035002202,22.02,-85.2761409,40.1133437,72406293.0,67494874.0,4911419.0,1383,1356,14,6,4,12,0,1540,1540,0,0,0,0,0,1605,1605,0,0,0,0,0,1388,1335,10,14,4,21,1,1476,1437,0,39,0,0,0,1577,1514,11,52,0,0,0,1091,1072,9,2,3,6,0,1115,1115,0,0,0,0,0,1230,1230,0,0,0,0,0,1076,1048,4,6,4,13,1,1076,1048,4,4,3,0,0,0,17,1159,1120,0,40,0,0,0,1185,1130,0,50,0,0,0,0,789,383,395,714,322,392,734,234,456,724,275,419,724,300,406,695,196,499,608,248,329,725,251,448,793,221,549,802,155,525,782,239,543,0.0,18,18035,,,
1306,18049953500,9535,-86.0502038,41.0207991,124729126.0,123774282.0,954844.0,3076,2589,450,3,4,50,1,2853,2235,541,1,0,76,0,2936,2344,487,5,45,100,0,3082,2482,504,35,12,44,6,2758,2305,371,50,47,74,0,2963,2373,518,59,49,33,0,2225,1949,253,3,3,26,0,1960,1760,125,0,0,79,0,2095,1850,145,0,0,99,0,2212,1836,315,12,10,37,3,2212,1836,315,2,3,3,0,4,49,1838,1692,103,0,0,29,0,1955,1740,200,4,0,8,0,0,1135,429,680,1001,261,740,1078,218,810,1082,306,703,1081,344,705,1056,234,822,855,264,553,1083,278,773,1233,271,935,1237,196,698,1212,289,923,0.0,18,18049,,,
1307,18049953200,9532,-86.334319,41.1199013,229593520.0,228673169.0,920351.0,3835,3625,76,78,23,34,0,3236,2879,135,181,37,15,12,3554,3203,80,169,71,24,11,3648,3360,85,61,36,85,1,3812,3445,180,123,48,16,7,4204,3987,111,70,22,2,0,2873,2738,46,46,12,28,0,2440,2239,35,135,10,15,10,2494,2294,14,140,8,25,10,2751,2574,46,38,19,65,0,2751,2574,46,22,11,17,0,0,81,2791,2607,28,112,4,19,0,3240,3135,30,65,10,4,0,0,1663,715,908,1435,501,934,1555,377,1083,1544,556,878,1547,576,907,1508,387,1121,1274,496,720,1524,478,989,1651,428,1199,1645,297,1003,1619,454,1165,0.0,18,18049,,,
1308,18157010206,102.06,-86.9593465,40.4812336,13373782.0,13075307.0,298475.0,5628,4521,493,265,320,51,5,6520,3806,823,417,1402,93,0,6655,3965,715,457,1462,70,0,6135,3828,655,424,1129,126,2,7004,4713,625,423,1175,68,0,6790,4220,928,639,978,7,0,4569,3779,284,210,284,37,5,3720,3090,295,230,15,95,0,3825,3250,240,250,15,70,0,4925,3066,438,306,1019,106,2,4925,3066,438,256,975,19,2,16,153,4425,3805,322,221,15,71,0,4610,3600,470,420,120,4,0,0,2010,1099,888,1664,807,857,1823,853,799,1812,888,822,1809,903,835,1760,772,988,1528,859,611,1880,960,843,2161,1166,929,2174,858,1139,2149,1095,1054,0.0,18,18157,,,
1309,18157001602,16.02,-86.8916018,40.3515575,3082156.0,3072467.0,9689.0,3074,2742,191,81,39,34,1,3410,3228,100,82,0,0,0,3128,2926,108,94,0,0,0,3012,2324,453,112,44,71,2,2798,2631,71,71,0,25,0,3279,2968,251,28,0,32,0,2143,1971,100,36,26,18,0,2255,2200,25,30,0,0,0,2210,2115,70,25,0,0,0,2175,1746,267,79,31,49,1,2175,1746,267,46,18,0,0,7,91,2086,1982,26,50,0,25,0,2120,1990,80,15,0,30,0,0,1324,678,639,1149,479,670,1261,407,745,1246,456,695,1241,493,694,1211,384,827,962,408,496,1250,481,711,1397,564,794,1393,400,798,1379,558,821,0.0,18,18157,,,
1310,18157005402,54.02,-86.8999819,40.4232979,613466.0,566881.0,46585.0,2438,1719,104,46,564,6,8,3495,2196,150,245,836,47,91,3085,1937,115,136,835,41,81,2205,1125,141,157,769,19,0,2860,1846,114,148,691,41,83,2278,1648,37,61,524,3,5,2395,1686,101,46,557,6,8,2755,2145,95,240,210,0,65,2290,1815,60,130,225,0,60,1996,1047,116,89,728,17,0,1996,1047,116,77,689,1,0,11,55,2174,1735,60,136,178,0,66,1820,1545,35,55,180,4,0,4,500,342,152,205,141,64,271,173,64,269,168,83,265,168,81,257,163,94,160,129,22,257,176,68,295,218,70,292,185,91,288,208,80,0.0,18,18157,,,
1311,18157010207,102.07,-86.9085768,40.4860009,20451638.0,20376696.0,74942.0,2531,2126,94,89,208,17,2,3971,2869,117,71,913,15,0,4255,3138,98,78,913,8,0,4392,3475,209,173,467,43,0,3790,2750,59,344,604,0,0,3788,2797,84,424,371,0,0,1838,1571,53,52,142,14,2,2505,2175,55,70,205,0,0,2750,2385,60,75,235,0,0,3275,2684,120,109,321,33,0,3275,2684,120,88,299,2,0,8,74,2674,2194,46,292,142,0,0,2805,2300,40,250,215,0,0,0,1089,569,510,1346,594,752,1761,827,812,1769,831,864,1769,837,890,1707,721,986,1633,863,731,1962,967,943,2414,1260,1109,2433,899,1418,2405,1163,1242,0.0,18,18157,,,
1312,18157010209,102.09,-86.9513074,40.4432832,6140183.0,6132375.0,7808.0,2898,2099,370,141,271,12,1,3264,2360,506,140,244,12,0,3778,2759,571,141,280,23,0,3562,2239,480,274,498,53,4,3911,2464,681,259,311,30,0,3832,2726,429,228,385,2,0,2172,1655,217,88,208,9,1,1840,1705,22,96,3,10,0,2269,2103,40,99,5,25,0,2678,1753,315,165,405,31,1,2678,1753,315,131,383,9,1,3,83,2214,1981,91,122,0,29,0,2415,2020,145,120,130,4,0,0,1033,638,385,909,489,420,1178,597,473,1171,572,547,1168,616,513,1128,525,603,1022,614,376,1212,658,510,1370,811,522,1370,614,659,1355,736,619,0.0,18,18157,,,
1313,18055954702,9547.02,-86.7744479,39.1034873,168227020.0,168098955.0,128065.0,3844,3760,18,17,12,31,3,3635,3622,6,13,0,0,0,3536,3517,5,5,14,0,0,3522,3289,38,33,23,112,2,3560,3546,3,3,11,0,0,3405,3281,3,57,35,27,0,2843,2794,8,5,9,22,2,2645,2630,4,4,0,0,0,2715,2695,4,0,15,0,0,2767,2614,20,16,9,85,1,2767,2614,20,7,5,8,0,15,98,2662,2649,3,0,10,0,0,2610,2515,4,55,10,30,0,0,1330,543,759,1258,440,818,1420,378,963,1394,485,821,1404,583,774,1329,374,955,1088,363,687,1431,452,931,1656,441,1183,1653,347,981,1618,478,1140,0.0,18,18055,,,
1314,18073100902,1009.02,-87.2065781,41.2137678,78297080.0,77951221.0,345859.0,6418,6061,253,34,36,36,2,6668,6232,354,101,98,75,0,6806,6408,240,58,52,128,0,6754,6007,426,78,48,170,3,6910,6006,380,88,64,173,0,6774,5789,359,101,54,124,0,4802,4592,150,15,21,24,2,4995,4835,115,0,0,50,0,5300,5085,80,0,30,105,0,5197,4728,248,31,37,113,3,5197,4728,248,22,21,3,0,8,167,5524,5206,159,0,15,142,0,5130,4900,185,0,10,55,0,0,2647,903,1711,2780,963,1817,2987,727,2118,2901,824,1960,2901,958,1869,2858,798,2060,2349,672,1619,2954,806,2082,3402,870,2472,3393,714,2336,3299,818,2481,0.0,18,18073,,,
1315,18073100901,1009.01,-87.1162062,41.2269882,84910168.0,84701554.0,208614.0,3223,2977,194,13,17,23,2,3243,2998,145,100,0,0,0,3235,3108,104,23,0,0,0,3214,2871,206,30,19,57,3,3480,3344,94,5,0,25,0,3441,3245,136,0,4,50,0,2346,2202,109,4,8,21,2,2490,2365,110,15,0,0,0,2510,2425,80,10,0,0,0,2379,2167,113,13,11,43,2,2379,2167,113,8,2,8,2,2,77,2546,2483,54,4,0,3,0,2480,2395,54,0,4,19,0,0,1124,471,638,1172,462,710,1318,329,911,1291,441,793,1286,521,726,1261,421,840,984,340,619,1316,398,883,1575,388,1158,1564,292,1057,1513,388,1125,0.0,18,18073,,,
1316,18055954701,9547.01,-86.7637938,38.9732529,228998536.0,228863221.0,135315.0,4587,4439,45,23,31,51,0,4829,4681,24,25,69,30,0,4723,4610,21,22,35,35,0,4167,3904,62,23,31,122,2,4660,4542,28,25,11,54,0,3960,3886,0,0,6,39,0,3466,3386,18,12,17,36,0,3785,3710,0,20,25,30,0,3735,3660,0,15,20,35,0,3261,3076,44,11,16,84,2,3261,3076,44,9,11,11,0,14,96,3738,3643,0,19,10,57,0,3230,3175,0,0,4,50,0,0,1569,684,846,1550,554,996,1828,403,1337,1810,601,1102,1803,692,1062,1708,452,1256,1499,467,968,1847,534,1258,2107,515,1554,2097,399,1271,2055,544,1511,0.0,18,18055,,,
1317,18039001902,19.02,-85.9024101,41.6803653,10679932.0,10302193.0,377739.0,3833,3116,413,202,89,21,4,4117,3198,608,170,123,19,0,3945,3041,683,129,66,27,0,4109,2833,907,173,92,113,1,3846,3118,574,110,14,13,0,4445,3041,1129,117,128,15,0,2862,2431,239,115,70,16,3,3039,2704,165,120,30,20,0,2784,2479,145,110,20,25,0,3079,2271,538,117,59,85,1,3079,2271,538,97,48,4,1,16,104,2931,2651,156,91,14,14,0,2950,2420,350,60,120,8,0,0,1727,718,989,1498,518,980,1542,469,986,1546,524,944,1540,556,937,1536,383,1153,1199,446,717,1503,509,950,1597,532,1035,1600,400,1032,1585,515,1070,0.0,18,18039,,,
1318,18181958502,9585.02,-86.7911431,40.7512537,51932847.0,49964599.0,1968248.0,2023,1888,98,7,23,16,1,1948,1701,140,18,29,68,0,2144,1966,69,18,20,80,0,1987,1795,123,21,15,34,2,2161,1914,58,19,43,137,0,2329,2122,120,27,36,24,0,1580,1498,56,4,12,11,0,1598,1483,50,10,0,50,0,1798,1679,50,10,0,60,0,1633,1512,71,12,12,20,2,1633,1512,71,8,9,4,0,0,29,1587,1416,34,10,25,111,0,1665,1565,34,25,4,25,0,0,1010,447,538,889,329,560,916,249,606,911,299,547,910,330,551,890,233,657,784,251,480,930,278,615,1049,299,731,1045,182,733,1022,258,764,0.0,18,18181,,,
1319,18181958501,9585.01,-86.7629795,40.8090234,22477220.0,20748344.0,1728876.0,1591,1508,55,11,10,14,1,1642,1617,25,0,0,10,0,1527,1457,47,23,0,20,0,1439,1317,63,16,3,26,4,1381,1323,10,48,0,0,0,1376,1334,36,6,0,0,0,1268,1224,33,5,5,10,1,1308,1293,20,0,0,0,0,1254,1199,35,25,0,0,0,1163,1084,35,13,0,20,2,1163,1084,35,5,0,7,0,1,31,1125,1077,8,51,0,0,0,1160,1115,35,4,0,0,0,0,752,330,408,665,249,416,710,178,494,711,235,424,704,262,414,691,181,510,612,185,374,695,203,462,738,191,536,735,122,507,720,186,534,0.0,18,18181,,,
1320,18097360800,3608,-86.054882,39.7890329,2632088.0,2632088.0,0.0,2392,1617,219,523,17,35,1,2371,1328,445,601,0,11,0,2191,1166,374,650,0,12,0,2485,1316,215,891,29,64,3,2024,1174,327,526,0,5,0,2576,943,407,1171,81,9,0,1895,1393,130,342,14,26,1,1845,1160,135,534,0,10,0,1735,1025,140,555,0,10,0,2036,1188,143,653,23,45,2,2036,1188,143,617,11,7,2,3,65,1616,1048,138,426,0,4,0,1865,920,160,760,20,8,0,4,916,548,354,803,486,317,879,510,318,875,531,291,876,555,291,856,500,356,697,450,217,831,523,279,854,549,284,857,468,299,851,560,291,0.0,18,18097,,,
1321,18097354800,3548,-86.1172338,39.7778947,543485.0,543485.0,0.0,1604,605,300,676,13,29,3,1499,529,303,623,0,0,0,1800,628,342,739,0,28,0,1765,659,484,612,20,47,2,1847,507,655,582,0,42,0,1844,633,829,500,0,27,0,1058,480,172,391,8,21,2,890,470,69,345,0,0,0,1135,600,69,440,0,30,0,1256,561,298,383,11,34,2,1256,561,298,340,1,2,0,0,54,997,486,95,380,0,40,0,920,550,160,194,0,15,0,0,413,329,79,282,216,66,334,227,86,333,226,84,325,231,80,324,223,101,257,192,59,337,244,85,400,293,99,399,254,114,397,293,104,0.0,18,18097,,,
1322,18039001200,12,-85.9935269,41.4478244,7798020.0,7798020.0,0.0,5207,4777,320,61,19,36,9,5289,4491,600,38,147,0,13,5401,4582,523,43,217,6,30,5581,4866,454,100,43,104,4,5395,4695,547,23,107,23,0,5528,4480,831,80,83,52,0,3751,3518,171,26,12,17,7,3730,3545,60,40,64,0,15,3775,3555,35,45,105,4,30,4058,3616,284,50,24,71,4,4058,3616,284,24,17,10,0,6,101,3919,3698,107,27,53,23,0,3810,3520,210,10,20,30,0,25,2092,741,1327,1922,520,1402,1944,389,1449,1923,499,1335,1915,526,1328,1902,308,1594,1477,405,1038,1969,472,1450,2281,522,1724,2296,376,1561,2273,479,1794,0.0,18,18039,,,
1323,18133956301,9563.01,-86.8356666,39.6220585,18440584.0,18303639.0,136945.0,5037,4610,134,205,68,24,10,5220,4636,169,280,138,5,0,5347,4747,215,205,180,1,0,4982,4311,199,164,167,88,29,5168,4468,213,195,248,47,0,5081,4366,161,134,340,61,0,4065,3732,94,163,60,19,10,4110,3720,124,190,60,4,4,4150,3775,114,190,59,0,4,4141,3543,179,139,159,74,29,4141,3543,179,109,119,12,0,36,143,4059,3545,165,178,130,45,2,3940,3445,114,125,190,59,0,0,1658,932,701,1342,623,719,1468,507,858,1450,589,763,1430,646,731,1378,463,915,1129,478,576,1452,569,825,1641,598,1005,1629,464,827,1609,585,1024,0.0,18,18133,,,
1324,18013974800,9748,-86.1730993,39.2469065,165052400.0,164409614.0,642786.0,4177,4033,53,27,20,39,2,4375,4173,51,133,13,5,0,4261,4083,76,70,23,9,0,4295,4005,69,43,35,100,3,4209,3945,128,101,18,17,0,4155,3801,195,82,46,31,0,3338,3245,32,18,14,31,1,3625,3525,20,65,15,4,0,3535,3455,20,30,25,10,0,3526,3318,47,21,27,73,2,3526,3318,47,13,17,9,2,12,108,3334,3205,45,44,19,21,0,3285,3120,80,40,14,34,0,0,2258,1119,1109,2077,915,1162,2234,760,1331,2234,868,1227,2216,933,1206,2168,741,1427,2050,831,1118,2274,871,1320,2496,938,1512,2491,719,1347,2429,930,1499,0.0,18,18013,,,
1325,18013974600,9746,-86.1848842,39.3179296,72722384.0,70805659.0,1916725.0,2876,2815,31,5,12,23,0,2818,2769,6,0,16,24,0,2961,2903,0,0,28,30,0,2948,2809,37,17,17,55,2,3099,3071,0,0,11,17,0,3162,3040,19,0,0,37,56,2266,2224,19,4,9,13,0,2265,2225,4,0,15,20,0,2305,2245,0,0,30,30,0,2382,2277,27,13,10,43,0,2382,2277,27,10,5,1,0,7,55,2445,2409,0,0,10,16,0,2490,2380,20,0,0,35,55,0,1421,558,844,1246,386,860,1361,293,1012,1354,366,911,1353,422,887,1334,313,1021,1229,360,823,1429,376,1012,1660,395,1238,1664,304,1008,1632,439,1193,0.0,18,18013,,,
1326,18013974700,9747,-86.3095147,39.2899645,133946144.0,131335928.0,2610216.0,3369,3256,33,22,24,37,1,3161,2965,67,25,57,90,0,2959,2685,97,33,70,112,0,3337,3100,52,22,16,122,3,2982,2766,97,33,12,110,0,3106,3013,0,22,3,68,0,2641,2574,23,7,12,24,1,2655,2475,44,15,45,80,0,2545,2315,60,20,60,110,0,2713,2538,27,17,14,98,3,2713,2538,27,11,10,9,3,4,111,2563,2409,38,35,0,83,0,2700,2605,0,20,4,64,0,0,1823,862,922,1630,674,956,1775,569,1129,1774,651,1036,1776,723,1004,1746,572,1174,1576,612,908,1790,639,1104,1956,641,1282,1951,517,1058,1916,677,1239,0.0,18,18013,,,
1327,18097390700,3907,-86.2077794,39.7704564,1668887.0,1668887.0,0.0,3164,1362,1105,648,26,51,6,3067,1297,1187,507,79,3,0,3151,1121,1113,826,91,3,0,3951,1214,1726,939,52,157,3,3114,835,1684,520,271,0,0,3474,866,1968,507,292,119,0,2196,1089,691,377,19,34,3,1545,980,210,284,70,0,0,1730,870,270,510,75,0,0,2802,1007,1043,674,48,107,1,2802,1007,1043,610,34,7,0,16,85,1588,676,471,374,60,0,0,1885,745,644,395,90,12,0,0,626,440,175,544,394,150,676,454,175,667,456,162,665,485,153,645,452,193,516,380,108,665,472,167,749,539,194,752,468,221,744,536,208,0.0,18,18097,,,
1328,18127050704,507.04,-87.0789589,41.4867294,6880682.0,6880682.0,0.0,4909,4430,226,92,133,28,6,5390,5218,104,38,7,29,0,5482,5054,251,31,84,63,0,5797,4779,478,213,207,122,8,5555,4867,229,158,270,31,0,5656,4259,299,361,651,7,81,3759,3462,135,49,94,19,3,3959,3826,62,40,1,30,0,4195,3932,157,30,16,65,0,4448,3794,293,121,140,87,5,4448,3794,293,101,119,8,3,12,118,4322,3954,129,144,57,30,0,4280,3595,195,255,189,4,0,39,2642,1366,1247,2464,1244,1220,2835,1327,1278,2812,1378,1304,2814,1535,1201,2709,1305,1404,2507,1362,1074,2897,1488,1326,3260,1696,1502,3271,1388,1679,3228,1601,1627,0.0,18,18127,,,
1329,18097390900,3909,-86.1463173,39.7894337,1490208.0,1490208.0,0.0,2358,1170,92,1043,54,21,4,2779,1352,132,1279,59,8,0,2805,1565,88,1088,94,0,0,3395,2025,181,1014,133,64,3,2724,1658,178,787,111,0,0,3170,1924,115,836,77,6,0,1911,1055,68,744,46,19,4,2170,1180,70,855,45,0,0,2325,1375,75,775,80,0,0,2701,1718,133,705,115,29,3,2701,1718,133,657,97,2,0,23,71,2258,1432,51,691,72,0,0,2410,1565,95,674,54,4,0,15,1325,1126,182,1292,1075,217,1463,1152,207,1461,1097,298,1463,1155,274,1411,1056,355,1387,1174,183,1556,1260,256,1822,1535,257,1832,1254,503,1823,1489,334,0.0,18,18097,,,
1330,18127051006,510.06,-87.1777617,41.4928776,45813475.0,45756672.0,56803.0,4417,3967,302,62,45,53,1,4332,3740,423,46,38,78,0,4195,3691,348,25,56,53,0,4200,3489,444,105,59,87,2,4183,3188,511,61,56,39,0,4114,3077,521,174,17,78,0,3243,2969,176,32,38,32,1,3235,2850,290,0,23,75,0,3115,2780,260,0,23,50,0,3242,2787,283,50,41,53,0,3242,2787,283,37,27,2,0,5,101,3247,2772,390,15,33,41,0,3280,2825,380,30,0,34,0,0,1801,942,828,1724,910,814,1873,690,1028,1834,832,867,1845,1010,759,1778,853,925,1455,684,716,1847,801,972,2060,766,1251,2056,659,1179,2038,806,1232,0.0,18,18127,,,
1331,18127050603,506.03,-87.0878386,41.5082353,14087236.0,14081833.0,5403.0,3327,3023,185,34,66,18,2,3738,3465,165,0,92,16,0,3764,3458,170,10,96,29,0,4068,3530,276,72,81,66,6,4070,3779,179,9,83,15,0,4343,3983,214,15,108,5,0,2324,2163,98,18,35,11,0,2791,2619,118,0,44,10,0,2835,2628,133,0,59,14,0,3122,2769,182,39,53,51,2,3122,2769,182,35,41,0,0,12,83,2912,2731,128,0,53,5,0,3140,2945,120,0,70,4,0,0,1611,714,887,1747,698,1049,1972,775,1055,1935,821,1040,1934,886,1008,1856,748,1108,1781,829,919,2087,910,1129,2465,1094,1340,2474,881,1472,2447,1029,1418,0.0,18,18127,,,
1332,18127050407,504.07,-87.1873045,41.6125768,22855817.0,20757753.0,2098064.0,3733,2929,458,299,28,33,3,3710,2760,663,230,27,90,0,3481,2509,642,264,42,66,0,3541,2376,591,435,62,105,7,3249,2464,525,232,41,17,0,3169,2299,482,241,144,16,0,2842,2341,293,177,22,20,3,2614,2069,310,155,20,55,0,2554,2019,320,150,20,45,0,2750,1951,371,312,43,73,7,2750,1951,371,280,32,9,5,0,102,2426,1994,255,155,26,0,0,2520,1975,295,170,85,0,0,0,1477,849,611,1370,876,494,1397,651,640,1368,762,516,1367,844,469,1329,774,555,1084,614,433,1361,732,579,1491,740,723,1503,674,708,1489,780,709,0.0,18,18127,,,
1333,18097330208,3302.08,-85.970182,39.8960817,2608932.0,2608932.0,0.0,3027,2425,116,392,80,15,9,2855,2243,196,417,19,0,46,2905,2288,154,455,40,0,41,2879,2094,192,438,114,43,13,2807,2114,93,503,33,13,93,3002,2048,79,748,56,7,136,2251,1846,68,269,58,10,6,2155,1825,45,255,10,0,4,2215,1850,50,270,30,0,4,2326,1748,137,328,92,33,13,2326,1748,137,295,63,1,5,5,72,2146,1742,39,280,25,16,51,2245,1785,70,285,20,4,59,14,1645,757,878,1619,736,883,1564,707,743,1560,706,754,1559,758,748,1513,626,887,1394,735,617,1577,788,732,1691,923,744,1701,698,844,1688,901,787,0.0,18,18097,,,
1334,18097390500,3905,-86.1766259,39.8175208,3340583.0,3340583.0,0.0,2205,235,42,1931,14,11,2,2098,365,99,1629,31,29,23,2173,477,105,1586,25,27,17,2450,302,240,1885,22,27,3,2377,460,260,1796,29,111,22,3008,399,315,2366,12,113,0,1671,203,22,1441,10,8,1,1605,269,8,1284,4,4,0,1590,335,14,1214,4,4,0,1804,237,135,1401,16,24,3,1804,237,135,1350,8,1,1,17,55,1532,330,77,1086,4,0,0,1845,215,105,1505,10,25,0,0,1299,1243,48,1156,1097,59,991,915,44,984,893,61,979,910,55,973,876,97,772,706,41,923,851,56,922,844,64,923,766,130,922,845,77,0.0,18,18097,,,
1335,18109510300,5103,-86.3676204,39.6197411,6609494.0,6579789.0,29705.0,4835,4671,42,39,22,37,6,4899,4845,54,0,0,0,0,5030,4889,78,0,0,93,0,4921,4587,91,63,36,128,7,5317,5067,98,24,0,168,0,5328,5061,93,50,28,151,0,3701,3603,23,13,16,26,2,3900,3845,55,0,0,0,0,3970,3860,50,0,0,65,0,3904,3688,53,21,26,99,7,3904,3688,53,10,18,17,3,7,108,4092,3885,75,0,0,122,0,4275,4070,80,35,0,75,0,20,1932,721,1178,1803,550,1253,2022,454,1448,1990,560,1288,1983,652,1251,1940,441,1499,1550,437,1038,1997,525,1396,2295,557,1680,2288,400,1433,2221,532,1689,0.0,18,18109,,,
1336,18181958800,9588,-86.8798709,40.6025915,180127590.0,180035771.0,91819.0,3185,3086,61,6,16,22,8,3122,3039,56,11,17,19,0,3103,2973,94,12,23,26,10,3385,3175,72,28,22,64,4,3097,2969,107,2,9,14,8,3345,3132,134,8,14,27,19,2364,2301,32,3,11,17,4,2355,2295,34,0,15,10,0,2380,2285,65,0,20,15,0,2578,2428,48,14,15,50,3,2578,2428,48,7,13,8,2,1,71,2391,2324,56,0,8,4,0,2535,2430,49,4,15,28,0,0,1491,683,780,1359,507,852,1482,393,973,1491,514,879,1479,553,866,1454,401,1053,1244,479,689,1521,504,954,1756,544,1179,1757,363,1105,1691,530,1161,0.0,18,18181,,,
1337,18181958700,9587,-86.6604508,40.7764371,137876017.0,137313493.0,562524.0,2636,2512,84,12,10,18,3,2864,2821,1,18,22,0,0,2845,2631,179,28,6,0,0,2678,2437,123,39,21,40,1,2751,2489,238,13,8,1,0,2641,2304,304,13,19,1,0,2008,1930,46,7,7,12,3,2095,2080,4,15,0,0,0,2045,1985,30,24,0,0,0,2028,1878,66,18,15,31,1,2028,1878,66,10,10,0,1,6,57,1856,1834,31,4,4,3,0,1755,1695,38,4,24,4,0,0,1269,515,721,1089,374,715,1122,262,812,1119,342,698,1118,395,683,1095,264,831,945,275,592,1121,312,768,1237,303,920,1238,204,808,1202,298,904,0.0,18,18181,,,
1338,18181958400,9584,-86.8407484,40.7158602,142948709.0,141387873.0,1560836.0,2326,2210,83,10,9,21,0,2301,2172,17,89,0,4,0,2265,2164,9,88,0,4,0,2358,2166,66,28,30,60,3,2227,2128,0,74,3,9,0,2215,2055,39,73,13,19,0,1763,1705,42,5,6,12,0,1722,1697,8,15,0,4,0,1732,1701,4,15,0,4,0,1785,1687,41,11,9,31,1,1785,1687,41,7,6,0,0,0,44,1723,1704,0,4,4,11,0,1710,1670,14,12,4,12,0,0,1200,522,637,1037,355,682,1091,258,770,1084,315,705,1087,351,700,1063,241,822,915,276,566,1077,293,747,1176,289,868,1173,179,796,1151,281,870,0.0,18,18181,,,
1339,18181958600,9586,-86.7640188,40.7455086,7397184.0,6866550.0,530634.0,5132,4371,638,38,50,40,5,4943,4068,739,5,62,69,0,4965,4211,626,5,61,62,0,5243,4241,728,74,39,133,4,5027,4263,721,4,39,0,0,5224,4730,461,8,0,25,0,3900,3478,348,16,34,33,3,3457,3247,115,4,35,55,0,3551,3276,180,4,35,50,0,4047,3414,437,42,30,102,0,4047,3414,437,29,25,5,0,2,135,3886,3641,226,2,20,0,0,4235,4025,175,10,0,25,0,0,2046,1033,965,1837,850,987,1857,592,1132,1851,702,1016,1824,718,1021,1795,562,1233,1527,588,811,1845,662,1096,2024,707,1289,2018,480,1240,1962,671,1291,0.0,18,18181,,,
1340,18181958100,9581,-86.6868368,40.8658525,169715141.0,167768919.0,1946222.0,2526,2329,167,9,5,14,0,2181,2104,47,21,0,30,0,2189,2100,44,16,23,22,0,2351,2192,87,18,12,38,5,2087,1966,68,0,30,23,0,2185,1978,49,72,46,23,0,1993,1892,85,2,3,12,0,1790,1745,8,0,0,10,0,1755,1710,4,0,20,4,0,1897,1784,67,10,3,28,5,1897,1784,67,0,0,1,2,4,39,1792,1727,18,0,22,25,0,1855,1730,40,30,30,25,0,0,1008,450,520,940,359,581,1011,223,734,1013,307,630,1019,347,631,995,242,753,874,250,544,1006,258,704,1089,224,856,1081,146,732,1066,228,838,0.0,18,18181,,,
1341,18181958300,9583,-86.9951507,40.7123255,444768189.0,444545357.0,222832.0,2405,2317,44,11,12,29,0,2319,2214,33,38,24,5,8,2221,2140,20,27,26,6,6,2344,2195,65,27,18,37,2,2538,2383,73,47,29,3,6,2384,2222,84,51,20,0,5,1732,1680,22,4,8,20,0,1730,1680,24,12,4,4,0,1665,1620,8,12,8,4,0,1756,1655,43,14,14,25,2,1756,1655,43,8,11,8,1,2,28,1766,1686,22,43,3,0,0,1630,1540,29,54,8,0,0,4,1143,410,691,984,289,695,1030,213,757,1031,275,683,1031,317,676,993,194,799,879,221,591,1033,246,747,1128,222,884,1125,135,773,1096,216,880,0.0,18,18181,,,
1342,18181958200,9582,-86.8979234,40.8758816,160230174.0,159672989.0,557185.0,2819,2249,516,22,5,40,0,2897,1947,915,25,0,16,0,2890,1930,933,19,0,11,0,2903,1685,1126,32,5,133,7,2894,2050,808,22,0,0,0,2931,1850,1005,24,0,41,0,2075,1756,286,10,2,26,0,1710,1565,125,15,0,4,0,1655,1515,133,4,0,4,0,2102,1400,644,9,4,90,4,2102,1400,644,3,2,1,0,4,48,1679,1560,100,0,0,0,0,1590,1455,120,0,0,15,0,0,969,449,471,786,312,474,872,222,609,872,266,546,874,313,532,864,228,636,712,211,455,869,249,590,962,253,694,966,167,640,932,234,698,0.0,18,18181,,,
1343,18063210608,2106.08,-86.3514175,39.6553277,23540823.0,23407866.0,132957.0,3514,3254,91,74,93,15,2,3474,3210,55,189,18,1,0,3568,3281,132,152,25,2,0,3649,3030,145,252,113,69,12,3927,3624,179,121,25,1,0,3993,3456,186,237,172,26,0,2621,2453,49,47,63,13,2,2712,2512,31,163,0,1,0,2791,2610,51,122,1,2,0,2774,2393,74,141,87,52,3,2774,2393,74,114,60,7,1,19,106,3245,3044,91,99,2,0,0,3195,2855,75,170,90,0,0,4,1636,624,989,1572,502,1070,1706,518,1079,1682,554,1031,1672,618,1003,1617,430,1187,1327,476,804,1635,562,1018,1744,619,1080,1729,453,991,1697,597,1100,0.0,18,18063,,,
1344,18049953400,9534,-86.2355924,40.97401,200792251.0,199908296.0,883955.0,2758,2669,48,17,15,13,0,2730,2623,18,50,38,1,0,2657,2552,18,43,39,5,0,2621,2506,28,23,17,35,0,2433,2280,11,52,15,75,0,2318,2207,26,26,0,54,0,2126,2072,29,8,9,10,0,2169,2104,8,49,10,4,0,2159,2104,4,39,10,4,0,2127,2036,22,12,10,33,0,2127,2036,22,9,6,7,0,4,43,1958,1908,3,47,0,4,0,1775,1730,15,25,0,12,0,0,1342,527,781,1213,378,835,1286,293,932,1287,409,798,1286,455,788,1245,306,939,1101,383,673,1281,372,865,1356,332,996,1345,227,810,1337,345,992,0.0,18,18049,,,
1345,18049953100,9531,-86.2145572,41.0581803,9550016.0,9532603.0,17413.0,5905,5512,205,86,58,51,6,5949,5757,68,59,13,42,0,5844,5632,141,47,16,0,0,6089,5418,327,140,43,128,2,6044,5774,164,33,16,27,0,6090,5223,424,137,0,68,0,4462,4217,128,42,42,40,3,4465,4379,0,33,15,43,0,4364,4300,24,24,15,0,0,4632,4227,180,74,37,87,2,4632,4227,180,42,30,17,0,12,124,4542,4457,28,13,15,24,0,4505,4180,224,58,0,39,0,0,2418,1044,1322,2079,780,1299,2154,557,1451,2160,795,1204,2153,810,1252,2085,563,1522,1748,677,976,2151,695,1368,2402,683,1669,2390,483,1381,2339,695,1644,0.0,18,18049,,,
1346,18049953300,9533,-86.3866005,40.9942274,240781836.0,239546409.0,1235427.0,2008,1911,32,34,15,20,2,1800,1737,11,33,0,15,0,1893,1818,14,26,2,28,0,1852,1720,28,32,9,51,0,1617,1494,17,83,6,14,0,1731,1534,16,140,15,14,0,1524,1461,15,23,10,15,2,1470,1415,8,29,0,12,0,1500,1440,8,24,4,30,0,1442,1349,15,24,5,34,0,1442,1349,15,22,2,3,0,8,43,1323,1215,8,81,4,11,0,1495,1330,8,125,14,12,0,0,926,401,496,815,283,532,889,197,651,877,286,546,879,312,550,853,210,643,768,269,466,869,251,597,906,197,690,905,143,540,889,221,668,0.0,18,18049,,,
1347,18049953000,9530,-86.1541075,41.1165182,156125933.0,152698587.0,3427346.0,3254,3132,71,26,14,13,0,3644,3370,256,2,0,19,0,3207,2886,304,0,0,16,0,3188,2966,96,16,27,56,0,3405,3077,317,0,0,11,0,3114,3074,26,0,0,14,0,2463,2393,44,12,10,10,0,2536,2408,99,2,0,17,0,2373,2217,145,0,0,15,0,2418,2282,55,6,18,41,0,2418,2282,55,4,13,10,0,1,53,2443,2292,151,0,0,15,0,2260,2220,19,0,0,16,0,0,1583,584,958,1389,406,983,1475,318,1083,1474,441,947,1466,480,940,1425,322,1103,1262,450,766,1475,408,1019,1596,369,1205,1601,257,1004,1566,397,1169,0.0,18,18049,,,
1348,18097390408,3904.08,-86.0540297,39.6808147,5201523.0,5201523.0,0.0,5583,4866,213,254,218,25,2,5701,5070,403,84,144,0,0,5311,4357,662,181,111,0,0,5703,4485,355,331,431,99,10,4845,4093,457,127,168,0,0,5340,4120,549,143,507,21,0,3726,3354,117,122,125,12,1,3745,3445,155,0,145,0,0,3580,3245,220,0,110,0,0,4076,3338,216,192,254,74,7,4076,3338,216,157,213,6,5,14,127,3394,3096,129,0,169,0,0,3655,3215,110,80,220,20,0,0,2389,979,1382,2370,856,1514,2497,820,1501,2477,852,1489,2470,964,1441,2391,755,1636,2087,858,1155,2476,932,1460,2664,1058,1544,2674,767,1476,2644,1024,1620,0.0,18,18097,,,
1349,18097390410,3904.10,-86.0730344,39.6734748,2664958.0,2664958.0,0.0,2068,1909,33,43,70,12,0,2163,1789,19,192,132,0,0,2416,2066,26,181,115,0,0,2313,1916,87,117,138,33,9,1677,1649,9,0,19,0,0,1827,1680,28,93,17,9,0,1629,1512,24,33,52,8,0,1537,1356,5,115,62,0,0,1708,1545,6,92,67,0,0,1831,1562,56,72,99,29,9,1831,1562,56,63,95,0,7,7,41,1363,1334,10,0,20,0,0,1455,1310,30,95,15,10,0,0,1108,318,782,1058,317,741,1097,311,709,1098,335,702,1099,387,678,1061,283,778,965,339,588,1118,379,700,1223,466,739,1237,319,785,1227,441,786,0.0,18,18097,,,
1350,18097381207,3812.07,-86.1675182,39.6432535,3014370.0,3014370.0,0.0,2939,2768,74,27,62,9,4,3376,2881,0,112,383,21,0,3148,2676,0,121,351,20,0,3060,2405,81,77,440,40,3,4067,2493,0,40,1512,30,0,4109,2584,0,12,1486,37,0,2272,2171,38,17,40,5,3,2365,2180,0,49,120,0,0,2200,2020,0,54,110,0,0,2299,1903,52,40,244,40,3,2299,1903,52,22,230,2,0,5,85,2188,2098,0,3,65,17,0,2185,2095,0,8,55,20,0,10,1704,604,1080,1587,493,1094,1568,503,965,1570,547,955,1569,621,918,1514,425,1089,1366,535,782,1558,578,938,1644,631,989,1652,432,1005,1630,628,1002,0.0,18,18097,,,
1351,18097390103,3901.03,-86.0515522,39.7015325,3140597.0,3140597.0,0.0,2849,2602,90,73,69,15,1,2784,2375,34,339,33,3,0,2915,2480,60,357,40,5,0,3437,2643,212,280,233,76,8,3130,2701,25,360,44,0,0,3220,2897,21,163,148,4,0,2127,1976,51,45,47,13,1,1966,1742,14,190,14,3,0,2038,1807,27,177,24,5,0,2493,2018,132,143,140,65,7,2493,2018,132,109,119,11,0,3,101,2151,1932,9,183,24,0,0,2220,2075,10,80,55,4,0,0,1192,512,671,1131,410,721,1313,397,830,1309,463,780,1308,491,778,1269,373,896,1128,440,654,1330,476,815,1476,536,917,1479,394,859,1469,539,930,0.0,18,18097,,,
1352,18097390104,3901.04,-86.0331335,39.7119155,8049480.0,8049480.0,0.0,4792,3841,304,535,87,33,1,6103,4962,718,326,84,35,0,6168,4869,779,515,84,38,0,7020,4766,613,1265,248,142,16,6131,4410,664,1044,103,45,0,7145,4927,679,1345,335,460,0,3230,2721,164,280,59,20,1,3861,3440,131,230,51,32,0,4054,3461,203,323,51,40,0,4840,3546,331,700,153,102,13,4840,3546,331,605,136,12,5,26,179,4250,3203,303,683,55,45,0,5020,3700,410,825,85,45,0,0,1718,796,901,1885,784,1101,2083,758,1186,2067,811,1129,2063,902,1083,2011,732,1279,1869,838,970,2265,971,1219,2765,1249,1456,2776,967,1364,2747,1250,1497,0.0,18,18097,,,
1353,18097361401,3614.01,-86.0237742,39.7410426,10318188.0,10310689.0,7499.0,4760,3351,325,975,109,31,2,5104,3328,437,1203,73,13,7,5048,3378,636,921,101,26,7,5451,2406,595,2218,174,124,6,5823,2455,1688,1610,70,0,0,5565,1823,573,2905,288,0,0,3401,2570,190,568,65,22,0,3458,2646,150,600,53,13,0,3549,2718,187,560,61,26,0,3859,1906,375,1412,125,84,4,3859,1906,375,1300,95,7,0,22,154,3598,2149,590,822,28,0,0,3350,1445,235,1540,120,0,0,0,1918,1082,822,1926,1023,903,2230,1187,899,2216,1237,857,2220,1304,847,2179,1125,1054,1855,1139,640,2243,1309,860,2465,1482,947,2489,1276,981,2473,1511,962,0.0,18,18097,,,
1354,18097360406,3604.06,-85.9753639,39.8230655,2259796.0,2259796.0,0.0,4475,651,1482,2322,35,28,3,3477,503,995,1979,0,60,0,3513,411,1337,1765,0,0,0,4865,421,1123,3271,69,77,0,2745,334,613,1798,0,0,0,3678,252,672,2721,102,121,0,2868,507,959,1374,26,18,3,1990,450,140,1404,0,15,0,1995,410,210,1370,0,0,0,3239,372,721,2098,48,53,0,3239,372,721,1998,39,4,0,17,88,1545,333,0,1213,0,0,0,1805,255,130,1355,0,30,0,35,1151,1009,136,1019,894,125,945,791,119,938,780,119,936,796,122,926,761,165,696,603,75,919,788,113,1002,863,126,1005,768,179,1001,868,133,0.0,18,18097,,,
1355,18097370303,3703.03,-86.3155661,39.6567861,9088448.0,9088448.0,0.0,5834,4691,420,654,100,35,1,7368,5818,398,1240,87,0,19,7025,5487,373,1259,101,0,20,7217,4989,610,1360,127,149,6,6952,4998,624,1451,193,69,24,7724,4821,933,2058,290,79,0,3824,3203,225,332,69,24,1,4857,3957,243,645,0,0,0,4697,3838,220,603,27,0,0,4874,3559,360,760,96,104,5,4874,3559,360,693,68,12,0,24,158,4876,3630,497,659,20,51,0,5040,3485,870,595,30,60,0,0,1880,929,940,1865,802,1063,2310,810,1334,2306,897,1263,2297,1001,1205,2251,824,1427,1758,813,880,2307,965,1254,2597,1105,1431,2612,930,1145,2587,1179,1408,0.0,18,18097,,,
1356,18097390407,3904.07,-86.0317035,39.6520798,7204693.0,7204693.0,0.0,5318,4957,97,62,185,16,1,5156,4795,50,0,233,78,0,4847,4472,46,0,231,98,0,5632,4914,165,133,277,87,3,5978,5465,0,0,400,113,0,6542,5894,106,75,467,0,0,3536,3335,50,33,108,11,1,3440,3205,25,0,130,80,0,3315,3060,25,0,130,100,0,4030,3568,90,78,208,60,1,4030,3568,90,57,187,1,0,26,101,4192,3764,0,0,314,117,0,4495,4090,70,20,315,0,0,0,2584,843,1723,2713,733,1980,3058,859,1997,3066,922,2019,3055,1030,1955,2948,734,2214,2653,925,1660,3036,994,1957,3215,1141,2015,3229,765,2064,3177,1076,2101,0.0,18,18097,,,
1357,18097370304,3703.04,-86.2784986,39.6453066,20855681.0,20853274.0,2407.0,2606,2420,82,56,29,18,0,3224,2428,139,648,25,0,2,3138,2432,34,665,25,0,2,3440,2614,220,496,34,63,2,3091,2118,0,946,27,0,0,3536,2431,0,996,73,36,0,1873,1771,46,31,15,11,0,2346,1844,93,393,14,0,0,2260,1871,20,352,17,0,0,2595,2091,133,269,28,51,2,2595,2091,133,266,18,11,0,9,67,2322,1842,0,446,27,0,0,2535,1965,0,545,20,10,0,0,1201,502,678,1000,351,649,1077,293,700,1072,370,629,1068,407,620,1041,311,730,868,315,511,1158,409,707,1442,507,898,1450,410,750,1437,550,887,0.0,18,18097,,,
1358,18097361602,3616.02,-85.9806112,39.7411347,15816880.0,15738953.0,77927.0,2717,2127,101,412,65,20,1,3897,2619,62,1211,25,0,0,3986,2753,115,1115,24,0,0,3640,2280,197,1010,102,72,6,3879,2527,104,1251,25,3,0,3447,1958,113,1346,20,19,0,2108,1728,65,261,46,15,0,2910,2290,40,560,15,0,0,2945,2415,80,440,15,0,0,2755,1875,115,650,68,51,4,2755,1875,115,608,52,7,0,4,94,2749,2283,57,399,15,2,0,2405,1745,70,560,20,14,0,0,1452,613,825,1384,626,758,1481,667,738,1474,681,725,1478,740,706,1437,593,844,1273,646,588,1555,784,731,1810,988,795,1823,792,861,1809,971,838,0.0,18,18097,,,
1359,18097330803,3308.03,-86.0005508,39.8298368,1317082.0,1317082.0,0.0,4049,455,697,2898,22,48,12,3890,913,283,2698,0,28,0,3819,910,610,2294,1,41,1,3638,369,726,2555,24,62,1,3711,743,563,2402,0,39,0,3681,356,522,2794,0,18,0,2575,376,447,1740,17,33,8,2215,530,114,1554,0,4,0,2090,525,135,1389,0,4,0,2356,298,426,1631,19,44,1,2356,298,426,1549,7,4,0,9,63,2199,462,113,1583,0,4,0,2055,275,70,1695,0,20,0,0,1306,1205,92,1063,998,65,877,772,78,872,745,82,865,766,81,857,748,109,590,519,49,761,671,72,684,602,67,688,560,103,685,612,73,0.0,18,18097,,,
1360,18097380404,3804.04,-86.1030961,39.7132088,3518367.0,3518367.0,0.0,4176,3633,206,248,49,41,4,3835,3119,230,462,15,0,9,3832,3177,235,365,38,0,15,4247,3246,453,329,109,95,6,3743,3153,177,335,26,0,16,3974,3625,7,253,65,12,5,3101,2813,107,125,37,26,3,2765,2530,40,174,14,0,0,2780,2550,35,159,20,0,0,3311,2662,307,190,78,61,6,3311,2662,307,143,51,6,1,14,127,2724,2524,38,148,14,0,0,2890,2740,0,115,19,0,0,10,1722,797,905,1580,664,916,1660,613,913,1649,697,834,1647,749,825,1609,610,999,1363,618,688,1614,692,857,1694,715,944,1700,554,875,1683,736,947,0.0,18,18097,,,
1361,18097390102,3901.02,-86.0695517,39.7113734,6893006.0,6893006.0,0.0,5427,4411,301,583,104,35,7,6061,3848,388,1674,132,0,17,5944,3427,408,1879,209,0,19,5712,3640,378,1302,266,136,10,5883,3295,332,1976,219,60,6,5911,3596,172,1901,247,121,0,3853,3322,164,262,76,29,5,3685,2928,165,500,65,0,15,3433,2467,180,655,115,0,20,4011,2857,242,646,160,103,9,4011,2857,242,584,134,10,0,10,174,3604,2557,154,729,114,58,4,4120,2835,125,925,170,90,0,0,1878,852,1001,1911,790,1121,2118,734,1243,2103,806,1142,2099,879,1137,2056,732,1324,1644,666,910,2036,813,1143,2127,888,1199,2139,677,1117,2115,909,1206,0.0,18,18097,,,
1362,18097380403,3804.03,-86.0882648,39.7144856,2057976.0,2057976.0,0.0,3743,3543,83,55,38,31,1,4102,3750,134,117,104,0,0,4358,3885,224,134,115,11,0,4026,3423,233,207,68,107,2,3833,3378,256,79,113,13,0,3534,3038,243,166,117,3,12,2845,2725,47,25,29,21,0,3166,2993,60,64,45,0,0,3229,3030,60,79,45,10,0,3128,2747,156,116,37,83,2,3128,2747,156,69,30,4,1,3,118,2916,2769,65,30,40,16,0,2720,2560,80,38,35,4,0,4,1692,778,889,1485,629,856,1649,546,983,1650,652,853,1645,725,856,1593,568,1025,1309,558,686,1630,651,903,1765,692,1032,1773,527,918,1751,738,1013,0.0,18,18097,,,
1363,18097390405,3904.05,-86.0731007,39.651312,5313256.0,5313256.0,0.0,3375,2737,98,153,370,15,3,3543,2449,108,378,507,29,0,3730,2981,119,250,289,7,0,4561,2807,204,255,1209,73,4,3844,2596,54,217,779,29,0,4121,2538,112,187,1092,97,0,2707,2261,62,94,278,10,3,2590,2023,65,262,228,10,0,2786,2389,59,220,110,4,0,3656,2406,130,196,854,59,4,3656,2406,130,165,820,2,3,12,118,2615,2040,55,200,281,30,0,2775,2215,70,185,290,10,0,0,1171,557,606,1266,499,767,1493,550,833,1471,548,844,1466,600,821,1418,471,947,1199,522,621,1539,632,854,1807,801,973,1812,583,1002,1790,770,1020,0.0,18,18097,,,
1364,18097330108,3301.08,-85.9932876,39.9141387,7369965.0,6525741.0,844224.0,3877,3378,100,257,131,16,4,3860,3344,79,108,255,36,38,3917,3423,96,114,215,9,60,3665,3085,86,294,146,38,1,4286,3832,179,93,127,9,41,4059,3747,24,139,91,8,45,2879,2551,58,174,83,12,2,3057,2667,60,85,195,40,0,3062,2692,70,85,175,10,0,2988,2545,62,205,117,36,1,2988,2545,62,192,93,3,0,10,83,3259,2915,156,72,89,11,0,3165,2935,25,95,70,10,0,40,2880,1305,1560,2461,812,1649,2474,943,1379,2484,885,1527,2483,993,1461,2421,745,1676,2276,1006,1205,2502,1036,1406,2648,1224,1370,2676,835,1643,2646,1153,1493,0.0,18,18097,,,
1365,18109510900,5109,-86.4302816,39.4240905,2412475.0,2412475.0,0.0,3953,3839,31,9,16,30,22,3948,3645,29,274,0,0,0,4012,3661,0,351,0,0,0,3669,3483,49,23,17,82,1,3624,3565,0,59,0,0,0,3428,3377,20,19,12,0,0,2994,2919,20,5,8,26,13,2995,2820,30,140,0,0,0,3035,2845,0,195,0,0,0,2858,2720,32,18,17,63,0,2858,2720,32,6,2,8,0,3,87,2829,2786,0,53,0,0,0,2595,2540,20,19,10,0,0,0,1336,485,821,1087,292,795,1175,201,906,1154,298,786,1155,342,763,1105,197,908,908,227,628,1143,253,841,1276,231,1005,1258,161,787,1203,236,967,0.0,18,18109,,,
1366,18127050507,505.07,-87.1444051,41.5617194,8195899.0,8195899.0,0.0,3973,2617,642,663,53,43,7,3924,2407,651,835,85,12,0,3917,2320,658,909,109,11,0,4016,2122,727,1005,79,129,8,3835,2188,577,1108,45,23,0,3902,2172,454,1193,17,50,0,2846,2007,383,410,35,27,6,2690,1665,410,560,50,10,0,2760,1675,420,575,70,10,0,2971,1694,465,664,65,84,5,2971,1694,465,612,49,3,1,13,134,2752,1642,333,722,27,24,0,2825,1730,270,780,0,24,0,15,1255,815,426,1219,882,337,1410,808,503,1378,849,440,1385,937,399,1341,885,456,1098,724,328,1393,865,480,1552,915,608,1557,829,606,1537,941,596,0.0,18,18127,,,
1367,18063210103,2101.03,-86.4213455,39.886833,25246585.0,25159760.0,86825.0,3870,3739,46,34,42,13,5,4165,3965,67,86,36,89,0,4234,4000,77,86,47,104,11,4832,4428,90,130,97,43,3,4662,4471,45,65,22,113,9,5173,5009,58,28,62,16,24,2726,2641,26,19,26,10,4,3028,2913,20,46,13,35,0,3041,2951,20,17,15,45,0,3501,3250,59,73,52,36,3,3501,3250,59,55,33,0,3,6,95,3155,3071,11,8,12,51,0,3540,3440,35,4,49,10,0,0,2226,589,1612,1959,453,1506,2473,624,1695,2453,619,1726,2442,709,1675,2353,475,1878,2193,699,1442,2567,748,1745,2960,973,1913,2957,591,1945,2878,855,2023,0.0,18,18063,,,
1368,18091040600,406,-86.8557194,41.6964982,6631290.0,6631290.0,0.0,4853,3335,213,1276,47,39,1,4369,2984,147,1114,51,31,0,4387,2837,91,1336,57,23,0,4941,3200,297,1301,73,125,7,4290,3047,149,983,52,15,0,4452,2919,202,1255,7,12,0,3640,2729,115,750,30,31,0,3285,2575,75,575,24,29,0,3275,2385,50,790,35,14,0,3853,2751,176,808,50,90,2,3853,2751,176,729,35,3,0,3,156,3460,2649,93,659,41,4,0,3520,2460,80,960,4,8,0,0,2317,1564,722,2287,1589,698,2069,1199,744,2033,1303,613,1999,1357,580,1955,1241,714,1688,1123,521,2048,1268,721,2306,1335,935,2261,1128,1012,2198,1283,915,0.0,18,18091,,,
1369,18183050500,505,-85.5022744,41.1218232,82181822.0,82081724.0,100098.0,4856,4650,101,32,27,47,3,5088,4803,84,154,23,29,14,5141,4820,186,111,0,30,0,4940,4569,143,64,53,84,8,4958,4517,216,125,0,16,0,4863,4373,165,93,0,12,0,3672,3550,55,17,17,31,3,3915,3750,60,54,10,19,0,4035,3780,185,39,0,25,0,3776,3525,92,35,32,62,6,3776,3525,92,20,18,8,0,13,100,3897,3577,216,75,0,13,0,3815,3560,153,95,0,14,0,0,2047,830,1175,1975,633,1342,2155,468,1529,2137,633,1336,2116,661,1374,2046,435,1611,1765,518,1170,2110,573,1452,2304,571,1662,2283,374,1454,2205,588,1617,0.0,18,18183,,,
1370,18183050600,506,-85.3866023,41.132684,86774595.0,86668023.0,106572.0,2009,1943,17,6,9,29,3,1964,1898,28,19,0,19,0,1954,1902,22,21,0,9,0,2068,1941,40,22,13,40,0,2096,2028,12,27,0,0,0,2405,2312,16,4,0,39,0,1505,1463,14,4,6,19,2,1555,1510,30,4,0,14,0,1565,1530,19,4,0,10,0,1579,1502,18,10,11,31,0,1579,1502,18,3,2,9,0,0,45,1708,1686,11,3,0,0,0,1995,1945,15,4,0,24,0,0,950,366,568,920,274,646,969,197,703,950,268,604,951,291,624,916,172,744,870,233,593,973,247,687,1071,247,797,1069,140,743,1035,246,789,0.0,18,18183,,,
1371,18183050200,502,-85.5454708,41.2474597,166344526.0,161954655.0,4389871.0,5386,5228,75,23,32,34,11,5264,5002,38,7,127,33,0,5041,4802,21,10,114,44,0,5433,5142,70,28,60,110,6,5082,4850,24,6,118,27,0,5315,4994,126,32,56,18,0,4151,4060,42,9,19,15,3,4050,3925,40,4,50,30,0,3970,3840,20,10,55,45,0,4305,4110,45,8,32,85,1,4305,4110,45,2,16,10,0,4,118,3882,3747,26,0,67,24,0,4005,3885,80,10,15,20,0,0,2880,1114,1719,2719,802,1917,2912,610,2147,2866,804,1858,2873,914,1851,2740,537,2203,2511,728,1687,2925,774,2055,3272,781,2419,3258,501,2197,3160,816,2344,0.0,18,18183,,,
1372,18183050700,507,-85.4509128,41.0470266,180641596.0,180631074.0,10522.0,3408,3318,43,21,9,24,1,3162,3136,0,0,5,21,0,3326,3290,0,0,15,20,0,3434,3253,54,32,33,46,3,3373,3321,0,0,31,0,0,3487,3345,67,0,43,0,0,2618,2564,24,10,8,18,1,2510,2485,0,0,4,19,0,2605,2575,0,0,4,20,0,2641,2524,36,14,19,33,1,2641,2524,36,5,6,8,0,5,57,2607,2600,0,0,10,0,0,2680,2645,30,0,4,0,0,0,1815,628,1162,1737,494,1243,1863,410,1355,1854,531,1217,1847,591,1202,1798,360,1438,1594,448,1087,1848,479,1315,2029,450,1543,2013,291,1411,1942,454,1488,0.0,18,18183,,,
1373,18183050300,503,-85.6248146,41.1051591,228759402.0,228345627.0,413775.0,5303,5168,63,28,23,31,0,5551,5367,106,17,50,20,0,5515,5241,154,27,80,20,0,5219,4915,94,53,30,95,1,5346,5074,81,67,68,50,0,5008,4664,12,171,95,73,0,3934,3856,33,12,14,22,0,3980,3895,39,12,38,4,0,3870,3780,28,16,49,0,0,3971,3780,62,21,19,64,0,3971,3780,62,13,13,5,0,9,89,3731,3650,35,21,39,7,0,3610,3480,8,47,35,22,0,19,2233,810,1380,2147,595,1552,2315,428,1726,2299,615,1502,2293,656,1542,2229,420,1809,1965,509,1377,2271,540,1645,2468,513,1877,2463,341,1584,2382,535,1847,0.0,18,18183,,,
1374,18183050100,501,-85.3622334,41.2238971,91182985.0,90223597.0,959388.0,5271,5095,80,23,32,41,3,5259,4826,373,11,20,44,0,5285,4987,251,10,28,9,0,5181,4836,146,36,30,104,0,5220,4802,326,9,40,43,0,4954,4610,236,12,53,46,0,3949,3850,46,11,16,28,2,4035,3895,94,8,10,29,0,4085,3995,68,8,4,10,0,3994,3767,72,30,20,76,0,3994,3767,72,12,13,10,0,4,116,4097,3971,63,7,4,41,0,3835,3705,48,4,28,48,0,0,2304,854,1409,2223,647,1576,2328,475,1739,2299,617,1493,2298,712,1501,2226,440,1786,1948,512,1374,2357,594,1686,2731,610,2067,2707,414,1860,2584,632,1952,0.0,18,18183,,,
1375,18147952800,9528,-86.9152819,38.0094475,294388481.0,288204143.0,6184338.0,3305,3227,31,24,5,15,0,3170,3102,23,45,0,0,0,3189,3106,22,61,0,0,0,3058,2909,48,41,16,50,1,3263,3122,21,50,0,0,1,3213,3091,41,27,2,12,1,2520,2476,17,13,2,11,0,2570,2545,15,14,0,0,0,2620,2585,15,30,0,0,0,2399,2301,26,23,6,34,1,2399,2301,26,16,5,2,1,1,47,2639,2609,8,17,0,0,0,2480,2415,30,24,4,10,0,4,1528,719,774,1358,585,773,1458,371,987,1437,542,824,1409,558,819,1371,418,953,1286,452,759,1477,507,928,1656,458,1159,1640,364,1112,1612,653,959,23512.86937411935,18,18147,,,
1376,18147952900,9529,-87.1005938,38.0128953,209079445.0,207506640.0,1572805.0,2663,2592,27,21,5,12,1,2749,2676,45,1,0,20,0,2724,2647,46,0,0,26,0,2417,2293,36,24,8,53,1,2841,2770,31,0,0,34,0,2489,2465,8,1,0,14,0,2063,2022,13,9,4,12,1,2130,2070,34,4,0,28,0,2080,2015,40,0,0,25,0,1899,1818,20,11,7,42,0,1899,1818,20,7,5,12,0,0,37,2178,2119,20,0,0,32,0,1950,1935,8,0,0,12,0,0,1370,660,667,1253,560,693,1335,387,880,1315,570,695,1295,559,709,1268,417,851,1191,482,650,1295,494,770,1367,416,931,1358,336,912,1332,565,767,0.0,18,18147,,,
1377,18147953100,9531,-87.0660381,37.8765431,74561815.0,74125779.0,436036.0,3341,3178,67,69,13,18,0,3364,3091,86,142,19,26,0,3342,3043,108,146,17,28,0,2839,2623,67,82,12,39,1,3321,3042,120,124,20,16,0,2998,2750,50,118,40,48,0,2519,2430,30,38,5,16,0,2580,2440,19,100,10,8,0,2490,2330,35,100,8,10,0,2259,2109,53,51,9,32,1,2259,2109,53,35,9,5,0,0,48,2601,2447,39,102,12,14,0,2445,2305,20,68,18,23,0,10,1507,744,741,1444,621,823,1411,428,913,1387,532,777,1373,541,798,1321,410,911,1229,429,729,1361,488,828,1433,457,947,1400,329,965,1371,567,804,16424.137211856134,18,18147,,,
1378,18147953000,9530,-87.1602244,37.882031,189350832.0,188498774.0,852058.0,4000,3909,30,23,17,24,1,3898,3848,6,16,14,14,0,3798,3742,5,14,18,19,0,3870,3681,40,24,14,63,3,3992,3896,23,5,18,50,0,3982,3787,117,21,0,39,0,3067,3014,11,8,14,22,0,2975,2965,0,4,0,15,0,2925,2900,0,4,0,19,0,3039,2910,24,11,11,50,1,3039,2910,24,4,4,5,0,7,85,3078,3032,4,4,0,50,0,3085,2980,69,0,0,38,0,0,2128,998,1084,1965,798,1167,2008,516,1412,1973,729,1162,1955,752,1164,1915,550,1365,1912,621,1206,2047,675,1325,2268,588,1649,2243,470,1631,2201,847,1354,19385.588539485612,18,18147,,,
1379,18041954300,9543,-85.1395031,39.662931,2248116.0,2248116.0,0.0,2569,2443,15,75,13,23,1,2627,2560,0,54,0,13,0,2460,2397,0,53,0,10,0,2582,2378,27,91,16,72,3,2507,2476,0,23,0,8,0,2645,2622,0,2,0,21,0,1997,1919,4,51,12,16,1,2090,2045,0,35,0,15,0,1970,1920,0,40,0,10,0,1985,1859,12,60,9,47,2,1985,1859,12,51,7,4,0,1,51,2055,2031,0,21,0,10,0,2150,2125,0,4,0,25,0,0,1002,494,476,880,406,474,1000,253,680,966,324,564,960,371,536,923,263,660,787,249,466,967,290,628,1050,258,771,1040,207,698,1003,288,715,0.0,18,18041,,,
1380,18035002900,29,-85.4108352,40.2248451,4384996.0,4384996.0,0.0,4915,4258,105,362,187,24,2,4678,4099,17,388,126,32,16,4482,3986,0,377,59,35,25,4944,4040,193,468,138,102,17,4327,3797,7,392,40,47,0,4580,3978,36,365,90,14,0,3979,3504,63,254,153,16,2,3680,3320,15,255,60,15,15,3555,3270,0,225,20,20,25,4015,3362,135,328,115,75,15,4015,3362,135,269,96,3,7,6,137,3395,3135,4,206,11,40,0,3710,3425,35,205,43,15,0,0,2660,1418,1217,2410,1190,1220,2390,1047,1178,2355,1141,1097,2347,1211,1067,2232,940,1292,2049,1068,888,2377,1169,1126,2561,1292,1228,2553,963,1388,2507,1220,1287,0.0,18,18035,,,
1381,18003010304,103.04,-85.1083209,41.1885916,11214054.0,11189224.0,24830.0,6601,6160,111,129,149,36,7,6941,6013,120,469,334,34,12,7219,6243,144,474,310,55,10,8338,7211,373,328,264,133,6,7230,6241,274,447,239,50,0,8376,7307,339,263,386,61,0,4760,4512,59,76,89,18,6,5025,4510,85,265,125,20,10,5300,4710,100,285,155,40,10,6310,5567,277,191,171,83,1,6310,5567,277,142,148,3,0,17,156,5651,5052,201,269,96,34,0,6600,5970,295,215,75,30,0,0,3721,1136,2561,3702,879,2823,4102,1124,2765,4092,1193,2719,4082,1273,2732,3973,856,3117,3544,1207,2258,4127,1291,2732,4547,1542,2905,4555,1046,3138,4456,1403,3053,0.0,18,18003,,,
1382,18003011302,113.02,-85.0980381,41.0280157,4408098.0,4408098.0,0.0,5644,1212,434,2708,1333,71,4,5485,1043,285,2574,1716,15,0,5528,934,225,2472,1954,60,8,5633,783,431,1780,2622,48,37,5333,651,346,2479,1904,58,31,5876,798,339,2774,1959,95,27,3820,1074,238,1836,677,43,3,3065,895,175,1814,145,12,0,3160,845,135,1789,335,59,0,3819,703,265,1335,1494,41,23,3819,703,265,1273,1448,4,0,28,98,3103,620,203,1920,294,60,0,3230,770,155,1875,355,53,0,50,1962,1590,362,1589,1291,298,1547,1192,319,1529,1177,307,1517,1185,307,1512,1110,402,1272,998,251,1480,1151,307,1521,1192,315,1505,1046,412,1503,1164,339,0.0,18,18003,,,
1383,18003010706,107.06,-85.1505875,41.1480381,7198757.0,7198757.0,0.0,4697,3655,324,382,318,34,2,4902,3739,192,425,484,62,0,4724,3613,213,448,380,63,0,4833,3438,322,526,447,94,8,4600,3365,225,348,595,32,0,4513,3321,89,349,677,84,0,3454,2836,188,211,204,21,0,3770,3025,75,310,300,60,0,3615,2890,85,315,255,65,0,3760,2795,200,351,331,72,4,3760,2795,200,310,312,7,0,13,123,3414,2735,70,241,329,30,0,3385,2730,45,185,350,65,0,0,1934,922,999,1876,747,1129,1929,665,1145,1902,727,1061,1892,754,1077,1846,580,1266,1584,673,860,1929,772,1094,2172,926,1207,2159,656,1286,2117,896,1221,0.0,18,18003,,,
1384,18141002600,26,-86.3099778,41.6641322,2764904.0,2764904.0,0.0,3265,1524,727,977,38,47,5,3345,1054,1372,899,0,10,0,3533,1128,1513,886,1,8,0,3401,1196,1201,943,45,81,8,4231,1222,1794,1197,0,37,0,3976,1131,1612,1096,0,88,42,2277,1241,401,602,26,29,3,1745,860,325,545,0,10,0,1875,890,395,580,0,4,0,2371,986,721,589,26,59,8,2371,986,721,533,21,14,3,9,84,2118,854,390,860,0,21,0,2265,840,500,850,0,30,40,0,1239,1020,205,982,777,205,924,666,213,916,679,171,913,693,188,885,614,271,721,569,120,898,681,186,981,739,230,971,663,269,944,738,206,0.0,18,18141,,,
1385,18141010800,108,-86.4648228,41.6875109,139666056.0,139409052.0,257004.0,4660,4428,106,54,33,58,2,4601,4401,105,38,46,16,0,4651,4522,46,16,56,16,0,4302,3919,130,74,29,96,1,4747,4558,4,16,64,25,0,4349,4065,83,72,26,6,0,3462,3345,54,23,15,34,1,3520,3400,75,24,10,8,0,3540,3490,10,14,14,14,0,3289,3042,83,43,11,67,0,3289,3042,83,25,1,1,0,6,131,3491,3451,0,22,19,20,0,3195,3065,60,59,18,4,0,0,2025,1073,910,1925,879,1046,2059,677,1205,2036,881,1008,2020,959,976,1943,644,1299,1643,790,813,1992,829,1091,2177,842,1291,2176,623,1363,2057,802,1255,8142.486057656162,18,18141,,,
1386,18089042602,426.02,-87.4058983,41.5018965,13445217.0,13384912.0,60305.0,6474,4983,804,475,216,39,2,6555,5428,473,436,264,64,0,6329,4641,949,528,256,84,0,7061,4889,1151,634,294,135,0,6756,4930,1105,471,223,104,0,7346,5248,1175,524,307,69,0,4690,3770,496,271,146,30,2,4780,4060,290,275,110,35,0,4725,3655,615,325,85,40,0,5414,3945,772,423,198,92,0,5414,3945,772,372,169,3,0,9,144,5072,3988,638,297,86,53,0,5360,4265,625,290,95,69,0,15,2690,1461,1204,2796,1478,1318,3068,1459,1450,2960,1556,1294,2954,1664,1224,2878,1591,1287,2561,1446,1054,3124,1619,1435,3694,1843,1792,3630,1569,1877,3539,1752,1787,0.0,18,18089,,,
1387,18089042702,427.02,-87.4682522,41.4862478,4949137.0,4919246.0,29891.0,5513,4551,554,259,128,20,5,5227,4331,515,305,58,18,0,5258,4095,708,234,186,31,0,5482,3918,634,590,250,94,6,5185,3799,584,598,171,33,0,5555,3867,668,794,211,15,0,4361,3678,400,175,85,13,2,4165,3445,480,194,25,20,0,4105,3285,575,154,65,30,0,4472,3344,432,427,180,68,6,4472,3344,432,376,158,2,0,15,145,4004,3037,428,441,56,34,0,4390,3220,500,540,120,14,0,0,2497,1151,1325,2474,1111,1363,2584,1125,1307,2529,1190,1252,2532,1256,1208,2451,1186,1265,2099,1084,974,2533,1193,1279,2788,1296,1454,2765,1115,1526,2699,1210,1489,0.0,18,18089,,,
1388,18157010800,108,-86.8359734,40.4451481,30766096.0,29627811.0,1138285.0,4538,4103,165,127,116,26,0,5346,4808,226,158,232,16,0,5334,4787,177,174,234,17,0,5693,4741,303,309,178,132,1,5446,4915,153,128,287,16,0,5401,5050,57,142,104,31,0,3542,3214,121,91,92,21,0,3975,3595,150,89,130,15,0,4055,3645,125,119,145,15,0,4447,3748,199,231,139,95,1,4447,3748,199,184,120,12,0,28,156,4223,3774,124,105,203,15,0,4250,3960,55,130,85,20,0,0,2660,1191,1449,2326,857,1469,2608,937,1495,2612,1033,1461,2611,1079,1479,2525,855,1670,2155,903,1171,2638,1049,1514,2949,1197,1692,2966,831,1890,2930,1126,1804,0.0,18,18157,,,
1389,18157010500,105,-86.926309,40.4207546,575240.0,575240.0,0.0,2021,1369,73,84,494,9,4,2385,919,97,109,1244,16,9,2245,1085,99,124,922,13,8,1649,558,168,104,821,11,271,2153,1360,107,66,619,0,10,1512,885,117,84,392,15,26,1965,1360,69,82,453,9,4,1010,745,65,35,155,4,0,1165,895,65,40,155,0,0,1503,528,148,78,749,8,271,1503,528,148,66,455,6,0,5,295,1611,1261,81,44,220,0,0,1210,820,75,80,200,4,4,30,482,290,188,164,95,69,83,47,25,81,47,27,81,45,30,79,51,28,74,50,20,74,44,24,58,40,16,58,36,18,58,37,21,0.0,18,18157,,,
1390,18157010100,101,-86.7759476,40.5292341,144711290.0,141283000.0,3428290.0,5849,5682,81,36,28,23,1,6175,6017,50,31,27,47,7,6041,5817,117,15,34,56,9,6162,5621,197,108,82,124,7,5991,5542,359,49,16,62,3,5909,5270,464,154,8,39,15,4428,4327,43,20,17,20,1,4630,4530,25,8,4,49,0,4550,4405,80,4,4,54,0,4646,4303,103,58,57,94,4,4646,4303,103,33,35,13,0,6,153,4593,4333,205,3,3,64,0,4485,4110,250,94,4,32,0,4,2989,1444,1489,2638,1106,1532,2958,975,1761,2955,1121,1646,2954,1198,1653,2859,900,1959,2490,1018,1359,2991,1133,1749,3335,1240,2032,3352,859,2082,3308,1235,2073,0.0,18,18157,,,
1391,18157001400,14,-86.8757553,40.3844616,1637998.0,1620586.0,17412.0,3439,2628,580,181,42,22,8,3518,2303,856,343,0,0,0,3305,2211,808,266,10,0,0,3352,2128,874,251,30,79,5,3118,2133,779,167,7,29,0,3183,2090,744,279,7,139,0,2489,2044,325,93,23,10,4,2255,1965,190,100,0,0,0,2185,1885,225,75,0,0,0,2448,1694,553,138,20,57,1,2448,1694,553,107,11,6,0,1,76,2085,1742,265,54,0,25,0,2060,1755,180,70,0,50,0,0,1372,811,536,1035,537,498,1106,456,576,1100,514,502,1093,536,512,1070,441,629,799,406,330,1066,504,508,1154,559,554,1152,426,586,1140,555,585,0.0,18,18157,,,
1392,18157010700,107,-86.8531922,40.3158064,64728453.0,64582404.0,146049.0,4772,3933,395,276,150,24,11,5396,4094,715,483,110,0,0,5739,4254,688,647,166,0,0,6695,5009,871,523,180,148,7,6147,4400,964,597,223,13,0,6328,4279,1239,372,380,7,0,3216,2749,224,146,91,14,6,3545,3050,135,289,65,0,0,3830,3245,170,354,60,0,0,4659,3669,500,284,103,94,5,4659,3669,500,239,80,11,2,11,147,4112,3337,350,273,140,15,0,3900,3095,475,145,175,4,0,0,1740,840,883,1812,690,1122,2379,751,1431,2376,873,1339,2365,927,1362,2303,737,1566,1929,791,1050,2539,957,1486,3108,1204,1834,3114,897,1810,3081,1183,1898,0.0,18,18157,,,
1393,18157010901,109.01,-86.7527501,40.4308477,93849615.0,93211543.0,638072.0,7161,6408,382,142,195,42,6,8177,7208,369,430,265,21,14,8302,7144,314,531,380,29,14,9070,7420,762,264,469,148,11,8368,6989,294,475,575,29,13,9050,6831,386,844,941,7,0,5258,4825,208,76,120,31,5,5645,5250,235,70,50,20,0,5620,5135,160,170,110,30,0,6763,5692,450,156,322,122,9,6763,5692,450,118,274,8,0,18,203,5512,4953,175,185,158,31,0,6180,5210,280,340,340,8,0,0,3551,1507,1998,3396,1186,2210,3987,1210,2505,3975,1328,2413,3960,1430,2419,3846,1109,2737,3304,1178,1977,4071,1407,2522,4660,1688,2851,4641,1175,2933,4602,1611,2991,0.0,18,18157,,,
1394,18157010201,102.01,-86.9968593,40.5158707,184384576.0,183671384.0,713192.0,4877,4481,159,102,106,30,2,5214,4975,168,34,0,38,0,5231,4921,182,48,0,81,0,5500,4790,298,181,110,110,6,5448,5219,85,24,0,120,0,5395,4834,98,256,101,71,0,3584,3356,86,49,72,20,2,3645,3575,35,20,0,20,0,3725,3596,49,20,0,60,0,4001,3576,174,92,69,78,2,4001,3576,174,62,59,9,0,6,115,4048,3931,54,9,0,68,0,3865,3675,35,104,0,53,0,0,2134,1044,1061,1922,773,1149,2225,751,1300,2234,855,1242,2219,871,1269,2160,677,1483,1849,783,997,2296,882,1329,2678,1047,1561,2688,729,1673,2659,1019,1640,0.0,18,18157,,,
1395,18137968900,9689,-85.1759062,39.0235943,188087876.0,187713993.0,373883.0,5051,4945,29,24,18,46,0,4806,4692,25,0,22,50,3,4903,4775,14,0,30,64,5,4925,4647,37,40,35,127,0,5165,5023,16,0,65,22,13,5382,5187,15,21,95,34,0,3720,3660,13,8,9,33,0,3700,3635,4,0,10,50,0,3740,3650,10,0,15,65,0,3807,3617,23,28,19,94,0,3807,3617,23,7,13,6,0,6,135,3896,3813,11,0,40,25,0,4130,4015,10,20,50,33,0,0,2120,732,1342,1662,507,1155,2261,409,1754,2249,528,1634,2233,606,1565,2187,432,1755,1658,377,1235,2227,465,1714,2552,456,2064,2531,385,1752,2485,473,2012,0.0,18,18137,,,
1396,18137968500,9685,-85.2464513,39.2558933,63034545.0,62734521.0,300024.0,4698,4391,186,26,66,35,6,4601,4318,92,57,134,19,0,4618,4116,272,68,161,13,0,5028,4566,223,45,71,108,2,4687,4278,258,45,106,18,0,4949,4419,322,44,131,7,0,3307,3123,103,10,50,23,5,3330,3135,80,38,75,0,0,3305,3105,70,28,105,0,0,3769,3489,133,25,43,72,0,3769,3489,133,14,32,6,0,4,91,3284,3115,81,14,83,0,0,3455,3225,105,15,100,4,0,0,2106,777,1279,1940,641,1299,2301,581,1562,2292,673,1520,2278,761,1457,2211,520,1691,1731,542,1124,2255,654,1536,2525,704,1768,2511,507,1584,2451,684,1767,0.0,18,18137,,,
1397,18137968700,9687,-85.337829,39.0212231,389409802.0,388498824.0,910978.0,3520,3435,27,12,8,31,0,3376,3320,25,4,4,23,0,3276,3213,13,19,7,24,0,3540,3407,32,15,14,51,0,3448,3302,24,19,16,87,0,3372,3205,66,26,0,69,0,2634,2576,16,7,5,21,0,2565,2530,10,4,0,25,0,2515,2465,4,14,0,25,0,2591,2498,16,7,13,45,0,2591,2498,16,2,10,2,0,0,63,2725,2635,9,20,0,60,0,2765,2650,50,25,0,45,0,0,1473,571,859,1210,410,800,1507,255,1183,1506,399,1068,1498,444,1028,1454,287,1167,1096,257,822,1450,304,1124,1592,251,1318,1593,224,1056,1566,286,1280,0.0,18,18137,,,
1398,18137968600,9686,-85.304062,39.1700736,226801946.0,226498718.0,303228.0,4877,4774,48,8,17,42,2,5112,4907,132,17,23,38,0,5096,4952,57,26,23,38,0,4854,4688,30,23,18,72,2,4811,4689,31,20,25,18,0,4815,4675,56,3,0,26,0,3663,3597,28,7,8,25,1,3715,3605,69,0,10,24,0,3705,3635,34,4,10,30,0,3738,3635,15,10,11,54,2,3738,3635,15,4,8,5,0,2,69,3510,3475,17,1,15,7,0,3685,3630,30,4,0,25,0,0,2064,674,1338,1860,533,1327,2156,360,1694,2151,525,1545,2129,541,1550,2073,361,1712,1583,347,1201,2091,418,1633,2360,381,1944,2347,320,1490,2296,404,1892,0.0,18,18137,,,
1399,18137968800,9688,-85.2265605,39.0949472,95906428.0,95059867.0,846561.0,3354,3287,18,21,13,21,1,3234,3073,0,72,0,78,0,3204,3102,0,35,0,58,0,3363,3156,45,25,18,114,1,3021,2874,0,36,0,31,0,3062,2952,0,11,25,11,0,2539,2497,10,10,11,20,1,2540,2400,0,75,0,80,0,2525,2430,0,34,0,59,0,2676,2536,22,15,12,85,0,2676,2536,22,10,10,5,0,3,90,2442,2374,0,29,0,35,0,2540,2505,0,10,10,10,0,0,1387,502,859,1125,356,769,1422,270,1076,1413,345,1019,1404,385,986,1379,276,1103,1010,248,741,1398,302,1063,1578,281,1265,1572,234,1067,1540,295,1245,0.0,18,18137,,,
1400,18081610603,6106.03,-86.1834454,39.6188934,7061535.0,7061535.0,0.0,6586,6267,105,58,116,40,10,7106,6889,82,0,135,0,0,7158,6944,73,0,141,0,0,7137,6407,189,111,216,147,8,8227,7471,78,0,678,0,0,8436,7781,60,2,504,30,59,4783,4602,61,23,71,27,5,5360,5210,80,0,75,0,0,5290,5155,75,0,65,0,0,5386,4929,107,69,129,110,1,5386,4929,107,46,122,7,1,10,164,6110,5796,80,0,240,0,0,6325,6015,60,4,169,30,45,0,3429,1174,2221,3243,938,2305,3668,1018,2440,3665,1091,2408,3666,1242,2343,3578,882,2696,2980,1053,1836,3712,1201,2411,4221,1478,2670,4222,1026,2716,4082,1322,2760,0.0,18,18081,,,
1401,18089042802,428.02,-87.508535,41.4859733,4464157.0,4464157.0,0.0,5533,4899,429,92,106,19,5,5212,4346,520,235,111,17,0,5181,4280,530,260,127,14,0,5183,4168,675,157,111,95,7,5600,4859,521,165,70,18,0,5417,4508,598,239,56,8,0,4260,3868,267,51,69,10,4,4116,3553,348,144,75,0,0,4089,3495,349,163,75,0,0,4024,3368,431,77,84,58,5,4024,3368,431,62,65,1,1,5,91,4384,3917,352,90,27,3,0,4285,3765,365,123,20,0,0,10,2519,1176,1326,2529,1143,1386,2633,1051,1438,2544,1129,1326,2541,1181,1304,2445,1111,1334,2066,1000,1016,2565,1114,1393,2864,1202,1618,2831,949,1740,2757,1123,1634,1700.9731379047735,18,18089,,,
1402,18089043101,431.01,-87.4161993,41.3990587,13239661.0,12782571.0,457090.0,2875,2626,179,26,27,21,2,2901,2745,140,9,7,0,0,2908,2763,118,9,0,17,0,2876,2449,251,27,28,95,8,3338,3150,120,29,16,23,0,3280,3084,63,7,40,11,0,2113,1972,100,11,16,16,2,2045,1945,100,0,0,0,0,2125,2040,70,0,0,14,0,2162,1880,161,14,23,60,6,2162,1880,161,5,13,1,4,4,94,2492,2373,62,19,15,20,0,2540,2490,15,4,15,8,0,0,755,406,339,981,465,516,1118,393,669,1079,415,603,1079,477,576,1046,447,599,903,377,499,1149,435,683,1377,473,886,1355,372,856,1323,461,862,0.0,18,18089,,,
1403,18089043201,432.01,-87.4021927,41.368608,11588633.0,10734746.0,853887.0,3424,3169,177,25,23,39,2,3584,3303,108,111,62,52,0,3622,3422,78,81,49,0,0,3585,3063,287,21,55,133,2,3585,3409,84,0,63,0,0,3745,3293,117,44,238,60,0,2560,2412,104,9,13,24,2,2790,2645,80,10,30,4,0,2760,2640,70,10,35,0,0,2740,2405,173,4,32,100,0,2740,2405,173,0,18,4,0,3,137,2833,2692,72,0,57,0,0,2980,2590,90,15,240,14,0,30,1168,570,578,1228,619,609,1421,505,826,1368,569,728,1373,646,689,1345,595,750,1097,455,607,1424,546,840,1680,548,1100,1663,470,1018,1619,535,1084,0.0,18,18089,,,
1404,18001030300,303,-84.9116931,40.8151602,24693577.0,24641572.0,52005.0,5507,4988,428,47,25,32,5,5695,5136,340,203,16,0,0,5486,5115,321,50,0,0,0,5246,4564,425,137,26,115,9,5352,4980,266,106,0,0,0,5269,4724,390,116,0,43,0,4097,3797,261,18,13,22,3,4165,3825,265,74,0,0,0,4075,3765,265,54,0,0,0,4072,3616,299,78,13,88,3,4072,3616,299,47,9,9,0,3,89,4082,3793,178,106,0,0,0,4095,3760,180,110,0,40,0,4,2269,1074,1150,2204,895,1309,2265,686,1431,2254,852,1233,2245,949,1223,2169,643,1526,1894,725,1059,2211,788,1330,2358,745,1542,2339,481,1391,2290,782,1508,0.0,18,18001,,,
1405,18019050305,503.05,-85.7123784,38.2898505,1999712.0,1999109.0,603.0,2805,2245,78,428,31,26,2,2775,2270,77,428,11,0,0,2813,2240,141,432,5,0,0,2716,2079,129,390,44,72,6,2749,2132,50,360,213,0,0,2736,2093,88,289,232,39,0,2151,1796,44,274,19,21,2,2230,1940,60,230,0,0,0,2255,1895,120,240,0,0,0,2205,1771,76,275,33,38,4,2205,1771,76,236,20,2,0,9,91,2078,1835,30,131,79,0,0,2315,1860,75,255,85,40,0,0,1327,747,572,1195,693,502,1328,655,593,1323,722,544,1281,657,582,1239,628,611,1122,607,450,1306,690,569,1393,749,604,1384,635,681,1339,729,610,1710.744949881279,18,18019,,,
1406,18019050504,505.04,-85.7576905,38.3319568,11626130.0,11385706.0,240424.0,3079,2444,341,246,30,34,6,3244,2505,396,229,95,39,0,3140,2496,397,164,76,25,8,3068,2019,683,305,32,72,3,3221,2599,381,157,73,8,11,3222,2252,512,385,18,78,7,2477,2065,208,158,22,25,3,2302,2011,40,174,50,24,0,2281,2025,45,166,29,10,0,2422,1761,399,201,25,56,0,2422,1761,399,182,22,1,0,0,57,2407,2141,59,154,34,10,0,2275,1890,55,295,20,24,0,4,971,504,456,948,507,441,920,376,500,910,408,458,900,398,464,866,354,512,696,306,349,879,385,461,939,420,499,926,347,529,903,413,490,0.0,18,18019,,,
1407,18019050303,503.03,-85.7285893,38.294015,2096926.0,2095087.0,1839.0,2505,1992,74,364,40,37,3,2561,2213,184,171,0,0,0,2570,2151,232,195,0,0,0,2652,1863,204,481,29,58,29,2809,2103,367,357,0,0,0,2849,2312,216,418,0,0,0,1992,1642,48,244,24,30,3,2026,1770,115,133,0,0,0,2034,1729,148,157,0,0,0,2105,1562,128,339,27,45,19,2105,1562,128,296,13,9,10,4,83,2274,1763,228,275,0,0,0,2290,1925,100,260,0,0,0,0,922,502,398,798,491,307,822,393,374,812,439,328,789,398,353,771,390,381,662,368,264,813,425,356,915,481,417,900,411,438,888,471,417,0.0,18,18019,,,
1408,18019051000,510,-85.5548759,38.5461669,265992856.0,263193110.0,2799746.0,4738,4609,54,31,13,31,0,5242,4858,384,0,0,0,0,5292,4943,349,0,0,0,0,4758,4473,100,66,27,83,6,5363,5013,350,0,0,0,0,4798,4592,154,23,0,29,0,3616,3537,32,17,9,23,0,3805,3675,125,0,0,0,0,3850,3710,140,0,0,0,0,3724,3529,62,32,20,71,2,3724,3529,62,15,11,3,0,0,104,4049,3891,160,0,0,0,0,3870,3775,45,25,0,28,0,0,2144,780,1331,2020,701,1319,2242,512,1624,2228,757,1417,2180,670,1460,2077,556,1521,1866,547,1254,2180,583,1550,2378,496,1846,2352,408,1707,2209,543,1666,20726.326527103636,18,18019,,,
1409,18019050200,502,-85.7460662,38.2857767,3028608.0,3026625.0,1983.0,3746,2384,196,1125,27,51,12,3670,2316,231,1092,0,18,13,3688,2309,263,1087,16,13,0,3404,2045,239,977,30,120,11,3424,1929,211,845,17,11,0,3810,2147,356,1061,73,28,0,2922,2003,123,767,16,28,6,2889,2119,8,725,0,20,15,2929,2074,44,784,15,15,0,2751,1801,147,699,17,90,10,2751,1801,147,628,8,9,5,10,143,2797,2137,46,586,14,10,0,2795,1985,74,630,70,24,0,0,1259,883,356,1194,861,333,1238,751,399,1205,784,355,1178,762,363,1141,729,412,944,630,250,1155,736,367,1217,758,430,1172,639,464,1137,724,413,0.0,18,18019,,,
1410,18019050902,509.02,-85.6324851,38.4662846,90142117.0,89349597.0,792520.0,4506,4038,304,99,33,26,9,4535,4090,220,37,124,64,0,4450,4071,208,6,79,86,0,5206,4351,390,185,60,165,9,4870,4480,242,5,95,60,0,5048,4567,328,109,27,42,48,3314,3049,158,57,24,22,3,3385,3185,15,19,125,45,0,3410,3250,15,4,79,65,0,3973,3443,238,98,34,129,3,3973,3443,238,59,24,6,2,11,190,3588,3407,37,2,95,34,0,3620,3470,99,10,10,19,0,20,1972,815,1129,2018,795,1223,2282,634,1537,2246,787,1373,2221,752,1403,2138,643,1495,1854,660,1115,2246,722,1463,2506,756,1720,2479,637,1647,2371,754,1617,11831.168691470777,18,18019,,,
1411,18019050100,501,-85.7430163,38.2733276,1554530.0,1554530.0,0.0,1663,1284,42,296,23,25,1,1290,947,68,258,0,12,0,1315,936,76,282,0,17,0,1390,1081,42,203,32,37,0,1259,804,188,244,0,21,0,1188,818,236,98,26,10,0,1472,1174,32,232,20,19,1,1155,901,54,195,0,10,0,1164,866,70,215,0,15,0,1156,958,20,122,25,25,0,1156,958,20,109,20,3,0,4,42,1060,753,89,195,0,19,0,985,720,135,90,25,14,0,0,583,370,201,494,301,193,512,270,212,509,298,198,485,270,202,470,260,210,436,248,167,509,285,213,588,322,259,572,256,292,543,297,246,1736.7019214733054,18,18019,,,
1412,18019050801,508.01,-85.9012008,38.4482193,170525512.0,168969120.0,1556392.0,6199,5962,110,43,40,24,17,6878,6794,35,26,0,23,0,6960,6827,27,77,0,29,0,7596,6973,210,121,127,130,2,7041,6923,31,86,1,0,0,7596,7315,27,129,94,31,25,4721,4576,71,21,23,22,8,5000,4945,10,23,0,25,0,5100,5030,4,39,0,30,0,5814,5394,132,72,76,102,0,5814,5394,132,42,52,15,0,12,167,5213,5183,2,41,4,0,0,5875,5735,10,49,74,4,0,10,3043,1091,1914,3146,1032,2114,3721,979,2580,3682,1179,2416,3623,1078,2451,3480,910,2570,3303,1020,2170,3787,1086,2615,4298,1147,3080,4276,936,3040,4113,1116,2997,0.0,18,18019,,,
1413,18051050300,503,-87.379887,38.2805149,208364886.0,206416538.0,1948348.0,5507,5329,78,34,35,31,3,5158,5014,94,31,20,12,0,5261,5083,90,41,40,24,0,5026,4706,86,94,20,82,6,5597,5385,86,46,45,48,0,5146,4886,75,42,30,66,0,4299,4176,61,17,27,19,1,4040,3945,70,20,4,0,0,4000,3900,59,20,8,8,0,3969,3737,62,59,12,67,4,3969,3737,62,47,11,10,1,20,81,4304,4199,56,25,14,15,0,4055,3955,35,14,14,47,0,0,2492,1140,1276,2205,851,1354,2279,589,1594,2269,896,1249,2261,986,1221,2181,637,1544,1830,664,1103,2194,781,1357,2351,632,1668,2336,485,1575,2305,927,1378,0.0,18,18051,,,
1414,18003000704,7.04,-85.1612305,41.1103622,3868575.0,3806978.0,61597.0,2378,1842,169,228,124,32,2,2546,1845,319,204,183,19,0,2456,1790,297,250,117,0,0,2432,1693,241,323,123,49,9,2370,1585,471,203,111,1,0,2461,1643,581,133,98,21,0,1869,1522,102,139,90,22,2,1895,1445,235,165,50,0,0,1890,1450,200,225,25,0,0,2001,1441,159,249,97,38,8,2001,1441,159,208,85,3,4,11,90,1823,1354,282,168,25,4,0,1875,1380,355,99,35,14,0,0,892,475,407,804,383,421,796,332,403,794,353,373,785,380,365,762,306,456,658,344,283,814,387,390,946,471,451,936,344,491,917,453,464,0.0,18,18003,,,
1415,18003980002,9800.02,-85.1598179,41.1266685,3909309.0,3897779.0,11530.0,81,63,14,2,1,1,0,17,17,0,0,0,0,0,19,19,0,0,0,0,0,133,82,19,41,4,8,1,19,19,0,0,0,0,0,17,17,0,0,0,0,0,58,49,6,1,1,1,0,15,15,0,0,0,0,0,20,20,0,0,0,0,0,96,73,4,18,2,4,0,96,73,4,10,0,1,0,1,7,20,20,0,0,0,0,0,15,15,0,0,0,0,0,0,32,17,14,16,7,9,14,4,9,13,5,7,14,5,8,13,4,9,10,4,5,18,8,9,26,13,13,25,10,13,26,13,13,0.0,18,18003,,,
1416,18003011606,116.06,-85.2531056,41.0677025,6554605.0,6541958.0,12647.0,4870,4167,207,269,222,28,3,4926,3861,131,443,552,0,0,5032,4020,157,410,466,0,0,5000,3938,191,483,271,88,0,5184,4102,273,598,215,22,0,4940,4128,246,345,177,39,0,3406,3013,109,145,135,14,1,3540,3095,80,220,149,0,0,3450,3080,95,170,114,0,0,3696,3026,110,268,198,58,0,3696,3026,110,246,182,2,0,22,108,3826,3191,229,254,134,19,0,3675,3085,224,208,120,25,0,0,2550,996,1534,2446,799,1647,2507,855,1504,2514,898,1515,2495,921,1523,2435,686,1749,2185,882,1253,2543,962,1513,2797,1156,1591,2794,787,1813,2749,1058,1691,0.0,18,18003,,,
1417,18003011608,116.08,-85.3059832,41.0744782,17457895.0,17457895.0,0.0,6278,5307,170,312,454,45,6,6332,4782,153,832,513,0,25,6547,5182,126,722,502,0,14,9270,6847,459,907,901,101,5,7311,6062,148,727,358,0,34,9859,7726,363,898,786,40,0,4083,3553,86,153,272,25,3,4180,3410,90,395,270,0,0,4260,3610,85,345,215,0,0,6369,4914,255,466,602,81,5,6369,4914,255,391,554,12,2,30,211,4549,3860,114,398,161,0,0,6335,5195,195,605,325,15,0,0,3689,1269,2400,3307,905,2402,3773,1242,2335,3768,1271,2376,3732,1247,2434,3658,986,2672,3442,1357,2021,4087,1503,2503,4937,2043,2830,4938,1394,3233,4859,1830,3029,0.0,18,18003,,,
1418,18003980001,9800.01,-85.1101678,41.1180614,3928109.0,3928109.0,0.0,661,521,36,65,33,8,1,603,488,7,78,19,7,0,617,521,5,59,10,11,0,1084,818,86,123,37,5,2,681,574,12,37,42,3,0,841,608,16,116,82,4,0,560,454,22,51,25,5,0,520,435,4,70,4,4,0,565,500,4,50,4,10,0,1078,818,83,119,37,3,2,1078,818,83,106,28,0,0,22,21,605,554,10,35,4,0,0,740,600,10,110,20,4,0,0,309,160,144,232,112,120,100,55,33,99,55,33,101,61,35,97,55,42,78,48,25,104,64,34,130,85,41,128,66,47,122,79,43,0.0,18,18003,,,
1419,18003011607,116.07,-85.2510085,41.0817219,6660581.0,6660581.0,0.0,4908,4202,168,268,258,43,8,5233,4527,217,189,268,21,0,5388,4676,189,419,56,19,0,5687,4639,327,374,280,93,10,5484,4832,142,421,24,31,0,5405,4485,134,449,285,68,0,3566,3102,106,174,163,31,6,3670,3285,70,99,215,0,0,3765,3495,60,165,40,0,0,4222,3492,216,267,198,68,8,4222,3492,216,225,161,6,1,1,120,3535,3283,66,156,13,10,0,3675,3370,30,165,50,58,0,0,2321,1011,1291,2535,940,1595,2627,975,1487,2620,1022,1465,2604,1056,1482,2542,792,1750,2272,1002,1216,2737,1107,1549,3192,1351,1772,3185,943,2012,3110,1241,1869,0.0,18,18003,,,
1420,18003010817,108.17,-85.0713668,41.1033958,2954985.0,2911158.0,43827.0,4054,3540,95,332,56,27,2,4472,3691,132,579,65,5,10,4364,3723,130,401,37,6,8,4127,3150,241,493,184,76,9,3969,3511,103,226,64,9,11,3888,3315,31,443,80,38,0,3009,2683,57,216,36,18,1,3410,2950,55,355,40,0,10,3315,3000,34,265,10,0,10,3087,2491,129,308,113,40,3,3087,2491,129,267,94,8,0,12,86,3037,2816,28,163,16,0,6,2845,2570,20,189,49,8,0,15,2148,915,1219,2064,817,1247,2010,737,1146,2003,824,1077,1995,846,1087,1938,635,1303,1728,798,882,2006,863,1085,2169,1015,1115,2169,695,1298,2132,946,1186,0.0,18,18003,,,
1421,18003010819,108.19,-85.0890145,41.1316828,3031733.0,3031733.0,0.0,4389,3635,130,505,83,39,5,5124,3840,325,843,91,125,0,5024,3798,360,737,109,213,0,4699,3530,274,662,151,92,0,4580,3322,318,808,87,214,0,4675,3545,383,631,122,70,0,3495,2969,95,337,66,28,4,4070,3155,234,654,4,35,0,3995,3315,225,419,4,35,0,3885,3033,191,475,109,64,0,3885,3033,191,402,94,9,0,24,132,3605,2964,151,437,4,55,0,3875,3125,205,465,65,20,0,0,1893,877,1001,1904,811,1093,1905,736,1001,1887,771,980,1879,820,982,1832,663,1169,1551,709,776,1903,823,997,2112,977,1076,2113,707,1181,2080,925,1155,0.0,18,18003,,,
1422,18003010308,103.08,-85.1512959,41.1918532,8880371.0,8880371.0,0.0,5484,4976,131,136,205,24,7,6252,5530,314,151,278,86,0,6482,5724,240,264,279,24,0,7841,6657,307,310,399,128,15,6660,5726,285,453,195,0,1,7810,6817,259,524,193,9,8,3767,3472,68,79,125,19,5,4300,3920,170,99,115,0,0,4520,4050,145,220,110,0,0,5502,4787,186,177,248,78,11,5502,4787,186,144,221,7,1,11,145,4601,4002,189,315,92,0,0,5625,4890,175,410,134,10,4,4,3036,999,2012,2786,724,2062,3264,883,2200,3267,1004,2143,3263,989,2204,3170,717,2453,3010,1069,1865,3539,1130,2322,4245,1486,2676,4255,981,2916,4171,1320,2851,0.0,18,18003,,,
1423,18019050404,504.04,-85.7709289,38.303388,2787515.0,2787515.0,0.0,3986,3585,127,203,31,33,5,4065,3448,241,210,77,112,27,4118,3490,268,177,55,151,18,4129,3319,289,319,55,139,10,4411,3110,1038,171,33,91,17,3996,2895,847,169,33,48,11,3125,2881,77,123,19,21,1,3308,2998,65,115,0,100,0,3333,2973,105,90,0,140,0,3245,2704,178,218,37,111,9,3245,2704,178,170,11,10,0,10,162,3105,2663,230,91,0,65,0,2885,2430,285,105,15,27,0,29,1822,895,907,1740,873,867,1839,763,939,1821,863,872,1799,829,899,1738,750,988,1520,721,713,1808,827,914,1980,903,1028,1973,742,1116,1909,884,1025,0.0,18,18019,,,
1424,18019050605,506.05,-85.7325038,38.3411118,10675130.0,10475541.0,199589.0,5347,4338,222,658,117,25,5,5908,4530,431,767,180,0,0,5846,4630,295,840,81,0,0,5873,4361,351,901,170,122,4,5259,3987,286,898,88,0,0,5199,3824,193,881,171,163,0,4063,3403,134,437,81,18,3,4650,3745,200,525,180,0,0,4510,3895,60,485,80,0,0,4670,3658,221,588,122,90,2,4670,3658,221,508,99,8,0,20,156,4091,3359,81,565,93,0,0,4020,3135,140,550,90,115,0,0,2463,1167,1271,2509,1177,1332,2756,1091,1513,2727,1191,1421,2706,1121,1494,2613,1034,1579,2330,1088,1146,2736,1195,1453,2967,1354,1560,2949,1098,1719,2857,1291,1566,0.0,18,18019,,,
1425,18019050703,507.03,-85.7424788,38.3816355,21137797.0,20777520.0,360277.0,5974,5417,359,98,59,40,4,5646,4819,376,451,0,0,0,5699,4620,317,761,0,0,0,6697,5393,732,264,91,242,3,5916,4905,351,609,0,21,0,6389,5643,215,179,216,54,0,4408,4074,200,61,38,29,2,4200,3895,110,200,0,0,0,4040,3605,80,345,0,0,0,4992,4171,439,158,64,185,1,4992,4171,439,114,38,16,1,6,207,4236,3799,78,346,0,17,0,4710,4405,65,50,115,39,0,30,2488,959,1495,2410,872,1538,2828,832,1824,2803,987,1706,2763,932,1742,2662,800,1862,2343,876,1377,2746,941,1718,2949,1031,1864,2941,865,1887,2843,1018,1825,0.0,18,18019,,,
1426,18019050904,509.04,-85.7020156,38.4684534,67953136.0,67228511.0,724625.0,5528,5177,162,121,36,25,4,6018,5530,163,192,18,133,0,6780,6157,228,243,11,217,0,7013,6207,221,307,100,150,6,6875,5970,206,536,9,236,1,7492,6517,163,613,168,88,2,4047,3846,84,65,24,19,1,4400,4180,50,120,0,30,0,4900,4645,75,130,10,40,0,5315,4810,138,180,54,98,0,5315,4810,138,151,40,13,0,14,149,5145,4729,74,293,10,45,0,5525,5025,85,360,15,24,0,4,2616,988,1609,2551,957,1594,2979,816,2027,2940,998,1864,2890,931,1897,2775,782,1993,2584,868,1622,3105,967,2070,3710,1112,2537,3680,870,2550,3536,1078,2458,0.0,18,18019,,,
1427,18019050803,508.03,-85.7985592,38.509164,119305748.0,118452659.0,853089.0,4899,4715,71,73,28,20,3,5553,5270,116,151,0,16,0,5754,5494,103,133,0,24,0,6069,5536,140,167,50,143,14,5579,5433,0,146,0,0,0,5811,5339,117,171,58,71,0,3708,3590,45,43,19,16,3,4375,4210,50,120,0,0,0,4545,4405,45,95,0,0,0,4605,4259,85,83,27,115,9,4605,4259,85,58,23,16,6,8,150,4324,4200,0,110,0,0,0,4590,4270,50,175,60,45,0,0,1925,666,1235,2054,643,1411,2430,551,1735,2402,708,1602,2379,682,1604,2282,593,1689,2064,646,1327,2490,669,1735,2894,713,2114,2875,608,1993,2760,733,2027,0.0,18,18019,,,
1428,18019050804,508.04,-85.7371886,38.5632782,80475031.0,80026353.0,448678.0,4010,3885,28,49,28,20,5,4170,3964,84,41,81,0,0,4002,3772,111,54,65,0,0,4093,3778,76,74,32,95,5,4263,4046,111,56,50,0,0,4344,4127,148,29,0,7,0,3104,3021,16,32,15,12,2,3265,3180,20,39,20,0,0,3190,3085,40,54,15,0,0,3100,2916,42,32,18,68,2,3100,2916,42,15,6,1,0,8,112,3084,2962,36,60,16,0,0,3100,3015,65,19,0,8,0,0,1685,632,1031,1558,535,1023,1828,400,1343,1808,545,1186,1779,505,1215,1716,430,1286,1614,459,1086,1890,495,1338,2229,535,1652,2203,423,1556,2104,551,1553,0.0,18,18019,,,
1429,18019050704,507.04,-85.7742523,38.3995057,19008022.0,18807691.0,200331.0,5848,5527,145,75,74,29,6,6736,6048,303,83,282,33,0,6758,6145,308,65,216,41,0,7062,6280,179,207,216,167,12,6649,6215,94,58,237,60,0,7454,6786,277,241,114,36,20,4322,4140,86,40,45,23,3,4820,4550,64,74,105,30,0,4880,4590,69,59,125,40,0,5305,4815,90,119,143,123,7,5305,4815,90,81,108,8,5,10,188,4840,4539,32,47,137,58,0,5620,5150,119,209,95,32,0,20,2861,1084,1747,2897,990,1907,3304,974,2157,3276,1113,2053,3235,1114,2040,3103,903,2200,2861,1073,1666,3323,1138,2096,3735,1310,2352,3727,1067,2398,3585,1237,2348,0.0,18,18019,,,
1430,18019050903,509.03,-85.6809048,38.426654,14227210.0,14165566.0,61644.0,3452,2996,257,159,17,21,3,3921,3292,377,92,62,15,42,3375,2982,147,128,38,0,42,2972,2465,199,167,58,86,17,3009,2681,66,99,54,0,68,2782,2269,44,353,15,42,0,2458,2197,144,94,13,19,3,2825,2545,155,60,40,15,0,2565,2400,65,70,24,0,0,2192,1887,119,92,41,59,6,2192,1887,119,72,29,6,0,2,77,2251,2147,16,43,32,0,0,2005,1810,45,130,14,10,0,0,1215,568,629,1209,570,639,1230,388,762,1218,475,689,1203,441,717,1166,405,761,976,385,541,1202,429,730,1343,452,870,1330,376,838,1274,440,834,0.0,18,18019,,,
1431,18173030704,307.04,-87.3487631,37.9648403,28294281.0,27872621.0,421660.0,4473,4151,111,115,71,28,6,4681,4334,99,226,0,22,0,4808,4459,79,100,153,17,0,5335,4680,175,175,161,105,10,5066,4380,127,396,151,2,0,5358,4647,71,397,222,11,0,3148,2984,62,52,34,16,4,3400,3200,70,105,0,20,0,3410,3240,65,75,15,15,0,3813,3414,104,102,104,70,6,3813,3414,104,81,88,8,3,9,106,3375,3240,92,30,15,2,0,3520,3340,35,119,15,14,0,0,2190,899,1272,2094,677,1417,2240,669,1439,2213,771,1350,2215,780,1380,2139,618,1521,1859,731,1074,2286,840,1389,2656,963,1641,2634,737,1756,2596,1121,1475,0.0,18,18173,,,
1432,18071967902,9679.02,-85.8993128,38.9450648,4139069.0,4139069.0,0.0,3055,2816,99,47,80,11,3,3032,2562,318,48,74,14,0,3020,2610,273,38,59,10,0,3250,2679,372,82,53,61,1,2946,2732,136,35,14,4,0,3250,2913,183,75,66,24,0,2324,2167,62,34,52,10,2,2395,2140,160,40,35,15,0,2450,2220,145,40,35,10,0,2521,2166,224,54,31,46,1,2521,2166,224,49,22,6,0,0,54,2405,2266,98,37,0,0,0,2585,2445,75,40,0,20,0,0,1320,566,725,1263,489,774,1258,332,853,1251,439,757,1247,445,771,1211,340,871,997,323,623,1204,367,800,1280,343,909,1280,251,796,1222,342,880,0.0,18,18071,,,
1433,18071967901,9679.01,-85.8750126,38.9439473,6160315.0,6160315.0,0.0,4545,3109,1267,91,46,49,11,5064,3005,1491,319,207,0,0,4827,2863,1325,365,164,67,0,6138,2696,3063,180,93,331,3,4870,2853,1393,167,211,60,0,5240,3038,1650,216,71,107,0,3395,2446,833,53,41,36,9,2940,2460,270,205,0,0,0,2915,2380,210,260,0,70,0,4199,2176,1742,102,67,232,3,4199,2176,1742,75,61,16,1,12,116,2620,2274,166,117,0,59,0,3130,2495,300,193,70,70,0,0,994,486,483,842,359,483,902,276,564,894,349,492,882,334,513,869,301,568,616,216,364,860,293,531,976,290,659,975,224,574,932,298,634,0.0,18,18071,,,
1434,18047969700,9697,-84.9834891,39.4272991,17874411.0,17753804.0,120607.0,2675,2620,30,7,8,12,0,2503,2469,19,15,0,0,0,2479,2328,93,58,0,0,0,2649,2513,42,7,26,73,3,2535,2402,88,44,0,1,0,2631,2422,82,23,84,15,0,1982,1946,18,4,4,6,0,1969,1954,14,0,0,0,0,1929,1849,75,0,0,0,0,2074,1977,21,3,19,57,1,2074,1977,21,0,17,6,0,0,53,2065,1994,64,0,0,4,0,2115,1950,69,0,85,18,0,0,1218,442,744,1204,380,824,1230,236,947,1197,320,837,1174,340,804,1131,236,895,914,228,655,1188,269,891,1348,243,1085,1327,191,987,1255,246,1009,0.0,18,18047,,,
1435,18047969600,9696,-84.9012625,39.4093252,332630708.0,330843128.0,1787580.0,6015,5938,23,16,17,26,2,6353,6326,1,25,1,0,0,5788,5777,3,8,0,0,0,6003,5778,31,29,13,100,4,5491,5474,17,0,0,0,0,6046,5949,14,2,19,0,0,4526,4471,11,10,13,23,2,4780,4755,0,25,4,0,0,4655,4645,0,10,0,0,0,4625,4474,13,14,4,76,4,4625,4474,13,7,0,2,0,9,120,4342,4335,6,0,0,0,0,4840,4815,4,0,20,0,0,0,2921,824,2044,2908,695,2213,3062,476,2472,2988,627,2253,2939,607,2249,2875,446,2429,2343,444,1850,2971,523,2394,3381,503,2840,3306,410,2652,3182,507,2675,24144.48227630197,18,18047,,,
1436,18047960100,9601,-85.2441537,39.3593481,166088722.0,165630379.0,458343.0,4865,4702,65,28,39,28,2,4875,4854,5,0,16,3,0,4850,4634,36,111,69,6,0,5154,4835,84,37,89,94,3,4903,4662,23,132,40,4,0,5104,4894,18,79,48,22,0,3538,3455,36,6,23,17,1,3695,3685,4,0,4,0,0,3565,3495,35,0,30,0,0,3852,3661,49,15,58,58,2,3852,3661,49,7,48,5,0,7,75,3679,3610,25,0,41,4,0,3820,3745,14,0,50,14,0,0,2474,858,1570,2428,757,1671,2619,621,1874,2601,729,1797,2574,806,1729,2499,559,1940,2052,589,1403,2545,693,1804,2825,734,2043,2796,553,1847,2662,689,1973,0.0,18,18047,,,
1437,18047969800,9698,-85.0669641,39.409762,315611095.0,301832444.0,13778651.0,5636,5525,50,16,12,32,8,5276,5256,0,0,20,0,0,5372,5280,0,0,92,0,0,5390,5217,44,18,11,82,4,5354,5271,83,30,0,0,0,5297,5125,112,74,0,60,0,4147,4088,22,6,9,26,5,4016,4016,0,0,0,0,0,3991,3991,0,0,0,0,0,4157,4024,39,9,9,69,4,4157,4024,39,0,1,3,0,1,89,3949,3876,72,0,0,0,0,3940,3805,75,0,0,60,0,0,2648,825,1757,2492,691,1801,2712,457,2145,2676,653,1943,2630,652,1919,2554,460,2094,2032,430,1547,2609,527,2030,2892,492,2361,2861,392,2081,2708,492,2216,0.0,18,18047,,,
1438,18047969900,9699,-85.1829925,39.473982,180609191.0,179598526.0,1010665.0,3896,3815,42,12,6,31,2,3835,3799,0,3,33,0,0,4282,4031,51,124,76,0,0,3589,3447,18,21,7,85,4,4467,4179,56,148,82,2,0,3772,3591,68,98,0,15,0,2861,2809,23,4,3,24,2,2890,2860,0,0,35,0,0,3065,2940,0,50,75,0,0,2714,2621,5,11,4,64,4,2714,2621,5,0,0,9,1,0,78,3268,3135,0,60,76,3,0,2820,2755,15,40,0,14,0,0,1409,455,903,1300,375,925,1474,179,1231,1449,296,1096,1432,292,1094,1408,202,1206,1051,178,849,1389,206,1152,1551,165,1362,1532,144,1066,1457,186,1271,0.0,18,18047,,,
1439,18093951100,9511,-86.4833861,38.8490954,5446726.0,5446726.0,0.0,3055,2902,69,37,22,23,5,2961,2711,74,63,81,21,37,2969,2697,88,69,62,27,55,3172,2878,79,61,35,92,5,2989,2705,187,74,34,0,15,3528,3193,274,23,10,28,0,2341,2249,34,26,12,21,2,2220,2090,40,8,24,20,15,2270,2100,55,18,35,25,25,2439,2251,55,33,15,70,3,2439,2251,55,20,10,18,0,14,71,2330,2164,121,17,7,0,0,2785,2575,175,12,10,15,0,0,1227,516,687,1068,413,655,1290,345,850,1258,441,749,1255,485,720,1192,356,836,984,324,602,1230,394,787,1329,385,908,1315,287,775,1259,381,878,0.0,18,18093,,,
1440,18093951300,9513,-86.4730013,38.7347714,5446454.0,5446454.0,0.0,3672,3560,50,19,14,18,4,3214,3004,179,9,22,0,0,3145,2987,111,47,0,0,0,3288,3056,98,37,24,74,0,3158,2963,149,41,5,0,0,2657,2494,21,30,27,62,0,2765,2694,30,10,10,11,2,2466,2401,50,10,8,0,0,2461,2416,0,39,0,0,0,2546,2390,63,24,14,46,0,2546,2390,63,9,13,4,0,0,67,2360,2331,4,34,4,0,0,2050,1985,15,19,4,29,0,0,1282,609,630,1182,525,657,1168,318,804,1150,404,679,1143,447,659,1104,320,784,867,278,534,1107,341,733,1205,305,878,1193,233,723,1154,322,832,0.0,18,18093,,,
1441,18093950500,9505,-86.4519532,38.9378855,161458856.0,161400340.0,58516.0,4922,4785,39,11,26,58,4,4566,4406,94,41,26,41,0,4606,4433,143,0,30,0,0,4809,4559,59,39,30,114,6,4692,4529,160,0,0,3,0,4613,4317,157,5,0,108,0,3730,3637,28,6,15,43,3,3697,3582,55,0,25,0,0,3625,3540,60,0,30,0,0,3815,3644,34,27,13,94,2,3815,3644,34,9,10,21,0,3,94,3726,3673,49,0,0,4,0,3765,3600,90,4,0,69,0,0,2061,789,1234,1953,623,1330,2161,434,1625,2112,575,1426,2087,699,1319,2000,449,1551,1728,471,1184,2131,539,1529,2430,537,1844,2404,372,1572,2320,533,1787,0.0,18,18093,,,
1442,18003010306,103.06,-85.1625527,41.2294322,31699286.0,31552825.0,146461.0,5090,4765,124,85,91,18,5,5530,5050,217,255,0,46,0,5402,4915,246,169,82,16,0,8233,7061,295,282,408,145,13,5512,4437,202,239,530,22,0,7846,6584,110,268,717,61,0,3513,3326,74,44,52,14,4,3750,3440,125,135,0,44,0,3545,3285,140,70,40,15,0,5710,5036,181,162,228,99,6,5710,5036,181,119,197,6,0,5,166,3487,3041,104,116,196,20,0,5075,4470,75,170,345,14,0,0,2101,721,1354,2400,638,1762,2946,670,2116,2941,788,1998,2919,841,1988,2849,576,2273,2655,837,1747,3332,943,2299,4324,1310,2927,4319,890,2945,4238,1217,3021,0.0,18,18003,,,
1443,18003010816,108.16,-85.042842,41.1450789,6713728.0,6713728.0,0.0,4709,4200,100,267,123,30,3,4858,4105,20,413,312,25,0,4817,4305,15,295,192,26,0,5598,4613,200,505,185,88,4,4130,3362,18,575,164,11,0,4667,3777,2,444,399,5,0,3567,3228,66,180,80,23,1,3680,3175,19,280,200,4,0,3615,3280,15,174,130,4,0,4315,3653,112,333,125,58,1,4315,3653,112,284,107,4,0,31,124,3033,2585,17,307,109,9,0,3290,2920,0,180,185,4,0,0,2682,915,1752,2775,812,1963,2818,801,1870,2810,877,1817,2796,911,1823,2719,622,2097,2480,877,1531,2925,959,1890,3352,1189,2097,3350,800,2296,3291,1091,2200,0.0,18,18003,,,
1444,18093950400,9504,-86.343248,38.8909424,207943890.0,207657835.0,286055.0,3787,3683,29,13,18,42,3,3898,3709,90,52,52,47,0,3764,3564,57,72,52,71,0,3598,3455,42,23,19,61,5,3953,3767,31,103,51,0,0,3874,3609,8,27,67,107,0,2886,2820,17,9,6,31,3,3100,2985,60,0,0,45,0,3005,2870,40,15,0,70,0,2853,2751,31,12,8,51,2,2853,2751,31,4,4,11,0,4,48,3162,3094,29,35,0,0,0,3210,3045,10,18,30,105,0,0,1660,596,1031,1561,477,1084,1704,344,1275,1663,465,1099,1658,551,1060,1573,360,1213,1381,367,943,1685,413,1215,1899,391,1470,1878,277,1211,1816,380,1436,0.0,18,18093,,,
1445,18093950800,9508,-86.5070567,38.8444222,7725194.0,7725194.0,0.0,3773,3611,54,32,50,33,0,3584,3390,75,76,43,55,5,3822,3655,100,59,8,79,8,3967,3737,84,37,45,69,8,3776,3392,80,293,11,73,11,3903,3707,101,65,4,86,0,3067,2950,37,22,35,27,0,2900,2825,20,40,10,0,0,3085,3030,20,30,0,0,0,3263,3108,53,20,30,54,8,3263,3108,53,16,19,1,4,0,62,3078,2807,4,261,0,0,0,3185,3110,19,57,4,4,0,0,1694,654,1012,1510,482,1028,1609,396,1126,1587,518,973,1573,560,957,1497,397,1100,1295,391,818,1546,470,1019,1650,478,1133,1622,341,1025,1573,474,1099,0.0,18,18093,,,
1446,18093951000,9510,-86.4532575,38.8458628,19563634.0,19563634.0,0.0,3570,3384,69,48,48,35,1,3368,3192,52,24,57,57,0,3374,3212,54,20,57,58,0,3505,3251,79,62,25,97,3,3506,3357,38,17,85,20,0,3730,3507,112,32,37,41,0,2733,2620,38,29,33,23,0,2633,2498,35,25,29,40,0,2590,2480,34,20,25,30,0,2761,2606,31,41,15,55,2,2761,2606,31,33,11,6,0,6,68,2492,2423,22,15,36,5,0,2780,2695,23,18,4,25,0,0,1339,510,796,1234,387,847,1396,319,968,1370,421,865,1345,476,828,1307,335,972,1146,360,708,1372,405,913,1529,407,1081,1518,285,973,1477,417,1060,0.0,18,18093,,,
1447,18003011205,112.05,-85.0161692,41.0615467,3109554.0,3109554.0,0.0,3290,2998,79,170,23,23,3,3487,3277,107,92,0,0,0,3701,3484,111,80,0,0,0,3297,2937,117,142,29,62,0,3982,3784,94,65,0,0,0,3645,3365,53,184,4,8,0,2377,2227,48,83,10,16,2,2755,2670,60,25,0,0,0,2835,2750,60,19,0,0,0,2545,2317,81,83,12,42,0,2545,2317,81,54,5,7,0,1,80,2894,2827,55,15,0,0,0,2680,2555,35,75,4,10,0,0,1443,601,831,1473,489,984,1416,341,990,1412,438,895,1413,465,900,1374,310,1064,1159,396,728,1403,432,927,1528,473,1022,1529,343,1014,1498,484,1014,0.0,18,18003,,,
1448,18003011204,112.04,-85.0143653,41.0409057,7033625.0,7023590.0,10035.0,3102,2813,75,169,25,28,1,3211,2716,245,334,52,0,5,3237,2946,118,195,18,0,5,3452,2854,172,340,20,84,0,3019,2710,124,208,20,3,0,3077,2455,120,433,17,8,0,2263,2113,44,81,16,14,1,2290,1990,105,140,50,0,0,2325,2130,69,105,20,0,0,2540,2196,80,184,17,48,0,2540,2196,80,173,11,3,0,7,70,2194,1983,81,106,19,0,0,2235,1890,59,270,15,4,0,4,1547,602,933,1478,456,1022,1476,367,1033,1469,452,944,1461,481,946,1439,327,1112,1277,417,822,1512,450,1022,1717,502,1182,1729,342,1205,1701,495,1206,0.0,18,18003,,,
1449,18003010307,103.07,-85.178713,41.1856693,5894519.0,5870575.0,23944.0,5441,4696,206,240,278,33,2,5655,4808,117,163,541,18,0,5781,5001,145,202,406,19,0,5369,4363,237,292,355,110,12,6008,5041,149,289,612,30,0,5428,4428,238,419,419,49,0,3646,3181,121,150,184,21,2,3891,3346,89,130,320,4,0,4091,3571,109,135,259,4,0,3795,3146,148,187,236,68,8,3795,3146,148,155,203,9,1,10,123,4308,3567,136,116,387,4,0,3905,3110,175,240,290,18,0,84,2127,824,1283,2356,786,1570,2296,698,1423,2285,759,1382,2268,806,1378,2177,605,1572,1899,728,1101,2326,824,1409,2638,1005,1553,2627,712,1610,2572,945,1627,0.0,18,18003,,,
1450,18003004103,41.03,-85.1062823,41.1299428,2196471.0,2196471.0,0.0,5365,4160,292,539,348,48,8,6295,4175,473,981,662,54,0,6052,4087,556,914,505,117,0,5524,3583,428,961,444,121,6,6102,4167,504,645,754,140,0,6338,3722,680,1312,599,98,0,4602,3708,210,386,264,39,7,4380,3445,175,570,165,35,0,4400,3360,205,690,110,45,0,4630,3158,295,714,359,97,5,4630,3158,295,625,326,23,3,17,183,4315,3454,227,419,190,27,0,4570,3220,390,680,250,15,0,15,1824,1004,811,1675,794,881,1458,688,626,1444,702,622,1435,743,627,1407,661,746,1109,647,407,1445,770,602,1640,938,646,1628,743,689,1588,917,671,0.0,18,18003,,,
1451,18089012200,122,-87.3237383,41.5773099,749451.0,749451.0,0.0,1459,6,6,1447,0,4,0,1517,6,0,1511,0,3,0,1257,0,0,1257,0,3,0,1272,15,36,1221,1,8,1,1031,0,0,1021,10,0,0,1044,14,0,988,42,0,0,972,5,3,963,0,4,0,965,4,0,959,0,4,0,885,0,0,884,0,4,0,820,7,26,791,0,7,1,820,7,26,771,0,0,0,2,14,721,0,0,707,10,0,0,595,15,0,560,20,0,0,0,623,616,3,614,613,1,485,461,12,486,471,9,486,469,13,491,480,11,382,374,8,453,440,9,450,428,17,447,418,23,446,434,12,0.0,18,18089,,,
1452,18089012400,124,-87.3455213,41.5572292,4291510.0,4271121.0,20389.0,4804,175,224,4439,37,40,2,4315,313,193,3839,0,0,0,4232,336,274,3686,0,0,4,3991,238,266,3456,21,54,7,4310,238,608,3511,0,0,8,3945,131,831,3099,0,0,4,3460,156,147,3157,28,29,1,3285,315,120,2860,0,0,0,3405,325,210,2865,0,0,4,3007,199,171,2620,13,42,5,3007,199,171,2513,11,8,0,34,71,3279,227,257,2798,0,0,11,2845,119,275,2450,0,0,4,0,2328,2275,34,2060,2041,19,1681,1616,46,1677,1617,40,1676,1617,45,1667,1617,50,1314,1271,33,1535,1483,42,1476,1390,71,1466,1344,97,1443,1370,73,0.0,18,18089,,,
1453,18003010821,108.21,-85.0874658,41.1077594,3545625.0,3545625.0,0.0,4581,3544,178,720,124,35,5,4327,3244,165,767,151,0,0,4743,3549,189,875,130,0,0,4860,3187,358,817,396,106,1,5329,4158,230,777,144,20,0,5369,3885,175,885,393,31,0,3440,2814,111,417,77,24,4,3215,2780,30,335,70,0,0,3450,3035,50,320,45,0,0,3643,2595,230,498,233,82,1,3643,2595,230,421,210,8,0,18,161,3868,3430,109,257,48,20,0,3705,3010,150,255,265,29,0,0,2383,1117,1244,1205,523,682,1828,746,948,1818,791,893,1800,812,922,1765,686,1079,1491,712,721,1808,815,921,1984,916,1012,1964,699,1086,1939,910,1029,0.0,18,18003,,,
1454,18003004400,44,-85.1338215,41.0609502,1916608.0,1904706.0,11902.0,3223,570,877,1706,83,56,3,3795,1037,1286,1741,95,24,0,3464,718,1428,1672,80,35,0,3291,440,1246,1526,79,162,1,3137,740,1385,1338,45,33,0,3194,539,1492,1365,50,106,0,2021,423,501,1039,56,33,2,2030,570,355,1055,30,25,0,1960,515,420,955,25,35,0,2208,335,784,1016,58,83,1,2208,335,784,931,52,9,0,7,90,1853,572,466,769,20,35,0,1640,420,445,740,20,19,0,0,894,815,62,905,841,64,726,615,83,726,615,80,725,629,80,718,610,108,544,473,54,666,575,77,670,571,89,667,515,119,648,553,95,0.0,18,18003,,,
1455,18019050606,506.06,-85.7357029,38.3079492,4572548.0,4566491.0,6057.0,3910,3268,143,386,94,29,3,4544,3515,207,583,257,33,0,4683,3692,190,624,207,44,0,3980,3079,239,452,125,66,6,4218,3476,111,488,53,90,0,3853,3413,87,288,19,46,0,3152,2710,91,262,77,23,3,3605,3010,65,375,125,30,0,3715,3095,85,370,120,45,0,3263,2672,143,299,83,55,3,3263,2672,143,268,74,3,0,10,93,3528,3058,15,334,36,91,0,3255,2925,45,225,15,50,0,0,2084,961,1109,2096,959,1137,2302,942,1263,2265,1014,1172,2241,964,1226,2163,884,1279,1947,905,956,2223,971,1195,2330,1034,1254,2310,842,1385,2243,963,1280,0.0,18,18019,,,
1456,18019050403,504.03,-85.7577216,38.3067317,2249819.0,2246767.0,3052.0,2907,1990,519,372,24,26,2,2830,2138,222,463,0,0,0,2743,2159,244,341,0,0,0,2926,1941,452,444,45,65,2,2418,1872,188,358,0,0,0,2529,1956,434,154,0,222,0,2284,1652,364,237,20,21,2,2215,1745,75,394,0,0,0,2030,1701,60,269,0,0,0,2289,1595,290,311,40,61,1,2289,1595,290,253,35,0,0,6,110,1803,1449,60,293,0,0,0,1870,1585,150,134,0,8,0,0,864,466,387,756,432,324,810,382,374,790,401,346,782,400,349,763,379,384,585,307,242,768,392,345,835,437,374,825,369,414,797,424,373,0.0,18,18019,,,
1457,18063210613,2106.13,-86.4049815,39.7380643,8547249.0,8349751.0,197498.0,6137,5570,204,159,177,37,12,6285,5701,70,143,226,151,0,6179,5611,203,260,105,0,0,6439,5335,286,374,230,111,16,6678,6005,242,318,113,0,0,7509,6294,469,498,226,22,0,4166,3840,122,87,96,22,7,4345,4055,70,70,125,25,0,4339,3859,200,190,90,0,0,4702,4009,160,219,158,69,4,4702,4009,160,188,113,11,0,8,213,4559,4125,162,181,104,0,0,5325,4625,210,265,200,20,0,0,2983,1114,1830,2890,891,1999,3239,963,2026,3209,994,2051,3191,1101,1998,3075,840,2235,2641,1018,1539,3233,1097,2026,3634,1302,2226,3625,903,2182,3544,1212,2332,0.0,18,18063,,,
1458,18063210201,2102.01,-86.3932683,39.851566,3740479.0,3713539.0,26940.0,3721,3371,130,116,85,10,3,3870,3203,413,182,47,23,1,3613,2889,442,208,50,27,0,4591,3547,262,491,189,105,16,3997,3456,269,260,0,0,0,4633,3557,455,546,28,93,0,2649,2432,80,71,55,7,3,2605,2355,84,104,33,25,0,2524,2195,103,161,39,27,0,3480,2807,167,292,132,72,11,3480,2807,167,259,112,4,3,2,126,2766,2450,96,214,0,0,0,3230,2685,200,280,20,39,0,0,1594,581,992,1722,550,1172,1749,520,1063,1738,573,1056,1728,621,1029,1665,464,1201,1374,565,761,1789,652,1061,2118,847,1215,2115,595,1210,2051,796,1255,0.0,18,18063,,,
1459,18063210617,2106.17,-86.3445876,39.7963473,2486928.0,2465103.0,21825.0,2220,1709,122,315,69,9,2,2750,1772,445,502,32,0,0,2313,1604,419,255,36,0,0,2391,1537,261,485,72,67,9,1996,1162,773,61,0,0,0,2159,1192,541,315,11,100,0,1503,1199,71,182,45,6,1,1771,1371,143,240,12,0,0,1509,1218,116,151,23,0,0,1709,1160,170,308,45,46,7,1709,1160,170,267,28,4,1,5,74,1274,895,362,17,0,0,0,1420,885,255,175,4,104,0,0,755,416,330,719,331,388,821,357,389,800,369,368,797,406,355,763,341,422,605,331,248,795,390,370,891,447,418,885,363,408,863,428,435,0.0,18,18063,,,
1460,18063210701,2107.01,-86.4011853,39.6601167,29543680.0,28991878.0,551802.0,6326,5262,174,788,94,18,7,7600,6428,154,574,429,8,14,7805,6599,194,506,382,116,29,6763,5336,201,996,150,67,2,5727,4607,68,552,381,111,8,6435,4977,211,937,294,34,18,5108,4159,146,745,59,10,6,5640,4791,93,525,211,7,14,5745,4964,113,454,173,42,14,5698,4449,135,958,95,36,0,5698,4449,135,936,78,3,0,18,79,4620,3789,33,525,236,31,8,5510,4260,175,875,185,12,20,0,1955,676,1262,2542,747,1795,2179,582,1454,2132,646,1400,2125,737,1341,2038,511,1527,1794,600,1136,2134,662,1413,2336,749,1541,2332,524,1426,2268,673,1595,0.0,18,18063,,,
1461,18063210615,2106.15,-86.3846826,39.732114,7439955.0,7415585.0,24370.0,4444,3585,233,372,244,36,9,6693,5594,547,685,242,0,0,6837,5657,511,781,256,25,0,6166,4314,347,755,585,129,6,5716,4860,338,572,217,16,0,6301,4475,591,813,230,21,0,3030,2513,131,215,159,21,4,4816,4283,299,100,135,0,0,4766,4113,359,135,155,0,0,4405,3210,191,468,391,96,4,4405,3210,191,425,359,14,2,21,183,3698,3257,222,145,95,0,0,3825,3130,210,395,90,10,0,0,1908,810,1079,2001,793,1208,2484,917,1392,2417,941,1344,2385,1028,1290,2310,820,1490,1987,907,1008,2494,1050,1360,2908,1282,1555,2890,1016,1501,2808,1236,1572,0.0,18,18063,,,
1462,18063210106,2101.06,-86.3580157,39.8694396,17628708.0,17565783.0,62925.0,6173,5110,224,659,160,47,11,7224,5286,66,1123,735,64,0,7377,5412,77,1247,567,73,0,8087,5917,361,1336,343,136,9,7310,5617,69,1089,445,98,0,8172,6688,310,885,140,56,0,4095,3493,121,362,101,27,5,4670,3630,30,725,260,20,0,4780,3695,35,790,225,25,0,5512,4184,203,799,218,89,6,5512,4184,203,736,181,8,3,20,177,4905,3820,40,681,304,41,0,5525,4615,180,580,95,55,0,0,2773,1052,1693,3327,1107,2220,3614,1226,2114,3574,1241,2167,3551,1337,2138,3436,1031,2405,3042,1280,1665,3680,1442,2130,4217,1864,2263,4226,1241,2456,4126,1700,2426,0.0,18,18063,,,
1463,18063210204,2102.04,-86.3833829,39.8254548,4898848.0,4844141.0,54707.0,5476,5145,112,102,92,21,6,5457,4862,306,149,123,29,0,5785,5152,293,233,105,5,0,5210,4550,193,218,100,119,16,5502,4863,289,222,39,19,0,5472,5119,136,86,47,16,39,4030,3831,68,53,59,16,6,4236,3907,117,88,94,29,0,4320,3984,134,113,85,5,0,3994,3581,113,127,81,81,10,3994,3581,113,98,66,4,4,9,119,3954,3670,130,86,42,20,0,3985,3755,100,25,50,15,0,40,2699,1012,1664,2509,830,1679,2740,835,1693,2712,939,1606,2710,1044,1557,2612,745,1867,2140,841,1224,2633,957,1572,2809,1074,1648,2790,733,1686,2723,1005,1718,0.0,18,18063,,,
1464,18063210109,2101.09,-86.3580958,39.8150011,18773425.0,18674505.0,98920.0,4596,4108,117,245,117,21,8,5092,3739,29,869,398,0,10,4847,3568,0,928,325,24,0,5979,4618,291,714,201,116,19,4385,2917,117,1040,373,0,0,5128,4163,106,915,0,32,0,3276,2963,72,142,78,19,4,3568,2828,29,514,184,0,0,3561,2793,0,551,196,25,0,4321,3512,165,396,131,89,6,4321,3512,165,356,114,13,0,20,141,3082,2356,54,456,211,0,0,3640,3220,20,375,0,30,0,0,1841,703,1119,1911,631,1280,2652,866,1600,2593,910,1528,2573,1009,1458,2488,770,1718,2234,915,1235,2615,998,1521,2862,1186,1616,2835,834,1596,2769,1090,1679,0.0,18,18063,,,
1465,18063210108,2101.08,-86.3480372,39.8496973,8968205.0,8765199.0,203006.0,5824,3710,266,1431,388,16,10,6955,5534,90,800,331,0,34,7302,6097,0,804,336,68,0,6848,4063,434,1690,581,116,12,7495,5671,0,1167,549,108,0,7155,5054,86,1022,671,70,0,3913,2569,157,918,253,10,6,4724,3936,89,448,220,0,0,5100,4324,0,436,272,68,0,4636,2818,244,1103,404,65,11,4636,2818,244,1027,378,2,4,22,141,5301,3789,0,924,481,111,0,4930,3505,25,724,595,70,0,0,2502,1474,1008,2594,1438,1156,2919,1522,1166,2883,1486,1245,2864,1594,1176,2779,1396,1383,2484,1519,894,2958,1663,1188,3338,1973,1277,3333,1534,1454,3254,1867,1387,0.0,18,18063,,,
1466,18063210616,2106.16,-86.3426646,39.7884096,4994110.0,4990009.0,4101.0,2334,1755,182,302,83,18,1,2925,1884,471,535,34,0,0,2457,1704,446,266,40,0,0,4277,2383,416,988,383,97,5,2771,1921,105,723,22,36,0,3560,1810,93,1187,433,0,0,1680,1308,111,201,51,5,0,1879,1459,152,260,13,0,0,1606,1292,124,159,27,0,0,3237,1942,286,673,269,61,5,3237,1942,286,623,257,3,2,2,122,2031,1537,45,438,3,0,0,2690,1645,0,930,110,0,0,0,1051,559,479,875,409,466,1076,502,489,1058,507,488,1049,536,476,1019,460,559,833,455,348,1268,656,575,1847,1002,804,1837,780,837,1798,940,858,0.0,18,18063,,,
1467,18063210107,2101.07,-86.3690391,39.898501,23980175.0,23793527.0,186648.0,1775,1708,25,19,17,8,0,1392,1356,0,36,0,0,0,1377,1351,0,26,0,0,0,1796,1660,64,26,17,26,2,1339,1310,0,29,0,0,0,1627,1609,0,15,0,3,0,1304,1259,19,9,13,6,0,1149,1129,0,20,0,0,0,1159,1134,0,25,0,0,0,1401,1319,43,16,5,17,0,1401,1319,43,10,4,0,0,6,19,1126,1097,0,30,0,0,0,1340,1325,0,15,0,4,0,0,1030,298,720,834,193,641,1121,300,736,1116,306,771,1119,353,751,1066,234,832,927,311,592,1092,336,727,1161,397,738,1166,248,786,1141,365,776,0.0,18,18063,,,
1468,18089012500,125,-87.3443544,41.5350126,2930274.0,2930274.0,0.0,5155,290,302,4612,18,54,6,4836,555,556,3883,0,78,0,4611,378,546,3827,60,0,0,4635,274,449,3943,29,114,1,4679,318,292,4196,70,0,0,4394,256,275,3891,102,10,26,3647,273,215,3172,14,35,2,3540,335,390,2775,0,35,0,3560,330,375,2840,15,0,0,3377,243,298,2831,16,83,1,3377,243,298,2688,10,18,0,19,101,3332,316,199,2805,15,0,0,2825,255,165,2355,25,0,0,25,2649,2559,72,2303,2259,44,1928,1803,78,1908,1793,74,1903,1804,74,1897,1807,90,1527,1454,54,1789,1692,75,1779,1654,102,1774,1591,144,1750,1645,105,0.0,18,18089,,,
1469,18089012600,126,-87.3262777,41.5414563,1711352.0,1711352.0,0.0,2696,153,123,2438,12,15,5,2229,138,131,1998,0,7,0,2228,188,74,1954,0,9,0,2194,159,137,1923,5,45,1,2234,185,89,1956,0,4,0,2026,144,53,1836,0,94,0,1823,130,86,1608,3,8,1,1725,125,89,1505,0,4,0,1715,160,74,1475,0,10,0,1519,128,80,1318,2,28,0,1519,128,80,1263,0,0,0,2,46,1726,174,98,1457,0,2,0,1495,145,43,1275,0,49,0,25,1441,1392,36,1041,1029,12,811,759,37,805,751,37,807,758,37,801,759,42,612,577,28,740,697,35,730,673,47,726,653,57,718,670,48,0.0,18,18089,,,
1470,18089012700,127,-87.3265123,41.5294015,2614170.0,2614170.0,0.0,3515,193,188,3164,24,33,6,3255,243,304,2661,24,75,0,3325,245,333,2771,0,72,0,2898,180,272,2485,10,47,3,2970,119,431,2497,0,105,0,2874,86,461,2436,0,133,0,2434,174,121,2137,19,20,3,2460,240,205,1980,10,20,0,2480,205,250,2005,0,20,0,2052,143,174,1742,7,39,0,2052,143,174,1694,2,5,0,0,34,2284,104,337,1823,0,16,0,2085,75,320,1675,0,24,0,0,1690,1629,52,1471,1439,32,1131,1070,49,1141,1073,45,1135,1084,45,1139,1094,45,906,862,33,1058,1003,49,1037,952,79,1041,934,89,1037,960,77,0.0,18,18089,,,
1471,18089020100,201,-87.5042741,41.6806043,1382694.0,1382694.0,0.0,4750,2686,1805,215,51,32,16,4682,2685,1709,220,98,28,5,4643,2613,1761,262,62,44,11,4669,2129,2155,318,69,192,0,4466,2686,1541,259,55,96,4,4656,2588,1536,469,86,213,39,3714,2356,1168,136,40,23,10,3680,2450,970,194,60,0,0,3755,2475,1045,190,35,0,4,3718,1917,1506,213,52,133,0,3718,1917,1506,173,40,8,0,6,68,3667,2574,860,119,30,52,0,3665,2440,860,210,50,83,10,20,1818,1102,687,1684,1084,600,1796,1018,674,1765,1124,549,1755,1170,526,1707,1163,544,1465,943,479,1745,1088,614,1908,1154,726,1883,1065,753,1849,1136,713,0.0,18,18089,,,
1472,18089020300,203,-87.5159671,41.6539579,14804838.0,11241157.0,3563681.0,6601,2835,3222,504,55,74,6,6335,1856,4190,489,0,9,0,5933,2080,3419,421,28,3,0,6414,1930,3595,865,36,228,17,5839,2335,3181,316,17,10,0,5396,2085,2861,515,42,0,0,4748,2440,1970,294,39,48,3,4045,1765,2040,240,0,0,0,4100,1945,1815,310,30,0,0,4747,1709,2402,580,24,166,11,4747,1709,2402,505,22,8,7,19,75,4060,2006,1801,233,16,0,0,3545,1820,1395,310,25,0,0,0,1588,1089,467,1609,1126,483,1789,1146,544,1746,1242,406,1755,1282,413,1720,1302,418,1300,928,339,1692,1159,488,1839,1176,636,1810,1130,621,1769,1175,594,9359.594535815595,18,18089,,,
1473,18063210502,2105.02,-86.5185986,39.7398193,49973563.0,49663463.0,310100.0,5908,5634,108,94,35,33,1,6160,5401,208,216,335,0,24,6309,5202,220,473,413,0,23,6095,5535,145,167,69,144,4,6469,5848,138,273,210,0,36,6246,5532,179,434,101,0,0,4198,4058,54,47,14,21,0,4200,3725,120,135,190,0,0,4355,3725,160,235,204,0,0,4553,4203,92,91,41,105,3,4553,4203,92,72,32,5,2,2,145,4688,4414,123,95,4,0,0,4705,4435,85,155,30,0,0,0,2496,879,1581,2248,583,1665,2703,521,1963,2646,637,1833,2634,758,1778,2532,486,2046,2054,554,1405,2647,661,1879,3050,797,2171,2973,499,1657,2877,738,2139,0.0,18,18063,,,
1474,18063210501,2105.01,-86.5152456,39.7922311,69845801.0,69561649.0,284152.0,6259,6057,77,53,40,43,6,6850,6697,9,113,31,0,0,6839,6657,15,118,49,0,0,7056,6565,125,132,65,137,15,6809,6587,47,129,46,0,0,6980,6723,201,37,19,0,0,4609,4498,45,21,19,29,2,5215,5140,0,70,10,0,0,5235,5125,0,85,25,0,0,5315,5009,65,65,42,108,10,5315,5009,65,48,27,10,2,8,146,5184,5056,14,81,24,0,0,5260,5135,84,35,4,0,0,0,3137,1032,2069,3139,832,2307,3410,699,2496,3378,849,2327,3350,967,2280,3226,610,2616,2814,771,1913,3417,865,2429,3841,968,2785,3850,661,2360,3713,955,2758,0.0,18,18063,,,
1475,18063210802,2108.02,-86.380944,39.7080094,4776679.0,4776679.0,0.0,4055,3819,94,64,65,18,2,4400,3988,61,291,25,13,0,4581,3864,164,478,38,0,0,4566,4004,203,132,105,101,7,4619,3934,170,352,118,19,0,4377,3610,379,234,123,25,0,3112,2970,57,29,46,13,2,3307,3058,63,187,0,0,0,3289,2946,48,281,14,0,0,3459,3110,136,65,53,83,1,3459,3110,136,43,38,12,0,6,114,3319,2986,72,197,50,22,0,3095,2655,185,185,50,25,0,0,1953,760,1167,1804,606,1198,1950,600,1202,1930,680,1134,1929,758,1095,1857,528,1329,1602,614,914,1993,709,1208,2306,810,1440,2304,569,1359,2249,791,1458,0.0,18,18063,,,
1476,18063210801,2108.01,-86.3809546,39.6924508,3244451.0,3239341.0,5110.0,3318,3019,90,79,117,22,2,3516,2911,140,343,53,45,0,3571,2876,215,169,226,66,0,3447,2882,142,153,165,82,6,3547,2976,233,175,98,53,0,3236,2739,162,222,115,4,0,2551,2372,50,47,76,15,2,2698,2332,92,253,4,15,0,2726,2299,122,129,146,30,0,2640,2284,77,73,116,60,2,2640,2284,77,60,106,11,0,16,86,2787,2471,129,120,49,21,0,2525,2225,90,140,65,4,0,0,1460,575,872,1352,485,867,1568,485,982,1536,534,913,1521,609,865,1471,442,1029,1221,482,685,1524,558,910,1686,643,994,1672,485,920,1610,605,1005,0.0,18,18063,,,
1477,18089020400,204,-87.5051057,41.6260117,3665844.0,3665844.0,0.0,5554,1340,3542,738,21,70,5,5296,959,3551,732,8,85,0,5533,949,3651,858,7,77,0,4732,764,3265,713,39,170,9,5507,1043,3803,626,6,37,0,5497,1103,3471,894,3,76,6,3706,1122,2184,400,13,49,4,3080,765,1730,545,0,40,0,3145,745,1760,594,0,45,0,3370,670,2226,431,33,129,6,3370,670,2226,377,20,6,1,6,64,3105,898,1738,450,0,13,0,3425,990,1855,560,4,4,0,4,1189,956,215,1050,876,174,1084,846,184,1040,838,153,1041,857,149,1033,882,151,759,611,126,998,790,184,1078,795,258,1058,761,262,1044,796,248,783.9436757333216,18,18089,,,
1478,18089020500,205,-87.5003637,41.6146639,1201554.0,1201554.0,0.0,3984,874,2098,1023,11,57,8,3399,471,2106,798,40,7,0,3581,505,2398,642,36,23,0,3550,584,2107,917,11,111,2,3520,449,2423,612,36,16,0,3604,494,2389,699,18,25,0,2677,732,1318,613,7,38,3,2010,405,1010,560,35,0,0,1915,410,1020,460,30,0,0,2474,483,1408,573,8,69,1,2474,483,1408,534,2,7,0,13,27,1823,405,926,462,28,0,0,1945,435,1010,490,0,4,0,0,829,664,157,854,727,127,834,660,138,804,651,117,798,658,116,800,677,123,610,491,95,760,604,137,768,578,183,768,554,195,759,580,179,0.0,18,18089,,,
1479,18089020600,206,-87.5178718,41.6191252,1413080.0,1413080.0,0.0,2255,563,475,1239,7,21,1,1962,423,76,1463,0,0,0,1931,454,124,1344,0,9,0,2004,373,418,1205,19,45,2,1898,453,160,1274,0,11,0,2142,486,266,1387,0,3,0,1543,517,300,722,6,16,1,1320,425,75,820,0,0,0,1450,450,120,865,0,10,0,1336,347,257,708,12,31,1,1336,347,257,659,0,2,0,7,64,1498,450,122,910,0,10,0,1680,485,140,1050,0,4,0,0,578,494,76,569,491,78,478,381,84,460,369,77,458,365,83,450,371,79,305,239,56,414,326,80,415,308,101,404,294,102,403,304,99,1348.3380618931383,18,18089,,,
1480,18089020700,207,-87.5170596,41.6077406,1980368.0,1980368.0,0.0,5183,1294,1529,2381,36,66,10,4893,922,1995,1982,0,38,0,4810,874,1689,2259,0,34,0,4874,771,1595,2467,46,114,6,4496,693,1414,2266,128,31,0,4348,668,1611,1967,154,40,0,3628,1128,966,1529,26,43,8,3020,810,870,1319,0,24,0,3080,755,810,1493,0,18,0,3580,675,1107,1727,37,84,5,3580,675,1107,1634,17,11,2,20,114,2971,615,788,1550,4,19,0,2940,625,870,1425,10,4,0,0,1437,1146,276,1324,1101,223,1324,1019,238,1285,1004,230,1288,1029,223,1277,1046,231,923,743,156,1232,974,229,1315,1026,271,1298,992,263,1278,1014,264,1456.3926719079163,18,18089,,,
1481,18089020800,208,-87.4951344,41.6033141,3972306.0,3972306.0,0.0,4472,370,711,3432,11,36,4,3614,369,936,2308,0,18,0,3375,334,406,2636,0,0,6,4272,267,1275,2737,26,90,5,3440,416,755,2269,0,0,15,3787,367,941,2454,25,16,23,3139,304,422,2426,6,26,3,2328,328,353,1630,0,4,0,2341,294,256,1786,0,0,0,3115,232,802,2070,23,77,5,3115,232,802,1991,10,7,0,13,60,2549,375,487,1660,0,0,0,2720,340,465,1870,15,15,0,25,1965,1900,55,1956,1912,44,1691,1586,71,1637,1542,58,1624,1550,48,1637,1571,66,1285,1208,62,1519,1427,78,1478,1326,137,1470,1293,158,1450,1316,134,0.0,18,18089,,,
1482,18003003400,34,-85.1078768,41.103924,2289713.0,2289713.0,0.0,4354,3692,192,343,103,44,6,4226,3643,227,306,35,80,0,4338,3735,202,311,99,45,0,4335,3327,277,448,204,90,7,4449,3506,265,501,212,30,0,4587,3352,296,725,220,50,0,3368,2942,115,212,73,31,4,3095,2745,140,145,20,40,0,3235,2880,120,170,29,30,0,3345,2699,178,273,130,58,6,3345,2699,178,220,104,3,1,9,131,3294,2743,165,331,51,4,0,3490,2720,175,425,139,40,0,4,1773,929,820,1684,827,857,1863,783,916,1850,839,855,1837,877,882,1780,715,1065,1582,841,660,1856,901,871,2042,1048,929,2049,768,1053,2022,1024,998,0.0,18,18003,,,
1483,18089020900,209,-87.4734553,41.5908843,5537427.0,5512558.0,24869.0,4375,2077,981,1038,318,35,2,3943,1949,844,851,395,17,27,3911,1839,863,877,386,14,25,4154,1370,1140,1373,250,138,6,3842,1722,647,1191,326,19,22,4247,1248,1162,1625,181,68,18,3399,1754,638,736,288,25,1,2975,1665,605,634,64,0,0,2970,1545,695,649,70,0,0,3351,1236,812,1068,207,104,4,3351,1236,812,985,188,9,0,18,103,2915,1453,517,843,77,0,0,3375,1165,920,1185,74,24,0,8,1472,951,504,1549,1117,432,1474,960,420,1445,1010,355,1443,1060,342,1413,1055,358,1162,865,269,1393,971,382,1459,975,455,1444,905,466,1412,968,444,0.0,18,18089,,,
1484,18089021100,211,-87.4557703,41.5766551,3304209.0,3244630.0,59579.0,3028,1725,955,342,19,26,0,2691,1347,888,473,0,63,0,2745,1302,1079,348,0,27,0,3135,1214,1224,642,40,102,8,2896,1051,1501,366,0,15,0,3224,1403,1412,402,0,13,0,2284,1445,609,219,10,16,0,1993,1235,507,230,0,35,0,2118,1246,661,180,0,25,0,2361,1054,822,406,21,76,5,2361,1054,822,365,17,1,1,12,89,2067,984,847,198,0,15,0,2240,1160,785,289,0,4,0,0,1084,695,374,1008,673,335,1076,625,357,1041,677,297,1039,725,263,1014,719,295,851,572,249,1041,665,334,1142,693,434,1131,649,421,1115,701,414,0.0,18,18089,,,
1485,18089021300,213,-87.4905546,41.5884114,2589834.0,2589834.0,0.0,3630,1901,888,788,72,32,5,3602,1862,762,901,47,98,0,3515,1752,845,799,74,121,0,3661,1291,1172,1182,45,90,2,3454,1463,979,1060,22,48,0,3729,967,1528,1275,29,52,0,2752,1629,569,497,60,21,4,2550,1470,485,565,0,25,0,2565,1450,565,505,0,35,0,2787,1125,795,820,38,73,1,2787,1125,795,747,33,2,0,5,80,2488,1081,699,686,0,25,0,2730,690,1110,900,0,25,0,0,1459,1003,438,1354,960,394,1354,873,404,1311,918,334,1308,949,320,1282,960,322,1100,808,267,1315,907,373,1455,960,470,1439,889,491,1400,946,454,0.0,18,18089,,,
1486,18089021400,214,-87.5115743,41.5942339,1932939.0,1932939.0,0.0,5175,1888,1913,1400,44,82,6,4715,1597,2026,1048,8,25,0,4525,1613,1898,975,0,10,0,4865,1355,2021,1466,32,148,1,4362,1836,1623,916,0,54,1,4205,1730,1702,879,0,85,1,3643,1596,1174,849,35,59,3,3095,1330,1075,675,0,10,0,3015,1365,1060,590,0,10,0,3616,1193,1375,986,29,106,1,3616,1193,1375,920,20,6,0,14,88,3119,1616,885,605,0,12,0,3170,1560,970,640,0,0,0,0,1491,1103,367,1470,1145,325,1546,1086,372,1516,1115,310,1520,1154,307,1494,1172,322,1139,870,239,1493,1099,348,1658,1183,443,1654,1149,445,1616,1175,441,0.0,18,18089,,,
1487,18081611100,6111,-86.025709,39.475765,12871560.0,12871560.0,0.0,3331,3158,73,62,31,13,0,3653,3621,32,0,0,0,0,3350,3295,55,0,0,0,0,3369,3120,70,62,35,69,1,3345,3288,57,0,0,0,0,3212,3122,57,18,0,6,0,2499,2417,33,20,21,8,0,2705,2675,30,0,0,0,0,2560,2505,55,0,0,0,0,2628,2473,43,30,27,49,0,2628,2473,43,16,20,13,0,6,57,2647,2589,53,0,0,0,0,2675,2600,45,14,0,4,0,0,1555,546,992,1518,460,1058,1719,463,1129,1723,540,1088,1718,637,1035,1666,415,1251,1436,515,875,1715,563,1095,1919,659,1217,1911,415,1255,1832,569,1263,0.0,18,18081,,,
1488,18141001500,15,-86.2142787,41.6628625,1976055.0,1828533.0,147522.0,3037,2330,223,400,71,42,8,2950,1885,162,615,266,14,8,3160,1922,397,620,230,11,15,3079,2033,304,564,79,85,4,3477,2275,493,548,41,0,78,3359,2268,625,326,46,56,30,2273,1865,115,220,50,26,4,1790,1480,75,220,0,15,0,1980,1610,135,209,0,10,0,2391,1682,190,351,63,62,2,2391,1682,190,297,43,15,0,23,141,2389,1903,163,231,0,0,0,2465,1945,195,225,34,34,0,30,1352,904,425,1102,696,406,1150,614,430,1139,659,379,1136,701,389,1105,587,518,949,636,276,1097,678,378,1162,760,384,1162,658,453,1121,729,392,0.0,18,18141,,,
1489,18003002300,23,-85.1196393,41.0360784,2660837.0,2660837.0,0.0,5180,908,1029,2771,470,82,4,5449,974,1169,2595,797,218,8,5024,752,1091,2421,831,176,0,5751,769,1179,2490,1291,121,2,4859,547,847,2545,956,163,0,5230,461,989,2608,1283,40,0,3252,750,579,1664,235,52,4,3180,845,395,1735,155,95,0,2950,680,415,1645,185,75,0,3705,626,670,1605,772,81,1,3705,626,670,1516,758,6,0,22,107,2717,526,253,1637,274,83,0,2930,400,340,1770,405,14,0,0,1402,1231,160,1251,1099,152,1108,910,173,1089,894,168,1077,886,168,1082,877,205,870,729,111,1061,882,161,1141,958,171,1122,866,211,1106,941,165,0.0,18,18003,,,
1490,18005011300,113,-85.7601884,39.2087603,186599282.0,186505045.0,94237.0,4970,4608,190,61,79,36,3,5871,5586,76,114,53,22,20,5525,5168,75,97,114,61,10,4812,4439,126,68,69,89,9,5601,5267,37,46,146,98,7,4901,4551,60,53,185,30,0,3752,3523,124,39,52,21,1,4385,4275,10,80,0,20,0,4230,4020,25,44,80,60,0,3684,3454,73,45,40,65,2,3684,3454,73,31,36,6,0,5,79,4308,4088,11,14,105,98,0,3705,3510,20,24,124,30,0,0,2447,955,1450,2883,1102,1781,2398,615,1649,2367,748,1502,2364,786,1506,2284,551,1733,1938,635,1227,2334,695,1572,2546,714,1775,2529,503,1609,2455,674,1781,0.0,18,18005,,,
1491,18005010500,105,-85.8779914,39.2314777,5193594.0,5151793.0,41801.0,5205,4606,256,134,193,28,3,5080,4586,107,94,293,0,0,5257,4759,148,92,258,0,0,5525,4690,346,184,240,71,5,4890,4445,237,17,191,0,0,5260,4306,805,582,63,0,0,3950,3567,149,92,133,21,1,3755,3660,25,44,35,0,0,3930,3830,25,50,25,0,0,4392,3843,212,110,166,58,4,4392,3843,212,77,148,4,1,8,99,3505,3461,22,15,11,0,0,3650,3425,120,90,20,0,0,0,2551,1077,1445,2074,823,1251,2780,899,1695,2756,1002,1611,2741,1039,1627,2646,769,1877,2369,936,1336,2780,1025,1659,3068,1211,1776,3072,801,1971,2992,1076,1916,0.0,18,18005,,,
1492,18005010300,103,-85.9171551,39.2454173,4747725.0,4747725.0,0.0,3486,3187,84,56,147,14,1,3588,2979,155,85,311,59,0,3368,2798,133,119,253,64,0,3551,3015,154,99,199,49,3,3345,2559,206,104,346,107,0,3592,2947,220,51,353,56,0,2633,2459,46,25,98,10,0,2570,2305,80,54,100,50,0,2430,2185,49,64,95,45,0,2692,2339,104,59,132,33,2,2692,2339,104,49,115,0,2,21,62,2296,2000,80,69,102,58,0,2495,2190,100,18,160,19,0,0,2143,856,1270,1646,569,1077,2022,744,1121,2018,777,1138,2009,830,1111,1927,588,1339,1765,796,900,2014,833,1104,2191,984,1155,2159,653,1334,2105,888,1217,0.0,18,18005,,,
1493,18005010700,107,-85.8895449,39.2093253,3944699.0,3944699.0,0.0,3292,2766,124,162,224,17,2,3564,2556,64,98,818,23,0,3263,2480,42,122,597,30,0,3695,2494,271,204,639,92,11,3399,2462,23,196,717,1,0,3574,2451,307,142,659,25,0,2627,2262,82,91,178,13,2,2260,2135,50,50,20,10,0,2250,2090,25,75,45,15,0,2958,2084,166,136,497,70,6,2958,2084,166,98,489,8,2,16,95,2205,2107,7,68,28,1,0,2250,2080,90,35,29,19,0,0,1045,533,492,841,334,507,967,297,604,935,354,520,927,363,525,904,293,611,694,276,382,943,344,565,1106,393,680,1106,285,639,1066,382,684,0.0,18,18005,,,
1494,18005010200,102,-85.9103425,39.2251407,4477505.0,4462061.0,15444.0,4495,3944,265,185,76,31,4,4217,3901,247,44,25,6,0,4217,3968,150,75,24,7,0,4344,3707,309,192,67,106,3,4287,4064,73,86,64,7,0,4286,4025,101,91,69,0,7,3362,3022,169,101,53,22,3,2990,2900,54,32,4,4,0,3070,2955,45,63,10,4,0,3395,2956,200,128,50,78,1,3395,2956,200,95,41,6,0,5,92,3179,3057,38,78,3,3,0,3360,3165,79,73,40,0,0,0,1781,863,882,1842,758,1084,2022,750,1100,1991,832,1024,1955,865,1022,1889,683,1206,1607,730,791,1909,836,998,2012,939,1025,2011,665,1094,1952,875,1077,0.0,18,18005,,,
1495,18005011500,115,-85.9649913,39.0816598,224837267.0,222634982.0,2202285.0,7569,6915,322,121,178,28,10,8983,7286,690,217,717,119,26,9409,7673,773,238,725,62,31,9214,7184,642,233,886,201,13,9397,7451,942,144,853,34,20,9800,7668,1241,170,673,18,0,5497,5086,190,72,121,22,7,5865,5445,115,65,165,90,0,6205,5720,145,80,265,20,0,6767,5427,403,153,597,150,8,6767,5427,403,109,573,13,1,23,218,6109,5547,297,37,218,8,0,6310,5845,380,19,55,18,0,0,2643,1068,1539,2815,910,1905,3514,833,2466,3472,1017,2262,3437,1056,2263,3334,765,2569,2831,867,1838,3458,968,2373,3856,1038,2741,3846,735,2420,3702,1021,2681,0.0,18,18005,,,
1496,18005011200,112,-85.7897818,39.3004477,166792244.0,166413991.0,378253.0,5438,5257,80,49,37,34,3,5403,5200,44,83,46,30,0,5716,5503,68,95,41,9,0,5314,4976,104,78,35,118,7,5662,5478,41,53,21,69,0,4875,4628,51,62,46,56,0,4050,3952,38,25,19,21,2,4155,4030,18,60,8,29,0,4395,4290,18,65,8,8,0,3986,3787,55,32,17,85,2,3986,3787,55,10,12,4,0,11,107,4096,3963,19,28,8,64,0,3435,3285,29,29,33,53,0,0,2337,986,1295,2077,710,1367,2394,504,1740,2360,733,1469,2353,780,1482,2274,511,1763,1806,531,1172,2278,623,1562,2475,590,1816,2462,414,1534,2362,632,1730,0.0,18,18005,,,
1497,18005010600,106,-85.8642763,39.2237092,4744060.0,4744060.0,0.0,5244,4624,190,239,177,26,7,5355,4527,244,219,311,33,38,5307,4503,183,96,262,26,42,5310,4335,332,271,259,95,18,5104,4376,119,45,361,38,0,4883,4109,49,177,251,42,0,4132,3707,116,159,140,20,5,3770,3480,100,85,65,15,10,3830,3630,75,60,40,25,15,4271,3573,219,182,197,77,10,4271,3573,219,147,172,7,5,17,131,3818,3523,47,45,168,38,0,3985,3605,50,110,185,48,0,0,2258,1072,1164,1551,620,931,2340,806,1369,2302,895,1272,2294,934,1272,2209,708,1501,1883,782,1006,2297,890,1314,2539,1011,1461,2525,686,1536,2440,926,1514,0.0,18,18005,,,
1498,18005011000,110,-86.0166825,39.188715,119526005.0,117392680.0,2133325.0,5075,4837,88,63,61,30,4,5614,5121,0,19,252,159,0,5051,4719,0,14,102,169,0,5084,4501,172,135,152,103,6,4664,4430,0,14,85,87,0,4770,4470,48,175,34,35,0,3835,3692,45,36,40,21,4,4125,3995,0,20,45,65,0,3660,3545,0,15,25,75,0,3917,3542,108,78,100,77,3,3917,3542,108,47,83,0,2,6,129,3440,3354,0,16,24,51,0,3520,3370,39,40,10,15,0,40,1985,770,1184,2273,719,1554,2617,691,1780,2579,796,1672,2579,798,1707,2486,567,1919,2203,738,1377,2631,792,1762,2950,907,1992,2934,613,1901,2845,833,2012,0.0,18,18005,,,
1499,18005010100,101,-85.9156408,39.2059438,5072999.0,5055527.0,17472.0,4553,3822,340,306,47,62,20,4510,3589,457,339,113,12,0,4843,3482,556,437,368,0,0,5275,3982,536,486,132,147,18,4785,3699,513,293,280,0,0,5510,4187,209,465,572,97,0,3509,3012,225,204,38,46,11,3600,3030,250,295,15,10,0,3720,3050,300,270,95,0,0,4095,3203,338,315,115,121,15,4095,3203,338,235,106,8,5,18,182,3724,3139,341,203,46,0,0,3930,3390,110,234,140,49,0,10,1444,865,553,1282,604,678,1478,638,684,1444,689,640,1431,712,639,1378,609,769,1143,596,467,1466,722,667,1719,864,799,1696,652,826,1626,833,793,0.0,18,18005,,,
1500,18005010800,108,-85.8964659,39.1911502,9995852.0,9975485.0,20367.0,4079,3097,335,142,475,23,16,3982,2795,296,239,696,7,54,4011,2804,431,125,731,9,92,4147,2796,521,177,537,99,10,4167,2797,523,303,665,4,143,4291,3068,392,246,582,0,57,3079,2379,208,83,387,20,9,2320,2135,60,90,24,0,0,2400,2240,45,80,25,0,0,3094,2188,320,114,397,57,10,3094,2188,320,88,391,7,3,12,85,2816,2433,74,248,34,0,0,3035,2655,129,184,50,0,0,20,928,473,436,1880,749,1131,907,259,577,877,346,470,871,351,471,840,273,567,644,265,336,880,322,519,1027,356,649,1018,284,561,982,367,615,0.0,18,18005,,,
1501,18005010900,109,-85.9835869,39.184523,21098955.0,20387529.0,711426.0,4821,3969,150,70,610,15,11,6183,4200,314,222,1447,0,0,6761,3916,464,160,2220,0,0,6955,4387,440,193,1794,109,12,7063,4133,552,172,2206,0,0,7653,4352,630,200,2452,26,0,3559,2951,93,52,450,13,3,3540,3030,80,195,235,0,0,3300,2830,100,125,260,0,0,5214,3404,260,142,1299,66,5,5214,3404,260,131,1270,10,2,15,122,3623,3086,142,131,263,0,0,3725,3215,180,55,255,20,0,0,2305,896,1379,1762,683,1079,2569,963,1439,2523,963,1451,2511,1011,1431,2412,774,1638,2234,1004,1164,2651,1117,1460,3101,1461,1564,3084,991,1851,2998,1293,1705,0.0,18,18005,,,
1502,18005010400,104,-85.8962728,39.2531236,12166361.0,12166361.0,0.0,5961,4598,691,163,448,66,14,6540,4669,605,309,957,133,0,6617,4804,557,465,782,166,0,6958,4400,1449,299,701,142,11,6452,4276,631,454,1056,267,0,6091,4016,604,269,1111,158,0,4180,3393,392,79,280,38,9,3745,3400,140,190,20,0,0,3980,3420,140,335,70,10,0,4996,3457,824,175,456,104,8,4996,3457,824,121,435,8,4,18,129,3845,3275,138,312,106,9,0,4035,3195,245,184,370,50,0,0,2047,966,1053,1968,683,1285,2157,746,1254,2132,827,1175,2111,868,1164,2058,681,1377,1831,804,935,2214,893,1233,2578,1087,1418,2572,777,1488,2493,1016,1477,0.0,18,18005,,,
1503,18005011400,114,-85.8446576,39.1330885,102910252.0,102193816.0,716436.0,4167,3696,391,44,16,33,11,4447,3827,396,67,13,2,0,4370,3838,292,77,15,1,0,3872,3214,441,75,33,99,5,4714,4032,349,168,28,3,0,4172,3513,375,161,31,51,0,3073,2786,236,27,10,22,3,3275,3080,160,24,15,4,0,3200,2980,185,24,15,4,0,2872,2491,254,41,8,69,1,2872,2491,254,31,5,7,0,9,75,3468,3187,176,81,20,3,0,3190,2760,195,159,24,44,0,0,1780,701,1045,1490,502,988,1858,433,1302,1853,529,1212,1840,591,1187,1779,388,1391,1497,452,978,1814,495,1254,1977,516,1424,1964,343,1308,1908,482,1426,0.0,18,18005,,,
1504,18089021500,215,-87.5220465,41.587841,1286032.0,1286032.0,0.0,2285,1277,560,430,26,21,1,2486,1377,708,341,36,43,0,2716,1392,926,319,61,52,0,2459,1020,863,531,45,68,1,2693,1355,930,268,87,104,0,2825,1217,1042,496,85,42,5,1754,1089,348,293,18,13,1,1840,1060,465,265,35,14,0,1895,1085,510,250,39,14,0,1901,887,571,391,35,43,1,1901,887,571,354,22,8,0,11,48,1694,983,490,170,25,25,0,1905,1045,575,255,14,8,4,0,1034,656,360,970,654,316,997,590,332,988,628,303,988,654,293,967,662,305,868,611,238,948,626,298,972,642,316,976,613,330,943,628,315,2162.230556271481,18,18089,,,
1505,18089021600,216,-87.5137417,41.5801545,1437353.0,1437353.0,0.0,2969,1496,1020,457,15,36,1,3038,1587,1315,154,97,0,0,2828,1353,1138,364,71,0,0,2997,1133,1229,601,16,105,7,2860,1501,879,425,70,42,0,2754,1340,919,430,49,70,0,2136,1241,620,260,11,22,0,2150,1260,800,70,20,0,0,2060,1055,805,180,20,0,0,2257,967,824,428,14,62,7,2257,967,824,385,4,3,2,8,64,2270,1261,697,216,42,40,0,2220,1090,750,300,50,29,0,0,1120,729,374,972,659,313,1047,633,347,1014,651,299,1015,680,294,989,670,319,827,558,241,1031,663,333,1173,726,417,1149,685,412,1129,724,405,0.0,18,18089,,,
1506,18089021900,219,-87.4423502,41.5934788,1865065.0,1865065.0,0.0,5184,2637,1712,788,70,65,8,5025,2215,1883,885,132,139,15,5234,2044,2003,1006,239,130,17,5286,1860,1952,1406,53,169,12,5331,2198,2163,955,176,0,14,5449,1814,2231,1238,100,88,28,3779,2166,1069,502,48,42,5,3355,1950,805,534,70,40,0,3460,1860,845,610,145,45,0,3874,1585,1300,890,41,122,7,3874,1585,1300,820,29,10,0,10,120,3778,2098,1090,454,144,0,0,3720,1870,1170,605,75,0,0,0,1887,1319,544,1776,1274,502,1855,1168,575,1806,1250,456,1813,1295,447,1780,1292,488,1400,1010,350,1745,1186,501,1828,1189,601,1812,1112,622,1779,1196,583,0.0,18,18089,,,
1507,18089022000,220,-87.4419018,41.5802294,2770688.0,2770688.0,0.0,5082,2374,1255,1424,70,75,7,4980,2180,1027,1570,222,147,0,4655,1983,1017,1432,200,107,0,4996,1686,1423,1836,59,97,14,4563,1897,1247,1292,105,67,0,4804,2012,1409,1320,23,70,0,3705,1952,817,891,57,46,4,3560,1840,655,910,120,40,0,3365,1650,680,925,75,35,0,3777,1479,944,1288,43,67,9,3777,1479,944,1208,22,4,3,7,110,3177,1472,906,723,65,18,0,3335,1510,835,940,25,20,0,0,1764,1255,485,1660,1222,438,1686,1077,490,1639,1155,397,1641,1198,381,1612,1220,392,1303,946,321,1617,1118,446,1743,1152,552,1738,1093,566,1715,1183,532,0.0,18,18089,,,
1508,18089030200,302,-87.4487628,41.6497182,464867.0,464867.0,0.0,1423,30,544,886,1,13,0,1327,26,639,662,0,0,0,1346,0,591,755,0,0,0,1092,32,496,589,2,11,0,1389,0,571,845,0,0,0,1206,0,414,823,0,34,0,875,24,387,480,1,8,0,815,25,470,315,0,0,0,810,0,415,395,0,0,0,684,23,346,327,2,7,0,684,23,346,310,0,1,0,0,4,880,0,404,474,0,0,0,720,0,255,459,0,4,0,0,421,400,18,370,362,8,356,339,10,337,317,11,340,326,13,337,320,17,243,230,8,306,291,11,292,268,20,291,260,28,286,268,18,0.0,18,18089,,,
1509,18089041100,411,-87.4170357,41.5725816,4360923.0,4360923.0,0.0,2377,1716,532,103,11,50,3,2006,1384,452,100,21,40,31,1972,1430,450,60,0,44,0,1847,1136,519,139,16,69,5,1946,1617,273,33,0,35,0,1907,1256,431,92,0,124,0,1746,1331,331,58,4,36,2,1585,1170,320,44,0,34,0,1640,1245,320,35,0,34,0,1362,903,338,74,16,55,4,1362,903,338,55,8,5,3,2,48,1471,1210,210,28,0,29,0,1395,1025,235,14,0,115,0,0,824,669,145,434,298,136,444,196,218,427,223,171,423,248,155,410,239,171,321,153,151,419,206,198,456,198,250,447,190,232,443,207,236,0.0,18,18089,,,
1510,18089041302,413.02,-87.3862966,41.5428714,5662453.0,5662453.0,0.0,2771,1980,432,335,23,51,4,2478,1893,307,198,73,36,0,2635,1915,444,192,61,17,0,2514,1547,529,322,36,77,5,2696,2076,369,180,51,5,0,2452,1675,513,207,49,2,0,2113,1602,270,219,11,29,4,1980,1610,205,100,49,40,0,2020,1675,200,90,40,15,0,1946,1281,334,216,28,57,5,1946,1281,334,205,16,6,0,12,92,2154,1853,187,72,39,0,0,1885,1445,290,120,29,0,0,0,876,551,309,764,493,271,815,404,355,800,448,306,802,485,290,783,473,310,675,366,285,807,428,354,891,417,458,883,391,427,866,441,425,0.0,18,18089,,,
1511,18089041400,414,-87.3912228,41.5270605,7106016.0,7073556.0,32460.0,2847,2131,406,301,9,20,2,2808,1919,418,275,196,0,0,2809,1825,559,301,124,0,0,2666,1768,474,339,27,86,0,2885,1977,453,300,155,0,0,2820,2025,416,311,43,0,0,2190,1744,233,191,6,18,2,2100,1715,130,195,60,0,0,2060,1485,280,245,60,0,0,2130,1498,331,220,23,71,0,2130,1498,331,176,16,11,0,1,97,2177,1582,291,255,55,0,0,2190,1555,365,245,20,0,0,0,966,559,392,902,504,398,944,422,489,910,453,425,918,495,404,896,482,414,786,388,372,913,430,460,978,414,548,964,375,512,948,423,525,0.0,18,18089,,,
1512,18089041500,415,-87.3543807,41.5305309,1962405.0,1962405.0,0.0,1650,408,145,1128,5,6,0,1786,400,352,1062,23,74,0,1619,376,261,941,62,77,0,1582,343,192,1041,10,35,1,1473,420,217,820,49,10,0,1494,308,293,840,65,18,0,1128,334,87,714,4,6,0,1210,320,200,665,25,10,0,1110,330,135,585,60,10,0,1149,277,131,725,6,30,1,1149,277,131,693,6,4,0,7,31,1069,334,142,543,49,10,0,1010,260,185,500,65,0,0,0,587,503,82,557,489,68,518,411,92,504,413,81,504,423,75,496,416,80,372,303,65,482,386,90,502,381,115,499,369,116,498,385,113,0.0,18,18089,,,
1513,18003003000,30,-85.1121628,41.0500991,2105035.0,2105035.0,0.0,3525,566,731,2222,31,53,14,4239,485,1245,2410,100,34,0,4396,514,1389,2275,218,0,0,3953,487,1220,2004,244,111,5,4067,628,1462,1816,161,13,0,3941,708,1380,1653,230,18,0,2253,443,410,1375,27,34,8,2245,395,280,1535,0,35,0,2195,390,310,1450,45,0,0,2591,389,700,1342,138,78,2,2591,389,700,1271,125,5,0,17,84,2348,498,555,1247,34,0,0,2495,575,630,1225,55,10,0,10,1117,1022,87,1022,936,86,781,656,92,772,640,82,766,654,90,763,634,129,589,501,65,751,645,89,817,711,89,810,632,133,802,700,102,0.0,18,18003,,,
1514,18003002800,28,-85.1209457,41.0570562,963391.0,963391.0,0.0,2065,214,485,1347,25,35,1,2417,382,705,1317,13,49,0,2316,399,796,1109,16,38,0,2488,300,870,1277,51,58,21,2522,548,669,1275,16,13,0,2580,440,707,1355,24,26,0,1329,168,261,884,17,23,1,1275,205,185,874,0,24,0,1235,190,190,868,0,19,0,1574,212,477,851,39,42,18,1574,212,477,782,29,2,4,2,66,1487,370,122,1001,0,0,0,1500,355,150,979,4,8,0,0,716,678,28,635,600,35,489,439,37,483,439,33,482,441,35,479,425,54,382,353,23,460,420,35,488,443,39,481,391,77,474,421,53,0.0,18,18003,,,
1515,18089030500,305,-87.4848862,41.6337676,1232421.0,1232421.0,0.0,4201,363,2869,1031,9,61,1,4470,329,3413,775,0,65,0,4283,340,3094,995,14,11,0,3845,278,2642,966,25,88,4,4352,233,3344,908,10,0,0,4101,287,2538,1319,10,0,0,2836,327,1901,630,4,42,0,3080,305,2295,480,0,0,0,3045,310,2180,555,0,0,0,2807,246,1894,698,10,63,1,2807,246,1894,638,2,4,0,0,23,2904,204,2207,492,0,0,0,2660,265,1590,805,0,0,0,0,1285,1116,158,1151,1047,104,1172,1022,94,1113,986,90,1114,1005,83,1112,1033,79,844,778,51,1059,937,101,1085,921,148,1065,867,170,1052,903,149,0.0,18,18089,,,
1516,18089030600,306,-87.4839288,41.614704,2421011.0,2352676.0,68335.0,5035,781,3256,1080,25,53,8,4509,490,3325,752,0,56,0,4333,717,3104,556,0,119,0,4811,531,3130,1211,20,151,9,4332,598,2998,778,0,78,0,4419,774,2990,750,0,61,0,3450,708,2100,672,15,36,4,2602,482,1612,474,0,30,0,2649,651,1609,324,0,55,0,3394,472,2173,763,8,90,6,3394,472,2173,697,2,9,1,10,30,2518,539,1528,417,0,40,0,2460,650,1390,414,0,0,0,0,1439,1171,247,1305,1088,217,1324,1051,217,1267,1056,158,1262,1064,160,1252,1106,146,949,795,132,1209,988,194,1260,976,272,1242,929,281,1219,980,239,0.0,18,18089,,,
1517,18085960900,9609,-85.6874548,41.4266116,22839119.0,21373145.0,1465974.0,2749,2529,155,17,15,25,8,3011,2677,159,18,19,10,0,2942,2645,116,11,22,20,0,2774,2450,192,28,26,51,5,2803,2560,68,0,0,4,0,2897,2538,99,0,0,5,0,2072,1960,77,4,12,15,6,2265,2195,45,0,20,10,0,2270,2200,30,0,20,20,0,2154,1953,119,7,18,39,5,2154,1953,119,6,9,6,3,2,56,2247,2222,13,0,0,4,0,2290,2250,40,0,0,4,0,0,1119,377,730,1077,282,795,1124,244,811,1118,325,739,1111,314,748,1092,226,866,970,279,669,1153,296,821,1315,308,981,1308,217,898,1288,326,962,0.0,18,18085,,,
1518,18085962600,9626,-85.7538269,41.1217759,147312426.0,145302446.0,2009980.0,2729,2643,46,10,15,11,1,2794,2530,159,72,26,7,0,2692,2461,118,76,17,13,7,2721,2562,75,26,26,24,10,2640,2421,116,51,20,22,10,2773,2504,141,48,57,10,13,2019,1972,24,4,10,9,1,2130,1990,110,10,14,4,0,2150,2030,85,10,4,15,0,2094,1985,54,7,19,20,8,2094,1985,54,6,8,0,0,4,37,2186,2065,82,3,10,21,0,2190,2070,59,10,30,8,0,15,1083,286,761,1064,227,837,1193,172,982,1192,246,890,1179,263,884,1150,174,976,960,187,734,1191,211,954,1349,202,1117,1347,155,861,1295,212,1083,0.0,18,18085,,,
1519,18085961800,9618,-85.9003623,41.2500987,43106403.0,41445147.0,1661256.0,5508,4665,674,98,48,33,1,5949,4908,577,271,49,14,40,5880,4646,541,330,181,18,74,6384,4836,1033,144,233,102,5,6603,5339,576,300,188,39,85,6771,5420,871,49,274,43,0,4135,3642,395,53,38,24,0,4250,3831,180,160,49,15,10,4095,3682,135,160,80,20,25,4931,3872,660,90,201,81,3,4931,3872,660,60,187,8,0,13,131,4533,4043,180,139,94,39,28,4915,4135,570,50,115,45,0,0,2334,806,1479,2101,567,1534,2364,503,1653,2346,651,1528,2324,668,1540,2285,471,1814,1881,547,1247,2344,626,1615,2655,709,1866,2635,495,1627,2555,702,1853,0.0,18,18085,,,
1520,18085961400,9614,-85.7038517,41.3464232,44721330.0,39252828.0,5468502.0,3107,2992,54,24,20,20,0,3103,2948,66,0,61,28,0,2983,2855,56,2,56,15,0,2931,2687,85,24,34,75,1,2778,2662,11,3,58,44,0,2715,2636,5,21,31,23,4,2412,2351,29,4,12,13,0,2402,2287,55,0,25,30,0,2340,2256,50,4,20,15,0,2355,2186,61,10,24,54,1,2355,2186,61,4,18,6,0,5,75,2129,2048,5,3,28,45,0,2120,2065,0,8,34,8,0,4,1346,435,885,1345,321,1024,1434,314,1047,1421,391,951,1422,395,981,1393,266,1127,1196,333,821,1424,371,1008,1567,406,1136,1561,276,1029,1512,392,1120,0.0,18,18085,,,
1521,18085962200,9622,-85.7136423,41.2265653,117105643.0,115013341.0,2092302.0,4811,4358,319,40,52,32,1,4810,4205,507,38,54,41,0,4856,4293,443,35,53,52,0,4770,4135,360,46,58,121,3,4832,4250,453,45,52,27,0,4962,4411,403,51,60,21,0,3567,3311,173,20,30,28,1,3685,3335,265,10,35,35,0,3710,3340,260,20,35,45,0,3634,3222,220,31,39,90,0,3634,3222,220,15,30,13,0,5,129,3730,3399,241,14,45,26,0,3785,3550,155,20,40,22,0,0,1840,564,1235,1827,413,1414,2055,362,1558,2035,481,1423,2026,513,1426,1974,362,1612,1657,407,1187,1992,448,1478,2175,466,1650,2179,328,1377,2094,456,1638,0.0,18,18085,,,
1522,18085961500,9615,-85.6902707,41.3096683,28845611.0,25241142.0,3604469.0,2583,2480,62,14,9,17,2,2486,2415,0,29,42,0,0,2597,2529,0,31,35,0,0,2588,2410,72,28,13,49,4,2459,2367,0,59,33,0,0,2309,2204,0,77,0,4,0,2032,1970,33,8,8,14,2,1870,1835,0,10,25,0,0,1920,1890,0,10,20,0,0,2060,1949,40,8,8,37,3,2060,1949,40,2,4,3,2,0,60,1845,1792,0,26,20,0,0,1755,1690,0,70,0,4,0,0,1177,364,791,1147,272,875,1206,224,914,1193,301,822,1190,301,841,1165,205,960,1040,262,735,1221,284,893,1385,312,1046,1378,216,925,1329,313,1016,0.0,18,18085,,,
1523,18085961200,9612,-85.9706511,41.3154036,203505355.0,201239264.0,2266091.0,5742,5207,423,50,44,28,2,6136,5288,560,27,158,103,10,5949,5329,470,19,110,22,7,6279,5170,675,100,218,91,8,6249,5320,717,24,164,25,9,6173,5570,496,28,72,8,14,4035,3740,239,25,28,15,2,4032,3891,70,19,0,54,0,4166,4025,104,15,0,19,0,4471,3784,384,48,173,62,5,4471,3784,384,40,160,6,4,12,81,3927,3758,107,20,0,22,0,4130,3950,139,25,10,4,0,0,1820,526,1246,1822,400,1422,2169,394,1619,2161,498,1495,2153,562,1494,2101,378,1723,1703,416,1206,2082,459,1530,2221,442,1713,2215,302,1390,2122,465,1657,0.0,18,18085,,,
1524,18085961300,9613,-85.7957904,41.339591,68200256.0,61884016.0,6316240.0,3247,2930,251,20,24,12,6,3278,3106,119,21,30,2,3,3402,3269,102,0,31,1,0,3328,2999,185,28,35,50,2,3372,3247,92,0,33,0,0,3252,2918,211,0,53,27,0,2488,2307,139,13,18,6,2,2448,2388,45,4,10,4,0,2580,2529,35,0,10,0,0,2671,2437,135,15,30,34,2,2671,2437,135,4,12,10,1,9,63,2485,2448,17,0,10,0,0,2390,2280,85,0,15,10,0,0,1422,402,981,1469,339,1130,1593,298,1207,1596,379,1127,1591,412,1131,1555,283,1272,1316,312,963,1555,351,1158,1699,377,1283,1694,270,1107,1643,383,1260,0.0,18,18085,,,
1525,18085961600,9616,-85.7425237,41.2843109,21214861.0,18020641.0,3194220.0,1562,1501,36,4,3,19,0,1667,1637,14,5,0,11,0,1628,1593,28,4,0,3,0,1579,1455,55,12,14,32,0,1857,1819,33,0,0,5,0,1723,1606,39,27,32,19,0,1253,1216,18,2,3,9,0,1300,1285,0,4,0,10,0,1245,1225,15,4,0,4,0,1351,1267,45,5,7,23,0,1351,1267,45,2,6,1,0,7,23,1445,1424,17,0,0,2,0,1360,1310,30,0,0,19,0,0,714,213,490,706,166,540,745,128,587,739,160,536,730,169,537,729,120,609,622,144,460,753,162,570,866,195,652,864,138,601,839,197,642,0.0,18,18085,,,
1526,18085962400,9624,-85.9783471,41.2119579,112907083.0,109273319.0,3633764.0,3782,3419,285,24,19,36,1,4014,3738,224,22,10,19,0,3913,3579,279,15,6,36,0,3659,3168,353,29,26,79,0,4342,3910,389,0,9,34,0,4112,3811,247,10,0,45,0,2780,2567,164,13,14,25,1,2969,2904,35,4,4,18,0,2915,2820,55,4,4,34,0,2786,2466,219,19,24,50,0,2786,2466,219,9,16,7,0,11,58,3028,2911,66,0,11,22,0,2845,2705,95,4,0,39,0,0,1411,414,965,1398,293,1105,1578,235,1245,1571,367,1098,1569,401,1105,1519,242,1277,1279,301,933,1546,323,1170,1672,308,1323,1659,205,1021,1610,325,1285,0.0,18,18085,,,
1527,18085962000,9620,-85.837158,41.2484562,6902910.0,5827583.0,1075327.0,4672,3906,467,88,165,50,7,4821,4025,513,126,149,7,0,4824,3945,614,156,101,0,0,5038,3875,654,172,229,116,5,4628,3524,789,123,183,0,0,4957,4063,401,261,187,36,0,3522,3058,259,52,122,33,5,3163,2898,125,104,30,4,0,3143,2797,195,134,20,0,0,3895,3083,445,103,187,92,2,3895,3083,445,66,173,7,1,12,108,3311,2799,399,92,11,0,0,3640,3135,325,140,0,35,0,0,1743,561,1152,1745,455,1290,1932,459,1306,1930,555,1249,1905,567,1265,1874,419,1455,1565,491,1013,1888,558,1257,2039,658,1324,2048,452,1264,1976,599,1377,0.0,18,18085,,,
1528,18085961700,9617,-85.8055506,41.2836065,31027507.0,28253731.0,2773776.0,4444,3587,739,39,52,23,1,4363,3401,921,41,0,0,0,4307,3263,1007,37,0,0,0,4597,3389,1017,54,74,58,4,4039,3152,859,28,0,0,0,4579,3475,1018,74,29,7,0,3204,2706,424,20,32,19,1,2940,2640,270,30,0,0,0,2780,2540,215,25,0,0,0,3404,2676,618,25,46,40,3,3404,2676,618,20,36,0,0,7,47,2522,2263,242,21,0,0,0,2755,2490,210,45,4,8,0,0,1678,503,1145,1670,357,1313,1933,386,1440,1913,459,1335,1903,476,1356,1854,330,1524,1564,390,1109,1901,443,1389,2098,489,1554,2085,326,1406,2019,461,1558,0.0,18,18085,,,
1529,18085962500,9625,-85.9710657,41.1329268,145737872.0,143326411.0,2411461.0,2977,2846,67,28,13,34,1,2864,2741,63,19,29,13,0,3114,2968,66,28,41,10,0,2717,2499,129,12,17,50,3,2845,2684,85,34,31,11,0,2622,2502,56,43,12,9,0,2211,2137,38,12,10,24,0,2161,2091,30,8,25,4,0,2251,2171,35,8,35,10,0,2076,1948,59,7,8,46,2,2076,1948,59,5,5,4,0,0,55,2294,2197,59,5,24,9,0,2110,2070,14,19,0,8,0,0,1091,332,727,1048,259,789,1168,185,908,1147,268,789,1137,283,800,1106,201,905,922,211,673,1120,217,862,1241,191,1029,1237,139,785,1196,209,987,0.0,18,18085,,,
1530,18085961100,9611,-85.9169315,41.3916665,170489791.0,168929677.0,1560114.0,5978,5454,436,43,19,34,0,5736,4827,777,26,42,85,0,5799,4874,827,22,15,24,0,6162,5457,503,57,38,110,4,5822,4973,782,12,14,5,0,6272,5180,815,62,124,24,0,4178,3864,264,20,11,23,0,4265,3735,435,10,20,65,0,4040,3640,360,4,14,25,0,4387,3938,323,21,16,80,4,4387,3938,323,18,11,18,0,0,79,4217,3876,319,0,8,7,0,4390,4005,290,15,60,27,0,0,1908,559,1310,1781,384,1397,1918,346,1462,1898,455,1335,1889,479,1348,1850,311,1539,1524,342,1134,1879,385,1444,2134,387,1706,2122,274,1368,2058,391,1667,0.0,18,18085,,,
1531,18085962700,9627,-85.8867897,41.0831748,159991986.0,156408160.0,3583826.0,3432,3285,84,19,16,29,6,3639,3468,115,7,12,44,0,3650,3504,105,5,11,30,0,3313,3080,132,21,12,66,2,3618,3509,66,7,12,29,0,3420,3242,129,2,11,40,0,2622,2541,37,11,7,22,2,2700,2635,30,0,8,19,0,2720,2650,30,0,8,19,0,2569,2424,67,9,10,51,2,2569,2424,67,6,9,9,0,3,51,2873,2830,15,5,13,16,0,2775,2705,35,4,10,28,0,0,1335,410,889,1254,292,962,1376,192,1124,1365,309,970,1358,340,963,1331,211,1120,1107,248,816,1363,261,1055,1531,239,1252,1531,169,940,1471,271,1200,0.0,18,18085,,,
1532,18085962300,9623,-85.8385973,41.1979144,37917359.0,35276730.0,2640629.0,5036,4354,516,78,65,34,9,5508,5137,247,44,66,0,14,5678,5194,355,60,52,0,18,5576,4673,465,118,175,126,8,5181,4724,139,221,75,0,28,5507,4903,135,220,125,27,6,3654,3268,277,42,42,29,6,3925,3769,88,25,35,0,0,4074,3881,116,20,40,0,0,4178,3648,271,70,105,64,3,4178,3648,271,52,98,3,0,14,92,3731,3561,26,79,46,0,0,4085,3895,80,70,40,8,0,4,2259,678,1547,2225,478,1747,2464,536,1736,2457,619,1721,2446,659,1696,2379,461,1918,2070,574,1422,2485,636,1761,2804,755,1976,2810,511,1805,2709,699,2010,0.0,18,18085,,,
1533,18085961900,9619,-85.853445,41.2375862,2131747.0,2130582.0,1165.0,2889,2455,300,87,22,25,3,2874,2016,391,140,267,48,0,2824,2071,328,76,262,63,0,2498,1853,422,110,48,63,7,2786,2122,395,87,82,66,0,2826,2262,393,125,0,30,0,2178,1905,185,50,16,20,2,2105,1711,226,99,35,44,0,2106,1784,183,49,18,59,0,1931,1487,292,60,40,45,7,1931,1487,292,43,31,11,1,10,56,1892,1640,116,71,0,60,0,1925,1695,100,105,0,29,0,0,813,307,486,778,235,543,896,239,564,885,280,535,875,293,535,851,244,607,677,228,411,856,274,540,961,324,607,931,225,530,906,294,612,0.0,18,18085,,,
1534,18035002000,20,-85.3536468,40.2132454,16395880.0,16395524.0,356.0,5250,4575,97,491,29,66,1,4733,4133,181,467,0,20,4,4798,4210,121,530,0,16,0,4793,3860,223,496,54,160,3,4863,4173,4,652,0,34,0,5034,4124,147,631,64,20,0,4146,3714,54,319,23,43,1,3680,3310,25,325,0,19,4,3840,3395,40,389,0,14,0,3810,3167,143,335,36,135,1,3810,3167,143,281,26,9,0,6,178,4041,3414,0,583,0,39,0,4045,3450,50,500,15,20,0,0,1824,1152,636,1538,922,616,1646,672,874,1620,816,692,1609,831,709,1547,724,823,1224,598,542,1572,717,788,1699,680,992,1683,540,935,1658,709,949,0.0,18,18035,,,
1535,18035002100,21,-85.349507,40.1638558,12739324.0,12573012.0,166312.0,2792,2500,42,220,13,24,4,3122,2519,51,453,72,8,19,2883,2494,87,210,68,0,24,3024,2563,92,289,20,66,9,3016,2666,109,134,50,30,27,2708,2356,152,145,63,7,0,2159,1992,24,122,9,20,2,2315,2035,10,180,59,10,20,2155,1980,45,55,54,0,25,2288,2027,50,142,19,46,5,2288,2027,50,126,8,9,0,4,64,2275,2032,72,77,43,23,24,2060,1780,135,99,49,4,0,0,1301,802,482,1064,608,456,1132,407,645,1119,523,519,1110,563,505,1070,450,620,917,437,426,1131,486,597,1256,480,757,1238,380,710,1217,495,722,0.0,18,18035,,,
1536,18035002602,26.02,-85.3806756,40.3386784,76792611.0,76002928.0,789683.0,2838,2743,40,22,1,24,5,2756,2718,4,18,4,12,0,2754,2676,34,22,0,22,0,2540,2436,27,20,7,48,1,2726,2596,94,26,0,10,0,2555,2400,108,10,0,65,0,2134,2091,19,4,1,17,3,2110,2090,4,8,0,4,0,2175,2130,24,14,0,14,0,1955,1888,17,15,5,33,0,1955,1888,17,7,3,2,0,0,38,2170,2102,36,13,0,5,0,2010,1930,50,8,0,29,0,0,1183,640,513,1072,501,571,1127,296,756,1090,398,598,1088,445,577,1067,366,701,865,308,497,1086,349,682,1192,304,870,1185,239,747,1157,348,809,0.0,18,18035,,,
1537,18179040600,406,-85.1952356,40.7214996,9055682.0,8923196.0,132486.0,4191,3909,167,69,28,27,1,4137,3697,286,113,0,89,0,4271,3859,248,177,0,16,0,4186,3645,298,118,26,80,10,4379,3823,276,251,0,13,0,4293,3443,399,374,26,37,0,3094,2933,101,26,16,19,1,2870,2685,160,14,0,0,0,2890,2680,140,43,0,4,0,3150,2778,187,76,22,66,10,3150,2778,187,56,13,9,4,7,96,2895,2670,171,26,0,3,0,2890,2460,260,110,25,19,0,15,1530,644,855,1413,521,892,1464,332,1053,1450,465,875,1439,493,877,1414,346,1068,1106,319,730,1427,401,969,1565,387,1134,1562,279,950,1534,403,1131,0.0,18,18179,,,
1538,18167010702,107.02,-87.297179,39.3417048,169695667.0,166803727.0,2891940.0,5693,5300,40,109,211,34,9,6039,5378,252,186,193,30,0,6186,5534,327,81,208,36,0,6001,5241,137,208,245,92,7,6889,6146,82,198,435,28,0,7184,6667,104,352,19,90,0,4330,4069,20,63,156,25,4,4560,4150,145,150,80,30,0,4710,4355,185,54,80,35,0,4733,4213,86,128,192,70,5,4733,4213,86,114,165,8,4,13,130,5056,4695,60,138,134,26,0,5550,5185,35,250,4,73,0,0,2758,1261,1458,2575,944,1631,2800,839,1794,2783,1197,1448,2777,1271,1440,2625,909,1716,2273,887,1285,2725,1027,1613,3033,1037,1935,3020,770,2010,2798,992,1806,0.0,18,18167,,,
1539,18167010100,101,-87.2778781,39.547511,120406679.0,119837588.0,569091.0,5865,5477,85,127,153,23,8,5403,5054,61,173,112,16,4,5640,5162,125,185,196,16,22,5835,5128,129,211,243,98,14,5636,5030,164,172,252,16,52,5656,5000,115,158,302,16,29,4788,4469,66,97,141,20,5,4405,4145,55,135,50,14,0,4550,4210,110,120,70,14,0,4829,4222,109,170,225,80,8,4829,4222,109,134,167,0,0,16,181,4702,4246,167,107,127,14,0,4685,4215,120,103,205,12,0,30,2435,1184,1199,2101,905,1196,2285,741,1421,2267,1078,1090,2255,1091,1114,2166,839,1327,1883,773,1037,2237,891,1287,2487,857,1589,2472,627,1626,2293,822,1471,0.0,18,18167,,,
1540,18167001400,14,-87.368621,39.4689338,4111130.0,4111130.0,0.0,3240,2977,48,148,43,34,1,3358,2864,0,446,42,0,11,3337,2999,0,319,19,0,0,3046,2619,71,253,33,63,1,3588,3182,70,319,17,0,0,3265,2858,52,292,39,11,0,2597,2417,33,99,35,21,0,2725,2425,0,264,28,0,0,2720,2530,0,185,14,0,0,2417,2139,37,159,30,52,1,2417,2139,37,145,17,5,0,2,72,3044,2740,70,226,11,0,0,2715,2420,50,215,25,0,0,0,1773,1001,750,1609,827,782,1582,764,724,1573,910,595,1571,950,581,1503,777,726,1324,771,499,1548,862,641,1684,928,721,1670,703,865,1566,848,718,0.0,18,18167,,,
1541,18167001600,16,-87.355416,39.45458,9374313.0,9286052.0,88261.0,5128,4723,88,187,113,37,7,4827,4331,207,154,135,0,0,4940,4489,103,182,166,0,0,5436,4834,149,224,150,60,4,5563,5098,92,163,210,0,0,5948,5185,101,206,456,0,0,4021,3762,50,120,74,25,4,3880,3500,190,115,65,0,0,3910,3630,95,130,60,0,0,4300,3890,94,145,108,49,4,4300,3890,94,124,91,0,0,11,90,4218,3922,74,108,130,0,0,4065,3750,55,120,145,0,0,0,3066,1528,1496,2907,1323,1584,2921,1200,1570,2910,1504,1277,2910,1562,1302,2752,1218,1534,2540,1265,1166,2904,1386,1442,3234,1483,1690,3238,1045,2018,2974,1327,1647,0.0,18,18167,,,
1542,18167010300,103,-87.4637139,39.5587207,117647926.0,115085932.0,2561994.0,3747,3637,33,20,37,22,2,3614,3563,21,14,13,3,0,3666,3640,4,4,18,0,0,3899,3686,48,43,24,69,2,3756,3632,33,67,24,0,0,3725,3462,24,105,115,19,0,3004,2922,25,16,26,16,2,3005,2955,20,15,8,4,0,3060,3035,4,4,14,0,0,3143,2969,37,37,22,53,2,3143,2969,37,24,15,13,0,15,70,3131,3069,9,39,14,0,0,3230,3090,10,64,45,18,0,0,1831,1022,766,1659,818,841,1693,601,1048,1687,907,716,1673,942,703,1593,685,908,1407,631,703,1684,723,926,1913,637,1246,1896,507,1246,1779,644,1135,8044.051466061999,18,18167,,,
1543,18167001300,13,-87.365198,39.4966575,11449476.0,11157554.0,291922.0,2522,2280,39,162,29,26,4,2322,2165,0,111,24,22,0,2219,1946,0,170,84,20,0,2423,2052,57,146,96,69,6,2522,2216,0,220,72,14,0,2505,2079,0,242,140,5,0,1987,1826,26,92,24,20,4,1935,1845,0,70,0,23,0,1825,1680,0,85,40,20,0,1988,1731,38,83,81,43,3,1988,1731,38,65,72,12,0,4,66,1960,1828,0,100,35,15,0,1890,1740,0,89,55,4,0,0,915,578,312,793,454,339,778,340,390,773,436,291,774,445,301,734,361,373,552,285,234,759,383,345,871,395,452,862,314,470,807,393,414,0.0,18,18167,,,
1544,18167001000,10,-87.4015342,39.5140426,6462926.0,6222589.0,240337.0,3544,3315,46,140,18,35,0,3703,3282,18,324,64,0,0,3695,3312,27,339,17,0,0,3310,2979,56,141,38,57,0,3828,3494,12,322,0,0,0,3373,3184,50,110,12,29,0,2814,2668,32,81,15,27,0,2815,2580,19,205,15,0,0,3035,2780,25,215,15,0,0,2653,2419,36,100,21,45,0,2653,2419,36,73,13,8,0,7,97,2964,2756,5,205,0,0,0,2695,2515,44,95,10,30,0,0,1499,871,599,1330,711,619,1360,571,714,1350,767,509,1338,776,529,1282,627,655,1068,547,455,1321,651,627,1498,640,825,1491,459,916,1379,636,743,0.0,18,18167,,,
1545,18165020100,201,-87.4803633,40.0429214,195967828.0,194050719.0,1917109.0,3356,3301,15,14,13,21,4,3292,3124,21,17,71,46,22,3487,3313,73,22,47,45,0,3034,2885,44,18,24,49,3,3478,3253,110,14,57,48,0,3301,3041,175,2,14,41,11,2633,2603,9,3,9,11,3,2585,2465,18,4,45,31,0,2610,2500,49,0,25,32,0,2384,2281,27,9,17,45,0,2384,2281,27,3,10,7,0,0,56,2560,2444,46,0,30,29,0,2415,2305,69,0,0,28,4,10,1455,680,726,1309,528,781,1433,340,1037,1424,539,803,1427,551,822,1374,432,942,1191,382,727,1410,411,951,1549,328,1195,1526,229,1072,1465,381,1084,22399.388259996078,18,18165,,,
1546,18165020200,202,-87.4562957,39.8322919,312445727.0,309813878.0,2631849.0,2806,2752,20,5,9,11,0,2740,2688,18,0,0,34,0,2450,2358,31,18,0,43,0,2622,2532,18,16,7,30,3,2323,2204,46,42,0,31,0,2454,2390,13,33,1,17,0,2148,2113,15,2,6,9,0,2090,2055,8,0,0,27,0,1930,1875,14,4,0,38,0,2040,1971,12,13,7,24,1,2040,1971,12,3,5,0,0,5,44,1839,1783,6,20,0,21,0,2010,1955,14,20,4,22,0,0,1411,709,650,1240,514,726,1347,342,934,1327,548,688,1313,593,674,1256,434,822,1089,400,606,1305,429,826,1415,307,1076,1401,215,1007,1349,371,978,24080.142581888642,18,18165,,,
1547,18165020300,203,-87.4548329,39.6982753,84051939.0,83186315.0,865624.0,3146,3087,28,13,8,11,6,2841,2829,7,0,0,5,0,2858,2827,25,0,0,0,6,3035,2917,18,19,16,49,3,3087,3053,26,0,0,0,8,2955,2885,15,8,17,25,10,2442,2405,11,6,4,11,5,2215,2200,4,0,0,4,0,2305,2275,24,0,0,0,4,2439,2352,11,9,15,34,2,2439,2352,11,7,8,2,0,0,59,2363,2318,25,0,0,0,2,2295,2235,14,0,10,18,10,10,1481,853,586,1339,615,724,1447,470,904,1439,711,635,1424,742,634,1352,548,804,1173,477,614,1408,576,784,1536,496,1012,1510,361,992,1477,557,920,7330.705433846438,18,18165,,,
1548,18165020400,204,-87.4701219,39.6338781,73158854.0,71034254.0,2124600.0,2005,1972,18,2,1,7,3,1944,1906,11,13,27,0,0,2038,1997,8,20,33,0,0,1913,1820,15,10,10,30,4,1918,1866,18,11,29,5,0,1957,1815,32,76,0,17,0,1557,1537,10,1,1,7,1,1505,1480,4,0,15,0,0,1540,1525,4,0,15,0,0,1539,1463,13,6,7,23,4,1539,1463,13,0,3,4,1,0,55,1469,1426,4,0,20,2,0,1540,1475,14,40,0,10,0,0,1015,608,387,901,426,475,987,310,622,985,493,429,978,512,435,942,402,540,800,331,423,980,400,543,1075,356,698,1067,246,704,1030,393,637,6413.839594703059,18,18165,,,
1549,18165020500,205,-87.4017887,39.6574008,7546059.0,7190177.0,355882.0,4899,4750,49,34,26,42,3,4743,4478,0,209,0,9,0,4706,4489,0,169,0,9,0,4835,4538,73,60,42,77,18,4679,4561,8,99,0,11,0,4821,4695,6,67,43,10,0,3688,3597,31,17,14,31,2,3660,3510,0,145,0,10,0,3620,3505,0,110,0,10,0,3746,3543,46,21,30,62,10,3746,3543,46,9,16,10,10,8,104,3763,3699,9,70,0,13,0,3800,3700,4,50,35,8,0,0,1870,1153,661,1617,903,714,1759,619,1016,1727,906,692,1733,941,714,1656,752,904,1329,599,631,1711,739,893,1905,658,1203,1882,480,1163,1834,726,1108,0.0,18,18165,,,
1550,18127050203,502.03,-87.0364606,41.6376167,44387364.0,39489750.0,4897614.0,6669,5984,339,124,181,58,3,6658,5866,533,89,118,52,0,6578,5869,373,91,206,39,0,6635,5577,551,149,170,147,5,6742,5928,483,90,200,41,0,6755,6254,252,53,157,6,0,5124,4671,217,68,130,43,2,5185,4675,300,54,100,50,0,5165,4685,240,50,145,40,0,5254,4523,347,108,138,105,5,5254,4523,347,73,98,12,1,12,188,5329,4736,352,53,158,38,0,5390,5075,144,50,109,4,0,0,3202,1853,1291,3327,1736,1591,3469,1559,1652,3412,1665,1548,3421,1850,1456,3314,1618,1696,2977,1600,1282,3419,1712,1599,3676,1824,1782,3682,1514,1837,3637,1789,1848,0.0,18,18127,,,
1551,18127990000,9900,-87.1003784,41.7123097,240184630.0,0.0,240184630.0,0,0,0,0,0,0,0,0,0,0,0,0,0,0,0,0,0,0,0,0,0,0,0,0,0,0,0,0,0,0,0,0,0,0,0,0,0,0,0,0,0,0,0,0,0,0,0,0,0,0,0,0,0,0,0,0,0,0,0,0,0,0,0,0,0,0,0,0,0,0,0,0,0,0,0,0,0,0,0,0,0,0,0,0,0,0,0,0,0,0,0,0,0,0,0,0,0,0,0,0,0,0,0,0,0,0,0,0,0,0,0,0,0,0,0,0,0,0,0,0,0,0,0,0,0,0,0,23992.26117858403,18,18127,,,
1552,18167000300,3,-87.4127215,39.4786676,2389792.0,2389792.0,0.0,1705,1446,42,180,19,17,4,1973,1399,37,317,100,126,19,2092,1568,34,353,68,68,0,2105,1668,94,205,82,32,7,2273,1704,63,420,50,43,0,2685,2059,47,512,70,26,0,1361,1191,29,108,13,14,4,1430,1105,30,255,10,40,0,1555,1215,25,290,15,4,0,1806,1464,66,161,80,20,7,1806,1464,66,138,58,0,4,19,57,1813,1430,54,314,16,4,0,2275,1855,50,335,24,24,0,4,565,415,137,316,191,125,310,158,125,306,180,104,303,192,94,301,174,127,170,105,52,288,171,102,354,200,143,347,161,152,325,190,135,0.0,18,18167,,,
1553,18167000400,4,-87.3870184,39.4813297,1813323.0,1813323.0,0.0,3208,2558,87,501,16,40,9,3116,2489,76,574,0,39,0,2795,2152,85,532,45,54,0,2976,2230,126,477,14,122,5,2824,1930,161,716,33,48,0,2805,2154,76,520,33,13,0,2335,1925,49,326,13,23,2,2225,1945,40,235,0,38,0,1890,1640,20,215,0,54,0,2112,1681,60,275,10,92,1,2112,1681,60,216,5,11,1,3,135,1849,1457,1,341,0,42,0,1860,1505,35,309,0,14,0,0,1014,722,267,761,519,242,748,371,323,720,435,217,723,450,235,707,409,298,523,306,170,701,392,273,803,415,368,796,354,371,754,415,339,0.0,18,18167,,,
1554,18167001700,17,-87.3911598,39.4425193,4191741.0,4191741.0,0.0,4728,3949,104,574,49,56,10,4906,3837,316,664,34,219,0,5057,4056,277,613,50,205,0,4700,3758,158,544,59,140,3,4636,3797,137,609,41,193,0,4026,3285,121,489,0,145,0,3615,3157,60,328,38,41,4,3640,3025,85,319,25,90,0,3810,3090,95,435,20,90,0,3612,3014,84,344,34,104,2,3612,3014,84,279,23,5,2,18,187,3528,2924,3,447,14,84,0,3140,2695,0,380,0,119,0,0,1893,1175,672,1593,910,683,1625,744,784,1612,924,591,1608,952,614,1550,815,735,1183,628,488,1578,816,711,1785,854,891,1768,670,970,1657,798,859,0.0,18,18167,,,
1555,18167011000,110,-87.4731823,39.3110053,228676835.0,225190905.0,3485930.0,3622,3448,53,45,59,14,1,3718,3483,76,30,129,0,0,3611,3323,99,37,119,0,33,3364,3098,68,50,62,64,3,3365,3183,0,50,84,6,42,3277,3134,23,1,35,53,26,2738,2626,26,22,41,11,1,2805,2650,60,34,65,0,0,2750,2555,70,39,55,0,35,2591,2416,35,33,43,51,2,2591,2416,35,11,33,6,1,13,76,2699,2578,0,52,30,2,30,2595,2475,25,4,25,50,25,0,1676,764,873,1626,626,1000,1653,426,1164,1648,687,880,1642,780,831,1564,540,1024,1309,448,793,1606,543,1021,1780,455,1287,1772,336,1279,1653,483,1170,18764.244332206923,18,18167,,,
1556,18167010400,104,-87.4924084,39.456548,99459445.0,96319925.0,3139520.0,3631,3550,27,13,17,24,3,3722,3674,0,15,27,6,0,3679,3590,0,31,27,31,0,3710,3517,43,38,18,81,1,3578,3523,0,13,22,20,0,3976,3819,0,135,0,22,0,2803,2762,12,1,10,17,0,2799,2779,0,0,20,8,0,2778,2718,0,4,20,34,0,2902,2747,26,31,18,68,0,2902,2747,26,9,7,6,0,4,103,2565,2527,0,3,16,19,0,2760,2730,0,10,0,18,0,0,1695,970,688,1606,819,787,1611,548,994,1601,884,631,1598,959,609,1514,717,797,1339,625,637,1590,700,851,1801,591,1188,1792,479,1167,1639,609,1030,20839.986486052727,18,18167,,,
1557,18113972200,9722,-85.5856768,41.4692924,12382328.0,12241589.0,140739.0,4824,2402,2349,29,32,32,3,4881,1752,3014,70,38,88,0,4787,1988,2716,120,21,53,0,4904,1935,2803,61,51,193,6,5098,2370,2667,132,34,14,0,5025,2313,2629,129,35,38,93,3141,1771,1329,15,21,20,2,2500,1400,1025,4,40,29,0,2670,1585,1040,4,19,20,0,3434,1479,1822,43,40,148,2,3434,1479,1822,25,31,3,0,2,72,2806,1821,939,9,40,3,0,2900,1765,1060,10,35,32,0,0,1036,452,547,884,320,564,991,316,592,929,327,512,919,351,524,906,296,610,687,253,388,928,325,560,1062,343,695,1051,278,615,1020,336,684,0.0,18,18113,,,
1558,18113972500,9725,-85.2707436,41.3276384,172789140.0,172621075.0,168065.0,6511,6327,81,51,18,32,4,6622,6292,152,43,57,78,0,6607,6272,146,42,52,95,0,6567,6145,142,95,29,99,2,6321,5934,138,191,26,59,0,6046,5599,68,302,21,29,0,4885,4778,44,27,14,22,3,4950,4810,44,38,8,48,0,5060,4945,34,33,8,49,0,5077,4813,80,53,18,72,2,5077,4813,80,44,10,12,0,12,106,5008,4888,21,69,7,33,0,4850,4640,24,134,19,24,0,0,2721,1056,1605,2581,770,1811,2844,592,2069,2804,771,1818,2780,866,1794,2696,545,2151,2373,652,1636,2886,728,2051,3364,735,2573,3353,518,2232,3237,790,2447,0.0,18,18113,,,
1559,18113972600,9726,-85.428667,41.3136429,142505058.0,138285079.0,4219979.0,4222,4089,47,37,13,35,1,4319,4213,87,0,0,19,0,4444,4351,81,0,0,11,0,3936,3728,60,26,22,67,3,4419,4310,64,0,2,10,0,4198,4102,4,0,3,23,0,3238,3151,30,27,8,24,1,3420,3330,65,0,0,19,0,3455,3380,65,0,0,14,0,3086,2941,33,9,15,54,2,3086,2941,33,5,10,6,0,6,85,3493,3442,42,0,4,6,0,3475,3450,4,0,4,19,0,0,1703,624,1039,1750,519,1231,1857,361,1409,1835,471,1238,1835,570,1210,1779,367,1412,1593,451,1097,1848,463,1338,2042,440,1567,2042,312,1344,1981,481,1500,0.0,18,18113,,,
1560,18113972000,9720,-85.3652066,41.484405,72750037.0,69720746.0,3029291.0,3072,2978,49,10,20,13,3,3154,3032,61,3,24,34,0,3125,2954,101,5,0,65,0,3096,2929,70,22,16,54,4,3233,2954,211,26,0,31,0,3012,2738,161,24,0,42,0,2349,2291,23,5,15,10,3,2430,2370,35,4,0,20,0,2445,2340,70,8,0,34,0,2390,2261,52,16,11,46,4,2390,2261,52,3,7,3,0,0,64,2598,2455,119,7,0,25,0,2410,2285,85,4,0,32,0,0,1218,523,669,1115,376,739,1232,272,904,1204,363,759,1193,386,772,1174,255,919,1030,298,695,1218,329,855,1370,318,1031,1362,217,941,1325,339,986,0.0,18,18113,,,
1561,18113972400,9724,-85.4172708,41.4046794,165580295.0,164686472.0,893823.0,5067,4872,119,32,20,23,1,4777,4481,217,40,0,39,0,4780,4461,224,58,21,47,5,4769,4393,186,32,45,111,0,5069,4755,240,57,26,56,6,4920,4618,171,73,24,56,31,3769,3646,69,14,10,21,1,3750,3555,125,30,0,39,0,3715,3515,115,40,0,44,0,3708,3457,115,18,23,76,0,3708,3457,115,9,10,5,0,15,97,3730,3538,111,44,0,24,0,3630,3420,114,50,0,27,25,0,1880,756,1085,1812,550,1262,1879,363,1412,1842,525,1202,1838,583,1202,1784,329,1455,1498,414,1020,1834,458,1322,2048,437,1587,2029,286,1328,1958,430,1528,0.0,18,18113,,,
1562,18113971700,9717,-85.2413385,41.4740725,104851770.0,102564087.0,2287683.0,6090,5789,183,27,52,31,3,6065,5890,105,4,0,24,0,6186,5921,142,0,107,19,0,6212,5675,218,73,90,131,4,5970,5717,148,0,105,2,0,6099,5607,206,103,151,4,0,4664,4487,104,11,32,24,2,4665,4570,64,4,0,24,0,4670,4525,50,0,70,19,0,4809,4479,130,27,53,103,2,4809,4479,130,14,38,10,0,11,127,4468,4327,59,0,78,5,0,4600,4355,80,65,100,4,0,0,2641,1147,1456,2491,876,1615,2670,646,1875,2602,854,1595,2589,913,1590,2531,569,1962,2112,686,1335,2615,772,1752,2912,785,2071,2892,491,1954,2799,755,2044,0.0,18,18113,,,
1563,18113971900,9719,-85.2988449,41.4307391,48682711.0,48263501.0,419210.0,5057,4658,266,55,47,36,5,5107,4510,104,171,172,135,0,5092,4352,314,138,146,117,10,5572,4876,312,84,135,119,15,5121,4292,353,257,122,53,33,5384,4539,535,113,167,1,42,3718,3499,149,24,29,30,3,3660,3440,0,65,95,59,0,3510,3300,45,40,75,38,10,4131,3668,210,37,91,90,14,4131,3668,210,22,39,9,0,6,177,3679,3306,57,160,100,9,35,3855,3400,185,85,145,4,40,0,1875,869,976,1578,587,991,1704,436,1159,1665,548,991,1654,583,998,1616,402,1214,1325,434,820,1735,527,1141,2093,580,1470,2072,386,1334,2001,579,1422,0.0,18,18113,,,
1564,18113972300,9723,-85.5731494,41.3551837,181885861.0,178835149.0,3050712.0,5071,4463,519,32,25,51,3,4727,4164,492,11,8,52,0,4752,4041,599,8,7,98,0,4702,3950,625,24,32,68,7,4830,4114,660,8,0,47,0,4416,3813,527,8,0,67,0,3712,3386,278,12,9,34,2,3410,3225,135,8,10,30,0,3370,3210,105,4,4,45,0,3501,3046,384,10,18,41,2,3501,3046,384,4,12,7,0,0,48,3502,3370,84,4,0,27,0,3180,3075,59,4,0,48,0,0,1810,694,1068,1715,529,1186,1855,410,1343,1811,490,1178,1809,579,1151,1760,378,1382,1487,436,994,1813,472,1284,2016,455,1530,1992,331,1306,1949,468,1481,0.0,18,18113,,,
1565,18113972100,9721,-85.5485428,41.4761676,177765815.0,174912950.0,2852865.0,4427,3553,808,35,16,16,7,4429,3941,395,7,33,46,7,4522,4042,363,6,52,53,7,4486,3776,632,23,12,36,6,4545,4150,269,6,85,25,10,4835,4227,494,22,33,48,0,2957,2470,459,7,9,12,5,2895,2730,120,4,10,23,0,2945,2800,100,4,20,18,0,3036,2586,392,13,12,32,6,3036,2586,392,8,8,3,0,11,28,2867,2762,65,0,17,13,0,3035,2805,190,4,10,23,0,0,1203,437,740,1061,320,741,1133,224,846,1112,302,730,1098,331,731,1080,211,869,870,229,607,1113,266,815,1277,263,996,1283,208,863,1233,266,967,0.0,18,18113,,,
1566,18113971800,9718,-85.2614638,41.4422997,1952966.0,1952966.0,0.0,3195,2973,146,27,24,21,0,3370,3109,231,5,23,11,0,3204,2972,202,16,14,8,0,3213,2828,202,49,33,85,2,3034,2767,224,28,11,4,0,3496,3203,281,0,2,10,0,2253,2132,70,8,14,17,0,2390,2340,29,4,4,10,0,2245,2190,29,15,4,10,0,2367,2123,105,33,29,60,2,2367,2123,105,24,10,2,0,6,97,2099,2007,51,25,15,6,0,2555,2455,95,0,4,12,0,0,1016,506,488,925,395,530,939,284,589,922,345,486,910,350,503,878,264,614,714,279,401,904,308,553,1006,304,675,1012,210,581,967,309,658,0.0,18,18113,,,
1567,18073100400,1004,-87.2624807,41.157168,5158511.0,5127283.0,31228.0,1490,1289,186,2,14,4,0,1417,1169,248,0,0,7,0,1299,1173,126,0,0,5,0,1412,1087,237,16,18,39,6,1299,1217,71,0,0,6,0,1315,1224,56,0,0,28,0,1080,958,114,0,8,2,0,955,885,65,0,0,0,0,950,905,40,0,0,0,0,1033,833,143,7,10,25,2,1033,833,143,4,0,0,0,0,53,1026,985,41,0,0,2,0,1065,1030,20,0,0,15,0,0,464,180,278,452,161,291,486,112,343,480,139,321,477,170,298,468,137,331,401,120,272,502,138,354,600,144,449,599,109,416,583,134,449,0.0,18,18073,,,
1568,18073101000,1010,-87.1648521,41.0819618,304661872.0,304117006.0,544866.0,5887,5306,494,17,37,32,2,5736,5626,56,37,17,0,0,5700,5180,478,26,16,0,0,6312,5527,537,33,24,118,4,5661,5161,452,27,16,0,0,6002,5280,676,40,0,0,0,4295,3965,283,6,23,18,2,4355,4250,55,40,15,0,0,4135,3920,175,25,15,0,0,4807,4286,333,20,23,85,4,4807,4286,333,7,12,5,0,14,150,4122,3843,226,27,16,0,0,4370,4030,325,20,0,0,0,0,2358,890,1426,2299,828,1471,2434,558,1752,2401,703,1609,2397,855,1482,2331,672,1659,1975,581,1344,2531,688,1790,3039,701,2291,3015,550,2049,2936,679,2257,0.0,18,18073,,,
1569,18179040100,401,-85.1475768,40.869136,122062898.0,121680364.0,382534.0,5762,5590,82,30,27,31,3,5849,5558,125,26,116,24,0,5853,5421,247,29,110,46,0,5841,5352,267,81,35,98,1,5854,5516,140,51,105,42,0,5841,5550,148,101,0,42,0,4279,4182,51,4,14,26,2,4405,4255,80,0,45,25,0,4490,4230,125,20,65,45,0,4456,4142,171,44,24,67,1,4456,4142,171,20,21,3,0,8,91,4493,4305,78,16,52,42,0,4560,4420,45,60,0,40,0,0,2708,872,1799,2659,676,1983,2821,553,2131,2780,719,1884,2770,767,1916,2715,491,2224,2311,560,1672,2790,651,2055,3056,650,2358,3056,415,2139,3020,664,2356,0.0,18,18179,,,
1570,18179040200,402,-85.2695942,40.8280614,184297704.0,182802227.0,1495477.0,3717,3636,34,13,12,35,2,3775,3668,77,9,9,12,0,3832,3736,51,8,16,21,0,3668,3498,58,27,25,42,1,3800,3676,60,9,13,42,0,3664,3572,27,14,6,10,0,2786,2734,21,7,4,24,0,2850,2775,60,4,4,8,0,2885,2820,35,4,8,12,0,2823,2714,40,11,9,39,1,2823,2714,40,6,5,6,0,3,49,2915,2826,37,10,5,36,0,2885,2850,24,4,4,12,0,0,1928,653,1243,1818,470,1348,1925,389,1435,1912,511,1268,1901,555,1276,1855,367,1488,1624,414,1154,1880,451,1369,2028,432,1563,2030,290,1307,1980,445,1535,0.0,18,18179,,,
1571,18179040500,405,-85.1534701,40.727966,9194293.0,8984520.0,209773.0,2803,2704,58,17,14,17,2,2669,2601,20,22,26,0,0,2685,2633,20,12,20,0,0,3048,2805,103,51,37,53,5,2842,2785,24,8,25,0,0,3136,3059,58,4,15,0,0,2098,2041,33,9,8,13,2,2050,2015,10,15,8,0,0,2045,2020,10,10,4,0,0,2209,2098,44,19,12,30,4,2209,2098,44,15,7,1,0,3,41,2078,2053,15,3,4,0,0,2225,2210,0,0,19,0,0,0,1496,546,927,1445,452,993,1489,354,1043,1475,462,941,1463,521,909,1423,316,1107,1233,365,825,1457,418,1001,1569,401,1134,1565,272,999,1539,404,1135,0.0,18,18179,,,
1572,18179040300,403,-85.1223303,40.6953555,195252658.0,194059136.0,1193522.0,3104,3027,39,14,10,13,0,3471,3258,110,75,24,4,0,3493,3393,43,31,28,0,0,3239,3070,95,15,11,43,2,3162,3002,142,0,18,0,0,3114,2915,142,18,23,16,0,2342,2298,22,1,6,10,0,2482,2381,66,14,18,2,0,2555,2492,33,10,22,0,0,2390,2285,58,2,3,35,2,2390,2285,58,1,1,11,0,2,32,2312,2225,56,0,10,0,0,2255,2150,54,15,25,8,0,0,1719,473,1221,1646,357,1289,1769,279,1410,1767,401,1277,1759,457,1257,1710,268,1442,1650,333,1266,1732,337,1354,1778,281,1467,1782,200,1263,1756,297,1459,0.0,18,18179,,,
1573,18179040400,404,-85.168332,40.7678781,35905032.0,35325338.0,579694.0,4224,3994,123,36,41,38,1,4181,3946,135,82,16,2,0,4051,3749,198,92,10,7,0,4486,4070,142,116,63,79,7,4114,3814,171,73,8,12,0,4375,4009,157,114,0,69,0,3295,3158,72,18,25,28,1,3248,3159,33,46,10,2,0,3275,3113,111,49,7,4,0,3570,3282,101,63,38,63,6,3570,3282,101,39,30,5,1,9,103,3360,3233,103,16,12,13,0,3590,3380,75,73,0,68,0,0,1955,660,1267,1950,505,1445,2020,395,1515,2006,535,1345,2000,579,1365,1945,376,1569,1494,372,1078,1956,465,1436,2152,470,1640,2165,305,1538,2131,455,1676,0.0,18,18179,,,
1574,18179040700,407,-85.2688901,40.6323799,403169385.0,401566494.0,1602891.0,3835,3744,61,8,9,20,0,3865,3722,59,9,25,59,0,3826,3638,54,8,37,97,0,3712,3560,56,10,12,59,0,3859,3632,60,7,58,73,0,3744,3679,9,11,0,4,0,2843,2783,36,3,5,16,0,2945,2920,0,0,0,19,0,2855,2810,0,0,0,29,0,2751,2656,35,4,5,44,0,2751,2656,35,1,5,6,0,1,47,2864,2812,0,0,0,33,0,2650,2630,0,10,0,8,0,0,1799,555,1192,1736,446,1290,1799,284,1418,1776,423,1221,1765,530,1166,1729,279,1450,1474,331,1094,1743,364,1328,1896,307,1559,1890,206,1175,1868,361,1507,0.0,18,18179,,,
1575,18149953800,9538,-86.5394146,41.2455623,152926176.0,151004854.0,1921322.0,3563,3380,107,50,7,15,0,3426,3342,47,20,17,4,0,3505,3312,122,35,8,34,0,3675,3351,136,45,10,89,0,3270,3065,118,32,2,62,0,3343,3086,163,0,9,45,0,2645,2526,70,30,5,11,0,2365,2315,29,0,15,0,0,2440,2320,84,0,10,30,0,2852,2633,88,42,7,55,0,2852,2633,88,29,0,5,0,4,93,2464,2332,77,0,0,58,0,2635,2500,95,0,0,29,0,10,1361,658,660,1233,541,692,1373,353,955,1316,490,731,1309,561,695,1257,415,842,1110,468,607,1377,450,888,1651,404,1221,1639,313,1106,1563,437,1126,0.0,18,18149,,,
1576,18149954100,9541,-86.7271391,41.2529119,158253641.0,158129684.0,123957.0,3648,3476,120,14,12,31,0,3497,3284,132,45,0,36,0,3635,3442,120,73,0,0,0,3592,3273,120,35,14,103,3,3683,3428,174,75,0,6,0,3990,3585,141,58,32,123,0,2733,2629,76,6,9,24,0,2750,2650,75,0,0,15,0,2845,2780,65,0,0,0,0,2763,2554,83,13,8,69,0,2763,2554,83,4,6,8,0,16,92,2784,2638,115,0,0,3,0,2990,2740,90,60,20,85,0,0,1419,722,664,1338,604,734,1463,370,1024,1408,544,750,1409,617,735,1379,488,891,1164,464,644,1404,463,893,1565,381,1163,1547,297,1033,1473,418,1055,0.0,18,18149,,,
1577,18149954200,9542,-86.8417735,41.2109596,126319204.0,126207033.0,112171.0,3980,3751,173,3,14,38,0,4035,3870,82,17,56,22,0,3892,3788,76,18,2,16,0,4049,3697,203,19,12,105,2,3979,3753,49,17,76,20,0,4017,3627,157,10,60,51,0,3034,2893,99,1,6,30,0,2895,2810,65,14,0,10,0,2835,2775,44,4,0,10,0,3124,2899,119,4,6,80,2,3124,2899,119,0,1,3,0,4,98,2905,2846,22,4,0,16,0,3040,2920,84,8,8,29,0,0,1724,837,825,1587,720,867,1751,466,1198,1711,643,948,1696,741,893,1658,558,1100,1416,603,761,1680,581,1049,1844,522,1294,1840,386,1184,1759,549,1210,0.0,18,18149,,,
1578,18149953600,9536,-86.5592718,41.4079234,95351529.0,93957880.0,1393649.0,2620,2522,59,10,11,25,1,2968,2662,129,69,108,0,0,3045,2663,149,173,60,0,0,2611,2402,65,14,28,80,7,2901,2606,144,143,8,0,0,2425,2314,51,0,0,45,0,2041,1971,40,4,8,19,1,2382,2237,109,15,25,0,0,2462,2311,104,30,15,0,0,2061,1917,36,9,14,61,5,2061,1917,36,3,5,13,0,5,82,2487,2351,98,25,12,0,0,2025,1970,30,0,0,25,0,0,1127,570,529,1020,459,561,1075,296,727,1048,389,573,1035,444,553,1013,312,701,888,352,507,1087,365,689,1259,322,916,1259,235,836,1210,358,852,0.0,18,18149,,,
1579,18149953900,9539,-86.6266712,41.2233568,80350034.0,76188601.0,4161433.0,2037,1950,58,11,7,22,0,1937,1852,50,13,22,0,0,1931,1857,44,21,9,0,0,2172,1975,106,12,14,49,1,1871,1815,39,15,2,0,0,2035,1981,28,0,4,0,0,1614,1550,40,5,4,18,0,1545,1520,15,4,0,0,0,1565,1540,15,10,0,0,0,1742,1603,70,5,12,40,1,1742,1603,70,1,2,1,0,4,61,1531,1526,0,4,0,0,0,1695,1690,4,0,4,0,0,0,949,438,484,872,362,510,920,231,646,894,307,517,888,350,498,874,280,594,801,290,477,933,286,616,1060,260,782,1047,204,725,1006,264,742,0.0,18,18149,,,
1580,18149954000,9540,-86.6212023,41.2889316,10922186.0,10922186.0,0.0,3755,3564,109,29,15,38,1,3674,3436,237,18,0,0,0,3630,3425,197,20,4,0,0,3711,3412,128,30,21,91,4,3676,3347,320,21,4,55,0,3832,3437,267,72,10,178,0,2779,2663,66,8,13,28,1,2955,2840,110,4,0,0,0,2870,2755,104,8,0,0,0,2896,2681,90,16,11,67,4,2896,2681,90,8,10,20,0,0,87,2750,2566,198,8,0,0,0,2825,2560,205,4,0,60,0,0,1484,811,627,1190,562,628,1306,418,828,1277,564,613,1257,604,596,1197,475,722,1068,489,525,1264,475,742,1405,392,985,1376,308,906,1328,445,883,0.0,18,18149,,,
1581,18149953700,9537,-86.5919768,41.3496925,184486186.0,184269575.0,216611.0,3760,3569,140,15,9,40,0,3404,3209,158,4,11,22,5,3315,3142,161,0,5,4,2,3561,3285,144,17,24,52,7,3616,3530,75,0,2,7,1,3666,3420,230,0,4,6,1,2821,2710,81,6,7,23,0,2483,2388,70,0,4,19,0,2383,2274,100,0,4,4,0,2712,2529,98,7,20,37,5,2712,2529,98,2,5,0,0,1,77,2552,2469,64,0,4,6,0,2640,2490,140,0,4,8,0,4,1472,743,685,1324,558,766,1428,355,989,1385,506,763,1374,586,724,1299,403,896,1134,451,627,1361,436,868,1506,369,1105,1475,283,940,1399,406,993,0.0,18,18149,,,
1582,18167000500,5,-87.3886818,39.4746478,1141998.0,1141998.0,0.0,1781,1273,72,400,11,25,2,1697,1006,36,610,0,45,0,1766,1062,59,604,0,77,0,1576,989,48,464,16,48,1,1738,1191,71,459,0,44,0,1642,1088,54,498,0,26,0,1265,948,40,257,9,19,1,1150,755,25,355,0,18,0,1225,765,25,415,0,34,0,1109,730,34,302,11,35,1,1109,730,34,276,7,7,0,1,54,1206,891,0,323,0,18,0,1265,875,10,379,0,10,0,4,593,447,132,409,284,125,401,207,166,405,245,129,405,255,134,401,248,153,259,162,86,383,228,142,445,250,184,433,213,183,424,256,168,0.0,18,18167,,,
1583,18167000600,6,-87.3958326,39.4680625,1375743.0,1375743.0,0.0,2247,1709,80,401,24,42,2,2185,1664,69,403,51,28,11,2071,1566,63,348,95,11,9,1796,1251,65,363,44,50,6,2318,1723,61,479,56,18,6,2260,1555,5,561,125,0,0,1728,1370,52,261,20,33,1,1755,1420,14,299,4,0,0,1515,1255,8,244,4,0,0,1403,1009,48,254,31,41,3,1403,1009,48,219,20,8,1,12,86,1631,1306,3,312,4,0,0,1535,1155,4,350,25,0,0,0,603,447,135,471,316,155,515,274,193,515,314,156,513,328,157,500,314,186,328,204,104,460,276,160,484,271,196,491,239,209,458,272,186,0.0,18,18167,,,
1584,18167000700,7,-87.3962437,39.4575436,1652421.0,1652421.0,0.0,2157,1472,89,566,15,43,0,1938,1286,62,553,0,16,0,2147,1357,98,647,0,5,0,1942,1261,114,484,17,49,1,2048,1194,220,630,0,3,0,1958,1095,216,671,0,14,0,1525,1094,45,356,9,28,0,1275,920,4,344,0,4,0,1460,1030,25,399,0,4,0,1410,950,68,337,8,42,1,1410,950,68,302,2,2,0,6,80,1351,891,68,382,0,2,0,1355,875,74,395,0,15,0,0,716,547,140,592,436,156,580,328,215,575,379,163,572,376,176,560,354,206,386,241,117,530,325,185,558,311,233,560,277,228,534,314,220,0.0,18,18167,,,
1585,18017951400,9514,-86.366297,40.7452236,3786713.0,3421217.0,365496.0,2518,1901,478,126,9,20,2,2350,1761,454,123,44,7,0,2669,1764,575,133,284,7,193,2416,1604,634,98,46,47,4,2793,1790,673,134,339,16,184,2847,1763,743,70,261,28,236,1813,1471,271,50,7,18,2,1643,1474,114,39,4,8,0,1689,1475,159,44,4,4,0,1798,1294,383,66,31,31,4,1798,1294,383,50,16,4,1,2,48,1691,1416,206,45,4,14,0,1635,1400,185,25,0,23,0,0,840,451,355,657,314,343,656,207,409,660,278,332,663,298,337,654,239,415,488,225,231,633,263,346,704,279,414,702,244,360,693,293,400,0.0,18,18017,,,
1586,18017951600,9516,-86.3224084,40.7541239,8438268.0,8199175.0,239093.0,5908,4768,865,132,156,36,9,5639,4020,1166,27,390,36,0,5098,3705,1013,61,305,14,0,5790,4052,1272,162,217,143,4,4831,3547,944,39,286,15,0,4879,3631,873,88,238,163,0,4412,3765,468,69,100,24,5,3770,3195,330,10,205,35,0,3670,3055,440,15,145,15,0,4466,3335,802,93,154,104,4,4466,3335,802,71,139,6,1,3,109,3552,2874,414,9,242,17,0,3600,2955,540,20,55,35,0,0,2544,1179,1314,2249,980,1269,2203,719,1370,2208,896,1173,2203,979,1159,2143,689,1454,1842,813,909,2165,847,1245,2298,861,1396,2299,680,1349,2275,827,1448,0.0,18,18017,,,
1587,18017951000,9510,-86.4082064,40.8411359,144656385.0,144265458.0,390927.0,2453,2208,199,21,19,23,2,2438,2372,41,7,0,18,0,2413,2327,72,0,0,14,0,2283,1996,193,12,31,46,4,2316,2123,67,95,0,10,0,2331,2079,123,80,0,0,0,1822,1694,109,7,11,13,0,1835,1795,25,0,0,20,0,1825,1780,35,0,0,15,0,1743,1570,110,7,17,37,0,1743,1570,110,2,16,0,0,6,39,1811,1669,30,95,0,10,0,1785,1660,50,80,0,0,0,0,1065,438,600,944,311,633,1029,213,758,1019,301,645,1017,352,619,984,214,770,863,280,532,1010,280,686,1100,263,802,1096,174,638,1074,271,803,0.0,18,18017,,,
1588,18017951700,9517,-86.2318043,40.7434346,129116668.0,126626135.0,2490533.0,2736,2548,117,24,32,12,3,2721,2498,151,9,47,16,0,2872,2601,145,10,67,49,0,2650,2334,162,33,44,58,4,2889,2709,19,7,97,47,0,2871,2580,34,8,117,25,0,2084,1974,63,13,20,9,0,2105,1980,85,10,19,15,0,2170,2005,80,10,29,50,0,2077,1881,84,22,28,40,3,2077,1881,84,9,19,6,2,6,70,2081,1970,21,5,46,43,0,2145,2035,15,10,65,20,0,0,1406,551,824,1303,451,852,1320,307,957,1339,408,843,1331,485,803,1302,303,999,1091,326,700,1325,372,907,1437,336,1074,1427,260,899,1418,351,1067,0.0,18,18017,,,
1589,18071968000,9680,-86.1299949,38.971135,520386744.0,516849700.0,3537044.0,5341,5211,60,13,20,36,1,5153,5059,0,0,7,55,0,4967,4926,5,5,9,0,0,5219,5001,61,33,15,97,2,4461,4244,194,28,0,0,0,4691,4411,172,31,0,0,82,4084,4007,27,5,11,32,1,3840,3785,0,0,0,55,0,3685,3680,4,0,0,0,0,4094,3949,25,16,12,80,1,4094,3949,25,4,6,8,0,9,93,3290,3230,49,25,0,0,0,3525,3380,59,25,0,0,0,55,2503,975,1462,2244,732,1512,2508,444,1939,2508,729,1679,2470,699,1700,2381,529,1852,2096,555,1446,2489,577,1839,2796,516,2236,2778,401,1646,2622,558,2064,0.0,18,18071,,,
1590,18071967600,9676,-85.8684286,38.9728211,11816939.0,11808764.0,8175.0,3725,3250,305,80,59,33,9,4052,3639,276,24,73,17,32,4413,3723,559,27,89,66,14,5196,3627,1149,175,163,175,7,4534,3716,688,62,21,122,19,4773,3549,625,66,470,79,30,2772,2474,190,46,40,18,4,2775,2680,44,0,10,10,0,2900,2790,90,0,10,0,15,3776,2814,677,101,114,130,4,3776,2814,677,84,101,4,2,14,80,3061,2898,67,51,0,32,20,3220,2920,35,50,145,34,30,0,1478,641,802,1272,520,752,1339,340,896,1320,437,793,1314,457,807,1281,378,903,1020,329,606,1355,407,895,1640,452,1154,1634,338,960,1580,447,1133,0.0,18,18071,,,
1591,18071967800,9678,-85.8880373,38.9547334,1626465.0,1626465.0,0.0,2316,1993,202,72,21,30,0,2418,2104,166,110,34,4,14,2184,1970,155,32,21,6,0,2515,1744,625,59,36,101,2,2356,1933,140,262,0,8,0,2270,1702,320,218,0,198,0,1687,1473,142,40,13,22,0,1680,1585,29,45,15,4,0,1560,1475,35,25,15,8,0,1802,1341,378,35,18,61,0,1802,1341,378,24,18,0,0,3,38,1743,1451,25,250,0,8,0,1590,1305,49,220,0,18,0,0,737,347,368,767,334,433,687,160,472,680,221,416,673,225,419,661,184,477,487,155,298,665,191,442,739,189,520,733,154,418,720,203,517,0.0,18,18071,,,
1592,18071968100,9681,-85.995338,38.8678948,62465044.0,61664221.0,800823.0,4220,4118,52,12,15,21,9,4221,4034,102,20,33,21,16,4201,4022,99,27,22,25,13,4348,4057,109,52,34,107,2,4064,3902,109,25,20,17,0,4283,4175,38,36,30,17,0,3164,3106,28,2,11,17,7,3205,3070,60,15,19,14,0,3260,3130,55,20,19,18,0,3334,3122,88,31,16,86,0,3334,3122,88,16,9,5,0,1,93,3244,3118,61,20,20,5,0,3345,3250,28,30,28,18,0,0,1752,693,1018,1702,535,1167,1792,330,1374,1791,543,1181,1753,529,1179,1691,391,1300,1513,393,1033,1785,422,1315,1989,369,1588,1972,271,1282,1864,367,1497,0.0,18,18071,,,
1593,18157005102,51.02,-86.9018209,40.4655159,4147632.0,4013639.0,133993.0,4933,3657,155,212,885,33,7,5291,3631,283,102,1233,59,0,5469,3635,366,104,1299,86,0,4959,3261,270,208,1142,40,21,6112,3957,326,160,1621,68,0,5173,3475,198,246,1191,41,0,3737,2852,107,128,630,21,7,3390,2760,170,55,370,25,0,3445,2745,205,50,405,45,0,3697,2514,172,127,829,23,16,3697,2514,172,99,794,0,2,20,96,3729,3007,206,56,432,30,0,3360,2665,135,54,485,24,0,0,2495,1429,1044,2239,1222,1017,2498,1460,852,2491,1426,978,2483,1492,942,2404,1300,1104,2257,1491,703,2494,1550,873,2624,1768,800,2632,1346,1191,2602,1653,949,0.0,18,18157,,,
1594,18157005101,51.01,-86.9262375,40.4646133,2498752.0,2463407.0,35345.0,3095,1887,109,183,912,9,3,3509,1934,155,167,1262,32,0,3683,1759,157,222,1539,42,0,3229,1500,141,280,1276,41,3,3631,1757,157,316,1411,25,0,2911,1252,123,274,1275,37,0,2447,1574,80,108,676,5,3,1975,1580,35,90,265,19,0,1915,1485,15,95,295,30,0,2613,1330,112,168,978,25,3,2613,1330,112,148,962,3,0,7,51,1924,1493,29,125,272,11,0,1545,1065,25,115,340,4,0,0,1142,673,457,1012,577,435,858,500,278,850,484,316,849,490,325,826,455,371,733,473,241,853,525,296,915,621,274,919,486,398,909,566,343,0.0,18,18157,,,
1595,18157011100,111,-86.9033561,40.405359,3613188.0,3410644.0,202544.0,4390,3545,320,367,119,66,6,3971,3291,162,446,65,24,0,4132,3256,337,376,188,16,0,4429,3169,431,578,151,102,5,4337,3302,339,539,175,20,0,4591,3536,186,644,194,69,0,3639,3061,203,232,109,50,5,3345,2865,160,310,0,4,0,3320,2755,270,305,0,0,0,3659,2749,309,360,140,82,5,3659,2749,309,303,116,11,0,23,148,3375,2769,298,298,8,0,0,3500,2920,124,374,55,19,0,0,1391,886,482,1168,717,451,1444,811,509,1413,815,498,1297,747,488,1255,680,575,1162,716,384,1455,873,516,1836,1182,605,1582,790,637,1571,950,621,0.0,18,18157,,,
1596,18167000900,9,-87.4162206,39.491435,3731244.0,3710398.0,20846.0,2238,2023,31,156,9,21,6,2327,1930,15,316,3,63,0,2355,1901,10,367,11,66,0,2159,1792,38,226,21,61,2,2240,1685,99,381,11,64,0,2191,1691,94,310,41,48,0,1754,1620,17,92,8,18,5,1670,1435,15,180,0,44,0,1640,1370,10,205,4,49,0,1616,1378,22,132,18,48,2,1616,1378,22,106,11,8,0,5,86,1616,1264,41,223,6,49,0,1555,1300,34,175,8,34,0,0,1009,621,364,850,510,340,848,397,404,841,502,292,837,516,299,807,432,375,679,362,278,815,442,346,883,446,412,877,371,440,826,435,391,0.0,18,18167,,,
1597,18167001100,11,-87.3919702,39.4946086,2314830.0,2314830.0,0.0,3018,2682,69,229,18,32,3,3071,2831,75,165,0,7,0,3298,3079,13,206,0,0,0,2701,2220,80,280,11,96,8,2624,2484,13,127,0,1,0,2767,2416,227,124,0,1,0,2223,2010,44,139,13,23,2,2190,2045,10,124,0,4,0,2335,2180,15,145,0,0,0,2018,1726,45,155,4,78,3,2018,1726,45,133,2,4,0,10,98,2066,1958,15,108,0,0,0,2115,1925,60,120,0,0,0,4,996,650,318,801,491,310,814,362,386,810,462,281,810,452,317,770,396,374,584,314,225,773,392,342,859,386,445,852,305,467,795,393,402,0.0,18,18167,,,
1598,18167001200,12,-87.380544,39.4905914,2322400.0,2322400.0,0.0,2594,2213,54,301,7,19,2,2546,2332,50,159,0,5,0,2478,2248,48,169,5,8,0,2364,1947,43,283,13,63,6,2400,2025,132,228,6,9,0,2565,1885,349,285,12,34,0,1949,1699,27,202,3,16,1,1960,1810,20,125,0,4,0,1905,1725,20,145,4,10,0,1816,1530,29,180,12,53,4,1816,1530,29,152,8,13,2,11,71,1816,1530,84,200,2,5,0,2060,1445,310,260,10,35,0,0,805,538,239,740,478,262,762,366,355,763,459,237,752,467,251,741,406,335,540,303,209,706,387,295,734,353,373,745,300,374,696,361,335,0.0,18,18167,,,
1599,18167001500,15,-87.3788599,39.4574739,1953316.0,1953316.0,0.0,3481,3097,74,256,36,37,7,3340,3006,67,222,45,0,0,3571,3282,36,236,17,0,0,3392,2884,95,269,25,77,7,3641,3376,52,136,77,0,0,3258,2812,136,75,63,13,0,2744,2512,46,146,20,30,2,2680,2485,25,155,10,0,0,2855,2655,30,160,4,0,0,2695,2352,62,173,20,57,5,2695,2352,62,137,8,8,2,5,121,2921,2795,45,92,5,0,0,2525,2395,75,40,4,8,0,0,1662,1019,608,1480,825,655,1562,761,703,1540,928,526,1540,948,549,1466,785,681,1256,717,462,1524,855,616,1722,911,769,1715,730,861,1566,854,712,0.0,18,18167,,,
1600,18043071104,711.04,-85.916166,38.2813995,26433796.0,26347888.0,85908.0,4176,3997,59,41,37,41,3,4601,4504,0,67,10,20,0,4859,4689,66,53,38,12,0,5083,4631,127,88,112,114,7,4333,4141,61,69,43,19,0,4839,4547,131,96,19,5,0,3125,3017,29,30,21,26,3,3410,3345,0,34,8,20,0,3580,3500,0,40,29,10,0,3808,3535,65,45,80,74,3,3808,3535,65,39,61,7,1,8,92,3236,3152,0,40,27,23,0,3625,3525,40,50,10,4,0,0,2333,898,1416,2267,791,1476,2598,758,1678,2578,861,1630,2532,860,1611,2452,756,1696,2224,833,1318,2652,888,1690,3016,1037,1922,3019,861,2026,2951,993,1958,0.0,18,18043,,,
1601,18043071005,710.05,-85.7830292,38.3573857,10943716.0,10805723.0,137993.0,5518,4995,132,171,207,23,1,5737,5132,86,110,278,131,9,5852,5223,114,95,310,111,7,5571,4894,118,243,208,75,9,5679,5250,42,129,258,0,4,5598,5157,80,225,142,10,0,4016,3688,84,109,129,15,1,4108,3819,35,59,114,75,0,4184,3879,30,59,154,50,0,4301,3842,83,152,147,56,3,4301,3842,83,127,127,0,0,13,109,4167,3928,36,66,123,0,0,4250,3915,70,139,105,4,0,14,3024,1082,1920,2926,966,1960,3137,1031,1952,3123,1095,1949,3071,1045,1981,2971,902,2069,2766,1094,1613,3161,1146,1951,3481,1350,2064,3462,1086,2262,3401,1247,2154,0.0,18,18043,,,
1602,18167001800,18,-87.4065116,39.4460927,1484419.0,1484419.0,0.0,2696,2188,68,349,54,40,3,2754,2418,20,293,23,0,0,2743,2384,28,302,29,0,0,2621,2039,95,318,49,101,7,2679,2390,17,244,28,0,0,2267,2147,0,120,0,0,0,1927,1650,37,179,40,27,2,1920,1745,20,140,25,0,0,1885,1740,24,80,30,0,0,1897,1528,57,178,41,68,4,1897,1528,57,136,32,5,2,16,121,1844,1716,15,85,30,0,0,1550,1475,0,70,0,0,0,0,1010,638,348,844,498,346,832,401,361,829,488,291,825,496,295,788,424,364,627,351,245,785,425,331,846,424,400,842,340,424,793,399,394,0.0,18,18167,,,
1603,18167001900,19,-87.4205754,39.4405411,2844115.0,2837621.0,6494.0,1763,1442,38,245,21,17,5,1840,1582,28,208,20,30,0,1983,1688,28,246,19,41,0,1711,1297,78,297,27,43,0,1942,1738,21,164,15,40,0,1760,1517,72,166,9,19,0,1198,1063,16,93,11,9,1,1225,1065,20,95,18,4,0,1265,1095,15,100,18,4,0,1191,964,41,151,17,35,0,1191,964,41,113,12,0,0,2,59,1148,1012,9,72,15,3,0,1080,960,40,60,4,4,0,10,554,342,198,449,251,198,488,183,274,484,260,191,480,262,195,465,209,256,339,163,154,451,208,222,478,195,270,478,163,258,440,193,247,0.0,18,18167,,,
1604,18167010500,105,-87.4347718,39.460298,9632876.0,8801071.0,831805.0,2410,2328,34,22,7,22,0,2424,2284,62,56,0,21,1,2352,2156,69,96,0,27,4,2287,2124,37,39,9,61,5,2330,2097,83,123,0,22,5,2188,2070,5,66,0,47,0,1790,1743,20,7,4,18,0,1760,1680,20,23,0,20,0,1745,1660,35,18,0,25,0,1690,1590,13,19,3,46,4,1690,1590,13,2,0,7,0,7,71,1730,1636,25,35,0,20,0,1640,1570,4,39,0,29,0,0,909,588,293,690,432,258,753,283,440,740,449,223,745,499,217,709,377,332,570,296,240,722,348,352,810,261,535,804,221,506,733,303,430,0.0,18,18167,,,
1605,18031969300,9693,-85.483292,39.3429705,2078250.0,2078250.0,0.0,3225,3092,50,18,46,19,0,3054,2826,213,6,9,0,0,3031,2789,225,7,9,0,0,3177,2981,66,55,17,61,7,3098,2869,191,7,11,20,0,3130,2931,89,49,0,20,0,2389,2311,29,11,29,11,0,2280,2161,100,4,10,0,0,2295,2175,100,4,10,0,0,2419,2310,39,10,13,41,1,2419,2310,39,7,7,2,1,2,51,2531,2404,91,4,10,19,0,2520,2460,20,20,0,20,0,0,1108,449,635,1060,369,691,1187,292,828,1159,379,702,1149,403,708,1127,270,857,908,281,570,1129,333,755,1243,326,887,1236,204,791,1186,348,838,0.0,18,18031,,,
1606,18071968200,9682,-86.0858738,38.8186662,373580577.0,370400891.0,3179686.0,4195,4070,57,16,12,39,5,3871,3713,2,0,20,136,0,3802,3680,0,0,18,104,0,4105,3908,68,37,23,75,3,4583,4449,0,0,45,89,0,4449,4417,3,0,22,10,0,3164,3100,29,5,4,21,1,2950,2890,4,0,20,38,0,2880,2840,0,0,20,26,0,3235,3086,49,18,18,61,0,3235,3086,49,6,11,1,0,0,82,3574,3485,0,0,45,21,0,3615,3585,4,0,20,8,0,0,1912,811,1038,1834,656,1178,1953,347,1523,1948,612,1277,1917,610,1263,1845,444,1401,1679,464,1134,1923,468,1408,2050,343,1676,2039,293,1226,1915,387,1528,0.0,18,18071,,,
1607,18001030200,302,-84.950076,40.8364217,24486833.0,24308703.0,178130.0,4963,4526,351,40,26,27,1,5126,4491,552,83,0,16,0,5213,4498,627,88,0,12,0,5103,4406,430,89,51,103,7,4823,4326,434,63,0,15,0,4746,4211,453,73,1,0,0,3807,3540,212,18,13,17,1,3830,3475,285,75,0,0,0,3830,3375,360,89,0,0,0,4024,3533,301,53,40,83,3,4024,3533,301,34,28,20,2,3,103,3694,3277,355,64,0,0,0,3630,3110,455,74,4,0,0,0,2175,1021,1121,2062,835,1227,2157,618,1411,2143,790,1192,2132,859,1189,2058,567,1491,1847,662,1081,2178,734,1352,2413,729,1632,2405,490,1472,2347,760,1587,0.0,18,18001,,,
1608,18019050304,503.04,-85.7222505,38.3078997,3782935.0,3774445.0,8490.0,4304,3216,190,784,71,42,10,5261,3506,179,1374,142,63,61,5790,4034,219,1331,117,65,58,5918,3719,436,1407,193,167,15,5501,3629,359,1303,126,43,91,5634,3426,381,1698,45,373,0,3228,2553,106,484,48,28,7,3884,2865,54,827,50,60,0,4301,3246,72,858,35,65,0,4511,3045,270,918,136,111,11,4511,3045,270,789,108,11,5,31,252,3796,2811,51,815,39,41,0,3840,2670,100,955,10,64,0,40,2362,1201,1139,1761,951,810,1892,871,921,1879,952,844,1845,892,887,1787,848,939,1527,811,644,2055,1026,965,2658,1351,1253,2639,1122,1372,2548,1290,1258,0.0,18,18019,,,
1609,18019050306,503.06,-85.7260786,38.2805039,1688723.0,1688723.0,0.0,2297,1819,113,332,25,18,3,2673,1985,58,491,46,93,93,2335,1796,60,434,45,0,0,2169,1520,134,394,25,89,5,2660,2171,46,417,26,0,0,2432,2090,63,248,31,0,0,1799,1497,70,210,16,14,2,2000,1565,35,300,45,0,0,1775,1475,45,240,15,0,0,1782,1304,106,270,15,69,5,1782,1304,106,238,6,1,2,14,111,2056,1731,38,270,0,0,0,1995,1745,50,205,0,0,0,0,945,561,364,830,499,331,932,480,387,909,511,351,893,495,361,867,474,393,781,466,270,923,519,368,1027,594,414,1024,513,446,986,579,407,1713.8920798125978,18,18019,,,
1610,18079960500,9605,-85.6203465,39.0083429,4564772.0,4564772.0,0.0,2649,2498,66,47,8,21,0,2420,2133,36,183,12,56,0,2588,2200,121,174,19,74,0,2393,2146,93,60,10,62,2,2665,2214,154,231,14,52,0,2606,2219,229,158,0,52,0,1948,1851,44,26,6,16,0,1880,1685,35,90,10,55,0,2005,1735,50,125,20,75,0,1831,1674,50,43,6,44,1,1831,1674,50,30,5,9,0,0,63,2073,1816,48,135,16,48,0,2030,1885,65,65,0,0,0,15,1126,562,528,943,415,528,937,218,653,933,344,536,923,351,538,886,254,632,794,306,446,910,291,583,951,252,679,941,196,569,921,277,644,0.0,18,18079,,,
1611,18079960200,9602,-85.5154696,39.0404827,322121480.0,321122378.0,999102.0,5445,5261,92,43,24,24,3,5258,5006,129,104,0,19,0,4975,4721,85,143,0,26,0,5154,4915,70,51,11,86,5,4770,4611,36,111,0,12,0,5021,4777,82,143,2,69,0,4021,3913,43,25,14,20,2,3980,3805,50,105,0,20,0,3910,3705,35,145,0,25,0,3958,3829,27,19,10,56,0,3958,3829,27,15,5,4,0,10,68,3787,3648,3,110,0,15,0,3920,3740,25,99,0,31,0,45,2282,992,1227,2031,774,1257,2192,435,1635,2188,705,1394,2163,665,1431,2109,494,1615,1862,538,1218,2177,552,1553,2394,476,1876,2377,364,1443,2289,513,1776,0.0,18,18079,,,
1612,18079960400,9604,-85.7318144,38.9764432,150636373.0,149805487.0,830886.0,6783,6494,107,118,37,35,1,6853,6412,238,149,0,48,0,6907,6568,158,147,0,29,0,6745,6308,163,91,48,116,2,7233,6892,242,80,0,13,0,7510,7149,321,23,0,17,0,4970,4789,57,70,27,33,1,5070,4945,30,50,0,45,0,5025,4930,24,40,0,30,0,5112,4826,89,58,29,95,1,5112,4826,89,41,14,4,0,2,136,5112,4992,103,0,0,14,0,5475,5315,115,25,0,15,0,0,3014,1423,1530,2408,937,1471,2873,665,2029,2858,1020,1701,2831,1010,1740,2707,739,1968,2295,726,1416,2791,811,1883,3040,706,2263,3021,537,1851,2902,772,2130,0.0,18,18079,,,
1613,18079960600,9606,-85.6359812,38.8685569,276710626.0,276159002.0,551624.0,5045,4941,44,25,10,24,0,4682,4582,57,0,43,0,0,4635,4577,14,0,44,0,0,4861,4661,78,32,16,68,0,4487,4469,10,0,0,8,0,4369,4266,3,0,74,26,0,3754,3695,23,14,3,22,0,3435,3425,10,0,0,0,0,3495,3480,14,0,0,0,0,3722,3587,36,14,14,57,0,3722,3587,36,12,4,3,0,2,78,3452,3431,5,0,0,11,0,3405,3375,4,0,0,30,0,0,2315,954,1298,1996,732,1264,2308,451,1740,2295,732,1465,2257,702,1492,2189,515,1674,1850,490,1251,2269,559,1637,2511,480,1982,2480,364,1528,2379,512,1867,0.0,18,18079,,,
1614,18161960800,9608,-84.9193832,39.5745288,224391747.0,214711482.0,9680265.0,3145,3064,34,14,5,29,7,2980,2927,0,0,52,0,0,2972,2813,53,11,104,0,0,2953,2827,22,23,28,47,11,2943,2763,70,13,97,13,0,2791,2638,109,14,29,15,0,2354,2306,15,10,4,20,1,2338,2332,0,0,4,0,0,2259,2204,20,0,29,0,0,2271,2190,12,10,21,38,2,2271,2190,12,3,9,7,0,5,45,2233,2157,33,0,39,14,0,2175,2100,50,0,14,15,0,0,1380,491,858,1259,417,842,1398,315,1025,1392,375,968,1377,377,948,1340,281,1059,1044,306,717,1347,335,982,1477,322,1134,1471,262,1089,1412,304,1108,11457.493077124436,18,18161,,,
1615,18133956200,9562,-86.8794021,39.6551364,41289554.0,41082335.0,207219.0,5346,4971,114,140,85,44,5,5393,4842,100,62,358,31,11,5196,4522,133,35,474,28,8,4805,4175,174,166,167,75,36,5169,4423,204,25,492,21,8,5280,4661,132,170,302,15,0,4306,4009,90,113,71,33,3,4255,3980,89,50,95,24,10,3960,3705,89,25,105,25,10,3869,3322,150,130,158,62,36,3869,3322,150,117,112,3,2,35,128,3893,3569,163,21,117,14,10,4100,3745,78,124,144,10,0,0,2082,1058,992,1742,729,1013,1904,630,1154,1888,764,1021,1868,815,990,1798,583,1215,1571,621,872,1862,690,1103,1993,681,1265,1987,515,1038,1948,665,1283,0.0,18,18133,,,
1616,18133956000,9560,-86.8416455,39.8289185,257545648.0,257479523.0,66125.0,3255,3196,10,13,11,24,4,3011,2979,17,0,13,0,0,3208,3147,37,0,24,0,0,3109,2981,40,8,10,48,5,3268,3223,45,0,0,0,0,3304,3080,42,0,182,0,0,2472,2432,8,8,6,18,3,2310,2295,12,0,10,0,0,2365,2340,12,0,15,0,0,2430,2344,23,0,7,40,4,2430,2344,23,0,3,10,1,0,49,2387,2340,29,0,0,0,0,2420,2310,40,0,59,0,0,0,1308,525,746,1209,350,859,1378,218,1081,1358,322,948,1363,418,888,1326,243,1083,1035,247,735,1360,288,1024,1553,250,1266,1548,174,907,1530,303,1227,0.0,18,18133,,,
1617,18133956100,9561,-86.9292039,39.7191943,227941860.0,226472887.0,1468973.0,2635,2579,13,11,14,16,1,2836,2814,7,0,15,0,0,2762,2737,7,0,18,0,0,2658,2540,27,31,9,43,0,2708,2680,16,0,12,0,0,2473,2431,32,0,10,0,0,2038,2001,6,6,9,14,1,2285,2265,4,0,15,0,0,2250,2225,4,0,20,0,0,2131,2055,19,12,9,32,0,2131,2055,19,4,5,2,0,0,46,2165,2135,14,0,9,0,0,2005,1965,30,0,10,0,0,0,1239,505,697,1131,369,762,1234,246,934,1225,322,833,1230,390,800,1174,233,941,1015,277,693,1242,303,901,1376,286,1072,1370,210,791,1351,295,1056,0.0,18,18133,,,
1618,18133956600,9566,-86.9468685,39.5397063,219129650.0,217078550.0,2051100.0,6229,5202,119,847,16,51,6,6157,4760,324,842,82,163,0,5977,4680,252,759,123,189,0,5657,4694,94,710,44,88,2,6171,5002,243,722,103,117,0,5756,4740,215,720,26,70,0,5238,4258,101,832,12,40,5,5150,3950,234,818,14,109,0,4985,3925,169,730,4,120,0,4880,4007,80,689,25,68,2,4880,4007,80,675,16,7,0,9,86,5102,4099,167,720,4,80,0,4890,3955,190,710,0,26,0,10,1845,739,1071,1778,528,1250,1999,361,1510,1978,496,1341,1974,603,1302,1915,374,1541,1624,393,1153,1972,444,1455,2199,405,1736,2181,285,1295,2163,442,1721,0.0,18,18133,,,
1619,18133956500,9565,-86.7501174,39.5484257,252234688.0,252037381.0,197307.0,6047,5591,69,336,18,28,3,5472,5382,20,25,12,33,0,5585,5488,27,40,6,24,0,6024,5638,83,67,31,133,11,5772,5601,19,93,14,45,0,6057,5979,14,10,0,35,0,4787,4389,50,311,10,23,2,4135,4090,8,0,0,30,0,4270,4250,4,0,0,25,0,4715,4441,49,51,18,100,0,4715,4441,49,35,12,10,0,13,155,4622,4573,3,0,0,42,0,4945,4890,0,10,0,40,0,0,2374,889,1426,2252,629,1623,2502,429,1949,2502,603,1731,2481,736,1648,2418,419,1999,2013,477,1427,2500,545,1860,2797,508,2230,2784,362,1590,2746,559,2187,0.0,18,18133,,,
1620,18161960700,9607,-84.9202146,39.6791469,203415348.0,202768988.0,646360.0,4371,4216,48,33,35,30,6,4173,3911,128,5,90,40,0,4142,3975,73,4,63,29,0,4134,3938,52,38,45,71,13,4197,4014,85,6,59,33,0,4250,4012,51,39,24,124,0,3277,3186,34,15,18,22,3,3162,3083,0,8,39,40,0,3226,3191,0,8,4,30,0,3216,3082,36,29,27,55,8,3216,3082,36,15,18,4,0,2,59,3286,3247,0,8,4,32,0,3355,3190,0,39,14,115,0,0,1994,729,1200,1770,594,1176,1917,400,1420,1898,526,1284,1885,559,1231,1833,411,1422,1460,376,1032,1836,444,1336,2006,414,1554,1988,341,1444,1924,407,1517,11332.346536301378,18,18161,,,
1621,18029080203,802.03,-84.8700792,39.2431936,48080268.0,47973987.0,106281.0,4933,4853,28,14,21,11,0,4986,4691,106,76,189,0,0,4858,4566,80,60,212,0,0,5279,4987,72,47,41,113,1,4985,4747,55,55,169,0,0,5215,4926,88,95,153,13,0,3594,3546,17,9,12,9,0,3830,3660,45,0,130,0,0,3730,3540,40,0,145,0,0,4028,3860,31,18,20,75,1,4028,3860,31,11,12,5,0,1,108,3731,3574,30,0,130,0,0,3950,3775,55,0,110,8,0,0,2468,584,1868,2457,494,1963,2710,382,2225,2633,380,2171,2599,417,2105,2556,358,2198,2116,374,1696,2663,414,2193,2998,498,2452,2989,381,2410,2950,453,2497,3324.192736967853,18,18029,,,
1622,18029080602,806.02,-84.9560606,39.0565059,72118144.0,71342666.0,775478.0,3438,3354,28,16,14,19,10,3213,3087,56,22,0,48,0,2745,2654,41,23,0,27,0,3277,3095,35,28,25,88,9,3072,2946,42,17,0,67,0,3307,3220,31,10,3,46,0,2667,2612,17,7,11,18,8,2845,2785,0,10,0,50,0,2479,2429,0,20,0,25,0,2642,2513,24,14,21,65,8,2642,2513,24,5,7,9,1,0,83,2761,2686,0,16,0,58,0,2640,2590,0,10,0,35,0,4,1526,511,994,1514,470,1044,1686,350,1266,1649,379,1218,1625,433,1154,1599,348,1251,1285,315,931,1589,368,1187,1668,366,1284,1666,315,1183,1651,372,1279,1731.0120617513944,18,18029,,,
1623,18019050401,504.01,-85.7703174,38.2851942,5867266.0,5667786.0,199480.0,2813,2568,65,138,19,25,0,2715,2528,69,102,0,15,0,2748,2487,141,102,0,16,0,2763,2310,133,207,20,76,0,2706,2409,152,124,0,21,0,2728,2372,222,92,9,12,0,2192,2051,38,72,14,19,0,2088,1997,15,70,0,15,0,2194,2037,50,86,0,15,0,2243,1932,91,146,8,60,0,2243,1932,91,109,5,7,0,4,95,2220,2047,44,106,0,19,0,2150,2030,55,65,0,4,0,0,1210,662,536,1035,541,494,1163,478,618,1147,576,511,1128,537,534,1081,482,599,881,424,405,1121,518,560,1232,540,672,1218,475,661,1176,553,623,5010.6403521840475,18,18019,,,
1624,18017951800,9518,-86.3506436,40.6998272,188408553.0,187298463.0,1110090.0,3990,3439,383,109,37,26,5,3560,3048,315,126,65,14,0,3580,3092,278,138,48,29,3,3641,3090,314,83,74,66,3,3572,3092,270,129,58,24,0,3563,3015,428,80,23,13,0,3067,2708,227,95,25,23,3,2667,2446,90,109,4,8,0,2776,2515,96,125,20,23,0,2846,2494,198,41,44,58,0,2846,2494,198,36,40,8,0,0,70,2824,2569,104,104,24,18,0,2770,2570,110,60,20,8,0,0,1694,736,914,1435,521,914,1502,391,1045,1498,493,908,1503,573,882,1476,390,1086,1227,398,748,1487,456,980,1667,452,1178,1660,363,967,1655,493,1162,0.0,18,18017,,,
1625,18017951100,9511,-86.5208358,40.8181768,194404327.0,193182600.0,1221727.0,3065,2958,57,13,12,23,0,3046,2757,247,27,31,5,0,3010,2630,330,30,45,0,0,2823,2632,66,28,19,75,1,2945,2618,266,36,54,0,0,2678,2569,102,3,0,4,0,2281,2225,32,0,6,16,0,2235,2155,64,0,10,4,0,2185,2110,59,0,20,0,0,2146,2027,33,16,16,53,1,2146,2027,33,7,8,6,0,0,65,2268,2204,40,0,25,0,0,2170,2155,15,0,0,4,0,0,1330,546,735,1173,389,784,1276,242,963,1284,347,849,1283,457,783,1239,252,987,1086,312,692,1280,324,910,1395,283,1085,1392,219,841,1373,308,1065,0.0,18,18017,,,
1626,18017951200,9512,-86.3836916,40.7669203,5619256.0,5579796.0,39460.0,2123,1686,370,31,29,25,7,2304,1595,629,45,9,26,0,2284,1666,499,77,11,31,0,2244,1470,612,69,34,74,4,2270,1711,432,48,25,54,0,2606,1728,731,28,84,31,0,1549,1285,217,18,21,13,1,1410,1190,155,44,0,24,0,1510,1280,125,80,0,29,0,1660,1187,356,44,24,55,4,1660,1187,356,36,20,5,1,5,50,1580,1368,110,48,2,33,0,1840,1450,280,30,60,24,0,0,711,386,307,598,303,295,655,212,404,652,263,340,649,297,326,639,232,407,484,209,239,630,239,365,693,226,450,683,185,387,675,248,427,0.0,18,18017,,,
1627,18017951900,9519,-86.2697081,40.6125397,171357750.0,171305315.0,52435.0,3788,3666,53,19,13,38,0,3689,3541,56,13,6,62,0,3754,3592,80,21,3,49,0,3670,3426,93,27,17,73,2,3799,3607,77,52,6,57,0,3594,3316,164,65,7,42,9,2855,2781,31,7,10,27,0,2885,2805,14,0,0,58,0,2890,2795,35,10,0,49,0,2864,2712,50,11,13,62,0,2864,2712,50,7,11,15,0,7,62,3069,2945,39,24,0,53,0,2915,2775,60,45,0,37,0,4,1912,718,1149,1709,596,1113,1773,381,1308,1779,559,1106,1776,668,1052,1732,411,1321,1387,406,901,1725,459,1208,1877,385,1463,1872,271,1129,1851,431,1420,0.0,18,18017,,,
1628,18017951300,9513,-86.3787991,40.75373,1913006.0,1806075.0,106931.0,2903,2032,722,87,51,35,6,2757,1747,737,221,33,65,6,2903,1750,1023,86,0,59,7,3054,1689,1167,126,32,115,6,3419,2106,1137,111,0,29,18,3323,1978,1148,10,0,47,0,2021,1519,414,46,37,24,6,1660,1380,70,160,35,14,4,1520,1340,140,35,0,8,4,2139,1306,708,74,25,75,2,2139,1306,708,52,19,9,0,4,41,1888,1566,269,26,0,7,19,2035,1650,345,12,0,28,0,0,821,466,327,678,339,339,661,225,383,665,279,305,657,306,307,647,244,403,470,195,238,640,251,352,710,256,432,709,203,374,708,265,443,0.0,18,18017,,,
1629,18017951500,9515,-86.3524577,40.7548338,2100364.0,1997770.0,102594.0,4618,2849,1486,160,105,78,10,4861,2842,1870,126,48,0,26,4595,2679,1737,173,33,0,33,4503,2206,1852,262,164,185,3,4393,2262,1959,181,0,0,0,4416,2121,1894,374,23,29,0,3201,2159,877,92,66,58,7,2670,2265,334,50,0,0,0,2630,2210,310,85,0,0,0,3175,1719,1155,181,103,136,1,3175,1719,1155,123,71,6,0,6,95,2574,1868,597,95,0,0,0,2450,1660,660,100,0,4,0,25,1098,654,410,850,463,387,923,363,493,932,440,407,937,483,406,912,382,530,670,344,267,888,404,437,993,413,545,990,359,476,980,439,541,0.0,18,18017,,,
1630,18017950900,9509,-86.2733045,40.8499938,224649142.0,223766387.0,882755.0,4864,4569,167,65,34,35,1,4719,4457,1,81,133,47,0,4702,4388,65,113,60,47,0,4796,4245,310,75,61,96,10,4500,4244,78,36,76,12,0,4712,4229,131,95,81,40,0,3768,3596,98,36,20,28,1,3900,3795,4,29,30,45,0,3900,3740,29,50,45,45,0,3797,3441,185,57,42,69,8,3797,3441,185,34,31,17,2,5,82,3772,3667,31,18,61,11,0,3775,3625,60,8,54,33,0,0,2353,886,1411,2189,690,1499,2211,499,1611,2210,663,1398,2213,764,1385,2159,482,1677,1842,553,1160,2168,591,1502,2315,550,1713,2316,415,1413,2282,552,1730,0.0,18,18017,,,
1631,18019050503,505.03,-85.7727249,38.3245462,2871727.0,2865200.0,6527.0,5446,3934,918,521,59,59,5,5327,3788,802,724,0,13,0,5375,3885,984,464,21,21,0,5338,3406,962,801,79,181,9,5215,3975,542,608,25,65,0,5708,3954,987,847,29,123,0,4165,3189,607,317,44,44,4,3930,3300,250,375,0,15,0,3820,3310,185,280,20,20,0,4059,2857,584,464,58,138,5,4059,2857,584,390,37,10,3,7,171,3942,3294,104,453,23,63,0,3955,3300,110,520,30,0,0,0,1835,923,896,1701,878,823,1929,809,1010,1899,901,894,1882,874,931,1826,821,1005,1548,764,695,1867,878,916,2001,970,983,1992,814,1065,1931,949,982,0.0,18,18019,,,
1632,18019050603,506.03,-85.7089112,38.3227277,5940319.0,5933625.0,6694.0,7068,5096,458,1357,131,70,16,6528,4703,589,1127,45,112,0,6618,4319,468,1325,461,95,0,7357,4696,532,1762,161,176,75,7678,5181,510,1500,425,116,0,8097,5656,475,1822,275,66,0,5241,3985,270,879,88,45,7,4870,3645,340,790,45,40,0,4970,3575,240,890,220,45,0,5498,3742,325,1154,116,134,45,5498,3742,325,1019,79,23,31,20,259,5661,4285,253,888,199,40,0,5990,4460,279,1095,145,20,0,0,2595,1407,1160,2615,1422,1193,2854,1388,1275,2812,1441,1232,2779,1394,1287,2707,1341,1366,2276,1217,936,2727,1412,1211,2872,1548,1259,2851,1326,1369,2764,1483,1281,0.0,18,18019,,,
1633,18019050604,506.04,-85.6909172,38.3045387,6926905.0,6785906.0,140999.0,6005,5027,159,715,73,65,8,6076,5101,63,694,155,0,70,6130,4988,90,888,151,0,67,6420,4838,348,989,100,134,13,6413,5284,75,890,148,0,62,6475,5188,131,883,249,55,60,4659,4040,85,461,46,46,4,4430,3790,35,485,95,0,15,4520,3695,40,670,95,0,15,4988,3950,185,675,62,100,11,4988,3950,185,583,54,6,5,20,185,4883,4121,17,634,103,0,15,5470,4515,95,635,160,8,15,45,2970,1490,1454,3056,1550,1506,3256,1447,1634,3247,1560,1560,3199,1492,1611,3074,1375,1699,2764,1393,1232,3226,1554,1569,3507,1748,1693,3497,1422,1911,3376,1681,1695,3998.5018513929913,18,18019,,,
1634,18071968300,9683,-85.8438739,38.8121474,111555515.0,111453331.0,102184.0,3419,3317,53,8,20,19,1,3418,3284,33,0,85,16,0,3393,3234,15,0,98,46,0,3402,3212,87,16,20,44,0,3375,3211,14,0,121,29,0,3402,3272,19,0,75,36,0,2647,2588,28,3,12,16,0,2570,2535,19,0,0,14,0,2500,2445,4,0,0,48,0,2601,2501,36,5,13,30,0,2601,2501,36,0,10,5,0,2,47,2433,2410,5,0,0,32,0,2455,2420,8,0,0,33,0,0,1365,670,668,1238,559,679,1361,301,991,1356,478,836,1326,444,841,1270,353,917,1068,309,693,1332,356,937,1526,297,1192,1521,242,860,1424,325,1099,0.0,18,18071,,,
1635,18079960302,9603.02,-85.6590896,39.0502319,35348478.0,34917409.0,431069.0,4682,4342,209,82,17,42,1,4355,4121,190,44,0,0,0,4197,3868,295,34,0,0,0,4645,4017,399,76,14,167,3,4442,4018,279,28,0,117,0,4518,4067,173,78,47,153,0,3349,3153,114,43,10,35,0,3325,3215,70,45,0,0,0,3235,3070,130,35,0,0,0,3403,3037,221,38,5,125,3,3403,3037,221,22,0,10,0,7,106,3488,3284,114,31,0,62,0,3415,3135,115,30,20,115,0,0,1364,664,667,1038,450,588,1183,284,820,1169,404,690,1156,408,698,1133,293,840,891,278,568,1182,327,809,1360,282,1049,1354,220,866,1319,304,1015,0.0,18,18079,,,
1636,18079960301,9603.01,-85.6899355,39.0841287,190528869.0,188813276.0,1715593.0,3921,3825,53,12,11,20,0,4159,4146,13,0,0,0,0,4408,4398,10,0,0,0,0,3815,3618,56,26,15,71,2,4042,4001,7,34,0,0,0,3586,3511,0,12,16,12,0,2953,2899,26,6,9,13,0,3280,3265,15,0,0,0,0,3410,3400,10,0,0,0,0,3028,2886,32,19,7,60,2,3028,2886,32,13,7,6,0,6,78,3140,3125,4,0,0,0,0,2815,2790,0,0,15,0,0,10,1778,717,1011,1527,504,1023,1738,311,1347,1728,497,1163,1712,473,1190,1657,309,1348,1457,348,1022,1745,376,1321,1995,327,1641,1980,249,1290,1937,353,1584,0.0,18,18079,,,
1637,18045958000,9580,-87.285716,40.0188688,385736153.0,383274426.0,2461727.0,3522,3439,41,7,9,23,1,3272,3193,45,2,0,42,7,3499,3445,19,2,0,46,4,3362,3193,45,19,11,73,5,3409,3360,16,4,0,37,6,3587,3439,32,31,1,48,7,2685,2639,24,1,3,17,1,2575,2510,30,4,0,24,0,2700,2640,19,4,0,29,0,2670,2546,30,12,8,53,1,2670,2546,30,6,8,5,0,1,74,2749,2681,18,0,0,16,0,2890,2815,24,14,4,35,0,4,1585,562,976,1486,385,1101,1636,251,1315,1636,372,1175,1625,462,1110,1607,271,1336,1303,247,996,1579,303,1224,1704,263,1405,1696,203,1123,1691,315,1376,0.0,18,18045,,,
1638,18045957800,9578,-87.3507488,40.1582526,124445337.0,122811637.0,1633700.0,3905,3787,51,21,24,29,7,3735,3519,62,47,91,16,3,3677,3470,72,29,74,32,2,3921,3686,78,58,23,57,7,3697,3471,73,28,95,31,9,3856,3499,159,21,94,84,7,3027,2957,28,7,19,21,5,2890,2775,45,49,4,15,0,2840,2725,50,18,4,30,0,3053,2909,48,17,17,46,1,3053,2909,48,8,14,4,0,4,66,2864,2768,50,9,1,25,0,2895,2725,99,8,0,57,0,8,1974,822,1102,1816,589,1227,1940,442,1394,1927,597,1218,1922,672,1184,1865,438,1427,1538,443,1013,1882,521,1292,2036,488,1493,2024,321,1330,1998,511,1487,0.0,18,18045,,,
1639,18045957600,9576,-87.1795897,40.2501097,290988160.0,289599496.0,1388664.0,2980,2871,46,15,14,28,0,2770,2570,172,21,0,7,0,2694,2475,181,28,4,10,0,2763,2576,68,14,21,60,4,2789,2546,206,19,12,18,0,2557,2408,135,1,10,13,0,2226,2157,28,8,8,21,0,2235,2145,80,4,0,8,0,2195,2080,100,8,0,8,0,2182,2047,46,7,21,45,2,2182,2047,46,1,6,11,0,1,70,2256,2110,121,8,0,6,0,2085,2000,75,4,0,8,0,10,1200,497,656,1108,363,745,1271,245,943,1259,346,834,1256,395,808,1234,252,982,947,249,642,1226,293,883,1358,286,1047,1359,199,893,1336,329,1007,0.0,18,18045,,,
1640,18003010202,102.02,-84.9909412,41.223775,50736778.0,47873750.0,2863028.0,5816,5594,89,51,59,41,3,6054,5745,227,11,13,32,23,6040,5803,153,10,12,40,18,6217,5795,166,106,40,92,3,5978,5817,73,16,10,30,29,6159,5815,104,47,0,34,9,3937,3829,41,15,25,28,1,4405,4265,70,10,4,30,25,4375,4295,15,4,4,40,20,4481,4252,89,42,14,73,1,4481,4252,89,23,14,7,1,5,90,4316,4229,22,3,4,28,29,4300,4210,30,18,0,34,10,0,2347,546,1777,2545,429,2116,2589,358,2099,2578,456,2015,2570,473,2036,2508,303,2205,2270,423,1784,2618,452,2101,2919,562,2297,2911,344,2189,2872,512,2360,0.0,18,18003,,,
1641,18003010201,102.01,-85.0506894,41.2262668,41640764.0,41410387.0,230377.0,6754,6463,105,76,83,45,5,7071,6686,212,178,17,12,17,7171,6829,186,71,76,10,0,7467,6828,188,163,127,107,4,7349,6792,251,94,202,7,0,7530,6939,255,149,147,3,0,4678,4512,55,38,49,31,4,5050,4800,95,140,0,10,0,5130,5005,75,20,25,10,0,5347,4990,109,86,73,69,4,5347,4990,109,65,52,8,0,14,109,5062,4928,77,29,20,2,0,5225,5105,65,30,20,4,0,0,3438,881,2531,3387,693,2694,3569,703,2672,3554,796,2615,3545,850,2621,3456,573,2883,3116,808,2241,3719,879,2752,4324,1116,3118,4327,721,3088,4247,1012,3235,0.0,18,18003,,,
1642,18003010815,108.15,-85.0306704,41.1622001,16299055.0,16292574.0,6481.0,4479,3888,131,319,111,33,1,4764,4204,90,299,109,62,0,5071,4285,83,547,92,64,0,5583,4596,286,413,161,94,7,5318,3675,939,565,84,55,0,6223,4112,1116,735,101,6,0,3305,2960,73,182,75,19,1,3575,3290,30,170,60,24,0,3847,3383,30,355,50,40,0,4235,3634,164,259,95,58,5,4235,3634,164,229,75,11,1,7,114,3509,3005,73,349,51,31,0,4025,3400,120,440,59,4,0,0,2156,826,1314,2292,739,1553,2647,729,1782,2649,868,1668,2634,887,1692,2568,627,1941,2436,860,1502,2781,903,1804,3192,1079,2058,3172,740,2131,3124,1003,2121,0.0,18,18003,,,
1643,18003011609,116.09,-85.3130221,41.0304527,27917361.0,27866602.0,50759.0,6314,5643,167,237,229,31,12,6472,5680,99,183,527,0,0,6406,5649,103,113,541,0,0,7718,6481,337,317,441,134,12,5684,4685,173,87,734,5,0,6727,5962,114,152,429,38,0,4422,4027,88,127,154,23,5,4660,4130,34,100,395,0,0,4630,4050,70,84,409,0,0,5520,4767,186,186,294,84,6,5520,4767,186,145,256,6,3,8,149,4087,3401,126,73,474,6,0,4495,4075,100,105,200,24,0,0,3133,1057,2058,3771,1119,2652,3890,1264,2385,3890,1270,2491,3856,1301,2480,3775,974,2801,3522,1386,2066,4045,1437,2510,4602,1795,2720,4611,1187,3137,4523,1603,2920,0.0,18,18003,,,
1644,18003010305,103.05,-85.1076424,41.2294193,34601115.0,34443289.0,157826.0,6551,6068,147,148,161,23,5,6111,5496,139,96,325,26,16,5845,5276,100,24,444,0,16,7811,6722,261,242,435,106,1,5549,5161,71,47,270,0,14,7817,7193,167,188,172,97,0,4511,4242,80,89,83,17,1,4190,3910,75,40,120,24,0,4055,3795,55,10,185,0,0,5577,4925,138,149,268,61,1,5577,4925,138,112,219,0,0,21,162,3937,3729,66,8,116,0,0,5550,5245,95,54,95,50,0,0,3042,929,2098,3597,889,2708,3897,966,2729,3906,1073,2689,3882,1114,2693,3742,718,3024,3408,1046,2280,3979,1137,2748,4442,1384,2979,4443,921,3185,4362,1237,3125,0.0,18,18003,,,
1645,18003004300,43,-85.1089908,41.0769854,3754140.0,3754140.0,0.0,2652,875,299,1426,53,45,10,2596,736,369,1446,55,36,0,2366,654,356,1285,73,28,0,2358,622,507,1152,69,66,2,2670,651,321,1638,64,48,0,2485,577,656,1126,67,136,0,2027,737,177,1062,43,32,7,1825,585,185,979,45,15,0,1655,570,190,825,45,15,0,1671,469,292,840,47,36,2,1671,469,292,783,38,2,1,18,68,1886,598,190,1051,44,3,0,1670,520,295,774,40,40,0,0,890,797,76,752,694,58,597,497,81,593,493,79,590,501,79,581,476,105,477,414,44,568,478,77,604,484,105,589,429,120,582,478,104,0.0,18,18003,,,
1646,18003010707,107.07,-85.1354835,41.1703229,9155694.0,9155694.0,0.0,4808,4036,171,313,270,23,2,5205,4337,173,266,436,6,45,5397,4378,195,367,436,22,52,5318,4142,255,478,308,110,9,5276,4005,282,428,528,25,65,5350,4183,213,352,588,7,7,3893,3357,99,216,204,19,2,4295,3775,105,175,200,4,0,4245,3585,115,255,225,19,0,4394,3580,174,308,238,74,6,4394,3580,174,263,210,5,0,17,145,4321,3417,169,298,339,23,0,4295,3495,175,250,355,4,0,4,2353,988,1352,2318,842,1476,2457,854,1463,2452,903,1431,2440,943,1437,2371,692,1679,2153,900,1187,2511,980,1466,2833,1199,1587,2815,835,1789,2766,1082,1684,0.0,18,18003,,,
1647,18105000501,5.01,-86.5920174,39.1511757,9631041.0,9631041.0,0.0,4698,3986,226,266,194,52,4,4927,4363,144,187,228,95,0,5048,4226,126,598,119,63,0,5131,3969,243,512,306,137,14,4873,3925,147,618,222,54,0,4810,3657,218,713,254,106,0,3622,3168,128,156,146,35,3,3705,3345,75,114,120,55,0,3915,3295,64,459,64,24,0,3948,3171,156,320,225,107,11,3948,3171,156,254,185,6,1,14,161,3906,3268,80,480,79,16,0,3860,2975,205,580,74,24,0,0,1686,929,740,1776,895,881,2095,964,966,2102,993,945,2083,1099,898,2013,931,1082,1701,947,664,2101,1079,933,2332,1240,1052,2328,993,1086,2297,1212,1085,0.0,18,18105,,,
1648,18105000903,9.03,-86.4772602,39.171938,4340432.0,4340432.0,0.0,4814,3851,202,269,458,69,17,5306,4145,139,361,604,37,20,5344,4180,129,488,488,33,26,5229,3569,290,455,796,111,29,5233,4171,81,366,542,29,44,4804,3783,136,334,551,0,0,4214,3404,155,205,413,59,9,3735,3240,100,235,110,40,0,4055,3370,95,390,135,30,0,4435,3077,216,333,701,77,25,4435,3077,216,258,628,8,0,22,226,4020,3405,70,265,200,28,0,3770,3280,80,195,215,0,0,0,2514,1924,565,2104,1606,498,2135,1622,389,2148,1605,436,2135,1656,410,2050,1547,503,1941,1577,301,2139,1684,387,2248,1845,368,2250,1642,521,2228,1806,422,0.0,18,18105,,,
1649,18105000904,9.04,-86.4795843,39.1574924,4905843.0,4905843.0,0.0,5153,3814,170,434,727,36,1,5507,3150,146,338,1857,16,0,5370,3095,83,177,2003,12,0,5470,3639,294,342,1150,67,10,5740,3466,96,165,2001,12,0,5623,3486,122,240,1782,16,0,4490,3328,139,392,617,29,1,3430,2620,140,325,325,15,0,3240,2650,80,165,340,10,0,4794,3224,251,284,1006,50,4,4794,3224,251,190,919,0,0,22,188,3667,3052,89,157,362,9,0,3675,2990,100,205,380,0,0,0,2369,1629,724,2100,1349,751,2096,1436,543,2119,1382,641,2083,1429,601,2021,1293,728,1933,1392,477,2188,1535,594,2466,1830,601,2474,1543,844,2439,1736,703,0.0,18,18105,,,
1650,18105001102,11.02,-86.5498244,39.1291136,6410879.0,6410879.0,0.0,4169,3429,188,330,203,49,3,4812,3833,320,376,382,48,11,4933,4025,235,271,464,6,12,4538,3510,177,379,337,119,17,4634,3869,114,268,403,8,21,4607,3785,127,496,235,34,0,3156,2681,125,203,135,31,2,3535,3065,150,215,85,30,0,3575,3170,140,180,80,0,0,3476,2767,114,260,234,90,13,3476,2767,114,194,189,11,1,12,188,3447,3080,83,165,105,5,0,3415,2975,80,300,55,38,0,0,1664,1102,554,1760,969,791,1992,1104,751,2019,1107,793,2005,1198,749,1915,1014,901,1815,1166,572,2068,1240,752,2302,1470,786,2299,1197,942,2258,1391,867,0.0,18,18105,,,
1651,18105001600,16,-86.5292269,39.1772033,1566561.0,1566561.0,0.0,5699,4895,187,249,351,32,10,5803,4969,189,202,415,24,4,5610,4595,218,206,567,25,0,6272,4810,366,422,600,72,1,5707,4499,214,563,396,35,0,4868,3704,179,493,480,38,0,5543,4775,177,229,337,31,9,5515,4900,130,200,255,25,0,5375,4575,190,200,385,25,0,5841,4498,334,377,567,65,0,5841,4498,334,253,469,5,0,9,273,5482,4443,183,562,257,36,0,4725,3705,155,465,369,10,0,30,2863,2188,650,1555,1081,474,1246,934,219,1227,866,281,1206,907,245,1158,864,294,984,834,107,1169,918,203,1194,988,184,1184,883,227,1164,965,199,0.0,18,18105,,,
1652,18105001305,13.05,-86.5922778,39.2056449,6830017.0,6830017.0,0.0,2553,2392,66,41,36,12,0,2251,2197,0,23,9,28,0,2493,2414,12,23,21,28,0,2418,2157,93,51,58,54,5,2667,2448,158,11,24,35,0,2368,2105,157,18,61,17,0,1887,1785,42,22,26,8,0,1716,1676,0,0,10,20,0,1896,1851,10,0,10,25,0,1888,1697,57,45,47,39,5,1888,1697,57,29,29,8,0,5,63,2007,1884,78,0,8,26,0,1825,1685,75,15,45,10,0,0,950,494,451,1088,512,576,1196,502,617,1210,539,597,1202,591,583,1160,447,713,1045,542,448,1187,556,589,1248,579,644,1253,449,679,1238,583,655,0.0,18,18105,,,
1653,18105000700,7,-86.5271531,39.226939,49939289.0,49804328.0,134961.0,2905,2744,64,38,56,12,8,3051,2707,102,158,72,0,12,3175,2826,136,137,60,0,15,2990,2706,64,52,54,95,0,3444,2998,155,46,231,14,0,3103,2724,212,70,52,83,0,2276,2179,34,25,38,8,5,2345,2205,40,50,45,0,10,2465,2275,85,45,35,0,15,2344,2138,48,31,42,69,0,2344,2138,48,23,31,1,0,6,97,2891,2587,133,24,132,14,0,2485,2195,135,70,30,60,0,20,1679,997,662,1591,853,738,1631,842,702,1650,889,678,1639,940,653,1572,791,781,1479,905,524,1678,946,683,1843,1057,761,1831,850,807,1813,1046,767,0.0,18,18105,,,
1654,18105000401,4.01,-86.5572079,39.1588594,3472498.0,3472498.0,0.0,4100,3436,146,348,149,54,6,4183,3271,376,351,183,44,18,4170,3406,385,221,139,36,21,4628,3510,269,454,292,112,6,4488,3670,385,347,69,34,20,4242,3450,243,403,197,16,0,3602,3083,116,253,125,40,6,3566,3011,220,240,35,40,0,3831,3261,270,190,55,35,0,4063,3134,212,351,263,91,2,4063,3134,212,288,237,16,1,17,158,3953,3391,238,238,44,30,0,3810,3175,175,295,150,0,0,15,1594,1235,344,1336,997,339,1588,1123,351,1585,1104,340,1557,1150,332,1499,1079,420,1289,1017,195,1549,1151,324,1647,1257,354,1645,1112,417,1623,1240,383,0.0,18,18105,,,
1655,18105001200,12,-86.6515398,39.07592,166764696.0,166686635.0,78061.0,5882,5624,85,81,51,53,4,6125,5889,98,138,0,0,0,6183,5802,118,217,21,26,0,5910,5419,115,102,94,142,4,6315,6033,73,169,21,19,0,6252,6099,3,27,29,94,0,4591,4434,45,35,36,42,3,4650,4575,40,40,0,0,0,4645,4505,55,35,20,25,0,4710,4363,79,54,70,118,3,4710,4363,79,30,39,7,0,11,181,4552,4454,31,34,20,19,0,4815,4710,4,4,30,69,0,0,2434,1179,1218,2516,1087,1429,2793,996,1654,2813,1121,1525,2793,1221,1479,2659,940,1719,2355,1029,1234,2857,1134,1631,3211,1227,1943,3186,950,1813,3155,1218,1937,0.0,18,18105,,,
1656,18105001304,13.04,-86.6387407,39.2291911,11782897.0,11782897.0,0.0,4119,3931,52,66,36,29,1,4077,3920,25,125,7,0,0,4085,4031,28,20,6,0,0,3919,3542,110,89,55,100,5,4310,4256,23,19,12,0,0,4043,3859,8,24,50,39,0,3029,2930,28,32,21,20,1,2994,2949,4,35,4,0,0,3009,2989,4,10,4,0,0,2932,2680,71,50,34,78,5,2932,2680,71,27,25,4,5,7,113,3241,3215,4,9,4,0,0,3180,3110,10,15,20,28,0,0,1744,900,822,1506,696,810,1566,608,859,1576,682,788,1560,761,756,1516,596,920,1398,661,653,1683,747,880,2041,891,1108,2041,699,1084,2009,897,1112,0.0,18,18105,,,
1657,18105001101,11.01,-86.5297171,39.1427634,3527552.0,3527552.0,0.0,4945,4060,214,381,264,49,10,6007,4264,461,759,557,97,0,5943,4209,509,505,704,107,0,5216,3874,387,481,340,132,5,6259,4721,573,406,545,96,0,5411,4012,551,246,546,54,0,3949,3339,139,230,213,36,8,4450,3765,105,405,124,35,0,4335,3705,155,275,150,30,0,4283,3279,301,306,307,94,4,4283,3279,301,238,257,13,0,12,183,4550,3910,248,206,144,32,0,3800,3225,234,125,179,35,0,10,2209,1716,479,2069,1511,558,2289,1662,459,2296,1625,512,2272,1718,476,2197,1612,585,2110,1635,388,2305,1752,467,2458,1947,469,2462,1708,615,2433,1914,519,0.0,18,18105,,,
1658,18105000302,3.02,-86.5155416,39.1573907,1868389.0,1868389.0,0.0,3191,2801,92,71,213,13,2,3109,2887,24,56,139,8,7,3181,2882,58,65,168,10,8,2911,2398,129,88,234,36,1,3397,3002,59,56,284,0,7,3177,2813,53,51,269,3,10,2881,2540,77,54,197,12,2,2630,2505,25,44,49,10,0,2650,2505,25,24,84,10,0,2536,2114,107,64,202,27,1,2536,2114,107,37,168,0,1,3,106,2866,2716,29,16,122,0,0,2680,2490,39,20,114,0,0,10,1681,1405,258,1497,1227,270,1462,1254,131,1462,1226,179,1456,1261,166,1398,1203,195,1385,1237,122,1422,1245,147,1393,1244,136,1392,1112,244,1381,1231,150,0.0,18,18105,,,
1659,18105000301,3.01,-86.5303251,39.1564108,1868322.0,1868322.0,0.0,4637,4051,167,146,235,42,8,4141,3637,113,189,188,0,0,4357,3795,86,208,244,32,0,4008,3224,233,229,257,64,5,3762,3234,49,135,306,25,0,3981,3421,106,106,301,32,0,4233,3736,140,109,218,35,6,3535,3160,80,180,115,0,0,3760,3380,80,180,89,10,0,3589,2931,194,165,237,56,2,3589,2931,194,118,173,3,0,17,153,3226,2902,45,106,143,10,0,3515,3190,109,95,93,20,0,10,2234,1876,338,2004,1633,371,1898,1592,187,1903,1568,220,1882,1609,203,1821,1561,260,1750,1538,138,1846,1588,192,1837,1618,184,1841,1494,278,1817,1605,212,0.0,18,18105,,,
1660,18105001001,10.01,-86.4986164,39.1431149,5048750.0,5048750.0,0.0,5241,4401,160,174,486,43,0,5651,4903,87,142,519,0,0,5435,4762,74,131,468,0,0,5464,4308,219,215,623,65,3,5735,4936,47,101,624,0,0,5422,4565,70,79,631,90,0,3980,3416,104,111,330,34,0,4045,3680,85,30,240,0,0,3910,3585,75,20,225,0,0,4297,3481,153,139,435,50,2,4297,3481,153,100,390,2,1,15,155,3893,3659,47,0,175,0,0,3720,3490,60,0,145,23,0,0,3177,2176,979,3154,2101,1053,3221,2338,738,3274,2216,923,3235,2323,863,3089,2082,1007,3097,2395,637,3285,2429,789,3486,2720,727,3486,2244,1148,3426,2565,861,0.0,18,18105,,,
1661,18105001401,14.01,-86.5055921,39.3010536,88779136.0,88746083.0,33053.0,2029,1963,21,18,18,14,0,2101,2034,9,52,0,15,0,2338,2262,36,40,0,0,0,1977,1832,42,32,19,42,5,1771,1713,24,31,2,1,0,1781,1680,42,41,29,4,0,1613,1566,13,12,15,9,0,1695,1655,4,24,0,4,0,1855,1820,15,12,0,0,0,1603,1500,27,18,19,28,4,1603,1500,27,7,13,1,1,7,47,1428,1399,6,12,0,3,0,1350,1315,14,4,10,4,0,0,1121,611,494,915,393,522,1105,454,621,1111,494,551,1100,524,550,1076,433,643,965,451,482,1124,498,599,1234,522,696,1226,409,673,1210,513,697,0.0,18,18105,,,
1662,18105001002,10.02,-86.4873658,39.1303386,12886628.0,12886628.0,0.0,5842,4968,142,180,526,30,7,6140,4955,220,142,785,93,0,6123,5026,324,99,674,64,0,6521,5129,212,214,811,96,9,6240,5052,352,82,710,112,0,6617,5132,256,316,906,102,0,4517,3919,96,114,364,24,6,4435,3965,119,119,215,25,0,4270,3850,140,80,205,0,0,5232,4252,151,155,547,71,6,5232,4252,151,135,506,10,0,30,148,4306,3735,129,66,346,49,0,4755,3900,60,280,484,43,0,0,3316,2046,1242,3019,1783,1236,3095,1983,937,3126,1921,1070,3110,2025,1006,2968,1758,1210,2884,1982,804,3194,2102,1001,3506,2435,1007,3497,1972,1385,3452,2278,1174,0.0,18,18105,,,
1663,18105001103,11.03,-86.5538221,39.1023804,15765308.0,15765308.0,0.0,3161,2931,74,67,59,24,1,2868,2613,51,98,66,59,10,2720,2479,39,115,52,56,11,3080,2700,110,116,61,73,4,2992,2819,37,45,32,82,17,2950,2697,52,115,45,49,0,2277,2159,37,29,35,16,1,2270,2070,50,74,20,44,0,2140,1950,40,84,14,39,0,2405,2161,79,61,41,51,4,2405,2161,79,44,26,5,0,5,85,2356,2226,38,7,10,59,0,2515,2400,50,33,15,18,0,0,1297,609,676,1337,626,711,1426,648,684,1442,656,706,1432,718,665,1370,590,780,1261,684,521,1461,732,677,1613,873,712,1610,656,811,1581,807,774,0.0,18,18105,,,
1664,18105000202,2.02,-86.5169024,39.168433,1370125.0,1370125.0,0.0,6406,5084,208,424,678,42,11,6427,4892,376,301,863,0,43,6490,4765,455,319,986,0,47,7349,5391,480,516,920,49,7,8391,6125,569,369,1376,0,48,7966,5896,625,398,1008,116,53,6381,5066,206,418,673,39,9,5940,4840,325,269,475,0,0,6010,4730,405,289,555,0,0,7298,5381,467,499,906,37,5,7298,5381,467,404,787,9,5,36,209,7647,6055,536,305,715,0,0,7495,5755,605,325,660,110,0,40,3160,2378,761,1925,1346,579,1566,1205,258,1546,1099,348,1518,1158,292,1468,1102,366,1356,1104,157,1168,901,205,520,431,81,514,373,116,510,415,95,0.0,18,18105,,,
1665,18105001303,13.03,-86.6005506,39.23585,18511395.0,18511395.0,0.0,5249,4982,74,86,76,37,2,6102,5745,185,150,91,12,56,6151,5899,0,98,154,0,41,6125,5558,123,149,118,135,5,5863,5643,0,106,106,8,0,5660,5336,23,159,125,17,0,3950,3781,43,53,53,23,2,4730,4520,80,70,35,10,0,4870,4735,0,50,65,0,0,4642,4275,75,72,78,99,3,4642,4275,75,49,58,6,0,10,169,4513,4387,0,61,57,8,0,4320,4145,4,70,90,14,0,0,2661,1320,1313,2458,1091,1367,2801,1150,1444,2837,1227,1437,2810,1364,1351,2716,1058,1658,2392,1200,1071,2892,1340,1444,3293,1583,1637,3288,1217,1719,3223,1514,1709,0.0,18,18105,,,
1666,18105001301,13.01,-86.629867,39.2592202,149911638.0,149882959.0,28679.0,5419,5211,80,48,37,32,8,5934,5562,34,112,189,37,18,5763,5417,10,112,184,40,17,5646,5216,105,86,34,163,2,5801,5342,89,142,196,20,7,6019,5607,107,175,75,66,0,4192,4048,57,28,23,26,3,4630,4480,4,90,15,30,0,4445,4290,10,85,15,25,0,4495,4192,73,51,22,125,2,4495,4192,73,33,10,10,0,12,165,4360,4170,43,103,16,9,0,4300,4140,55,90,0,40,0,0,2262,1037,1184,2227,852,1375,2541,785,1616,2532,889,1462,2511,1050,1369,2422,746,1676,2142,808,1228,2548,917,1538,2839,985,1803,2824,764,1600,2780,1010,1770,0.0,18,18105,,,
1667,18105000402,4.02,-86.5560077,39.1462686,5295804.0,5282626.0,13178.0,4366,3632,180,333,184,53,3,5023,3993,259,306,339,109,0,5437,4312,306,369,285,146,0,4950,3771,321,459,263,120,7,5258,4124,407,341,171,200,0,5269,4057,499,562,142,42,0,3573,3035,121,226,149,42,3,3864,3289,155,250,90,85,0,4139,3589,90,295,65,105,0,4160,3245,248,339,202,96,5,4160,3245,248,274,160,3,1,35,194,4145,3515,207,278,32,104,0,4295,3575,315,380,0,23,0,0,1733,1209,496,1549,1023,526,1759,1094,516,1768,1064,551,1755,1144,524,1695,1067,628,1515,1073,351,1842,1232,522,2163,1516,575,2160,1320,678,2117,1496,621,0.0,18,18105,,,
1668,18117951300,9513,-86.4089171,38.659343,109350263.0,108716572.0,633691.0,3517,3465,14,11,10,16,1,3612,3540,57,15,0,0,0,3540,3463,50,27,0,0,0,3553,3413,46,22,4,47,4,3639,3559,54,26,0,0,0,3816,3715,44,10,49,0,0,2570,2540,6,4,6,13,0,2715,2670,45,0,0,0,0,2665,2625,40,0,0,0,0,2644,2555,27,5,2,37,4,2644,2555,27,3,1,9,0,2,47,2908,2866,40,0,0,0,0,3145,3065,30,0,50,0,0,0,1379,514,837,1281,443,838,1476,294,1123,1463,418,1006,1435,474,932,1394,295,1099,1162,340,783,1437,368,1037,1577,336,1213,1574,309,988,1508,353,1155,0.0,18,18117,,,
1669,18117951800,9518,-86.3763792,38.5039899,305328488.0,304581244.0,747244.0,3525,3452,32,8,7,32,3,3172,3121,51,0,0,0,0,3266,3249,17,0,0,0,0,3603,3448,48,17,7,67,8,2904,2891,13,0,0,0,0,3307,3215,37,7,18,0,0,2636,2598,18,3,5,24,1,2385,2355,30,0,0,0,0,2440,2425,15,0,0,0,0,2644,2557,18,3,4,47,3,2644,2557,18,0,3,3,2,2,59,2226,2214,17,0,0,0,0,2310,2280,10,0,10,0,0,0,1464,622,807,1315,503,812,1421,326,1029,1400,476,878,1363,477,850,1297,318,979,1133,347,741,1370,375,957,1509,338,1145,1488,308,986,1433,335,1098,0.0,18,18117,,,
1670,18117951700,9517,-86.4637687,38.5461774,13312411.0,13279223.0,33188.0,3187,3093,37,19,15,20,0,3099,2990,3,14,68,27,0,2964,2853,3,23,74,14,0,3212,2949,77,58,33,69,2,2991,2871,0,71,34,15,0,2728,2474,131,84,0,132,0,2420,2365,19,9,6,17,0,2460,2405,4,14,4,25,0,2370,2315,4,20,4,15,0,2488,2319,49,30,25,52,1,2488,2319,49,18,17,2,1,0,82,2353,2250,0,60,21,17,0,2105,1960,80,35,0,25,0,0,1235,545,657,1138,480,658,1214,337,790,1202,445,704,1172,464,669,1129,314,815,1007,326,631,1188,383,766,1300,364,909,1300,336,798,1251,352,899,0.0,18,18117,,,
1671,18117951400,9514,-86.5652863,38.6257989,255107280.0,254133298.0,973982.0,3156,3054,35,19,10,35,2,3327,3277,50,0,0,0,0,3346,3346,0,0,0,0,0,3162,2992,24,34,8,77,5,3412,3398,14,0,0,0,0,3414,3205,16,0,0,67,0,2380,2302,23,9,9,25,1,2415,2365,50,0,0,0,0,2440,2440,0,0,0,0,0,2389,2268,21,11,8,55,4,2389,2268,21,8,6,2,0,6,78,2529,2508,16,0,0,0,0,2605,2525,15,0,0,65,0,0,1352,509,804,1221,444,777,1316,312,946,1316,436,834,1277,475,768,1242,316,926,1126,341,742,1307,371,903,1459,359,1073,1438,315,908,1383,344,1039,0.0,18,18117,,,
1672,18117951600,9516,-86.5609645,38.4730659,334769246.0,311820437.0,22948809.0,3475,3346,29,46,23,41,1,3320,3229,0,11,0,80,0,3258,3163,0,0,0,94,0,3434,3219,35,43,11,111,7,3701,3624,0,0,3,77,0,3753,3608,14,53,4,14,0,2688,2601,18,27,17,29,1,2665,2610,0,10,0,40,0,2655,2595,0,0,0,59,0,2760,2609,16,26,8,81,3,2760,2609,16,15,4,13,2,7,94,2831,2770,0,0,0,60,0,2910,2840,15,40,0,10,0,4,1472,650,776,1416,559,857,1577,411,1080,1577,566,959,1542,582,918,1479,394,1085,1348,436,851,1550,477,1029,1709,451,1224,1694,374,1127,1617,439,1178,0.0,18,18117,,,
1673,18117951500,9515,-86.6303569,38.5604715,39344550.0,39264985.0,79565.0,2980,2734,47,139,20,43,0,3017,2484,140,306,42,45,3,3171,2512,55,522,33,50,7,2903,2506,75,171,36,85,8,2905,2183,64,475,78,70,4,2750,2223,112,281,57,49,0,2259,2115,30,77,15,31,0,2235,1985,23,159,28,42,0,2355,1995,24,255,22,47,0,2304,2037,43,106,24,56,3,2304,2037,43,93,23,8,3,9,88,2200,1773,30,260,69,71,0,2155,1830,53,200,38,42,0,0,1242,550,655,1187,508,679,1274,368,835,1265,454,753,1238,499,690,1185,343,842,996,345,605,1205,396,768,1276,376,868,1265,310,784,1213,369,844,0.0,18,18117,,,
1674,18081610607,6106.07,-86.1932312,39.6027932,7414469.0,7414469.0,0.0,6695,6273,113,73,194,39,6,7083,6241,0,132,710,0,0,7079,6082,0,109,814,0,0,6990,6096,193,190,318,149,8,7013,6249,0,89,602,0,0,6617,5241,95,0,1164,20,0,4518,4271,60,36,124,27,3,4829,4354,0,130,350,0,0,4867,4392,0,110,365,0,0,4952,4417,111,93,193,102,4,4952,4417,111,63,158,1,1,14,187,4820,4428,0,91,303,0,0,4450,3985,30,0,415,20,0,0,2852,947,1871,2759,752,2007,3268,878,2175,3266,950,2178,3254,1076,2096,3168,763,2405,2538,920,1551,3295,1070,2134,3807,1360,2385,3787,942,2335,3658,1243,2415,0.0,18,18081,,,
1675,18081610101,6101.01,-86.0095961,39.5914911,93831010.0,93828807.0,2203.0,4323,3521,125,73,585,29,2,5420,3226,485,171,1500,56,0,5616,3693,247,196,1463,42,0,6598,3885,293,430,1857,131,17,6476,3795,814,374,1523,15,0,7014,4983,978,212,841,0,0,3178,2658,79,46,381,21,2,3475,2445,270,80,620,55,0,3695,2870,70,80,630,40,0,4805,2966,177,234,1332,95,14,4805,2966,177,207,1298,15,3,11,128,4126,2909,419,150,631,14,0,4850,3790,600,75,390,0,0,0,1761,632,1109,1807,508,1299,2355,702,1526,2351,740,1497,2350,804,1484,2310,677,1633,1905,658,1190,2417,806,1550,2849,982,1807,2830,761,1675,2734,937,1797,0.0,18,18081,,,
1676,18081610704,6107.04,-86.1734423,39.5734566,15607282.0,15551165.0,56117.0,5165,4859,77,58,155,24,6,7695,7115,21,79,385,101,0,7893,7150,0,116,517,112,0,9238,7585,233,339,873,147,15,6967,6557,0,0,374,24,0,8344,7252,10,243,790,24,0,3838,3660,47,22,88,11,1,5226,4958,20,20,125,101,0,5205,4910,0,24,168,113,0,6649,5614,146,211,542,98,8,6649,5614,146,163,508,7,2,23,186,4762,4560,0,0,176,25,0,5680,5185,10,185,275,25,0,0,2724,871,1827,2997,790,2207,3988,1113,2615,3975,1169,2629,3954,1317,2555,3839,955,2884,3240,1131,2018,4029,1287,2629,4601,1583,2933,4585,1040,3019,4463,1428,3035,0.0,18,18081,,,
1677,18081610203,6102.03,-86.0789276,39.5955322,4233930.0,4233930.0,0.0,5576,5001,170,134,222,46,11,4933,3579,482,510,331,31,0,4942,3524,509,544,337,28,0,6325,4860,320,364,595,122,19,5829,4217,599,409,599,46,0,6953,5521,257,356,743,45,0,3953,3578,98,79,162,27,7,3265,2715,245,260,10,30,0,3160,2585,260,220,60,30,0,4702,3711,216,227,408,93,9,4702,3711,216,187,383,11,8,23,163,3855,3280,208,196,125,44,0,4785,4100,80,260,300,45,0,0,2148,807,1325,2384,783,1601,2650,740,1748,2641,825,1692,2636,919,1659,2576,689,1887,1982,702,1219,2614,878,1660,2952,1077,1815,2942,798,1737,2834,1015,1819,0.0,18,18081,,,
1678,18081610102,6101.02,-86.1088762,39.5709286,42803304.0,42721906.0,81398.0,8885,7908,383,235,316,68,2,12392,10209,908,618,494,163,0,13083,10628,1051,594,637,174,0,13043,9951,680,760,1293,284,15,12645,11055,668,523,399,0,0,12696,10560,771,0,915,36,0,5966,5422,194,115,204,39,1,7600,6875,210,240,240,30,0,8085,7205,195,220,440,35,0,9030,7087,401,406,894,193,10,9030,7087,401,343,827,16,5,36,315,8338,7649,221,212,262,0,0,8570,7550,250,0,735,35,0,0,3306,1325,1942,3067,994,2073,4090,1059,2735,4072,1222,2577,4061,1361,2555,3988,1056,2932,3077,1057,1906,4334,1376,2800,5498,1838,3524,5463,1360,3102,5239,1745,3494,0.0,18,18081,,,
1679,18081610501,6105.01,-86.0730042,39.5514097,8023855.0,8023855.0,0.0,2828,2701,52,28,26,21,2,3175,3162,0,0,13,0,0,3043,3032,0,1,10,0,0,2805,2542,89,46,43,82,0,3004,3004,0,0,0,0,0,2820,2820,0,0,0,0,0,2023,1945,28,16,16,16,2,2425,2415,0,0,15,0,0,2395,2385,0,0,10,0,0,2117,1961,51,22,30,56,0,2117,1961,51,13,15,12,0,5,60,2482,2488,0,0,0,0,0,2275,2275,0,0,0,0,0,0,1111,413,684,968,271,697,1187,219,893,1186,300,814,1177,303,833,1158,219,939,830,227,571,1144,281,823,1281,313,938,1273,222,770,1223,320,903,0.0,18,18081,,,
1680,18081610502,6105.02,-86.093929,39.5478428,4124804.0,4124804.0,0.0,5077,4908,75,37,37,17,8,5475,5307,91,61,44,0,0,5914,5637,72,136,41,47,0,5565,5031,168,116,66,130,12,5975,5620,131,123,44,87,0,5487,4914,46,353,76,111,0,3681,3584,47,17,18,13,5,4355,4265,90,0,0,0,0,4620,4465,75,35,0,45,0,4122,3817,86,48,34,97,12,4122,3817,86,30,19,11,6,5,148,4655,4402,135,35,0,88,0,4070,3900,45,30,15,75,0,0,2044,806,1212,1792,556,1236,2114,433,1537,2103,547,1391,2100,650,1360,2059,455,1604,1489,403,1028,2116,553,1480,2495,629,1824,2487,489,1476,2363,638,1725,0.0,18,18081,,,
1681,18081610706,6107.06,-86.1699912,39.5208624,5000491.0,5000491.0,0.0,2591,2492,41,26,11,32,0,2191,2117,8,37,17,3,0,2063,1969,5,33,18,3,26,2554,2401,53,23,15,64,8,2153,2146,0,0,7,0,0,3053,3039,0,0,14,0,0,1906,1853,19,13,9,21,0,1623,1581,5,15,14,3,0,1554,1496,5,16,16,3,0,1890,1784,32,10,6,45,3,1890,1784,32,7,0,0,0,2,65,1390,1382,0,0,4,0,0,2315,2305,0,0,15,0,0,0,1080,400,664,898,262,636,1123,262,797,1119,332,712,1108,368,708,1086,233,853,778,243,500,1073,301,736,1190,303,861,1185,220,686,1136,309,827,0.0,18,18081,,,
1682,18081610703,6107.03,-86.2025178,39.5812737,11560031.0,11560031.0,0.0,5389,5116,99,23,136,19,6,6304,5754,96,166,206,22,72,6180,5693,37,153,230,23,62,6136,5584,132,78,232,77,1,5806,5076,87,164,329,113,44,5040,4785,52,128,18,13,32,3955,3790,56,12,88,11,2,4692,4365,55,85,86,21,0,4634,4370,35,80,66,24,0,4509,4174,71,41,150,62,1,4509,4174,71,33,131,0,1,11,88,4362,3960,88,120,43,113,0,3935,3740,50,95,0,15,0,30,2984,856,2106,3047,754,2293,3455,889,2358,3471,945,2420,3464,1058,2347,3366,673,2693,2819,900,1847,3450,1002,2367,3836,1206,2563,3818,769,2666,3710,1040,2670,0.0,18,18081,,,
1683,18081610204,6102.04,-86.0884683,39.6074446,3229835.0,3229835.0,0.0,4292,3549,184,95,422,50,1,4361,3727,86,188,360,0,0,4626,3815,234,238,331,8,0,5385,4004,318,331,583,109,3,3982,2857,220,125,742,38,0,4309,3439,211,344,245,26,0,3363,2867,118,58,290,35,0,3525,3305,55,90,85,0,0,3805,3395,170,165,65,10,0,4377,3371,201,223,458,81,3,4377,3371,201,171,433,0,0,20,181,3076,2553,129,120,241,39,0,3480,2855,185,345,90,0,0,0,1555,667,874,1689,647,1042,2141,686,1288,2135,762,1234,2128,827,1212,2080,667,1413,1513,636,811,2069,773,1214,2305,904,1360,2293,678,1296,2211,831,1380,0.0,18,18081,,,
1684,18081610608,6106.08,-86.2332002,39.6005182,20409692.0,19621378.0,788314.0,1939,1861,19,6,34,10,0,1542,1542,0,0,0,0,0,1809,1809,0,0,0,0,0,1911,1791,34,15,41,31,2,1639,1639,0,0,0,0,0,1521,1483,0,0,32,6,0,1474,1421,11,6,19,10,0,1272,1272,0,0,0,0,0,1428,1428,0,0,0,0,0,1514,1420,22,13,32,29,0,1514,1420,22,5,24,2,0,1,40,1308,1312,0,0,0,0,0,1300,1265,0,0,30,4,0,0,1018,325,683,963,281,682,1094,280,763,1095,317,740,1088,364,710,1067,233,834,886,292,574,1068,318,732,1161,339,807,1165,237,764,1117,319,798,0.0,18,18081,,,
1685,18081610705,6107.05,-86.2032473,39.5426372,46697465.0,46651711.0,45754.0,3431,3219,74,35,77,19,4,4828,4764,0,3,47,8,0,5317,5235,0,5,68,7,0,7034,5976,223,240,455,116,5,5286,4834,98,205,47,0,0,6467,5627,84,247,358,24,0,2411,2284,36,30,51,12,1,3437,3382,0,0,39,8,0,3777,3731,0,1,31,8,0,4802,4199,119,106,278,72,0,4802,4199,119,95,261,8,0,13,107,3878,3691,51,103,30,0,0,4435,4125,50,135,95,25,0,0,1482,441,1019,1772,447,1325,2446,605,1674,2439,645,1685,2428,727,1644,2379,529,1850,2022,659,1306,2778,805,1902,3738,1151,2513,3740,762,2495,3612,1038,2574,0.0,18,18081,,,
1686,18173030502,305.02,-87.2314583,38.0314938,116663264.0,115800354.0,862910.0,4135,4039,33,32,10,26,4,3655,3477,12,74,77,15,0,3756,3584,14,74,60,24,0,4178,3975,62,55,20,63,2,4203,3876,15,81,59,17,0,4470,4296,1,25,0,1,5,3210,3145,20,20,9,21,2,2960,2870,0,35,40,15,0,2995,2920,0,8,35,25,0,3300,3187,37,26,6,47,1,3300,3187,37,19,4,5,0,1,47,3556,3447,0,30,60,17,0,3765,3740,0,19,0,0,0,0,2070,985,1045,1879,754,1125,2032,583,1340,2014,825,1090,1996,894,1073,1883,622,1261,1675,662,950,2017,750,1218,2254,689,1534,2225,539,1559,2181,849,1332,0.0,18,18173,,,
1687,18173030602,306.02,-87.2858407,38.0757354,14077316.0,13242329.0,834987.0,3490,3391,29,29,14,24,0,3793,3664,26,49,0,54,0,3290,3158,32,66,0,36,0,3472,3199,63,66,28,109,3,2736,2624,0,74,0,38,0,2925,2832,64,76,0,17,0,2668,2620,12,14,6,15,0,2805,2750,0,0,0,55,0,2525,2480,0,10,0,35,0,2662,2486,31,33,21,79,0,2662,2486,31,22,13,12,0,3,95,2132,2092,0,10,0,38,0,2210,2180,0,10,0,19,0,0,1582,826,713,1506,724,782,1475,489,878,1470,675,691,1455,713,693,1382,536,846,1130,502,581,1404,602,755,1509,548,932,1502,449,946,1473,700,773,0.0,18,18173,,,
1688,18173030802,308.02,-87.4312812,37.9498207,4096140.0,4087098.0,9042.0,2813,2546,47,121,85,22,4,2777,2451,89,116,156,0,0,2928,2731,33,147,17,0,0,2956,2638,56,122,56,67,1,2658,2617,24,0,17,0,0,2858,2761,92,5,0,0,0,2135,1980,24,69,58,11,3,2165,1950,55,115,50,0,0,2335,2135,35,145,15,0,0,2374,2144,47,83,35,48,0,2374,2144,47,71,30,9,0,4,69,2137,2095,26,0,16,0,0,2305,2270,35,4,0,0,0,0,1316,579,730,1345,488,857,1359,433,855,1329,481,797,1326,483,807,1279,403,876,1131,451,645,1375,519,818,1568,586,947,1558,454,1032,1531,666,865,3350.3891455149733,18,18173,,,
1689,18173030501,305.01,-87.3153726,37.9958218,132199208.0,126569305.0,5629903.0,3105,2991,39,22,28,16,1,3295,2880,158,0,112,92,0,3234,2749,215,76,64,74,0,3747,3434,62,67,131,51,3,3205,2563,287,164,83,49,0,3596,3029,364,40,154,9,0,2398,2332,23,10,16,14,1,2545,2450,0,0,0,95,0,2400,2290,0,40,0,75,0,2898,2701,42,34,90,33,3,2898,2701,42,16,72,2,1,3,61,2222,2061,0,90,23,50,0,2530,2375,0,15,130,10,0,0,1568,646,894,1453,509,944,1673,446,1134,1663,576,1030,1650,589,1042,1579,413,1166,1499,542,916,1754,599,1117,2050,640,1382,2034,489,1429,1992,784,1208,11367.610217143838,18,18173,,,
1690,18173030708,307.08,-87.4362523,37.9639563,4004380.0,4000870.0,3510.0,2643,2438,31,95,70,13,1,2719,2444,10,131,134,0,0,2879,2804,69,6,0,0,0,2676,2312,47,105,173,29,3,2207,2144,57,6,0,0,0,2347,2151,93,28,71,4,0,1993,1866,16,62,41,7,1,1945,1815,10,70,50,0,0,2160,2120,35,4,0,0,0,2048,1798,20,78,124,20,3,2048,1798,20,71,115,2,1,6,35,1737,1711,18,2,0,0,0,1875,1805,20,29,25,4,0,0,1290,481,805,1501,477,1024,1529,509,936,1516,543,927,1508,552,936,1458,447,1011,1173,472,685,1464,551,885,1541,580,935,1530,430,1043,1517,647,870,0.0,18,18173,,,
1691,18173030707,307.07,-87.39434,37.9920999,5727517.0,5727517.0,0.0,4668,4296,81,97,176,17,3,4763,4288,234,37,189,0,0,4740,4146,286,45,248,0,0,4985,4401,109,121,267,59,0,5082,4559,309,57,144,13,0,5254,4658,122,66,374,34,0,3341,3121,42,61,103,14,2,3245,3130,0,15,100,0,0,3390,3240,0,15,125,0,0,3770,3377,71,78,176,51,0,3770,3377,71,62,159,2,0,12,87,3349,3225,0,26,85,15,0,3730,3425,0,55,210,34,0,0,2565,930,1607,2358,753,1605,2542,771,1640,2501,854,1570,2476,854,1580,2404,667,1737,2019,776,1205,2545,923,1579,2921,1070,1820,2898,767,2044,2863,1208,1655,0.0,18,18173,,,
1692,18173030709,307.09,-87.4166111,37.967484,5578140.0,5578140.0,0.0,4345,3867,122,139,195,24,3,4459,3730,182,192,346,19,0,4221,3425,197,244,338,40,0,4737,3971,208,218,267,64,5,4750,3835,150,261,314,31,0,4884,3691,317,429,228,47,0,3276,2980,70,89,119,17,1,3295,3035,0,95,155,0,0,3155,2835,0,104,195,0,0,3622,3149,107,138,177,39,3,3622,3149,107,116,161,1,1,9,78,3417,3201,0,119,85,0,0,3560,3055,145,255,85,15,0,0,1819,702,1100,2043,664,1379,2356,726,1499,2339,841,1411,2321,833,1447,2244,689,1555,1952,752,1147,2286,854,1376,2409,919,1448,2404,705,1589,2363,1055,1308,0.0,18,18173,,,
1693,18173030706,307.06,-87.3725624,38.0078271,8023757.0,7862096.0,161661.0,3357,3008,78,64,196,20,1,4005,3457,0,84,464,0,0,4346,3630,19,141,556,0,0,3922,3273,79,99,402,48,1,4191,3283,29,105,728,0,0,3891,3196,38,65,525,22,0,2346,2159,40,29,109,11,1,2690,2495,0,45,150,0,0,2835,2600,20,70,145,0,0,2933,2489,54,55,275,36,1,2933,2489,54,41,257,0,1,0,91,2907,2422,31,56,401,0,0,2745,2420,40,20,265,4,0,0,1636,568,1056,1586,445,1141,1966,594,1270,1940,630,1242,1938,645,1255,1859,503,1356,1604,574,992,2023,713,1264,2365,848,1484,2353,613,1659,2305,970,1335,0.0,18,18173,,,
1694,18173030801,308.01,-87.3974642,37.949371,5868459.0,5822571.0,45888.0,3942,3659,88,84,84,29,3,3944,3621,58,104,150,11,0,3735,3407,0,145,165,18,0,3859,3450,102,114,102,61,5,3757,3435,0,53,188,11,0,3854,3768,0,38,26,0,0,2990,2818,52,51,48,16,3,3095,2885,30,105,60,10,0,2915,2680,0,145,75,20,0,2951,2704,48,66,61,42,3,2951,2704,48,54,58,8,0,7,72,2859,2726,0,58,70,11,0,3035,2970,0,40,25,0,0,0,2062,839,1207,1938,682,1256,1981,679,1187,1971,728,1175,1964,743,1184,1887,628,1259,1689,702,942,1987,788,1150,2175,883,1253,2158,655,1411,2127,986,1141,3902.70380388846,18,18173,,,
1695,18173030601,306.01,-87.2947082,38.0290432,9066487.0,9032439.0,34048.0,2536,2453,34,19,5,16,1,2613,2451,148,0,0,14,0,3003,2902,70,8,0,21,0,2554,2410,38,37,6,49,1,2915,2803,29,16,0,0,0,2740,2654,39,19,15,17,0,1947,1896,22,9,4,13,0,1870,1790,64,0,0,15,0,2110,2065,14,10,0,20,0,1932,1834,26,31,1,33,1,1932,1834,26,24,0,0,1,2,45,2026,1978,32,14,0,0,0,2000,1945,25,20,15,0,0,0,1139,602,516,1096,525,571,1101,369,649,1085,493,524,1079,510,543,1032,397,635,820,383,402,1046,437,576,1127,375,728,1116,307,730,1081,476,605,0.0,18,18173,,,
