idx,geo_id,name,centroid_lon,centroid_lat,area_m2,land_m2,water_m2,T_10_CENS_Total,T_10_CENS_White,T_10_CENS_Hispanic,T_10_CENS_Black,T_10_CENS_Asian,T_10_CENS_Native,T_10_CENS_Pacific,T_18_ACS_Total,T_18_ACS_White,T_18_ACS_Hispanic,T_18_ACS_Black,T_18_ACS_Asian,T_18_ACS_Native,T_18_ACS_Pacific,T_19_ACS_Total,T_19_ACS_White,T_19_ACS_Hispanic,T_19_ACS_Black,T_19_ACS_Asian,T_19_ACS_Native,T_19_ACS_Pacific,T_20_CENS_Total,T_20_CENS_White,T_20_CENS_Hispanic,T_20_CENS_Black,T_20_CENS_Asian,T_20_CENS_Native,T_20_CENS_Pacific,T_20_ACS_Total,T_20_ACS_White,T_20_ACS_Hispanic,T_20_ACS_Black,T_20_ACS_Asian,T_20_ACS_Native,T_20_ACS_Pacific,T_22_ACS_Total,T_22_ACS_White,T_22_ACS_Hispanic,T_22_ACS_Black,T_22_ACS_Asian,T_22_ACS_Native,T_22_ACS_Pacific,V_10_VAP_Total,V_10_VAP_White,V_10_VAP_Hispanic,V_10_VAP_Black,V_10_VAP_Asian,V_10_VAP_Native,V_10_VAP_Pacific,V_18_CVAP_Total,V_18_CVAP_White,V_18_CVAP_Hispanic,V_18_CVAP_Black,V_18_CVAP_Asian,V_18_CVAP_Native,V_18_CVAP_Pacific,V_19_CVAP_Total,V_19_CVAP_White,V_19_CVAP_Hispanic,V_19_CVAP_Black,V_19_CVAP_Asian,V_19_CVAP_Native,V_19_CVAP_Pacific,V_20_VAP_Total,V_20_VAP_White,V_20_VAP_Hispanic,V_20_VAP_Black,V_20_VAP_Asian,V_20_VAP_Native,V_20_VAP_Pacific,V_20_VAP_NH_Total,V_20_VAP_NH_White,V_20_VAP_NH_Hispanic,V_20_VAP_NH_BlackAlone,V_20_VAP_NH_AsianAlone,V_20_VAP_NH_NativeAlone,V_20_VAP_NH_PacificAlone,V_20_VAP_NH_OtherAlone,V_20_VAP_NH_TwoOrMore,V_20_CVAP_Total,V_20_CVAP_White,V_20_CVAP_Hispanic,V_20_CVAP_Black,V_20_CVAP_Asian,V_20_CVAP_Native,V_20_CVAP_Pacific,V_22_CVAP_Total,V_22_CVAP_White,V_22_CVAP_Hispanic,V_22_CVAP_Black,V_22_CVAP_Asian,V_22_CVAP_Native,V_22_CVAP_Pacific,V_22_CVAP_RemTwoOrMore,E_08_PRES_Total,E_08_PRES_Dem,E_08_PRES_Rep,E_12_PRES_Total,E_12_PRES_Dem,E_12_PRES_Rep,E_16_PRES_Total,E_16_PRES_Dem,E_16_PRES_Rep,E_16_SEN_Total,E_16_SEN_Dem,E_16_SEN_Rep,E_18_GOV_Total,E_18_GOV_Dem,E_18_GOV_Rep,E_18_AG_Total,E_18_AG_Dem,E_18_AG_Rep,E_16-20_COMP_Total,E_16-20_COMP_Dem,E_16-20_COMP_Rep,E_20_PRES_Total,E_20_PRES_Dem,E_20_PRES_Rep,E_20_SEN_Total,E_20_SEN_Dem,E_20_SEN_Rep,E_16-24_COMP_Total,E_16-24_COMP_Dem,E_16-24_COMP_Rep,E_24_PRES_Total,E_24_PRES_Dem,E_24_PRES_Rep,outer_perimeter_m,parent_state,parent_county,parent_tract,parent_group,parent_vtd
0,19055950300,9503,-91.4603285,42.4880514,27206674.0,27142261.0,64413.0,5289,5131,48,62,24,32,2,5152,5015,55,45,0,34,0,5128,4941,77,73,0,36,0,5207,4811,112,126,50,97,7,5011,4833,69,66,0,43,0,5140,4814,109,178,0,24,0,3970,3884,26,29,14,19,0,3880,3794,55,0,0,35,0,3809,3693,75,0,0,35,0,4050,3802,81,64,38,60,5,4050,3802,81,60,13,10,0,6,78,3905,3809,71,0,0,25,0,4175,4050,110,4,0,10,0,0,2546,1428,1073,2649,1491,1158,2556,1038,1326,2551,806,1641,2144,925,1143,1861,1470,0,2482,1007,1392,2770,1164,1549,2750,1142,1539,2536,1014,1455,2820,1099,1670,0.0,19,19055,,,
1,19055950400,9504,-91.3534927,42.3756176,737691269.0,735669629.0,2021640.0,5503,5430,27,26,10,9,0,5195,5062,56,61,0,15,0,5090,4994,32,52,1,11,0,5451,5297,43,42,14,40,2,5105,4889,54,58,2,4,0,5335,5180,15,8,6,16,0,4114,4080,11,6,8,6,0,4021,3956,29,25,0,15,0,3955,3905,19,15,4,10,0,4138,4066,19,9,12,21,0,4138,4066,19,8,2,3,0,5,35,3780,3683,44,15,4,3,0,3890,3865,10,4,4,16,0,0,2896,1455,1352,3107,1490,1617,3013,912,1914,2995,697,2199,2524,804,1673,2135,1624,0,2905,884,1969,3289,990,2237,3270,1026,2170,3002,876,2066,3340,941,2328,0.0,19,19055,,,
2,19055950200,9502,-91.4957852,42.5591162,356543406.0,355629133.0,914273.0,3152,3093,21,13,17,9,2,2973,2861,64,0,19,32,0,3107,2955,105,0,36,12,0,3193,3110,20,8,18,33,3,3003,2859,66,0,74,3,0,3137,2915,91,69,82,19,0,2380,2349,13,3,10,6,2,2246,2187,19,0,20,25,0,2322,2278,14,0,35,0,0,2403,2350,14,0,11,24,0,2403,2350,14,0,5,3,0,0,31,2226,2145,15,0,76,0,0,2315,2200,14,10,84,19,0,0,1572,831,687,1634,817,817,1696,494,1090,1675,437,1178,1400,458,884,1159,887,0,1597,491,1083,1826,519,1279,1812,541,1229,1656,479,1140,1841,485,1332,0.0,19,19055,,,
3,19055950100,9501,-91.2470106,42.5502199,377937426.0,377752377.0,185049.0,3820,3754,43,8,17,3,1,3938,3760,79,24,72,21,0,3856,3702,53,44,48,19,0,3637,3488,69,15,10,30,2,3988,3819,77,19,68,11,0,3911,3815,67,26,0,5,0,2817,2781,26,1,7,3,1,2943,2863,23,4,33,20,0,2914,2849,18,4,28,20,0,2768,2679,41,4,10,14,0,2768,2679,41,4,7,0,0,3,34,3115,3039,15,0,54,8,0,2940,2915,30,0,0,4,0,0,2011,935,1001,1916,865,1051,1952,479,1328,1934,400,1447,1597,446,1092,1303,997,0,1856,467,1351,2118,484,1601,2104,526,1516,1923,459,1416,2137,453,1654,0.0,19,19055,,,
4,19169001200,12,-93.6479807,42.0139985,292480.0,292480.0,0.0,376,321,17,12,24,2,1,1018,868,14,83,53,0,0,920,788,27,72,33,10,0,273,169,34,25,40,4,36,865,724,32,71,38,10,0,627,556,43,17,11,17,0,361,311,15,10,24,1,0,980,860,15,75,30,0,0,900,780,25,65,30,0,0,262,166,31,20,40,2,36,262,166,31,19,3,1,0,6,36,850,715,30,70,30,0,0,625,555,45,15,10,0,0,0,87,62,23,206,133,73,258,152,79,246,126,107,210,149,56,192,153,0,200,126,63,136,92,40,133,86,43,126,81,41,93,55,36,0.0,19,19169,,,
5,19015020300,203,-93.8722272,42.0498826,11013014.0,11013014.0,0.0,6132,5839,136,95,48,43,5,6413,5603,458,129,0,218,86,6226,5442,327,172,0,279,107,6051,5555,126,137,73,136,10,6365,5719,349,106,0,244,67,5972,5482,158,203,0,59,0,4689,4533,83,47,28,29,4,4934,4589,164,93,0,65,25,4833,4464,124,148,0,65,35,4703,4385,73,86,50,100,3,4703,4385,73,52,35,10,0,8,140,5008,4721,137,87,0,48,25,4935,4590,140,159,0,50,0,0,3122,1724,1334,3134,1800,1334,3217,1377,1540,3188,1163,1853,2714,1387,1268,2463,1886,0,3075,1436,1558,3433,1637,1731,3398,1610,1672,3124,1435,1623,3457,1531,1865,0.0,19,19015,,,
6,19117950300,9503,-93.3196088,41.0486482,25917104.0,25917104.0,0.0,1989,1949,17,5,7,6,3,1938,1829,96,8,0,5,0,1880,1761,108,6,0,6,0,1970,1827,68,19,15,29,4,1994,1896,81,17,0,0,0,1942,1804,84,0,27,27,0,1506,1469,11,2,4,5,3,1403,1393,0,10,0,4,0,1368,1358,0,4,0,4,0,1526,1426,44,15,5,27,0,1526,1426,44,4,3,4,0,0,45,1415,1399,0,14,0,0,0,1345,1310,0,0,4,25,0,0,973,460,492,900,454,446,922,296,576,908,240,629,718,252,445,625,462,0,866,279,570,998,302,679,973,302,638,865,265,583,926,258,643,0.0,19,19117,,,
7,19117950100,9501,-93.1928349,41.0212907,456933929.0,448163461.0,8770468.0,2134,2090,23,7,5,15,1,2163,2157,6,0,0,0,0,2118,2107,11,0,0,0,0,2033,1954,19,15,7,19,5,2000,1968,23,0,0,9,0,1983,1924,25,17,4,21,0,1607,1587,13,2,3,9,1,1575,1570,4,0,0,0,0,1555,1545,10,0,0,0,0,1528,1477,10,7,3,10,1,1528,1477,10,4,3,0,0,0,34,1504,1469,9,0,0,10,0,1555,1525,10,19,4,25,0,0,1122,492,582,1097,501,596,1100,282,760,1084,251,778,957,297,652,806,551,0,1057,287,760,1162,293,855,1138,299,808,1059,279,764,1185,268,900,0.0,19,19117,,,
8,19117950200,9502,-93.4280237,41.035335,626720494.0,625765980.0,954514.0,2295,2257,16,9,9,9,0,2200,2177,11,2,0,10,0,2215,2180,11,11,0,13,0,2223,2149,22,12,3,9,5,2346,2297,0,17,0,30,0,2359,2267,34,9,0,7,0,1743,1715,10,7,3,6,0,1655,1630,14,4,0,12,0,1685,1650,10,10,0,18,0,1704,1662,14,6,1,9,2,1704,1662,14,0,0,0,0,0,28,1784,1742,0,5,0,28,0,1845,1810,20,10,0,8,0,0,1229,508,662,1206,503,703,1201,292,846,1187,262,901,1028,297,721,875,605,0,1150,294,844,1263,319,934,1250,324,895,1209,304,885,1420,324,1080,0.0,19,19117,,,
9,19117950400,9504,-93.2845931,41.0213272,15739582.0,15611719.0,127863.0,2480,2424,33,7,8,7,1,2296,2245,40,12,0,0,0,2371,2321,42,8,0,0,0,2408,2224,89,23,34,27,9,2216,2107,85,24,0,1,0,2382,2232,76,29,14,32,0,1867,1839,23,1,3,7,1,1797,1762,19,8,0,0,0,1847,1822,24,8,0,0,0,1856,1726,70,15,21,20,5,1856,1726,70,5,10,0,0,3,42,1756,1696,29,24,0,2,0,1855,1740,49,29,15,34,0,0,1186,564,593,1079,543,536,1108,361,681,1091,306,744,853,314,528,753,560,0,1030,330,679,1207,370,819,1184,377,764,1050,326,700,1115,319,777,0.0,19,19117,,,
10,19197680200,6802,-93.855923,42.6888338,394980490.0,394871331.0,109159.0,1547,1470,41,8,10,16,0,1366,1301,34,21,5,5,0,1493,1438,37,15,0,3,0,1454,1331,79,10,13,12,3,1477,1440,31,4,0,2,0,1515,1451,18,5,0,15,16,1227,1183,24,3,2,10,0,1099,1064,15,10,4,4,0,1233,1204,20,4,0,4,0,1136,1063,39,8,9,12,3,1136,1063,39,4,3,2,3,0,22,1233,1222,18,4,0,7,0,1265,1220,10,4,0,23,0,15,803,338,426,788,280,508,791,166,617,789,130,629,669,134,486,546,390,0,761,172,580,820,187,621,815,197,587,746,165,567,747,164,574,0.0,19,19197,,,
11,19197680300,6803,-93.7371136,42.7255193,240781074.0,239346499.0,1434575.0,3296,2772,474,20,20,23,4,3164,2460,615,37,28,24,7,3124,2312,750,6,42,14,10,3202,2344,754,12,52,50,7,3121,2302,713,2,15,1,0,3215,2635,436,5,21,28,0,2501,2187,287,11,11,12,4,2265,2055,170,4,10,25,0,2105,1895,175,4,15,15,0,2372,1877,415,9,34,30,7,2372,1877,415,4,26,1,2,0,47,2207,1965,221,0,3,3,0,2500,2305,185,4,0,8,0,0,1551,718,784,1526,705,821,1465,443,960,1461,344,1060,1178,408,726,986,768,0,1359,431,894,1489,469,979,1474,498,913,1353,428,888,1367,431,907,0.0,19,19197,,,
12,19197680500,6805,-93.9036875,42.6617534,25305121.0,25305121.0,0.0,3666,3281,315,47,14,19,2,3572,3161,385,0,26,40,0,3622,3063,433,0,126,0,0,3679,2650,893,50,29,70,2,3677,3093,549,0,35,0,0,3613,2556,859,66,107,10,0,2773,2569,182,15,7,10,2,2586,2471,104,0,10,0,0,2517,2356,125,0,40,0,0,2673,2105,486,21,15,50,2,2673,2105,486,17,6,3,1,0,55,2623,2423,184,0,9,0,0,2250,1990,180,40,30,10,0,0,1653,789,829,1518,719,799,1405,469,860,1394,382,951,1099,429,644,982,745,0,1287,451,808,1450,496,927,1437,520,848,1293,445,817,1290,440,833,0.0,19,19197,,,
13,19197680400,6804,-93.5923575,42.6704175,403684909.0,402027015.0,1657894.0,1277,1130,137,4,4,3,0,1197,1110,37,51,0,0,0,1191,1101,62,22,6,0,0,1158,960,167,7,11,20,4,1199,1121,47,9,3,0,0,1188,1099,57,0,7,0,0,1019,931,81,3,3,3,0,890,875,4,4,0,0,0,910,895,10,0,4,0,0,910,802,84,7,3,15,4,910,802,84,6,1,3,2,1,11,893,851,5,0,4,0,0,875,850,15,0,4,0,0,0,712,331,329,648,315,333,596,182,377,591,155,398,513,182,326,454,356,0,561,192,365,622,204,411,621,206,398,576,189,381,578,168,396,0.0,19,19197,,,
14,19197680100,6801,-93.7246244,42.8558693,443221247.0,441718911.0,1502336.0,3443,3085,307,14,21,15,7,3505,2994,410,77,24,0,0,3307,2964,259,29,45,10,0,3450,2822,501,53,32,55,2,3170,2909,244,15,0,2,0,3366,2914,392,16,27,23,0,2623,2424,174,3,10,11,6,2535,2350,170,10,4,0,0,2500,2365,110,10,0,10,0,2642,2267,298,30,21,40,1,2642,2267,298,20,13,4,0,2,38,2347,2222,111,3,0,5,0,2390,2245,125,0,0,15,0,0,1802,926,830,1763,848,915,1733,580,1054,1708,492,1137,1496,568,885,1260,987,0,1673,592,1053,1873,640,1198,1841,642,1143,1724,599,1092,1741,567,1143,0.0,19,19197,,,
15,19013002304,23.04,-92.4571981,42.5226723,1208020.0,1206258.0,1762.0,2749,2585,52,51,53,12,0,2265,1779,161,200,133,84,0,2218,1732,176,189,128,115,0,2450,2129,94,113,76,43,3,2334,1972,180,57,123,115,0,2735,2351,57,216,105,82,0,2522,2390,44,40,40,9,0,1865,1655,50,148,14,4,0,1905,1665,75,149,14,4,0,2173,1899,81,88,65,32,2,2173,1899,81,72,58,3,0,10,50,2060,1865,71,60,60,4,0,2555,2225,40,220,69,39,0,0,1290,827,434,1291,824,467,1363,768,456,1336,650,627,1090,745,312,1004,830,0,1210,750,412,1240,819,387,1234,791,405,1170,725,410,1081,643,420,0.0,19,19013,,,
16,19013002303,23.03,-92.4607817,42.5149829,1495127.0,1478649.0,16478.0,5142,4684,111,174,170,22,4,4413,3878,162,240,93,69,7,4258,3677,191,224,133,65,7,3801,2947,117,489,162,70,27,4167,3566,220,204,140,73,6,3985,3410,203,136,246,20,0,4843,4444,96,151,147,19,4,4345,3855,130,220,70,59,0,4150,3645,155,205,85,59,0,3724,2905,106,476,157,68,20,3724,2905,106,370,108,21,17,8,189,4043,3525,174,182,85,69,0,3850,3365,180,109,175,20,0,0,1856,1183,637,2410,1435,975,2571,1326,986,2482,1007,1370,1915,1162,711,1684,1344,0,1958,1061,808,1444,883,528,1424,835,554,1565,888,632,1545,945,562,0.0,19,19013,,,
17,19133960100,9601,-95.8663058,42.137622,389358662.0,388160813.0,1197849.0,2327,2236,24,34,3,31,1,2258,2156,76,10,0,14,0,2270,2220,21,12,0,14,0,2141,2034,35,40,6,16,3,2230,2157,49,24,0,0,0,2006,1930,49,27,0,0,0,1770,1743,7,8,2,10,0,1725,1685,25,4,0,15,0,1730,1710,10,4,0,15,0,1645,1596,11,12,3,16,3,1645,1596,11,0,0,5,0,0,33,1741,1702,35,0,0,0,0,1610,1580,34,0,0,0,0,0,1272,594,621,1180,552,628,1175,316,805,1171,252,841,998,294,681,806,577,0,1088,307,770,1168,344,808,1162,348,777,1093,301,776,1189,313,856,0.0,19,19133,,,
18,19133960400,9604,-95.8372909,41.971919,725438097.0,724208327.0,1229770.0,1813,1778,16,10,6,13,0,1612,1573,33,1,0,8,0,1729,1698,24,1,0,9,0,1667,1612,16,6,6,17,3,1767,1745,15,1,0,8,0,1827,1801,11,1,0,21,0,1456,1438,8,4,4,3,0,1310,1280,25,0,0,4,0,1315,1295,18,0,0,4,0,1318,1278,11,2,5,13,3,1318,1278,11,2,5,0,0,5,17,1356,1329,14,0,0,5,0,1375,1355,8,0,0,10,0,4,1084,514,511,1037,481,556,958,220,678,952,194,695,794,221,547,633,455,0,897,249,638,997,294,688,978,310,639,919,250,655,977,256,698,0.0,19,19133,,,
19,19169010300,103,-93.4487397,41.9966552,46366088.0,46337838.0,28250.0,4479,4183,150,72,67,35,3,4235,4002,118,67,87,5,0,4178,3993,83,68,34,0,0,4601,4108,224,82,75,77,3,4089,3870,103,55,40,0,0,4474,4071,172,75,131,40,0,3354,3189,83,44,45,24,2,3165,3055,55,40,4,4,0,3230,3130,49,49,0,0,0,3601,3266,143,61,56,53,0,3601,3266,143,42,44,5,0,17,84,3234,3121,80,35,0,0,0,3460,3200,69,34,134,8,0,20,2274,1218,1003,2272,1283,989,2350,1047,1077,2317,864,1319,2042,1057,924,1832,1400,0,2306,1088,1118,2587,1248,1261,2571,1250,1209,2368,1120,1170,2558,1219,1297,0.0,19,19169,,,
20,19169010400,104,-93.449109,42.0323032,20012208.0,19990009.0,22199.0,2761,2566,86,41,37,13,0,3045,2879,129,37,0,0,0,2992,2793,175,24,0,0,0,2777,2354,221,61,38,69,2,3047,2694,344,7,0,2,0,2990,2633,329,0,25,3,0,2063,1951,41,20,20,6,0,2080,1995,65,20,0,0,0,1955,1885,55,15,0,0,0,2047,1808,125,21,24,50,2,2047,1808,125,16,12,7,0,10,69,2073,1846,215,0,0,5,0,2055,1870,170,0,4,4,0,0,1338,726,579,1359,776,583,1364,626,597,1347,508,751,1143,647,458,1062,805,0,1272,644,580,1395,718,637,1384,716,600,1292,648,604,1395,667,700,0.0,19,19169,,,
21,19169000800,8,-93.6457802,42.0268643,2016305.0,2004535.0,11770.0,5128,4444,160,135,381,27,6,5352,5070,136,80,60,6,0,5178,4867,210,68,28,5,0,5247,4245,375,190,415,22,408,5098,4767,189,45,91,6,0,5034,4530,281,104,111,15,0,5106,4428,160,134,376,27,6,5280,5045,125,75,30,4,0,5150,4850,210,59,25,4,0,5229,4237,368,189,415,20,408,5229,4237,368,189,7,20,0,0,408,5085,4755,190,39,84,4,0,4995,4500,285,99,95,14,0,0,2413,1536,820,1881,1155,726,2316,1148,903,2112,865,1131,1451,888,517,1283,945,0,1510,804,619,887,541,317,843,494,326,1284,693,545,1077,549,506,0.0,19,19169,,,
22,19191950500,9505,-91.9741735,43.164906,359641768.0,359499682.0,142086.0,3294,3196,78,11,2,7,1,3323,3211,105,0,0,10,0,3238,3140,94,0,3,0,0,3312,3154,78,21,19,22,2,3251,3131,111,0,8,0,0,3150,3049,60,0,6,11,0,2519,2468,39,4,2,4,1,2540,2490,54,0,0,0,0,2570,2520,44,0,4,0,0,2572,2469,53,13,12,13,2,2572,2469,53,7,3,1,0,4,35,2554,2446,90,0,0,0,0,2500,2435,49,0,8,10,0,0,1725,961,715,1706,900,806,1698,549,1030,1700,478,1159,1427,514,885,1310,1005,0,1655,568,1054,1929,645,1245,1911,655,1189,1740,574,1129,1890,588,1258,0.0,19,19191,,,
23,19191950200,9502,-91.7790475,43.3297244,53631863.0,53519899.0,111964.0,6008,5631,124,104,148,14,7,5753,5324,151,182,87,9,0,5658,5203,127,207,112,9,4,5220,4728,185,114,137,63,13,5657,5238,144,94,182,9,4,5629,5187,189,98,158,8,4,5068,4767,86,78,123,13,6,5095,4865,59,115,40,10,0,4930,4675,70,120,60,10,0,4550,4151,151,90,106,49,11,4550,4151,151,59,79,7,9,4,90,4907,4685,64,44,94,10,0,4795,4570,70,65,75,10,0,10,3240,2147,1030,3371,2093,1278,3333,1962,1165,3245,1597,1501,2908,1713,1118,2646,2220,0,3019,1733,1208,2939,1727,1171,2904,1664,1180,2841,1644,1139,2884,1775,1052,0.0,19,19191,,,
24,19191950400,9504,-91.7072037,43.2184269,575865175.0,575714097.0,151078.0,4674,4529,100,13,29,12,1,4600,4504,96,0,0,0,0,4729,4470,146,83,12,0,0,4542,4309,133,14,22,44,3,4474,4168,121,93,8,64,20,4501,4177,142,80,7,75,3,3522,3447,52,6,13,6,0,3510,3485,19,0,0,0,0,3570,3505,35,30,0,0,0,3521,3380,70,4,17,32,3,3521,3380,70,3,11,1,3,2,51,3420,3344,26,17,0,26,0,3430,3335,10,35,0,50,0,0,2356,1268,1031,2362,1270,1092,2461,955,1312,2453,803,1537,2164,895,1219,1939,1539,0,2420,969,1392,2775,1171,1567,2773,1164,1524,2540,990,1500,2722,952,1729,0.0,19,19191,,,
25,19191950100,9501,-91.9090179,43.3943515,739483231.0,739142630.0,340601.0,3613,3548,47,1,10,10,1,3312,3243,29,25,12,3,0,3303,3221,29,39,13,2,0,3424,3236,90,18,18,31,5,3299,3223,20,40,13,3,0,3445,3386,12,0,25,22,0,2744,2713,22,0,7,4,0,2585,2525,24,25,4,4,0,2605,2535,24,40,4,4,0,2743,2615,54,12,12,23,1,2743,2615,54,0,0,3,0,9,62,2548,2508,18,39,7,4,0,2635,2590,10,0,18,24,0,0,1866,1024,787,1761,948,813,1834,647,1085,1817,570,1178,1513,581,883,1322,1017,0,1778,656,1097,2106,747,1323,2073,805,1211,1895,669,1188,2186,688,1461,37951.26134210436,19,19191,,,
26,19191950300,9503,-91.8086959,43.2851165,58790309.0,58790309.0,0.0,3467,3249,69,55,86,11,0,3413,3133,65,19,178,18,0,3334,3217,59,37,9,12,0,3572,3278,99,54,78,30,0,3409,3312,67,24,3,3,0,3325,3148,83,6,62,47,0,2906,2744,54,43,66,8,0,2575,2500,45,14,10,20,0,2590,2515,35,19,10,10,0,2820,2631,53,30,57,20,0,2820,2631,53,22,52,0,0,13,49,2726,2675,17,27,3,3,0,2730,2650,39,4,14,0,0,25,2183,1429,710,1695,1047,648,2019,1126,760,1996,970,950,1853,1061,737,1694,1422,0,2036,1138,839,2315,1327,929,2299,1293,935,2145,1192,886,2297,1318,927,0.0,19,19191,,,
27,19103000200,2,-91.5705349,41.6784456,3272095.0,3176710.0,95385.0,2665,2037,136,245,229,17,3,3374,2078,242,532,553,19,6,3478,2077,318,595,551,52,6,4426,2723,408,687,560,67,6,3652,2358,235,644,459,58,7,4024,2609,169,702,487,89,25,2071,1645,92,153,158,11,2,2175,1780,85,240,65,20,4,2245,1710,150,295,85,15,4,3821,2510,309,456,505,43,6,3821,2510,309,383,461,7,3,9,139,2437,1826,120,283,203,24,3,2835,2260,115,240,135,14,25,55,1902,1325,548,1433,984,449,1520,1082,305,1472,913,466,1405,1107,256,1324,1141,0,1695,1269,354,2215,1729,416,2167,1675,436,1796,1349,390,2130,1566,515,0.0,19,19103,,,
28,19173180200,1802,-94.5917491,40.6526928,362274425.0,359285872.0,2988553.0,2092,2032,29,14,8,7,0,2055,1968,45,31,7,4,0,1992,1940,38,1,9,4,0,2062,1952,27,17,10,41,1,1919,1829,30,1,9,50,0,1829,1745,22,7,0,51,0,1611,1583,15,3,2,6,0,1605,1570,12,14,4,4,0,1565,1545,12,4,10,4,0,1568,1499,20,8,8,28,1,1568,1499,20,0,4,3,0,5,37,1488,1465,3,4,10,24,0,1405,1370,0,4,0,29,0,0,1086,416,625,1015,395,620,1083,213,760,1049,172,775,867,225,582,664,489,0,976,204,760,1135,205,917,1122,208,874,1014,205,792,1062,182,862,19192.56389252189,19,19173,,,
29,19173180100,1801,-94.5747533,40.8189723,349872585.0,348595044.0,1277541.0,2388,2030,326,11,7,18,6,2505,1998,445,0,37,37,0,2429,1907,433,0,54,46,0,2168,1757,363,13,5,20,6,2571,2111,416,0,0,50,0,2473,1886,482,0,0,87,0,1816,1599,193,8,6,12,3,1690,1490,155,0,20,25,0,1620,1440,120,0,25,35,0,1617,1364,221,10,4,17,3,1617,1364,221,0,4,1,0,1,26,1741,1609,100,0,0,45,0,1720,1500,154,0,0,70,0,0,1170,604,507,992,524,468,994,297,603,969,222,674,801,266,477,682,523,0,918,284,615,1130,331,779,1123,333,743,1002,299,676,1022,283,730,0.0,19,19173,,,
30,19173180300,1803,-94.8015197,40.7478132,672605230.0,669737961.0,2867269.0,1837,1810,9,3,8,6,0,1641,1630,2,7,0,2,0,1749,1730,4,12,0,3,0,1666,1595,9,7,12,32,2,1670,1609,46,9,0,3,0,1614,1581,25,0,0,0,0,1414,1393,6,1,8,5,0,1305,1295,4,4,0,4,0,1380,1360,8,10,0,4,0,1331,1277,5,3,7,30,1,1331,1277,5,0,7,9,0,1,32,1325,1269,44,1,0,2,0,1245,1225,25,0,0,0,0,0,844,327,475,831,277,554,904,153,652,868,112,690,766,186,520,634,476,0,820,183,630,984,210,767,965,221,720,908,206,689,997,201,789,18364.900087669597,19,19173,,,
31,19181020800,208,-93.573225,41.3772343,4251596.0,4235733.0,15863.0,3378,3235,52,35,39,22,5,3446,3270,55,12,86,0,23,3366,3163,45,11,123,0,24,3496,3221,98,84,35,46,3,3537,3255,50,10,197,0,25,3608,3196,67,84,261,0,2,2570,2486,31,18,22,13,3,2695,2560,14,10,89,0,19,2675,2525,29,10,90,0,24,2674,2484,73,46,25,35,3,2674,2484,73,29,16,3,0,5,64,2859,2661,34,10,130,0,21,2875,2555,59,60,204,0,0,4,1682,909,740,1789,957,832,2071,995,911,2028,796,1175,1737,938,769,1516,1206,0,1933,928,938,2022,958,1024,2007,941,990,1920,914,963,2132,962,1128,0.0,19,19181,,,
32,19181020900,209,-93.5788774,41.3491337,9062693.0,9062693.0,0.0,3423,3281,52,37,38,22,6,3505,3296,115,63,0,0,55,3567,3332,99,82,0,0,77,3538,3235,87,79,52,60,17,3437,3091,168,132,0,0,68,3607,3224,126,122,0,53,104,2604,2521,31,20,22,15,5,2760,2625,80,40,0,0,20,2775,2640,49,55,0,0,25,2697,2500,46,49,38,44,11,2697,2500,46,39,26,2,2,3,79,2631,2440,99,72,0,0,20,2800,2570,85,55,0,54,35,0,1699,918,750,1772,952,820,1699,677,867,1673,581,1019,1443,674,732,1242,958,0,1655,692,890,1839,767,1020,1801,768,956,1680,705,922,1847,759,1055,0.0,19,19181,,,
33,19181021000,210,-93.5515667,41.3499198,5620182.0,5620182.0,0.0,2951,2826,40,28,28,18,2,3027,2888,48,41,7,60,0,3205,3046,62,29,10,79,10,2785,2573,68,33,30,58,0,3225,3106,43,27,11,49,11,2969,2916,22,13,15,25,15,2246,2174,24,16,17,10,2,2265,2165,29,19,0,50,0,2330,2200,50,8,0,60,0,2106,1965,33,16,24,46,0,2106,1965,33,13,15,7,0,7,66,2275,2181,31,9,0,42,0,2090,2040,20,14,0,4,0,15,1342,728,590,1494,796,698,1277,509,644,1266,426,773,1109,519,561,979,758,0,1249,524,672,1371,581,763,1360,582,725,1273,531,708,1434,557,834,0.0,19,19181,,,
34,19041080301,803.01,-95.1560578,43.1457599,4408325.0,4330339.0,77986.0,4006,3765,142,40,36,21,1,3856,3640,103,72,0,25,16,3977,3715,108,64,36,45,11,3985,3679,150,51,42,57,5,3880,3577,107,62,88,46,0,3913,3630,128,2,143,10,0,3088,2958,77,18,22,16,0,2982,2846,72,35,0,25,0,3126,2954,91,29,13,46,0,3018,2813,101,19,33,45,3,3018,2813,101,11,16,3,0,3,71,3074,2851,98,34,54,46,0,3075,2890,125,4,50,10,0,0,1949,934,978,1934,811,1123,2038,574,1349,2005,467,1471,1667,610,1046,1345,1034,0,1935,614,1278,2148,696,1414,2129,706,1359,1943,613,1298,2057,601,1416,0.0,19,19041,,,
35,19041080302,803.02,-95.1776694,43.1352066,41821001.0,41092715.0,728286.0,2136,2014,66,30,25,16,1,2452,2375,18,48,0,5,5,2458,2390,19,31,5,8,3,2379,2203,81,37,24,45,2,2497,2431,1,57,0,1,8,2745,2539,7,159,0,41,0,1646,1578,38,13,18,11,1,1712,1668,18,14,0,5,0,1788,1750,19,10,2,9,0,1912,1805,44,18,21,24,1,1912,1805,44,15,21,3,1,2,21,2021,2003,6,23,0,0,0,2140,2080,4,45,0,10,0,0,1180,568,593,1051,439,612,1183,320,808,1170,267,875,999,344,636,789,619,0,1173,361,785,1355,429,903,1345,449,850,1223,382,816,1293,384,889,0.0,19,19041,,,
36,19027960100,9601,-94.7822513,42.089182,693366184.0,691350223.0,2015961.0,3863,3799,22,12,13,17,0,3873,3840,30,0,2,4,0,3800,3755,33,0,13,6,0,3801,3680,55,7,12,25,2,3366,3203,124,0,32,14,0,3282,3059,137,31,21,29,0,2900,2864,13,4,6,11,0,2890,2875,14,0,0,4,0,2850,2825,19,0,4,4,0,2901,2814,38,2,9,24,2,2901,2814,38,0,8,5,0,10,26,2467,2419,38,0,4,8,0,2380,2300,55,4,4,8,0,4,1975,920,958,1974,890,1084,1956,534,1322,1924,434,1393,1688,536,1117,1387,1173,0,1878,528,1331,2127,575,1534,2105,610,1441,1980,541,1409,2113,511,1574,0.0,19,19027,,,
37,19027960300,9603,-94.8662701,42.0813576,11103215.0,11103215.0,0.0,6305,5997,146,85,61,38,3,5942,5871,13,58,0,16,0,6054,5767,258,15,14,15,0,6247,5773,184,176,44,38,4,5863,5601,177,43,42,43,0,6055,5677,251,68,67,0,0,4793,4636,93,28,37,25,2,4545,4510,0,35,0,15,0,4545,4455,60,15,15,15,0,4853,4584,117,85,25,30,1,4853,4584,117,79,21,0,0,2,50,4660,4530,48,43,42,45,0,4850,4680,90,10,65,0,0,0,3095,1618,1427,3208,1574,1634,3336,1176,1968,3286,948,2209,2895,1142,1702,2390,1984,0,3211,1138,1992,3486,1189,2247,3440,1239,2097,3211,1122,2029,3383,1089,2232,0.0,19,19027,,,
38,19027960400,9604,-94.8667566,42.0579601,16153810.0,16124546.0,29264.0,3964,3782,93,40,26,17,1,4003,3924,26,34,10,9,0,3985,3807,141,17,10,74,0,4202,3698,257,149,42,59,4,4080,3819,139,102,0,85,0,4324,3906,147,193,0,88,0,3015,2907,45,16,17,10,0,3015,2985,14,8,10,0,0,3000,2890,99,8,10,0,0,3139,2824,172,74,31,42,4,3139,2824,172,64,19,2,0,3,55,2877,2772,102,16,0,0,0,3080,2900,80,69,0,30,0,0,2088,1090,960,2015,992,1023,1826,673,1044,1781,533,1179,1511,608,870,1276,1050,0,1732,650,1037,1948,734,1185,1899,728,1104,1770,645,1088,1915,654,1219,0.0,19,19027,,,
39,19027960500,9605,-94.7445138,41.9063365,185749636.0,185749636.0,0.0,1957,1899,44,5,4,6,0,1864,1824,36,4,0,0,0,1847,1785,59,3,0,9,0,1897,1804,59,4,4,24,1,1775,1689,73,13,0,7,0,1803,1718,70,0,0,19,0,1438,1408,22,3,2,4,0,1350,1350,4,4,0,0,0,1335,1315,8,4,0,0,0,1410,1341,41,4,3,19,1,1410,1341,41,2,0,0,0,0,26,1266,1224,38,16,0,0,0,1280,1235,35,0,0,8,0,0,970,493,448,982,470,512,955,263,650,950,208,697,853,265,553,707,593,0,939,264,663,1052,287,750,1032,284,714,951,268,667,1016,258,750,0.0,19,19027,,,
40,19027960600,9606,-94.9755984,41.9069174,187297086.0,187263301.0,33785.0,2323,2273,18,18,6,10,0,2312,2257,32,0,23,0,0,2249,2230,0,0,19,0,0,2220,2135,22,9,15,32,0,2278,2129,0,1,71,0,0,2273,2143,19,1,3,20,0,1771,1749,10,3,5,6,0,1770,1740,4,0,24,0,0,1735,1715,0,0,24,0,0,1717,1667,10,3,8,16,0,1717,1667,10,2,7,6,0,0,25,1833,1765,0,0,74,0,0,1820,1810,0,0,8,4,0,0,1187,579,570,1239,550,689,1189,343,776,1183,309,845,1021,320,683,856,697,0,1166,336,810,1346,367,965,1322,387,895,1186,328,839,1312,338,959,0.0,19,19027,,,
41,19027960200,9602,-95.0047968,42.0572589,383352628.0,383286289.0,66339.0,2404,2369,10,16,10,3,1,2350,2327,10,7,0,5,1,2348,2318,15,7,0,6,1,2393,2319,17,19,8,15,2,2788,2548,12,211,0,13,4,2991,2818,0,163,0,10,0,1723,1710,5,5,2,2,1,1740,1735,0,4,0,4,0,1715,1710,0,4,0,4,0,1759,1720,7,11,4,8,0,1759,1720,7,6,2,1,0,0,23,2141,1918,0,209,0,5,0,2145,2000,0,140,0,4,0,0,1214,602,559,1195,537,658,1218,302,906,1193,230,935,1057,298,739,859,719,0,1209,298,899,1376,302,1056,1364,332,994,1243,293,931,1401,303,1080,0.0,19,19027,,,
42,19047070500,705,-95.2568989,41.9276788,420003314.0,419804621.0,198693.0,1894,1773,108,1,8,3,0,1972,1893,60,13,4,0,6,1906,1845,43,11,4,2,3,1819,1686,87,8,11,17,2,1832,1735,82,9,2,2,3,1897,1810,44,3,34,16,33,1456,1386,60,0,6,3,0,1530,1500,20,4,4,0,4,1520,1500,10,4,4,4,4,1404,1347,32,1,8,4,1,1404,1347,32,1,8,0,1,0,15,1404,1346,39,4,4,3,4,1390,1320,30,4,4,4,0,35,969,445,461,880,396,484,949,217,644,932,210,646,754,212,476,580,432,0,866,235,623,993,260,725,969,290,647,880,223,641,919,202,706,0.0,19,19047,,,
43,19047070300,703,-95.5543415,41.977311,507758429.0,506680499.0,1077930.0,2215,2083,107,10,8,7,3,2110,2004,80,0,7,2,20,2150,2039,44,33,17,2,17,2033,1867,124,13,4,17,3,2115,2016,56,24,15,2,4,1911,1787,39,49,30,26,5,1687,1622,49,2,5,4,2,1612,1587,14,0,4,8,10,1647,1602,8,10,14,8,4,1578,1497,55,12,1,11,2,1578,1497,55,4,0,1,2,2,17,1679,1624,32,12,2,8,0,1575,1510,14,30,23,0,0,4,1162,599,500,1014,438,576,1059,217,756,1019,204,757,830,221,605,634,474,0,978,254,716,1119,277,825,1095,323,737,1007,237,753,1046,246,791,0.0,19,19047,,,
44,19047070200,702,-95.4885041,42.1456493,444071436.0,443592200.0,479236.0,2254,2086,145,16,1,9,4,2132,1930,157,3,21,12,12,2082,1888,140,20,18,2,15,2032,1777,182,25,22,28,2,2166,1878,210,31,21,1,25,1996,1704,209,58,34,28,3,1687,1614,63,6,1,3,2,1598,1528,49,0,4,8,10,1568,1498,34,14,4,4,15,1540,1390,114,5,13,17,2,1540,1390,114,1,12,3,1,1,18,1493,1419,25,24,3,6,7,1445,1330,63,35,19,4,0,4,1095,515,525,946,359,587,1005,171,754,975,162,734,768,170,572,573,391,0,907,204,697,1046,242,798,1026,257,736,937,205,721,994,217,768,0.0,19,19047,,,
45,19047070100,701,-95.1973835,42.1119711,422164765.0,421959996.0,204769.0,1856,1673,161,7,9,5,0,1975,1660,237,62,5,17,0,1942,1659,245,15,6,26,0,1690,1474,177,18,6,16,3,1965,1574,350,11,5,23,0,1799,1401,350,22,1,25,0,1424,1329,86,4,3,2,0,1390,1325,35,28,0,8,0,1375,1320,30,8,0,10,0,1315,1185,97,11,5,12,0,1315,1185,97,6,3,0,0,4,20,1373,1303,35,9,0,16,0,1265,1185,65,4,0,15,0,0,944,435,463,883,406,477,867,194,611,859,189,611,697,191,496,572,428,0,832,225,599,932,226,696,910,249,639,833,201,619,845,190,635,0.0,19,19047,,,
46,19015020700,207,-94.0571865,42.1149928,355844333.0,353166232.0,2678101.0,3822,3729,38,13,15,24,2,3709,3587,40,10,57,22,0,3665,3542,43,15,36,41,0,3757,3612,51,23,19,48,2,3495,3393,35,16,25,39,0,3666,3564,31,16,38,30,0,2940,2881,25,5,10,20,2,3005,2935,24,0,19,15,0,2970,2880,30,0,20,30,0,2921,2826,42,11,7,29,0,2921,2826,42,3,4,12,0,2,32,2736,2666,25,0,15,22,0,2865,2800,29,0,20,14,0,10,2125,1089,970,2145,1079,1066,2168,747,1252,2149,643,1395,1824,798,1034,1634,1174,0,2061,758,1258,2245,793,1405,2224,808,1342,2090,758,1291,2224,712,1476,0.0,19,19015,,,
47,19015020100,201,-93.8255925,42.1301973,404576856.0,402628217.0,1948639.0,2899,2788,65,19,16,15,2,3042,2871,57,45,63,0,6,3085,2823,175,46,38,0,4,3245,2976,122,52,24,52,3,3100,2890,145,38,27,0,0,3362,3077,247,29,0,9,0,2236,2175,33,13,12,9,2,2395,2275,25,25,65,0,4,2385,2275,49,15,40,0,4,2428,2263,67,30,23,30,3,2428,2263,67,15,10,6,0,8,59,2389,2262,50,16,24,0,0,2550,2430,105,4,0,14,0,0,1684,818,782,1675,826,849,1734,638,941,1725,575,1094,1584,680,856,1353,1026,0,1723,668,1010,1953,755,1136,1916,732,1111,1819,694,1071,2141,786,1303,0.0,19,19015,,,
48,19015020200,202,-93.8689004,42.0710035,6437178.0,6437178.0,0.0,3928,3755,60,37,16,14,1,3636,3532,41,1,14,49,0,3786,3719,67,1,0,0,0,3889,3555,128,110,23,80,1,3625,3449,27,149,0,0,0,3954,3715,73,146,0,12,0,3007,2911,25,15,4,5,0,2781,2706,14,1,15,50,0,2862,2836,30,1,0,0,0,2961,2770,66,58,12,54,0,2961,2770,66,42,9,5,0,5,64,2903,2766,20,125,0,0,0,3085,2915,45,110,0,10,0,0,2028,1108,855,1985,1146,839,1865,743,924,1824,672,1087,1568,816,742,1415,1067,0,1786,808,936,2020,864,1115,2018,885,1038,1859,826,989,1926,805,1075,0.0,19,19015,,,
49,19015020600,206,-94.0186003,41.9431358,410962211.0,409120756.0,1841455.0,2286,2105,73,83,12,19,0,2273,2155,36,55,33,3,1,2266,2157,29,56,0,25,1,2234,1972,105,86,13,32,3,2273,2209,16,20,0,29,2,2087,1979,58,31,1,18,0,1652,1595,21,22,7,8,0,1700,1675,4,8,10,0,0,1740,1700,10,8,0,20,0,1609,1524,29,13,6,24,3,1609,1524,29,8,0,0,0,4,44,1822,1791,1,2,0,21,0,1690,1635,25,15,0,15,0,0,1178,546,602,1245,557,688,1231,409,736,1226,348,806,1107,447,629,968,687,0,1243,440,776,1429,491,900,1416,491,880,1305,464,813,1342,461,863,0.0,19,19015,,,
50,19015020500,205,-93.8049752,41.9574584,290346339.0,288684601.0,1661738.0,4687,4533,80,17,26,27,2,4857,4733,45,27,29,30,0,4920,4816,42,38,16,15,0,5075,4748,111,62,38,75,6,5070,4859,70,113,11,27,0,5194,4873,123,175,0,20,0,3549,3463,40,7,17,15,2,3715,3650,23,4,30,8,0,3795,3745,18,10,15,14,0,3899,3691,67,28,18,61,4,3899,3691,67,15,11,0,1,0,114,3893,3806,30,6,10,11,0,4000,3925,60,10,0,8,0,0,2643,1371,1209,2562,1349,1213,2667,1067,1422,2648,925,1572,2336,1137,1143,2054,1535,0,2601,1113,1420,2917,1204,1660,2890,1219,1570,2699,1124,1519,2962,1067,1836,0.0,19,19015,,,
51,19103001300,13,-91.4923332,41.6621556,1839703.0,1839703.0,0.0,3006,2690,75,102,119,25,6,3172,2790,16,245,76,28,16,3183,2809,54,201,70,0,24,3148,2706,124,133,131,33,5,3254,3056,70,89,8,0,31,3365,3082,83,117,19,34,20,2362,2168,47,56,76,17,4,2395,2250,15,90,25,15,0,2425,2295,15,85,30,0,0,2438,2151,75,80,92,22,1,2438,2151,75,65,62,3,0,10,72,2564,2506,28,26,0,0,0,2560,2415,40,60,10,35,0,0,1569,1141,403,1966,1390,576,2163,1580,469,2135,1365,721,2092,1601,473,1950,1737,0,2165,1604,518,2258,1760,461,2242,1712,499,2150,1615,507,2163,1708,417,0.0,19,19103,,,
52,19103001500,15,-91.510231,41.6523399,1476994.0,1476994.0,0.0,2554,2203,108,155,72,20,1,2424,2147,89,134,44,10,0,2470,2191,109,154,30,0,0,2492,2076,122,182,65,37,1,2682,2200,237,155,73,8,0,2436,2179,84,112,20,25,0,2082,1859,71,83,53,11,1,1895,1770,15,90,10,10,0,1925,1790,35,100,0,0,0,2015,1730,78,116,45,35,0,2015,1730,78,88,31,3,0,11,74,2055,1892,69,88,0,11,0,2025,1875,60,49,10,25,0,0,1759,1416,305,1569,1276,293,1596,1281,212,1564,1193,315,1456,1266,171,1392,1276,0,1552,1322,201,1670,1469,184,1666,1455,193,1586,1367,205,1611,1373,204,0.0,19,19103,,,
53,19103001700,17,-91.5094982,41.6425449,3969794.0,3944929.0,24865.0,2826,2140,229,345,102,25,1,2944,2476,164,216,94,0,6,3124,2701,145,181,101,0,7,2985,2331,213,247,98,60,3,3236,2700,169,226,141,0,14,3262,2560,307,247,127,24,19,2323,1881,163,191,74,21,1,2430,2120,100,125,70,0,0,2450,2190,75,90,80,0,0,2529,2045,157,165,76,51,2,2529,2045,157,140,56,1,0,17,113,2531,2198,110,100,105,0,0,2665,2065,250,190,99,25,0,30,1598,1273,284,1660,1343,317,1627,1272,220,1597,1177,336,1475,1270,181,1405,1262,0,1550,1280,221,1602,1365,214,1584,1329,221,1533,1276,229,1793,1470,283,0.0,19,19103,,,
54,19103002100,21,-91.5361396,41.6613117,930215.0,829825.0,100390.0,3784,3264,140,102,271,20,7,3928,3136,264,198,295,19,10,3893,3150,248,153,273,61,9,4888,4062,313,105,355,35,5,4280,3115,301,191,623,64,9,4418,3337,219,54,792,46,0,3767,3253,139,102,267,20,6,3630,3040,235,190,135,24,0,3605,3020,230,150,125,64,0,4819,4029,291,100,350,30,5,4819,4029,291,92,293,0,0,7,107,4003,3062,293,190,398,69,0,4095,3320,220,49,475,45,0,0,2302,1652,602,2085,1403,682,2207,1495,538,2023,1193,700,1543,1172,332,1416,1162,0,1691,1191,426,1439,1085,319,1386,1028,332,1680,1181,448,2153,1445,675,0.0,19,19103,,,
55,19103002300,23,-91.5469903,41.6658768,3636624.0,3425007.0,211617.0,4515,3641,376,166,331,30,2,4696,3710,255,355,358,30,10,4408,3470,262,278,408,7,10,4420,3385,284,123,525,66,3,4487,3528,343,240,397,11,10,4173,3384,225,191,364,24,1,4121,3417,264,139,300,25,2,4165,3450,220,335,129,23,0,3750,3160,225,235,125,0,0,4163,3205,266,103,488,56,3,4163,3205,266,76,435,0,0,8,173,3695,3121,236,198,121,3,0,3515,2980,175,160,175,15,0,4,2390,1771,578,2508,1754,754,2847,1952,702,2681,1625,941,2163,1719,409,2018,1761,0,2235,1634,527,1797,1412,341,1772,1366,375,1964,1442,478,2187,1551,596,0.0,19,19103,,,
56,19091970100,9701,-94.1076648,42.7710515,585142096.0,584425280.0,716816.0,2184,2116,35,10,12,8,1,2155,2065,22,19,9,25,15,2074,1972,22,24,24,17,15,2063,1909,37,18,22,38,12,2101,1993,30,18,14,18,11,1899,1717,100,24,19,25,2,1672,1635,22,3,6,5,1,1605,1565,8,4,8,19,0,1520,1470,8,18,8,10,0,1570,1471,25,8,14,24,6,1570,1471,25,7,3,1,2,7,54,1525,1474,2,11,9,14,0,1430,1375,18,18,8,12,0,10,1228,462,706,1078,383,695,1069,200,804,1045,153,838,860,191,634,722,553,0,974,219,744,1103,260,826,1085,268,792,1013,226,771,1070,235,814,0.0,19,19091,,,
57,19091970200,9702,-94.3450646,42.7814412,500404863.0,498680775.0,1724088.0,1856,1778,44,9,9,10,2,1699,1673,15,0,2,10,0,1707,1618,22,50,6,11,0,1736,1632,59,14,2,12,0,1785,1717,16,37,3,13,0,1785,1619,106,39,0,6,0,1413,1371,25,5,5,5,2,1345,1325,8,0,4,8,0,1320,1285,12,15,4,12,0,1292,1234,29,4,0,8,0,1292,1234,29,0,0,4,0,9,16,1367,1326,18,16,0,10,0,1300,1245,29,19,0,8,0,0,963,392,517,978,416,562,964,220,686,950,188,716,759,200,535,623,483,0,875,229,640,956,248,699,937,254,666,857,204,642,887,188,683,0.0,19,19091,,,
58,19091970300,9703,-94.2064196,42.718863,21252530.0,20841237.0,411293.0,2973,2779,140,24,16,15,0,3006,2855,78,0,7,66,7,2891,2792,57,1,0,41,0,2829,2592,151,30,12,27,6,2893,2725,98,2,45,23,0,2993,2675,159,5,47,31,70,2296,2193,80,7,3,9,0,2230,2175,14,0,0,35,0,2235,2200,14,4,0,25,0,2123,1983,87,18,7,15,6,2123,1983,87,7,5,2,0,1,38,2088,2058,3,5,15,12,0,2095,2020,4,4,10,24,40,0,1478,649,804,1525,603,922,1446,380,983,1437,290,1093,1135,370,741,966,735,0,1352,385,941,1540,451,1071,1532,454,1023,1398,390,975,1467,394,1064,0.0,19,19091,,,
59,19091970400,9704,-94.2323468,42.722424,21591918.0,21070706.0,521212.0,2802,2615,138,30,17,13,1,2706,2368,292,7,39,0,0,2884,2545,319,4,15,1,0,2969,2690,183,53,21,12,1,2739,2416,289,3,30,1,0,2929,2787,120,1,14,7,0,2176,2076,75,13,11,9,1,1975,1900,50,8,19,0,0,2080,2005,54,8,15,4,0,2281,2134,89,27,15,5,1,2281,2134,89,15,10,3,0,1,29,2111,1992,75,3,30,4,0,2360,2235,105,0,15,8,0,0,1545,657,868,1517,591,926,1591,402,1115,1578,323,1207,1314,401,890,1110,830,0,1524,408,1087,1728,483,1223,1710,467,1190,1557,414,1109,1659,419,1209,0.0,19,19091,,,
60,19169010600,106,-93.5753428,42.1747437,155458405.0,155374873.0,83532.0,5430,5224,131,35,33,21,0,5208,4868,56,156,59,69,0,5465,5265,58,57,33,52,0,5486,5082,155,64,55,88,8,5315,5164,55,49,34,21,0,5373,5116,158,23,16,25,0,4112,3996,70,10,25,15,0,3920,3790,20,15,15,69,0,4255,4115,35,35,15,50,0,4208,3953,94,37,32,72,6,4208,3953,94,24,21,15,1,12,88,4063,3971,25,30,14,3,0,3960,3890,28,25,4,14,0,0,3105,1392,1626,3105,1438,1667,3210,1250,1677,3180,1000,2056,2842,1284,1484,2504,1815,0,3109,1275,1735,3403,1460,1864,3385,1418,1868,3171,1307,1790,3369,1393,1900,0.0,19,19169,,,
61,19169010200,102,-93.3382418,41.9427736,342392331.0,341254830.0,1137501.0,3943,3859,37,17,20,15,0,3676,3565,62,39,6,4,0,3715,3577,67,61,7,6,0,3963,3678,114,16,23,78,1,3801,3507,121,50,115,8,0,3969,3612,146,18,166,26,0,2897,2855,14,4,9,15,0,2710,2655,29,19,8,4,0,2745,2660,30,43,12,4,0,3039,2855,65,10,10,56,0,3039,2855,65,3,3,4,0,15,94,2746,2635,50,23,32,0,0,2930,2745,99,8,60,29,0,0,2169,977,1116,2131,977,1154,2196,674,1358,2171,590,1478,1874,736,1084,1670,1135,0,2083,708,1314,2328,741,1533,2310,795,1407,2145,723,1357,2286,745,1498,0.0,19,19169,,,
62,19169010500,105,-93.3348683,42.1191462,366661028.0,366611165.0,49863.0,1831,1789,12,7,9,12,4,1700,1672,7,0,12,9,0,1738,1694,6,3,30,5,0,1852,1740,27,39,13,33,1,1800,1641,57,4,26,48,0,1935,1712,58,64,29,56,0,1395,1369,6,5,4,6,1,1295,1280,0,0,4,8,0,1330,1305,0,0,19,8,0,1376,1313,16,15,8,23,0,1376,1313,16,0,0,0,0,2,45,1343,1303,0,0,21,26,0,1450,1390,0,10,19,24,0,10,1087,444,596,1033,419,614,1019,270,670,1009,238,734,880,303,561,768,513,0,977,285,676,1111,317,775,1108,320,748,1030,312,690,1057,331,705,0.0,19,19169,,,
63,19169000700,7,-93.6652255,42.026098,1375006.0,1375006.0,0.0,3160,2516,123,100,409,19,1,3550,2426,191,140,790,0,7,3460,2438,156,105,737,24,0,3104,2349,157,118,425,47,7,3747,2578,71,134,917,48,0,3323,2431,99,46,719,40,0,2906,2333,106,75,378,15,1,2620,2270,104,120,125,0,0,2635,2295,94,90,140,25,0,2889,2191,128,112,406,42,7,2889,2191,128,84,356,4,5,12,109,2748,2345,61,122,175,48,0,2625,2280,54,30,235,22,0,0,1506,1005,456,1639,1115,524,1781,1090,456,1705,928,685,1478,1059,369,1357,1109,0,1597,1058,452,1575,1118,403,1556,1084,424,1459,978,429,1236,790,418,0.0,19,19169,,,
64,19169001000,10,-93.6025852,42.0174747,9967770.0,9829100.0,138670.0,3954,3027,170,219,523,24,7,4979,3248,232,175,1307,0,25,5216,3448,209,118,1449,0,0,5281,3622,394,469,681,81,6,5174,3619,105,209,1080,0,0,5507,3980,95,332,920,25,0,3453,2691,121,143,483,20,7,3460,2915,155,120,250,0,25,3700,3115,145,60,375,0,0,4747,3365,316,324,637,65,4,4747,3365,316,266,587,12,0,19,182,3787,3343,65,165,215,0,0,4290,3745,75,245,200,25,0,0,1702,1104,555,1891,1253,638,2284,1302,659,2209,1126,937,1809,1195,537,1663,1286,0,2075,1274,667,2192,1417,679,2145,1378,680,2042,1264,694,2317,1407,858,0.0,19,19169,,,
65,19169000900,9,-93.6070288,42.0301864,3866223.0,3866223.0,0.0,3462,2953,97,170,236,30,1,3516,3167,87,118,143,15,7,3534,3090,117,122,203,20,9,3501,2912,164,170,156,65,10,3526,3162,134,114,117,19,10,3329,2971,110,67,166,5,10,2900,2519,70,101,201,19,1,2995,2740,55,90,95,15,0,2960,2650,70,85,140,20,0,2841,2416,115,113,127,52,6,2841,2416,115,82,104,9,2,14,99,2893,2667,85,77,64,18,0,2660,2465,70,45,60,4,10,0,2014,1343,610,1721,1203,518,1916,1236,431,1862,1108,656,1587,1194,339,1485,1234,0,1731,1223,417,1719,1306,364,1706,1271,376,1677,1198,424,1620,1118,458,0.0,19,19169,,,
66,19169000600,6,-93.6820129,42.0312131,4343230.0,4343230.0,0.0,4618,3785,204,303,314,34,4,5062,4089,240,245,432,56,0,4971,4053,146,218,506,53,0,4653,3653,252,296,356,66,3,5061,3992,237,314,471,53,0,4713,3678,157,408,420,107,0,3644,3083,144,167,244,21,4,3670,3230,59,95,240,35,0,3895,3345,48,115,345,35,0,3604,2931,172,172,262,47,3,3604,2931,172,132,234,8,2,8,117,3669,3195,51,92,299,28,0,3545,2930,55,235,295,28,0,0,2648,1698,885,2362,1490,872,2453,1502,692,2397,1274,1017,2178,1456,669,1992,1620,0,2398,1536,761,2601,1793,738,2591,1730,800,2401,1564,770,2203,1449,686,0.0,19,19169,,,
67,19169000400,4,-93.6299668,42.0401526,1943856.0,1943856.0,0.0,2547,2214,60,92,173,18,2,2806,2566,82,40,134,32,0,2851,2496,59,91,190,15,0,2505,2099,99,125,144,31,2,2919,2445,107,163,192,33,0,2748,2079,193,188,277,27,0,2049,1817,37,56,133,16,2,2115,2035,33,15,30,0,0,1995,1885,25,35,50,4,0,2003,1731,56,72,102,21,0,2003,1731,56,56,82,4,0,2,72,2050,1830,33,101,71,4,0,1965,1615,79,120,125,8,0,15,1591,995,558,1237,804,433,1224,757,315,1196,651,488,1071,735,307,984,815,0,1169,757,356,1234,851,350,1234,816,379,1247,826,387,1602,1104,454,0.0,19,19169,,,
68,19169001302,13.02,-93.6326706,41.9779029,59384448.0,59358456.0,25992.0,4271,3733,153,200,181,20,5,4781,4059,207,73,345,97,0,4836,4005,247,183,308,93,0,5352,4508,249,223,257,80,12,5236,4351,212,167,438,68,0,5715,4664,170,328,526,21,23,3550,3178,95,114,147,16,1,3555,3260,110,34,90,65,0,3560,3270,125,65,50,54,0,4474,3826,182,148,217,57,8,4474,3826,182,113,178,8,4,18,145,4184,3766,94,94,205,39,0,4705,4090,145,218,240,8,0,0,2376,1354,957,2211,1275,936,2513,1301,907,2443,1092,1215,2113,1266,798,1929,1475,0,2524,1418,986,3020,1825,1082,2988,1771,1124,2742,1569,1089,3199,1830,1301,0.0,19,19169,,,
69,19103000600,6,-91.5442579,41.6513186,1257327.0,1207418.0,49909.0,3013,2276,119,153,451,21,4,3516,2457,18,377,618,56,0,3491,2318,109,355,664,64,7,3326,2214,168,364,526,45,8,3530,2360,92,486,585,14,12,3324,2273,140,431,429,11,8,2898,2217,109,128,427,21,3,2570,2180,20,115,190,54,0,2650,2195,75,70,215,60,10,3070,2117,143,279,477,42,8,3070,2117,143,230,418,1,4,17,140,2765,2236,57,255,174,10,10,2640,2220,99,179,115,4,10,10,1641,1279,338,1568,1151,417,1501,1037,339,1436,883,475,1171,915,230,1074,914,0,1362,993,317,1480,1136,307,1446,1089,324,1378,1008,332,1538,1081,426,0.0,19,19103,,,
70,19103001100,11,-91.5284791,41.6655698,942778.0,942778.0,0.0,3934,3453,153,114,204,22,4,4405,3766,190,182,205,62,0,4509,3737,257,214,255,46,0,3549,2734,257,229,252,43,5,4742,4006,248,182,239,61,0,4375,3590,262,196,263,21,0,3811,3361,144,97,198,22,4,3960,3540,190,105,59,65,0,4035,3520,245,130,100,39,0,3338,2598,231,199,240,34,5,3338,2598,231,131,183,2,0,28,165,4331,3815,239,114,107,60,0,4030,3460,255,134,164,19,0,0,2257,1797,414,2272,1713,559,2307,1731,396,2180,1546,523,1812,1503,257,1709,1483,0,1939,1526,336,1774,1450,295,1757,1424,296,1797,1433,315,2095,1590,451,0.0,19,19103,,,
71,19167070702,707.02,-96.1773018,43.0861229,8794986.0,8794986.0,0.0,3521,2982,456,27,53,16,4,3499,2867,378,108,146,0,11,3548,2735,581,63,135,34,9,3769,2630,986,51,56,43,1,3534,2827,506,68,103,30,12,3778,3035,608,49,75,16,13,2658,2333,278,14,38,13,4,2385,2160,60,39,110,0,0,2275,2055,65,29,105,4,0,2872,2187,579,25,43,32,1,2872,2187,579,24,39,10,0,4,29,2496,2241,113,44,78,5,0,2700,2365,225,34,55,4,0,15,1467,219,1227,1730,215,1515,1663,214,1288,1632,147,1450,1227,182,1029,813,541,0,1471,210,1215,1561,275,1231,1544,242,1269,1486,216,1237,1654,263,1353,0.0,19,19167,,,
72,19167070602,706.02,-96.0580237,43.0142629,8748050.0,8748050.0,0.0,3717,3366,257,26,51,19,1,4255,3568,568,40,77,0,5,4280,3799,359,47,75,0,4,3715,3195,389,40,44,71,4,4309,3883,214,38,141,33,4,4271,3984,68,36,86,77,2,2866,2650,147,18,34,9,1,2900,2705,175,15,4,0,0,3045,2830,185,20,4,0,0,2817,2493,242,21,30,46,0,2817,2493,242,5,28,10,0,0,39,3182,2919,137,14,69,34,0,3250,3035,69,35,85,33,0,4,1908,369,1517,1865,301,1564,2005,322,1478,1974,236,1690,1632,287,1322,1113,756,0,1885,328,1503,2061,434,1562,2042,390,1617,1908,336,1532,2019,370,1589,0.0,19,19167,,,
73,19167070701,707.01,-96.1733165,43.0655441,6894498.0,6894498.0,0.0,3342,2834,433,25,50,15,0,3463,3051,412,0,0,0,0,3499,2941,558,0,0,0,0,3850,3016,717,32,56,53,0,3472,3070,402,0,0,0,0,3658,3098,482,0,78,0,0,2528,2216,264,11,34,7,0,2255,2205,50,0,0,0,0,2290,2205,85,0,0,0,0,2583,2160,372,8,20,30,0,2583,2160,372,2,18,0,0,0,31,2158,2122,47,0,0,0,0,2450,2250,180,0,20,0,0,0,1498,225,1250,1454,179,1275,2079,199,1715,2045,137,1872,1828,190,1618,1173,782,0,1977,219,1715,2074,319,1700,2058,267,1770,1919,238,1658,2120,343,1724,0.0,19,19167,,,
74,19167070601,706.01,-96.055191,42.9925925,7156678.0,7156678.0,0.0,2392,2157,166,26,41,21,3,1860,1817,14,6,23,0,0,1847,1814,14,0,19,0,0,2547,2218,231,37,45,15,1,1862,1827,19,4,12,0,0,2016,1874,78,28,20,21,0,1830,1699,98,14,28,10,1,1575,1540,15,4,14,0,0,1580,1555,15,0,10,0,0,2025,1812,157,25,34,5,0,2025,1812,157,16,28,0,0,0,12,1578,1541,19,3,10,0,0,1730,1605,80,19,10,19,0,0,1293,262,1016,1314,212,1102,1371,233,1012,1338,155,1151,1093,198,881,741,491,0,1286,227,1021,1422,304,1080,1407,267,1113,1287,226,1035,1376,236,1111,0.0,19,19167,,,
75,19113001102,11.02,-91.6922975,41.995104,4207195.0,3838376.0,368819.0,3188,2859,64,158,96,11,5,3386,3049,84,216,50,15,0,3423,2945,100,327,64,0,0,3502,2888,132,354,76,45,9,3304,2774,180,257,85,7,0,3431,2725,240,358,92,5,0,2538,2329,44,94,64,8,3,2650,2460,80,90,30,0,0,2640,2415,65,125,35,0,0,2817,2424,96,203,52,27,6,2817,2424,96,164,44,4,6,9,70,2650,2353,135,127,28,4,0,2785,2370,150,190,64,4,0,0,1673,1015,634,1885,1187,698,1875,944,751,1842,794,945,1612,970,603,1481,1148,0,1815,999,731,1993,1168,764,1968,1145,736,1815,1015,736,1897,1085,775,0.0,19,19113,,,
76,19153000202,2.02,-93.5700979,41.6145112,2256426.0,2256426.0,0.0,3526,2796,374,221,115,39,7,3866,2832,404,548,151,15,26,3913,2667,381,766,139,8,0,3743,2534,646,329,165,115,6,3415,2145,327,609,334,9,0,2798,2034,323,330,125,4,5,2737,2320,207,118,75,24,2,2940,2495,130,235,39,10,0,2785,2365,94,280,44,0,0,2880,2142,377,182,111,74,5,2880,2142,377,155,107,6,0,7,86,2290,1882,85,206,105,0,0,2025,1755,78,134,45,4,0,4,1679,1017,626,1594,1059,535,1539,850,584,1514,758,674,1298,818,443,1200,976,0,1491,846,579,1658,915,706,1620,918,619,1495,844,604,1593,837,730,0.0,19,19153,,,
77,19153000300,3,-93.5883211,41.6221719,6645711.0,6645711.0,0.0,3957,2462,497,737,263,45,1,4028,2124,455,884,560,32,3,4147,2053,468,902,724,40,5,4440,2699,685,599,364,77,6,4580,2462,686,737,671,64,5,4766,2701,761,601,671,18,3,3095,2133,301,469,181,29,0,2830,1970,145,370,335,4,0,2920,1915,125,450,415,8,0,3603,2394,465,403,259,55,5,3603,2394,465,352,247,14,4,34,93,2743,1877,202,349,292,18,0,2940,2065,235,264,350,18,4,0,1441,980,435,1414,1065,349,1359,880,373,1329,748,500,1112,805,278,1047,900,0,1268,841,373,1367,914,419,1334,894,384,1236,815,382,1206,758,426,0.0,19,19153,,,
78,19153000400,4,-93.6126601,41.6322323,2033555.0,2033555.0,0.0,4777,3164,940,379,272,46,16,4731,2880,1161,330,344,11,12,4894,3173,992,346,368,11,21,4754,2675,966,482,530,141,10,4797,2848,1349,274,289,3,41,4763,2538,1414,378,318,99,23,3510,2556,544,216,180,30,6,3170,2490,240,235,184,4,0,3340,2685,230,230,194,4,0,3587,2256,574,307,355,90,2,3587,2256,574,251,331,11,2,13,149,3108,2437,379,149,136,5,0,2815,2165,360,134,49,99,0,0,1892,1230,620,1811,1289,522,1671,974,567,1638,828,695,1350,853,454,1255,997,0,1566,942,547,1739,1083,609,1712,1066,561,1562,937,571,1626,930,664,0.0,19,19153,,,
79,19153000500,5,-93.6125832,41.6231984,2020339.0,2020339.0,0.0,4500,3025,649,565,252,72,12,5847,3643,1054,581,612,21,57,5432,3506,953,531,458,0,49,4641,2415,997,754,418,138,23,5387,3497,834,609,437,20,57,4725,3216,406,575,457,92,38,3307,2449,358,296,176,44,4,3585,2820,349,240,140,0,30,3480,2705,350,239,155,0,30,3343,1945,587,457,283,99,19,3343,1945,587,387,269,9,12,15,119,3412,2644,331,284,108,19,25,3240,2470,205,295,195,53,4,25,1872,1275,550,1811,1337,474,1736,1071,511,1704,952,650,1382,988,349,1281,1063,0,1631,1076,482,1784,1218,534,1768,1216,475,1604,1072,486,1647,1034,571,0.0,19,19153,,,
80,19153000600,6,-93.6332199,41.6271674,3160106.0,2893801.0,266305.0,3804,2913,344,404,133,40,6,4446,3485,309,624,24,52,41,4301,3406,369,491,36,10,0,4023,2411,635,613,301,88,21,4124,2875,308,894,47,10,0,3728,2081,506,1097,51,78,0,2908,2375,200,239,80,27,4,3090,2685,170,210,4,8,0,3015,2600,200,199,4,8,0,2968,2015,355,336,189,60,7,2968,2015,355,297,180,7,2,12,100,2968,2253,168,513,19,7,0,2475,1805,150,478,25,14,0,0,1771,1206,517,1655,1223,432,1542,925,481,1524,834,593,1315,908,356,1245,1002,0,1479,942,460,1606,1035,516,1585,1034,465,1461,934,471,1492,934,531,0.0,19,19153,,,
81,19153000701,7.01,-93.6478275,41.6224,2527586.0,2378298.0,149288.0,3218,1629,314,962,291,32,14,3460,1431,332,898,804,75,0,3465,1476,464,1003,525,61,0,3537,1220,347,1106,834,51,9,3934,1276,398,1269,969,74,0,4144,1631,308,1627,607,11,0,2305,1318,192,579,205,21,9,1850,1180,165,385,100,25,0,2045,1190,270,530,45,10,0,2525,1052,219,699,518,39,8,2525,1052,219,642,498,11,1,17,85,2024,1066,188,650,110,17,0,2460,1370,119,689,280,8,0,0,1314,934,355,1275,952,323,1160,744,315,1130,652,416,996,676,298,927,761,0,1164,753,361,1356,884,429,1321,873,393,1192,778,380,1209,800,393,0.0,19,19153,,,
82,19153000702,7.02,-93.6563633,41.6400786,3784606.0,3574099.0,210507.0,3180,2090,186,516,385,19,7,3703,2167,156,474,910,46,7,3652,2121,107,459,941,93,11,3397,2075,173,471,640,26,12,3625,2389,85,337,809,47,18,3770,2263,21,342,1123,12,5,2349,1679,102,309,247,11,4,2230,1700,64,325,104,34,4,2225,1730,54,240,119,74,10,2552,1720,110,284,410,12,5,2552,1720,110,262,395,6,1,7,51,2322,1910,39,191,119,37,20,2270,1860,4,215,180,8,0,4,1398,876,499,1523,997,526,1552,926,496,1526,803,664,1315,870,419,1229,1004,0,1494,927,511,1632,1066,533,1620,1043,526,1499,944,523,1574,991,556,0.0,19,19153,,,
83,19153000704,7.04,-93.6718793,41.6373439,1933770.0,1933770.0,0.0,3097,2543,154,256,141,29,0,3462,2637,151,280,341,39,0,3518,2659,219,325,288,0,0,3197,2111,225,385,451,38,4,3256,2225,292,404,313,0,3,3161,1806,620,307,382,3,3,2416,2077,87,153,95,18,0,2425,2195,115,84,10,20,0,2550,2255,180,95,25,0,0,2494,1819,128,230,283,28,3,2494,1819,128,200,264,11,0,3,69,2271,1912,197,116,46,0,1,2165,1630,294,87,155,4,4,0,1771,1067,669,1832,1152,680,1755,1002,617,1731,861,800,1542,994,519,1440,1138,0,1684,1009,616,1760,1113,612,1744,1079,617,1578,968,583,1433,891,516,0.0,19,19153,,,
84,19153000803,8.03,-93.6969671,41.6216705,2466662.0,2466662.0,0.0,4075,3323,268,336,140,46,1,4787,3469,359,527,530,5,0,4369,3425,362,316,365,6,0,3998,2826,432,407,263,72,10,4143,3391,338,276,228,4,0,3886,3130,354,176,220,50,45,3210,2750,148,193,101,31,1,3185,2675,155,205,145,4,0,3105,2690,155,145,110,4,0,3205,2431,249,282,184,36,6,3205,2431,249,227,169,7,4,16,102,3122,2795,130,155,45,4,0,3015,2630,140,144,89,4,0,20,2115,1323,744,2135,1437,698,2032,1204,650,1997,1078,816,1706,1150,507,1588,1300,0,1937,1211,643,2098,1355,697,2072,1331,676,1916,1204,654,1947,1189,716,0.0,19,19153,,,
85,19153000902,9.02,-93.6820027,41.6058146,2514761.0,2507393.0,7368.0,3257,2961,95,128,64,21,2,3425,2978,36,130,214,77,0,3543,2993,116,143,250,49,0,3303,2814,146,167,111,37,3,3838,3065,309,216,223,19,0,3975,3272,292,204,188,10,0,2585,2403,59,75,34,12,2,2590,2440,14,70,40,28,0,2635,2440,50,85,40,29,0,2650,2331,89,102,73,25,3,2650,2331,89,83,57,2,0,12,76,2775,2517,55,156,56,6,0,2935,2645,44,198,40,8,0,0,2141,1449,650,2018,1422,596,2043,1405,482,2027,1231,719,1918,1450,433,1810,1549,0,2037,1468,501,2160,1647,465,2145,1604,487,2032,1498,490,2038,1599,406,0.0,19,19153,,,
86,19153001000,10,-93.6657169,41.6076642,1965705.0,1965705.0,0.0,4636,3707,228,452,235,25,10,4768,3056,242,753,744,52,9,4977,3244,289,695,804,38,8,4688,3380,340,594,271,108,2,5088,3233,298,637,941,272,8,4940,3414,315,393,817,279,0,3830,3190,145,292,187,14,8,3480,2740,145,365,164,19,0,3600,2970,135,304,130,14,0,3926,2964,244,421,220,89,0,3926,2964,244,336,186,0,0,16,180,3760,2997,139,142,201,34,0,3800,3130,140,105,144,23,0,255,2665,1864,735,2556,1848,708,2610,1864,501,2558,1639,801,2276,1803,436,2169,1877,0,2454,1827,534,2508,1942,512,2490,1904,527,2393,1807,529,2268,1728,473,0.0,19,19153,,,
87,19153001100,11,-93.6514178,41.6074899,1897273.0,1897273.0,0.0,5276,2860,967,1008,438,65,10,5149,2788,946,1265,251,267,0,5065,2383,1153,1518,234,283,0,4744,2279,972,1166,301,101,16,5049,2550,803,1627,281,58,0,4935,2292,909,1325,426,179,0,4247,2651,574,661,347,41,8,3495,2445,250,654,120,39,0,3415,2150,290,869,84,39,0,3857,2146,674,775,253,80,7,3857,2146,674,679,206,8,4,7,133,3404,2300,143,808,137,54,0,3620,2240,270,904,200,28,0,0,1807,1341,441,1583,1218,365,1741,1304,302,1694,1096,513,1168,914,223,1112,946,0,1416,1062,298,1383,1093,249,1352,1047,253,1332,994,297,1249,887,319,0.0,19,19153,,,
88,19153001200,12,-93.639233,41.6081186,1408093.0,1408093.0,0.0,3474,709,922,1552,290,68,9,3306,526,1263,1047,510,10,29,3253,590,1090,1229,397,6,40,3494,787,879,1415,395,105,6,3220,538,1499,1092,143,4,0,3494,505,899,1762,328,0,0,2265,578,536,935,204,47,4,1680,445,295,730,195,4,0,1720,505,205,795,199,4,0,2325,608,533,892,272,66,5,2325,608,533,837,260,9,4,1,73,1666,480,343,743,90,0,0,1910,450,200,1115,145,0,0,0,1068,935,115,1075,978,97,999,840,104,976,754,169,811,672,125,769,686,0,941,756,155,1060,825,209,1026,793,183,925,729,175,918,680,221,0.0,19,19153,,,
89,19153001500,15,-93.6112081,41.613785,1950645.0,1798255.0,152390.0,2847,1909,368,413,149,36,10,2812,1684,645,314,173,15,0,2840,1631,652,452,147,25,0,2865,1602,530,388,277,95,14,2805,1709,563,460,111,25,1,2930,1829,562,399,113,100,1,2100,1549,210,223,105,26,10,1865,1385,175,204,95,10,0,1830,1335,175,235,80,8,0,2090,1316,328,211,188,63,11,2090,1316,328,190,182,3,3,6,62,1858,1389,160,224,72,6,0,2015,1630,160,145,40,24,0,14,1204,811,350,1121,829,292,1081,679,306,1066,610,386,875,636,212,820,673,0,1027,679,296,1135,755,338,1117,756,303,1014,674,301,988,637,332,0.0,19,19153,,,
90,19153001700,17,-93.5926234,41.6028649,1508655.0,1508655.0,0.0,2583,897,641,809,237,47,0,2644,483,858,1054,342,52,0,2391,398,724,934,384,43,0,2824,526,949,974,365,83,2,2413,554,779,825,294,33,0,2486,515,959,853,182,80,0,1811,720,354,570,164,33,0,1370,400,195,649,115,39,0,1260,320,170,609,140,34,0,1982,409,597,696,269,60,2,1982,409,597,634,258,2,0,6,76,1223,382,165,544,131,25,0,1280,380,220,539,130,14,0,10,983,799,167,969,845,124,884,674,164,865,596,220,689,560,114,660,582,0,817,626,167,925,705,204,897,687,174,809,609,181,751,495,236,0.0,19,19153,,,
91,19153001800,18,-93.5685467,41.6040039,1442313.0,1442313.0,0.0,2015,1618,228,104,36,29,2,2025,1573,205,255,9,12,9,2185,1792,171,226,5,7,5,1985,1258,428,155,106,43,3,2193,1642,334,129,3,58,3,2175,1620,359,36,62,85,0,1524,1288,126,66,28,17,1,1510,1310,30,170,0,4,0,1570,1410,30,130,0,4,0,1496,1066,233,90,71,36,1,1496,1066,233,78,67,6,0,2,44,1579,1332,147,76,0,19,0,1660,1305,260,29,40,29,0,0,836,526,282,851,571,280,819,443,317,800,392,367,678,428,234,630,501,0,764,432,307,809,444,360,794,442,321,722,413,301,694,371,307,0.0,19,19153,,,
92,19153001900,19,-93.5463756,41.6086836,3539645.0,3487234.0,52411.0,4233,3477,431,223,91,27,5,4050,3133,639,187,56,51,0,4169,3053,532,531,7,58,0,4371,2978,758,368,159,126,8,4102,3016,620,422,8,48,0,4479,3105,552,782,10,20,0,3112,2698,226,112,63,15,5,2765,2435,120,130,44,48,0,2750,2365,100,235,4,54,0,3184,2368,423,189,104,111,6,3184,2368,423,149,91,14,2,6,131,2803,2429,147,173,3,42,0,2995,2530,245,210,4,18,0,0,1766,1028,694,1758,1178,580,1673,849,704,1632,762,799,1337,829,473,1221,954,0,1544,831,642,1669,869,740,1648,877,669,1518,821,643,1539,775,734,0.0,19,19153,,,
93,19153002100,21,-93.5702206,41.5953676,2280172.0,2280172.0,0.0,4883,3394,963,322,186,61,8,4966,3219,995,558,184,22,0,4836,3383,900,338,192,23,0,4718,2757,1215,394,208,214,7,4457,2950,1121,302,58,12,14,4402,2641,1381,322,9,201,5,3498,2666,525,161,126,42,7,3170,2755,175,145,90,14,0,3190,2830,170,75,95,24,0,3516,2288,727,221,152,151,3,3516,2288,727,175,128,16,0,24,158,3028,2580,336,81,16,18,0,2920,2225,420,240,4,28,0,0,1642,1152,455,1602,1237,365,1544,930,512,1508,799,602,1217,828,346,1149,948,0,1447,880,494,1575,940,614,1560,949,532,1408,854,512,1465,812,623,0.0,19,19153,,,
94,19163010402,104.02,-90.6979463,41.5271972,64988990.0,63115318.0,1873672.0,3465,3294,77,47,25,26,0,3502,3349,89,45,19,32,0,3517,3397,83,22,14,18,0,3153,2913,104,50,40,53,4,3582,3460,73,28,21,23,0,3325,3079,160,8,5,0,0,2689,2582,57,21,13,18,0,2920,2795,60,45,20,30,0,2925,2835,50,24,15,20,0,2525,2370,67,23,14,38,1,2525,2370,67,11,8,2,0,3,64,3113,3018,38,29,20,25,0,2820,2715,85,10,4,0,0,0,1940,940,961,1976,974,1002,1955,680,1130,1923,560,1281,1550,601,918,1277,848,0,1805,645,1108,1983,715,1242,1970,712,1193,1721,605,1082,1672,541,1096,4672.51955131275,19,19163,,,
95,19153004602,46.02,-93.6112386,41.5336472,3898980.0,3898980.0,0.0,6580,4541,1040,726,256,109,14,6682,4373,985,780,544,20,0,6596,3868,886,1373,544,102,27,6661,3618,1437,994,485,194,10,6262,3638,957,1163,563,59,15,6426,3841,1254,1003,288,31,8,4759,3600,551,389,174,69,8,4570,3770,340,344,110,20,0,4500,3430,410,554,75,25,0,4824,2998,843,557,318,139,2,4824,2998,843,464,291,9,2,7,210,4220,3253,338,472,134,0,0,4370,3490,395,415,65,4,0,10,2341,1556,745,2552,1801,751,2399,1338,867,2347,1151,1053,1910,1206,642,1754,1404,0,2252,1304,851,2496,1465,969,2462,1455,898,2220,1290,862,2219,1249,939,0.0,19,19153,,,
96,19163010401,104.01,-90.7510675,41.5257835,79834606.0,78333084.0,1501522.0,5392,5163,123,57,25,35,2,5601,5293,220,31,13,44,0,5736,5313,309,57,14,43,0,5324,4925,163,73,39,83,2,5989,5480,220,168,13,46,0,5572,4988,290,158,22,35,0,4098,3969,69,22,13,28,2,4320,4090,190,0,0,43,0,4330,3995,260,35,0,43,0,4145,3882,103,39,17,72,1,4145,3882,103,22,13,6,0,12,107,4534,4184,164,126,0,42,0,4215,3925,194,72,4,26,0,0,2896,1453,1382,2875,1427,1448,2825,966,1644,2790,810,1857,2225,861,1329,1844,1228,0,2723,967,1673,3211,1162,1988,3163,1139,1931,2912,1021,1830,3519,1149,2298,5311.884747361634,19,19163,,,
97,19153000103,1.03,-93.5518446,41.6202311,2800826.0,2800826.0,0.0,2442,2131,151,72,77,17,3,2166,1990,48,27,96,11,5,2129,1838,51,27,206,15,9,2087,1507,313,128,104,59,3,2234,1837,46,11,197,135,0,2225,1686,140,58,196,130,0,1891,1699,92,42,46,12,2,1660,1600,20,15,10,0,0,1600,1505,29,15,45,0,0,1574,1247,168,70,60,26,2,1574,1247,168,55,58,4,0,0,42,1700,1545,22,10,40,68,0,1675,1335,100,18,130,84,0,0,1211,738,452,1104,719,385,1007,477,438,982,412,515,799,457,312,727,570,0,907,455,406,934,462,448,930,460,409,895,454,410,922,455,447,0.0,19,19153,,,
98,19153010101,101.01,-93.5104474,41.8049985,348087970.0,347087576.0,1000394.0,4251,4101,61,34,51,18,6,4678,4493,48,43,91,15,0,5086,4887,43,46,103,15,0,5925,5397,183,92,112,59,2,5111,4862,36,95,114,11,0,5384,5142,17,132,74,11,0,3078,2992,31,9,30,12,3,3415,3315,19,15,54,18,0,3745,3630,20,30,54,18,0,4324,4014,91,50,75,41,2,4324,4014,91,29,73,2,1,21,93,3829,3693,3,62,63,11,0,3990,3880,8,50,48,12,0,0,2627,1053,1491,2531,991,1540,2929,932,1802,2902,762,2039,2701,997,1642,2298,1559,0,3103,1078,1955,3776,1403,2299,3753,1381,2280,3455,1241,2153,4261,1563,2632,0.0,19,19153,,,
99,19153000703,7.03,-93.6667755,41.6225845,2138623.0,2138623.0,0.0,3081,2689,128,192,72,6,5,3095,2408,154,241,298,18,0,3091,2416,56,242,353,24,0,3134,2531,147,220,207,42,1,3021,2309,58,334,298,22,0,2806,2204,26,235,338,11,0,2515,2264,80,116,50,5,5,2415,2080,75,159,80,20,0,2415,2070,34,189,95,24,0,2550,2131,90,144,151,25,1,2550,2131,90,121,129,2,0,5,72,2351,1960,37,236,92,25,0,2180,1880,20,180,100,4,0,0,1970,1280,647,1940,1308,632,1937,1268,504,1908,1076,743,1783,1292,457,1684,1384,0,1907,1284,546,2024,1428,548,2009,1378,573,1917,1318,549,2019,1460,526,0.0,19,19153,,,
100,19153000101,1.01,-93.5464188,41.6326918,2356557.0,2356557.0,0.0,3448,2587,273,481,99,43,3,4105,2678,457,905,73,51,0,3892,2533,347,913,73,55,0,3569,2140,429,799,114,99,9,4061,2378,295,1349,17,27,0,3793,1906,342,1478,13,31,0,2603,2136,149,235,66,26,3,2740,2185,185,285,55,20,0,2575,2065,129,295,60,25,0,2673,1800,252,451,88,68,4,2673,1800,252,415,68,2,1,16,119,2520,2050,130,310,15,15,0,2215,1705,139,350,15,14,0,0,1163,748,387,1255,890,365,1218,716,410,1185,608,513,947,612,310,874,715,0,1109,656,406,1204,701,477,1187,687,447,1065,620,415,1047,570,460,0.0,19,19153,,,
101,19153011500,115,-93.7581647,41.8092993,123819920.0,104252709.0,19567211.0,5221,5052,51,49,54,28,1,6571,6501,17,10,0,43,0,6655,6572,20,21,9,32,0,7785,7303,143,75,99,99,13,7276,7125,31,28,8,51,0,7861,7674,42,56,12,31,0,3642,3549,29,27,28,22,1,4535,4470,8,10,0,45,0,4555,4485,14,20,10,30,0,5342,5069,79,39,36,66,9,5342,5069,79,22,25,8,6,17,116,5260,5163,21,31,10,52,0,5725,5595,35,60,10,30,0,0,3292,1381,1850,3327,1355,1972,3794,1279,2176,3752,1052,2565,3539,1432,2029,3019,2112,0,4017,1483,2412,4823,1905,2804,4785,1816,2873,4358,1645,2623,5667,2189,3382,0.0,19,19153,,,
102,19153010404,104.04,-93.7265141,41.6459825,2828341.0,2810679.0,17662.0,4690,4276,99,149,162,12,5,4512,4132,166,95,82,22,6,4517,3918,212,299,65,14,12,4682,3754,246,369,220,52,7,4520,3875,299,297,49,16,0,4495,3485,545,388,31,42,0,3650,3387,60,93,104,8,3,3565,3310,120,44,69,15,0,3495,3140,140,145,65,0,0,3663,3085,151,204,155,29,0,3663,3085,151,175,149,0,0,13,90,3388,3036,163,141,30,0,0,3245,2840,145,215,23,8,0,15,2900,1377,1489,2888,1374,1514,2897,1404,1290,2878,1107,1676,2543,1353,1157,2268,1784,0,2784,1386,1319,2941,1583,1294,2916,1512,1342,2747,1389,1304,2790,1490,1244,0.0,19,19153,,,
103,19153000201,2.01,-93.5684022,41.6295288,1933647.0,1933647.0,0.0,2809,2145,249,194,206,31,0,2905,2277,249,190,95,95,0,2750,2138,274,237,96,6,0,2676,1784,398,254,192,47,5,2871,2225,263,232,147,5,0,2725,1906,305,219,267,28,0,2155,1753,128,104,156,21,0,2240,1905,155,85,50,44,0,2165,1875,130,85,70,4,0,2113,1527,236,162,149,40,2,2113,1527,236,140,137,0,0,7,66,2140,1827,105,79,120,3,0,1995,1590,135,30,215,25,0,0,1308,780,503,1306,857,449,1269,657,525,1234,561,618,1071,650,390,937,777,0,1213,665,500,1325,738,563,1302,736,508,1189,656,502,1156,609,535,0.0,19,19153,,,
104,19153000102,1.02,-93.5358697,41.622369,1606771.0,1606771.0,0.0,3924,3391,232,154,145,23,5,4315,3583,548,34,150,0,0,4183,3446,472,144,120,0,0,3971,2926,543,255,146,75,10,3568,3044,247,162,114,2,0,3737,2845,585,159,147,3,0,2871,2563,121,84,87,18,4,3015,2840,70,10,100,0,0,2990,2800,50,60,80,0,0,2973,2321,330,146,87,66,7,2973,2321,330,114,80,6,5,11,106,2666,2509,19,64,72,4,0,2640,2340,119,90,89,4,0,0,1812,1080,696,1898,1210,688,1881,971,763,1846,835,904,1551,922,589,1411,1107,0,1793,965,755,1980,1072,875,1956,1064,811,1764,944,765,1773,884,864,0.0,19,19153,,,
105,19153010702,107.02,-93.3873686,41.5899391,177546479.0,175476000.0,2070479.0,5600,5212,134,154,60,45,9,6177,5760,72,225,0,137,0,6277,5854,80,170,0,200,0,6600,5952,213,161,76,139,13,6118,5735,60,149,0,199,0,6114,5605,173,151,89,71,0,4219,3937,77,141,27,36,5,4920,4630,49,178,0,65,0,4945,4670,54,138,0,78,0,5211,4756,139,135,39,109,8,5211,4756,139,123,31,44,4,12,102,4912,4691,51,108,0,68,0,5045,4730,115,119,39,37,0,0,2865,1312,1487,2867,1303,1564,2958,991,1770,2923,837,1972,2624,1085,1474,2288,1614,0,3014,1106,1813,3524,1303,2141,3495,1325,2050,3233,1197,1949,3733,1337,2333,0.0,19,19153,,,
106,19153002600,26,-93.6466974,41.597749,801632.0,801632.0,0.0,2222,982,436,595,188,54,6,2751,1094,690,804,169,83,0,2714,1190,538,773,215,71,0,2208,873,395,769,155,61,1,2609,1121,549,734,274,64,0,2343,1242,345,625,134,41,0,1671,859,274,376,142,33,4,1635,1030,105,459,45,35,0,1655,1080,85,419,70,30,0,1702,764,268,527,124,46,1,1702,764,268,485,105,4,0,1,75,1596,1040,141,308,118,18,0,1660,1140,170,300,35,14,0,0,909,730,166,833,702,131,718,560,103,696,507,157,587,483,92,563,490,0,691,549,114,780,639,120,768,627,114,719,572,124,673,507,144,0.0,19,19153,,,
107,19153000901,9.01,-93.6974739,41.6082785,1614194.0,1614194.0,0.0,3370,2976,132,166,80,28,5,3285,2860,43,147,144,101,41,3355,2723,88,199,230,112,72,3417,2586,305,310,142,46,5,2889,2416,99,175,142,102,11,3019,2409,159,283,153,37,13,2668,2425,78,96,55,18,3,2515,2345,30,55,34,20,0,2495,2200,45,95,98,20,0,2769,2213,210,190,95,41,3,2769,2213,210,138,78,7,0,12,111,2209,1949,58,98,56,25,0,2245,1905,50,164,88,20,0,15,2000,1217,732,1971,1275,696,1950,1144,595,1924,983,824,1673,1131,495,1552,1257,0,1854,1163,604,1986,1304,620,1969,1284,614,1855,1189,608,1900,1291,578,0.0,19,19153,,,
108,19153010102,101.02,-93.4539534,41.714024,135134763.0,134727172.0,407591.0,5906,5640,106,56,81,24,6,9201,8541,342,0,318,0,19,9665,9051,182,120,313,0,16,11046,9884,443,247,292,145,5,9949,8899,147,573,323,7,13,11191,10052,370,492,270,20,16,4072,3923,64,25,45,18,1,5920,5630,125,0,150,0,0,6355,5985,155,40,160,0,0,7263,6644,229,111,152,100,3,7263,6644,229,81,121,19,2,9,158,6426,5896,91,260,157,0,0,7445,6930,160,240,80,4,0,30,3455,1534,1852,3277,1474,1803,3942,1423,2181,3882,1140,2558,3752,1695,1975,3260,2286,0,4555,1839,2564,6069,2519,3395,6032,2532,3318,5470,2251,3090,7394,3021,4264,0.0,19,19153,,,
109,19153011001,110.01,-93.7175507,41.5735707,2014220.0,2014220.0,0.0,3491,2896,344,172,64,21,4,3257,2022,510,711,89,30,0,3441,2326,454,578,118,23,0,3527,2421,530,353,149,92,10,3765,2857,361,437,127,20,0,4013,2848,301,663,193,89,0,2642,2269,223,95,39,14,2,2320,1715,270,265,30,30,0,2380,1865,230,230,40,10,0,2700,1967,359,214,101,66,3,2700,1967,359,186,78,3,1,11,95,2717,2207,272,176,47,10,0,2920,2135,245,420,95,24,0,0,1786,1117,628,1735,1131,604,1744,981,591,1704,857,752,1511,979,487,1401,1108,0,1691,1021,599,1854,1179,643,1848,1154,628,1679,1026,612,1685,1019,632,0.0,19,19153,,,
110,19153000801,8.01,-93.6889812,41.6398079,4282172.0,4282172.0,0.0,5959,4699,356,685,196,46,6,6292,4924,419,525,468,67,31,6398,4887,325,538,673,3,19,6094,3865,500,948,682,84,5,6674,4376,596,1206,528,11,47,6561,4107,272,1685,450,0,0,4535,3765,211,416,121,33,3,4750,4095,114,295,210,60,15,4350,3665,90,350,234,0,10,4594,3181,319,586,432,60,4,4594,3181,319,517,396,16,3,14,148,4288,3213,250,514,270,0,30,4015,2780,145,954,145,0,0,0,3088,1913,1120,2889,1816,1073,2854,1671,937,2818,1424,1229,2404,1604,733,2235,1803,0,2723,1668,933,2942,1882,995,2904,1820,982,2724,1680,958,2726,1676,1009,0.0,19,19153,,,
111,19153000802,8.02,-93.681034,41.6216965,1758434.0,1758434.0,0.0,3445,3120,96,125,82,21,2,3403,3208,113,41,26,15,0,3449,3261,116,37,0,35,0,3453,2978,140,169,107,50,2,3385,3182,95,44,0,64,0,3385,2908,74,299,72,41,0,2756,2551,66,64,63,13,2,2790,2610,110,30,15,14,0,2795,2625,110,28,0,39,0,2868,2558,89,110,68,33,0,2868,2558,89,82,51,7,0,6,75,2780,2583,82,38,0,65,0,2780,2445,60,210,25,38,0,0,2276,1450,784,2272,1511,761,2174,1362,610,2152,1165,884,1950,1363,547,1835,1527,0,2133,1415,642,2326,1652,627,2311,1595,662,2137,1441,647,2178,1519,616,0.0,19,19153,,,
112,19139050900,509,-91.0477226,41.4207957,2078905.0,1623549.0,455356.0,2917,2127,604,153,19,34,4,3038,2111,753,257,35,81,0,2957,1852,914,217,31,60,0,3085,1959,737,327,7,77,1,2923,2115,600,220,34,55,0,3400,2198,983,245,0,52,0,2110,1651,351,90,13,24,3,2195,1660,370,85,4,75,0,2155,1525,445,120,10,60,0,2406,1631,489,228,7,54,1,2406,1631,489,198,2,7,0,9,70,2169,1653,318,131,10,57,0,2460,1720,535,170,0,35,0,0,1027,667,336,1092,729,363,1034,550,388,1021,453,472,732,415,299,657,522,0,929,502,378,1051,587,436,1039,586,392,913,487,394,937,477,432,1099.7410693700028,19,19139,,,
113,19139051000,510,-91.0645987,41.4073281,7173931.0,5823936.0,1349995.0,3323,2562,650,79,20,53,2,3455,2042,1210,131,58,19,11,3397,2232,957,165,21,21,11,3110,2134,760,97,13,105,2,3344,2356,851,48,19,113,12,3160,2196,689,73,4,68,0,2399,1961,369,34,15,36,2,2245,1585,590,25,10,20,10,2235,1675,485,35,10,20,10,2285,1681,465,55,7,70,0,2285,1681,465,34,0,9,0,2,94,2337,1850,400,28,10,27,4,2295,1860,365,50,4,20,0,0,1163,770,364,1205,835,370,1169,507,560,1125,450,612,801,403,371,710,520,0,1039,471,524,1208,524,648,1174,544,578,1032,461,538,1121,448,645,2483.9867309583074,19,19139,,,
114,19175190300,1903,-94.283635,41.0025786,719544239.0,715247352.0,4296887.0,2153,2114,16,4,6,11,1,2036,2014,14,0,8,0,0,1957,1937,14,0,6,0,0,2093,2039,24,4,8,21,1,1816,1778,31,1,2,4,0,1805,1738,33,1,0,24,0,1635,1612,9,2,4,5,0,1590,1580,8,0,4,0,0,1515,1505,8,0,4,0,0,1585,1544,15,0,6,15,1,1585,1544,15,0,3,1,0,0,22,1432,1394,15,0,4,5,0,1415,1380,20,4,0,14,0,0,1094,465,541,1063,495,568,1042,268,665,1035,227,735,898,254,585,743,555,0,982,290,686,1129,354,766,1117,336,762,1048,302,737,1136,294,828,0.0,19,19175,,,
115,19175190100,1901,-94.1379586,41.0862479,353319217.0,352592779.0,726438.0,2261,2207,21,7,4,20,2,2345,2296,18,0,11,20,0,2305,2256,24,0,19,6,5,2217,2094,57,22,16,37,1,2464,2301,146,0,5,4,2,2535,2231,235,45,9,7,1,1720,1684,16,3,4,13,2,1785,1750,10,0,4,18,0,1715,1695,10,0,4,8,0,1656,1575,36,11,9,28,0,1656,1575,36,0,7,3,0,1,34,1877,1748,116,0,0,2,0,1830,1730,84,8,0,12,0,4,1087,516,521,1052,553,499,1037,271,705,1017,245,722,894,269,611,753,553,0,1003,277,705,1147,296,831,1136,310,774,1056,291,740,1137,263,851,0.0,19,19175,,,
116,19175190200,1902,-94.3663815,41.0455573,16437048.0,16246935.0,190113.0,4241,4028,93,58,36,29,2,3993,3775,133,52,0,33,8,3946,3681,186,54,0,25,11,3858,3478,163,81,31,88,4,3715,3571,98,21,0,25,0,3494,3419,56,7,0,12,0,3265,3139,50,26,13,10,1,3105,3000,40,29,0,35,0,3100,2980,70,29,0,25,0,3004,2751,109,41,22,63,0,3004,2751,109,31,19,9,0,5,80,2992,2928,21,3,0,22,0,2800,2760,20,4,0,8,0,0,1885,991,842,1949,1041,908,1914,720,1065,1886,571,1217,1525,651,834,1294,1050,0,1745,670,1045,1945,735,1180,1933,725,1111,1759,657,1070,1822,640,1151,0.0,19,19175,,,
117,19187000900,9,-94.2138603,42.4678057,44190893.0,43609316.0,581577.0,4919,3946,216,652,47,71,14,4970,3781,311,779,53,61,0,4909,3581,363,874,55,77,0,5293,3947,355,854,68,87,16,4816,3345,387,958,58,87,0,4786,3388,299,833,130,132,0,4217,3395,164,575,43,57,5,4195,3365,130,630,10,58,0,4115,3210,140,685,15,53,0,4629,3498,269,742,54,66,14,4629,3498,269,687,35,38,3,15,84,4061,3055,204,704,15,50,0,4135,3085,225,650,54,90,0,50,1759,954,770,1659,971,688,1589,612,867,1583,529,974,1145,479,635,997,774,0,1414,550,821,1540,597,924,1523,596,872,1414,543,834,1506,531,944,0.0,19,19187,,,
118,19187000300,3,-94.2166786,42.5236748,12537992.0,12029892.0,508100.0,1502,1366,77,42,9,6,2,1516,1169,293,61,0,0,0,1489,1225,208,61,0,0,0,1372,1155,113,81,17,31,7,1596,1241,286,53,0,153,0,1649,1211,368,58,0,221,0,1153,1075,42,24,6,5,2,1085,985,100,0,0,0,0,1070,1010,70,0,0,0,0,1086,942,78,42,11,23,7,1086,942,78,29,5,1,4,0,27,1089,1035,38,0,0,13,0,1100,1005,59,30,0,8,0,0,655,408,229,656,387,269,644,249,352,641,225,384,492,225,261,438,339,0,582,239,330,620,241,371,618,259,337,560,221,328,603,201,392,0.0,19,19187,,,
119,19187000700,7,-94.1864002,42.5037077,1899053.0,1841835.0,57218.0,1446,1118,121,196,10,9,1,1730,1095,258,322,56,0,0,1612,985,357,217,42,11,0,1450,1018,141,224,27,60,2,1820,1151,442,182,33,12,0,1734,1082,362,217,56,10,0,1090,890,66,115,9,9,1,1215,925,70,185,30,0,0,1156,886,100,139,20,8,0,1152,855,88,152,23,42,2,1152,855,88,137,19,12,0,2,39,1327,962,182,144,19,12,0,1350,945,220,144,30,12,0,0,553,379,162,449,320,129,441,225,175,433,208,200,324,189,127,301,241,0,406,221,170,462,240,210,460,252,180,410,212,178,360,179,178,0.0,19,19187,,,
120,19187010400,104,-94.0516411,42.3063666,412208341.0,408791357.0,3416984.0,3106,3015,38,28,4,16,3,3070,2943,36,18,22,44,2,3043,2936,22,10,11,58,2,2858,2713,52,28,11,44,3,2966,2865,26,4,12,53,2,2883,2774,37,20,10,42,0,2400,2348,21,9,3,13,2,2431,2356,12,19,15,41,0,2376,2306,8,8,0,60,0,2235,2144,27,11,7,29,3,2235,2144,27,2,4,3,0,2,53,2321,2276,7,4,0,53,0,2285,2230,10,8,0,42,0,0,1671,830,768,1628,813,815,1596,470,1019,1577,423,1065,1320,481,807,1133,835,0,1493,481,988,1650,498,1130,1634,524,1053,1503,480,989,1605,437,1139,0.0,19,19187,,,
121,19187010300,103,-94.2856378,42.3325965,538453068.0,538431904.0,21164.0,3284,3198,31,34,3,12,1,3120,2979,44,75,6,41,6,3072,2916,53,84,8,24,7,3081,2853,106,56,16,39,3,3078,2890,57,95,12,28,0,3107,2901,91,49,22,11,0,2510,2469,13,13,1,9,0,2425,2360,14,14,4,28,0,2365,2305,27,24,4,16,0,2388,2235,78,26,5,29,2,2388,2235,78,16,3,3,0,7,46,2358,2285,21,16,0,26,0,2445,2400,34,8,14,16,0,0,1755,733,947,1738,715,1023,1731,394,1243,1713,308,1327,1431,426,970,1291,898,0,1634,408,1205,1789,418,1352,1776,457,1280,1672,426,1216,1739,373,1334,0.0,19,19187,,,
122,19187000400,4,-94.1853992,42.5123189,1457578.0,1457578.0,0.0,2350,1997,119,205,21,20,1,2167,1726,275,165,35,38,1,2209,1839,170,185,28,29,1,2237,1732,194,235,24,67,1,2357,1956,256,96,30,44,1,2137,1854,97,106,10,8,0,1701,1503,70,113,15,13,0,1565,1370,95,65,30,0,0,1615,1460,55,70,20,0,0,1616,1335,109,122,18,42,1,1616,1335,109,91,13,10,1,3,54,1703,1508,127,27,26,24,0,1550,1420,50,55,10,4,0,0,1001,577,406,967,560,407,904,397,433,890,341,499,719,380,329,652,504,0,836,389,419,913,421,473,903,427,437,820,376,423,811,354,445,0.0,19,19187,,,
123,19187000200,2,-94.1866452,42.540702,16616331.0,16323296.0,293035.0,3631,3392,93,91,47,17,0,3358,3154,63,26,115,8,0,3475,3118,94,39,224,6,0,3617,3258,122,143,53,29,3,3387,3032,101,49,205,5,0,3599,3105,149,183,147,7,0,2827,2684,55,56,27,9,0,2770,2580,55,18,115,10,0,2890,2540,95,28,225,4,0,2839,2608,82,82,42,18,3,2839,2608,82,58,39,2,1,7,42,2695,2348,104,36,206,4,0,2785,2375,150,104,145,4,0,0,2011,1003,981,2052,983,1069,1978,750,1100,1960,618,1270,1742,781,922,1525,1200,0,1906,761,1097,2050,807,1208,2038,804,1175,1917,764,1118,1973,744,1202,0.0,19,19187,,,
124,19187000600,6,-94.1707651,42.4945536,3203760.0,3203760.0,0.0,4755,4061,363,271,51,39,3,4603,4174,81,333,27,8,0,4510,4056,61,395,16,8,0,4342,3506,342,349,70,82,9,3601,3142,58,371,20,10,0,4365,3938,114,408,0,9,0,3571,3180,204,139,33,29,1,3265,3050,30,144,25,10,0,3155,2925,35,170,15,10,0,3429,2891,209,208,48,59,9,3429,2891,209,163,29,16,2,3,116,2834,2626,15,150,21,11,0,3150,2990,10,145,0,10,0,0,2007,1364,606,1832,1294,538,1741,847,763,1683,724,858,1329,755,536,1233,1034,0,1590,805,725,1777,853,892,1736,884,770,1555,763,750,1511,620,860,0.0,19,19187,,,
125,19187010200,102,-94.3335014,42.5629655,342501621.0,341862964.0,638657.0,1791,1731,26,19,10,9,1,1898,1699,132,27,38,2,0,1813,1718,37,25,30,3,0,1721,1615,45,14,14,26,2,1769,1718,6,6,34,5,0,1705,1623,32,21,0,14,15,1356,1328,15,8,5,6,0,1375,1270,45,25,25,4,0,1345,1280,25,20,20,4,0,1274,1224,17,4,3,20,2,1274,1224,17,1,3,4,0,2,23,1283,1244,0,0,25,1,0,1260,1215,30,4,0,14,0,0,1092,468,582,1026,434,592,1014,286,685,1006,230,721,853,272,545,763,574,0,952,280,661,1069,297,761,1062,306,726,985,292,674,919,227,682,0.0,19,19187,,,
126,19187010100,101,-94.0518742,42.5220201,414461000.0,413414912.0,1046088.0,2464,2384,40,19,16,13,0,2148,2101,37,1,0,6,3,2167,1999,152,4,3,7,2,2353,2196,76,19,19,22,2,2131,1920,134,4,6,2,2,2180,1911,154,15,26,3,0,1917,1874,24,8,7,7,0,1710,1680,19,4,0,4,4,1720,1645,64,8,0,4,4,1840,1757,30,9,9,17,1,1840,1757,30,5,7,4,1,5,31,1670,1623,41,8,4,4,1,1680,1605,39,20,19,4,0,0,1395,661,687,1376,621,755,1363,383,885,1330,338,948,1156,439,695,1007,761,0,1288,417,848,1429,439,964,1412,465,896,1326,425,876,1382,369,987,0.0,19,19187,,,
127,19187000500,5,-94.1341041,42.4740217,34695227.0,33988656.0,706571.0,1673,1466,82,95,10,22,3,1393,1145,40,181,0,27,0,1340,1226,22,54,0,39,0,1523,1219,108,148,13,26,5,1413,1255,12,133,0,13,0,1572,1273,131,133,21,0,0,1333,1205,48,59,7,12,1,1060,955,40,40,0,24,0,1095,1005,24,29,0,40,0,1183,988,51,104,9,24,2,1183,988,51,94,4,4,2,2,38,1189,1051,13,113,0,17,0,1260,1055,49,128,20,0,0,0,725,428,282,702,433,269,686,244,382,663,229,394,517,223,278,456,347,0,613,238,359,685,245,430,676,251,396,624,225,383,695,212,479,0.0,19,19187,,,
128,19061010202,102.02,-90.9500452,42.490266,125426655.0,125426655.0,0.0,4102,3951,36,22,85,0,11,4277,4224,10,15,21,8,15,4185,4121,15,17,23,12,17,4490,4189,112,63,98,20,0,4088,4007,35,19,7,32,0,4528,4344,75,67,0,62,0,2923,2807,26,14,83,0,5,3170,3135,8,8,0,4,0,3125,3080,8,8,0,10,0,3322,3086,66,52,94,19,0,3322,3086,66,49,91,2,0,9,19,3076,3031,12,3,0,21,0,3310,3180,45,24,0,45,0,20,2047,1240,764,2178,1274,904,2100,826,1148,2062,670,1301,1829,795,999,1603,1233,0,2080,822,1213,2411,903,1481,2373,950,1351,2164,812,1308,2519,817,1673,0.0,19,19061,,,
129,19061010104,101.04,-90.7626345,42.4725078,41019443.0,41019443.0,0.0,4621,4446,59,52,57,13,1,5374,4917,161,58,216,99,14,5612,5224,148,67,163,89,16,5995,5493,135,131,139,44,25,5399,4936,155,126,171,75,16,5917,5534,39,211,102,11,24,3230,3146,33,17,30,7,1,3739,3543,50,35,90,20,0,3925,3734,60,40,80,10,0,4329,4048,76,58,87,21,13,4329,4048,76,40,76,0,11,5,73,3833,3545,79,100,106,9,0,4145,3945,15,110,65,10,0,0,2639,1402,1197,2990,1503,1487,3141,1343,1585,3044,1107,1829,2768,1309,1402,2357,1804,0,3145,1406,1655,3642,1715,1870,3593,1675,1839,3305,1491,1754,3700,1672,1975,0.0,19,19061,,,
130,19061010201,102.01,-90.8404785,42.4914356,142741727.0,142741727.0,0.0,5269,5121,43,55,39,8,0,6363,6079,86,148,52,28,0,6456,6167,49,163,50,30,5,6666,6301,66,100,99,54,3,6455,6125,95,150,62,23,8,6329,6041,49,99,105,14,6,3651,3579,25,28,14,6,0,4195,4085,45,35,10,20,0,4355,4190,30,60,45,30,4,4684,4479,42,48,55,34,3,4684,4479,42,40,44,6,0,4,69,4239,4031,77,53,61,24,6,4335,4175,44,55,50,15,4,0,2834,1410,1380,3335,1548,1787,3414,1275,1928,3340,996,2240,3143,1262,1819,2585,1904,0,3496,1340,2076,4045,1619,2361,3994,1612,2294,3685,1415,2203,4376,1706,2599,0.0,19,19061,,,
131,19013000300,3,-92.3591856,42.4918108,1406827.0,1388598.0,18229.0,3104,1964,322,743,50,43,30,3400,1720,349,701,640,23,0,3359,1687,348,685,657,20,0,2857,1272,237,913,262,70,121,3125,1362,274,1070,413,40,0,2420,1325,237,770,86,2,0,2262,1582,198,432,38,34,19,2135,1325,210,380,200,25,0,2000,1210,210,355,215,14,0,2092,1087,157,549,167,51,75,2092,1087,157,500,159,11,70,15,93,1779,1055,107,513,59,40,0,1650,1075,80,485,10,4,0,0,998,740,244,1062,818,244,861,551,237,850,490,318,673,459,195,624,529,0,820,531,250,944,623,283,941,621,272,812,519,265,790,483,286,0.0,19,19013,,,
132,19013000400,4,-92.3636767,42.5054531,3400094.0,3119543.0,280551.0,1566,1388,48,97,25,10,1,1653,1408,46,45,42,27,89,1705,1411,74,110,24,31,55,1590,1281,82,168,20,32,8,1806,1498,71,70,0,41,92,1682,1428,77,117,0,27,0,1241,1144,29,47,12,3,0,1240,1120,40,29,10,14,15,1275,1110,64,69,4,14,10,1271,1072,54,108,13,21,3,1271,1072,54,84,12,0,2,1,46,1312,1190,53,41,0,14,15,1275,1145,40,65,0,29,0,0,770,507,241,745,514,231,671,347,253,664,295,323,497,307,176,455,380,0,628,351,255,735,416,302,731,417,283,641,351,274,669,332,325,0.0,19,19013,,,
133,19013001200,12,-92.3471794,42.473035,1298393.0,1298393.0,0.0,2321,2035,77,146,60,11,6,2305,2256,24,0,25,0,11,2251,2125,20,84,22,0,11,2282,1787,107,247,126,26,7,2228,2108,25,74,21,0,10,2279,2032,29,60,114,10,33,1822,1664,42,73,39,8,5,1855,1825,10,0,15,0,0,1815,1750,20,25,10,0,0,1805,1489,69,140,91,23,5,1805,1489,69,127,83,0,5,0,32,1761,1695,30,24,7,0,0,1700,1610,30,19,30,0,10,0,1179,706,460,1250,775,475,1139,587,471,1108,501,570,911,533,359,823,688,0,1045,564,448,1118,619,464,1090,614,439,1001,545,430,1021,538,461,0.0,19,19013,,,
134,19013001301,13.01,-92.3455235,42.4644103,2193501.0,2168998.0,24503.0,4142,3417,133,468,95,21,36,3988,3011,198,712,27,48,43,4148,3153,138,775,49,42,47,4153,2702,138,955,270,36,50,4055,3291,90,598,76,43,13,4114,3009,248,734,267,79,17,3379,2917,93,288,67,11,23,3080,2575,150,314,19,4,0,3060,2625,90,285,24,4,0,3274,2325,85,640,175,26,25,3274,2325,85,606,163,5,25,4,61,2983,2671,55,213,22,0,0,3000,2485,89,304,64,4,0,60,2070,1238,802,1960,1215,745,1828,1001,708,1801,864,889,1499,862,601,1315,1128,0,1720,956,709,1849,1095,726,1839,1072,719,1716,950,729,1688,882,782,0.0,19,19013,,,
135,19013000500,5,-92.3520315,42.5105066,1925024.0,1752424.0,172600.0,1717,1033,153,496,22,28,6,1872,839,336,584,0,83,57,1752,891,252,489,9,62,64,1577,679,196,582,52,45,61,1742,913,184,506,5,87,61,1534,819,149,406,5,96,59,1222,815,91,294,14,18,5,1210,725,60,350,0,50,25,1185,725,60,330,10,35,30,1124,572,126,337,37,38,44,1124,572,126,303,29,4,34,0,56,1156,731,67,297,5,44,26,1005,650,80,200,4,60,0,0,639,501,124,661,539,122,581,419,137,580,380,169,366,261,94,350,297,0,482,342,126,504,357,134,500,355,118,449,311,125,415,275,133,0.0,19,19013,,,
136,19013000700,7,-92.3258594,42.4969104,804017.0,768881.0,35136.0,1518,553,267,669,16,24,11,1373,406,423,508,23,19,0,1353,451,451,413,20,16,0,1377,461,306,527,40,50,21,1453,651,345,424,24,156,0,1528,579,243,530,68,253,0,1071,449,160,437,14,18,5,825,340,65,399,25,4,0,775,355,60,339,19,4,0,978,359,201,358,25,43,11,978,359,201,327,22,5,9,2,53,928,503,88,307,23,105,0,975,440,140,295,55,124,0,0,383,322,51,400,364,36,336,275,52,332,244,85,248,195,51,229,204,0,292,233,57,309,250,56,311,245,53,273,215,55,300,232,60,0.0,19,19013,,,
137,19013000800,8,-92.2830681,42.4868462,10885540.0,10599145.0,286395.0,4028,2821,565,546,57,51,25,3783,2549,808,419,0,34,0,3859,2611,875,315,38,38,0,3613,2252,644,594,25,123,44,3749,2704,710,285,36,41,0,3626,2408,682,355,47,17,0,2914,2261,296,291,31,33,9,2536,2161,204,140,0,23,0,2641,2226,225,120,34,34,0,2718,1918,379,331,14,72,23,2718,1918,379,297,11,7,22,0,84,2736,2366,168,119,29,46,0,2675,2250,80,295,39,15,0,0,1354,996,324,1340,1043,297,1208,703,409,1172,633,474,855,571,252,782,655,0,1073,652,383,1225,708,483,1209,726,431,1078,639,408,1122,603,511,0.0,19,19013,,,
138,19013001000,10,-92.3303611,42.476333,1858726.0,1858726.0,0.0,3621,3215,156,172,47,18,9,3472,2767,241,242,174,25,0,3595,2636,300,419,164,38,0,3732,2703,277,400,281,39,22,3792,2733,399,522,145,2,0,3904,2997,109,575,201,3,0,2782,2557,92,88,21,5,3,2415,2240,55,55,70,10,0,2355,2115,49,95,70,15,0,2818,2236,146,201,173,36,14,2818,2236,146,177,167,6,14,4,68,2034,1842,75,64,59,4,0,2290,2025,50,125,80,4,0,0,1724,1110,599,1745,1172,573,1589,856,623,1564,750,748,1246,734,490,1130,947,0,1479,820,608,1619,922,670,1603,920,638,1433,795,613,1444,746,668,0.0,19,19013,,,
139,19013001302,13.02,-92.3663873,42.4635503,2073896.0,2073896.0,0.0,3632,3238,46,207,134,14,2,3831,3129,42,466,174,12,0,3681,2959,33,558,125,6,0,3688,2804,99,616,124,29,23,3605,2706,0,694,141,64,0,3606,2598,81,644,116,54,113,2904,2638,36,131,95,10,2,2740,2445,20,204,50,8,0,2700,2345,15,270,70,8,0,2963,2346,66,410,104,22,15,2963,2346,66,380,98,3,14,12,44,2579,2212,0,266,70,43,0,2615,2225,30,285,40,40,0,0,2050,1061,969,2081,1063,1018,1971,963,893,1962,808,1087,1686,875,795,1500,1228,0,1882,936,897,2001,1078,895,1990,1034,912,1834,923,879,1755,904,821,0.0,19,19013,,,
140,19013001400,14,-92.3722092,42.4806189,3746928.0,3733883.0,13045.0,4557,3923,198,361,44,38,23,4505,3937,221,341,6,91,37,4508,3850,210,447,0,116,50,4542,3755,213,349,113,90,32,4455,3585,228,635,0,120,45,4603,3415,124,880,128,56,56,3433,3087,99,189,26,19,9,3310,3010,99,174,4,15,0,3305,3025,80,195,0,35,0,3441,2986,140,188,64,47,16,3441,2986,140,148,56,7,16,6,82,3295,3058,72,156,0,41,0,3245,2830,60,290,50,60,0,0,2568,1529,1006,2518,1510,1008,2313,1193,922,2289,1027,1168,1970,1121,820,1779,1426,0,2208,1197,946,2383,1376,974,2384,1352,974,2184,1200,954,2117,1171,899,0.0,19,19013,,,
141,19079960500,9605,-93.8253755,42.287322,322735323.0,322665492.0,69831.0,1973,1921,31,13,2,13,0,1795,1785,7,3,0,0,0,1821,1805,10,3,0,3,0,1844,1714,69,15,4,34,2,1893,1831,14,27,18,3,0,2011,1845,26,54,12,6,0,1553,1525,17,5,2,8,0,1424,1419,12,8,0,0,0,1444,1434,12,8,0,4,0,1470,1404,33,5,2,21,2,1470,1404,33,1,0,2,0,1,29,1526,1493,8,5,11,2,0,1585,1560,4,8,4,8,0,4,1084,469,573,1074,450,624,1052,308,695,1043,228,814,890,306,566,817,598,0,991,293,681,1074,308,740,1067,325,706,1033,299,715,1100,303,778,0.0,19,19079,,,
142,19079960300,9603,-93.803426,42.4610047,27245305.0,27147254.0,98051.0,3033,2663,219,24,108,17,1,2984,2575,154,33,222,6,0,2893,2521,168,31,173,4,0,2975,2195,494,56,184,74,0,2844,2589,188,41,26,9,0,2973,2485,209,25,174,82,45,2299,2075,128,10,62,12,0,2275,2095,100,23,60,4,0,2195,2035,84,23,55,4,0,2279,1806,289,28,118,56,0,2279,1806,289,21,109,7,0,2,45,2222,2036,130,30,24,11,0,2170,1960,40,25,60,80,0,0,1495,844,615,1413,798,615,1305,553,658,1283,465,760,1041,514,504,916,733,0,1201,530,639,1303,545,730,1282,569,663,1191,506,658,1275,463,790,0.0,19,19079,,,
143,19079960200,9602,-93.5877261,42.3401294,596621897.0,595184591.0,1437306.0,3522,3318,123,18,40,29,3,3345,3130,179,17,11,10,0,3238,3100,91,17,21,8,0,3439,3139,163,37,25,47,2,3211,3057,72,26,34,22,0,3224,3075,49,33,51,5,0,2603,2487,63,8,31,13,1,2410,2370,29,8,4,4,0,2375,2345,12,8,10,4,0,2548,2371,87,17,15,37,2,2548,2371,87,6,11,5,0,4,64,2426,2382,17,10,9,0,0,2430,2360,24,10,19,0,0,0,1939,739,1119,1823,697,1126,1850,549,1175,1832,382,1388,1561,497,1015,1377,932,0,1789,554,1202,2013,637,1337,1991,640,1286,1826,548,1244,1911,558,1335,0.0,19,19079,,,
144,19079960400,9604,-93.8587156,42.4632964,27165125.0,27158955.0,6170.0,5229,4577,382,57,201,44,1,5056,4129,520,164,219,0,24,5071,4016,602,165,256,0,32,5019,3999,702,71,168,89,5,5009,3912,624,126,307,9,40,4935,3940,680,137,98,10,80,3946,3580,225,20,123,33,1,3765,3330,185,60,160,0,25,3685,3260,160,65,160,0,30,3849,3208,436,41,95,67,3,3849,3208,436,24,84,5,0,16,76,3546,3103,131,51,221,0,39,3590,3250,85,70,100,0,80,0,2495,1420,1024,2365,1353,1012,2376,1002,1220,2366,801,1463,1939,913,996,1679,1345,0,2234,948,1225,2430,1021,1374,2421,1040,1294,2192,920,1231,2159,855,1275,0.0,19,19079,,,
145,19079960100,9601,-93.7553055,42.4793224,521909253.0,521564429.0,344824.0,1915,1864,27,4,9,9,0,1929,1875,41,2,10,1,0,1973,1932,33,0,7,1,0,1762,1655,37,29,13,25,4,1948,1863,24,0,46,6,0,1836,1756,33,12,9,7,0,1502,1472,14,2,5,5,0,1505,1490,10,4,4,4,0,1555,1540,10,0,4,4,0,1418,1348,28,14,7,16,4,1418,1348,28,5,1,2,0,0,34,1510,1530,1,0,4,10,0,1425,1395,15,8,4,8,0,0,1182,546,582,1112,488,624,1105,284,692,1092,245,798,937,294,628,824,632,0,1019,311,697,1123,332,775,1114,339,730,1072,315,737,1152,303,826,0.0,19,19079,,,
146,19013001501,15.01,-92.3929119,42.4692476,7519486.0,7375167.0,144319.0,3115,2763,58,224,54,18,2,3172,2745,147,255,0,10,0,3154,2765,82,291,0,28,0,3064,2409,114,405,77,56,29,3337,2990,115,329,6,24,0,3331,2660,190,415,175,64,0,2518,2302,39,129,40,13,1,2417,2167,70,170,0,10,0,2412,2202,35,170,0,0,0,2463,2050,68,249,55,38,13,2463,2050,68,219,44,4,13,3,62,2586,2321,112,144,4,0,0,2645,2205,165,145,124,0,0,4,1748,934,787,1770,939,831,1713,789,821,1689,651,984,1514,752,733,1345,1074,0,1684,795,843,1851,931,889,1838,903,899,1668,796,838,1735,824,883,0.0,19,19013,,,
147,19013001502,15.02,-92.3927251,42.4932763,6026086.0,5952201.0,73885.0,4165,3728,120,231,55,44,8,4179,3215,40,814,67,15,0,4228,3365,73,689,73,14,0,3786,3050,163,371,66,86,36,4406,3062,223,1023,82,106,0,4367,3316,107,865,76,90,0,3185,2968,59,101,32,28,7,3025,2770,4,200,33,12,0,3095,2775,50,205,45,12,0,3015,2570,91,221,39,68,19,3015,2570,91,191,30,11,16,18,88,3165,2630,108,338,76,45,0,3280,2735,75,380,80,34,0,0,2107,1269,808,2121,1259,862,2024,958,896,1992,794,1103,1646,901,703,1478,1172,0,1900,963,865,2068,1108,908,2046,1088,891,1873,960,865,1910,960,920,0.0,19,19013,,,
148,19013001503,15.03,-92.3952779,42.5111068,6601085.0,6207941.0,393144.0,3845,3452,96,227,60,20,10,3789,3505,60,224,0,9,0,3725,3467,51,196,8,9,0,3645,3183,123,234,65,37,1,3449,3091,52,203,103,10,0,3600,2977,55,422,146,9,0,3068,2842,51,134,40,18,3,3245,3105,20,110,0,0,0,3175,3070,28,54,10,0,0,2990,2707,75,134,47,25,0,2990,2707,75,106,32,1,0,2,67,2957,2735,31,77,104,0,0,2995,2635,55,150,140,0,0,10,2113,1270,808,2135,1305,830,1965,985,843,1937,807,1047,1664,940,698,1511,1239,0,1891,987,840,2093,1123,916,2067,1128,873,1871,974,851,1918,962,927,0.0,19,19013,,,
149,19013001600,16,-92.3863023,42.5396045,22414856.0,20462849.0,1952007.0,2761,2092,143,485,30,20,0,2754,2129,89,467,14,73,38,2704,2055,163,429,0,62,30,2700,1784,190,630,36,69,29,2788,1961,311,435,1,63,28,2538,1660,379,436,1,18,2,2100,1691,76,300,18,10,0,1935,1625,20,235,0,35,25,1915,1605,39,215,0,35,20,2098,1538,120,365,29,51,8,2098,1538,120,317,21,6,8,12,76,1889,1495,145,191,0,26,21,1870,1450,160,244,0,18,0,0,1316,916,375,1297,931,366,1230,720,439,1221,637,534,965,586,343,883,739,0,1136,666,434,1239,739,484,1230,733,457,1079,641,421,971,588,364,0.0,19,19013,,,
150,19013001701,17.01,-92.3364861,42.5171543,1587741.0,1587741.0,0.0,2147,703,121,1303,24,12,5,1850,423,169,1245,4,20,0,1916,577,137,1197,3,11,0,1973,477,180,1236,16,60,47,1818,553,235,1029,1,11,0,1790,690,108,992,0,8,0,1551,597,73,871,16,8,1,1335,350,90,889,0,14,0,1390,450,70,874,0,4,0,1401,399,107,857,12,45,22,1401,399,107,799,10,3,22,0,61,1307,441,91,774,0,2,0,1310,595,30,680,0,0,0,10,939,839,84,948,861,87,727,620,79,717,579,117,544,468,64,530,500,0,644,551,86,679,583,90,667,569,83,633,528,96,662,468,187,0.0,19,19013,,,
151,19013001800,18,-92.3210483,42.5082572,2329010.0,2329010.0,0.0,1506,483,86,933,2,19,2,1786,214,13,1442,0,0,122,2033,219,60,1678,0,0,95,1493,214,109,1127,21,39,8,1864,189,25,1559,0,2,89,1596,241,36,1318,0,18,0,1096,391,49,653,0,11,0,1100,190,10,900,0,0,0,1235,195,30,1010,0,0,0,1040,148,70,795,13,36,7,1040,148,70,766,12,5,7,6,26,1207,148,0,1060,0,2,0,1160,205,20,934,0,4,0,4,735,660,60,678,616,62,555,460,71,546,426,103,418,351,62,406,378,0,511,419,90,581,474,106,573,468,98,517,429,85,463,398,61,0.0,19,19013,,,
152,19013002200,22,-92.4514583,42.5345693,3679240.0,3386204.0,293036.0,4202,3938,92,88,63,28,4,4340,3988,33,116,171,0,22,4066,3788,54,152,63,9,0,4229,3747,126,179,97,54,14,3820,3506,60,114,85,12,0,3793,3606,118,13,8,5,0,3482,3313,66,47,41,19,3,3655,3525,20,29,59,0,20,3345,3230,29,44,29,10,0,3471,3124,91,114,84,42,6,3471,3124,91,79,60,3,6,9,99,3247,3127,18,30,56,10,0,3180,3095,54,10,10,4,0,0,2338,1420,861,2389,1450,939,2316,1317,792,2303,1116,1077,2057,1323,665,1903,1559,0,2265,1363,821,2450,1568,831,2430,1515,853,2245,1352,832,2195,1308,842,0.0,19,19013,,,
153,19013002301,23.01,-92.4421021,42.5177499,2085633.0,2082401.0,3232.0,2248,2093,51,73,26,14,1,2457,2155,59,163,65,0,21,2422,2092,53,156,89,0,32,2071,1785,67,101,93,14,9,2303,1970,37,141,155,0,0,2359,1996,23,112,211,4,0,1870,1766,40,44,17,8,0,2010,1850,40,50,49,0,20,1930,1795,29,35,44,0,30,1690,1491,44,60,66,11,9,1690,1491,44,51,50,1,2,1,50,1752,1655,16,41,46,0,0,1875,1700,14,95,65,4,0,0,1184,753,400,1142,691,451,1182,637,437,1163,539,579,998,631,336,912,739,0,1096,642,421,1148,710,413,1142,695,419,1055,629,401,1021,602,400,0.0,19,19013,,,
154,19013002400,24,-92.4196365,42.5173835,3637376.0,3555663.0,81713.0,4078,3797,74,110,85,15,2,4023,3681,61,216,55,43,0,3922,3594,28,252,39,44,0,3941,3575,94,96,60,46,15,3906,3680,83,104,30,34,0,3886,3555,82,119,68,38,0,3294,3128,43,47,56,12,1,3205,3045,35,75,18,25,0,3060,2940,24,50,12,10,0,3141,2890,61,65,35,40,8,3141,2890,61,47,29,2,8,10,94,3083,3011,8,14,8,0,0,3075,2965,29,19,49,4,0,15,2407,1375,998,2331,1339,992,2283,1179,920,2255,979,1208,2029,1188,801,1830,1479,0,2257,1218,971,2514,1412,1054,2498,1377,1065,2325,1262,1020,2415,1313,1062,0.0,19,19013,,,
155,19013002500,25,-92.427587,42.5042176,4532535.0,4528274.0,4261.0,5649,5181,89,205,172,26,7,6083,5764,112,165,42,0,0,6112,5735,153,149,75,0,0,5849,5141,160,233,212,63,6,6364,6031,164,89,79,1,0,6034,5589,268,6,121,78,0,4471,4194,49,106,122,18,5,4165,4000,65,59,45,0,0,4190,4080,40,34,40,0,0,4513,4044,94,136,154,46,3,4513,4044,94,93,128,6,1,22,125,4598,4482,45,17,45,3,0,4670,4525,100,0,45,4,0,0,3028,1670,1320,3336,1744,1592,3435,1645,1532,3405,1365,1943,3049,1607,1366,2709,2193,0,3350,1665,1576,3594,1914,1597,3566,1849,1627,3321,1671,1571,3424,1775,1579,0.0,19,19013,,,
156,19013003001,30.01,-92.3661395,42.4371054,49914431.0,49887226.0,27205.0,5082,4616,105,236,93,33,6,5673,5044,173,333,12,110,0,5742,5146,156,291,17,137,0,5485,4809,177,309,127,74,11,5559,5100,165,269,9,25,0,5794,5280,85,405,41,211,0,4085,3807,62,133,66,22,4,4652,4176,141,280,1,65,0,4716,4275,116,245,1,80,0,4321,3885,102,174,91,63,8,4321,3885,102,131,69,12,7,6,109,4552,4184,123,225,0,29,0,4440,4125,85,180,25,4,0,30,2633,1375,1226,2721,1435,1286,2716,1177,1365,2695,1002,1596,2309,1120,1150,2021,1594,0,2640,1210,1355,2922,1441,1430,2907,1386,1449,2640,1211,1384,2906,1291,1589,0.0,19,19013,,,
157,19013001900,19,-92.2952693,42.509249,10092560.0,10092560.0,0.0,2182,978,165,1014,10,38,8,1978,952,168,856,0,7,0,1926,954,93,862,15,11,4,2094,1040,261,740,37,39,11,1857,1046,87,703,23,13,6,1762,823,189,678,14,20,71,1588,785,86,698,6,21,6,1485,785,15,678,0,4,0,1495,830,24,619,10,4,0,1573,844,142,543,27,25,7,1573,844,142,513,23,1,6,1,43,1304,744,12,502,15,8,0,1285,665,49,534,4,8,15,4,970,828,132,1008,878,130,841,640,160,819,590,201,635,504,122,599,543,0,747,568,160,797,594,189,790,587,174,728,536,178,732,463,257,0.0,19,19013,,,
158,19013003002,30.02,-92.426807,42.3774156,306406764.0,305735105.0,671659.0,3739,3632,47,26,25,7,1,3748,3666,15,0,34,21,0,3691,3608,32,0,29,21,0,4000,3769,89,44,38,27,6,3800,3696,42,1,44,30,0,4107,3795,95,92,63,26,0,2853,2798,20,12,17,5,0,2866,2827,18,0,14,4,0,2812,2768,18,0,9,8,0,3016,2864,52,30,24,23,3,3016,2864,52,21,11,2,1,1,64,2861,2788,14,0,18,9,0,2975,2885,20,25,19,23,0,0,2294,1014,1223,2282,975,1307,2238,704,1373,2230,554,1600,2011,695,1280,1687,1227,0,2234,738,1452,2534,898,1601,2513,874,1577,2327,768,1525,2614,893,1684,0.0,19,19013,,,
159,19175190400,1904,-94.3696976,41.0755397,13511158.0,13148742.0,362416.0,3879,3680,95,59,41,34,7,4079,3645,200,29,197,18,8,4151,3744,145,28,226,20,8,3970,3612,155,109,48,54,12,4308,3874,103,20,299,23,8,4273,3904,58,146,133,59,0,2978,2881,49,33,25,21,4,3035,2840,75,14,105,0,10,3110,2920,55,10,125,0,10,3116,2870,92,83,24,40,10,3116,2870,92,55,13,5,7,4,70,3182,2970,37,0,161,0,10,3095,2990,20,20,49,18,0,4,1936,1018,870,1853,992,861,1840,625,1083,1811,528,1212,1564,598,932,1326,1023,0,1769,627,1090,1964,676,1233,1938,680,1173,1802,635,1115,1918,677,1214,0.0,19,19175,,,
160,19009070100,701,-94.9089115,41.7456949,776093297.0,775847159.0,246138.0,2034,2005,2,5,17,4,1,1817,1781,25,18,8,6,2,1839,1802,25,9,10,3,2,1800,1740,20,10,8,15,3,1685,1665,18,1,2,0,1,1750,1671,47,7,3,6,2,1544,1527,2,3,8,3,1,1432,1412,19,0,0,8,0,1429,1409,14,0,0,8,0,1403,1372,8,4,5,5,0,1403,1372,8,1,1,0,0,0,21,1318,1304,15,4,0,0,0,1250,1230,14,4,0,4,0,0,1172,575,526,1139,549,590,1072,305,694,1025,247,769,855,293,546,688,544,0,981,313,665,1085,352,729,1058,355,691,1004,315,684,1036,311,704,0.0,19,19009,,,
161,19009070300,703,-94.8555498,41.554366,323658893.0,322752771.0,906122.0,1731,1688,18,12,9,10,0,1712,1669,11,0,20,12,0,1652,1613,7,0,30,2,0,1626,1582,9,10,9,25,3,1699,1669,16,0,0,10,0,1679,1597,57,9,0,21,0,1398,1369,14,4,7,7,0,1325,1280,10,0,20,10,0,1310,1275,8,0,30,4,0,1295,1263,6,6,5,21,0,1295,1263,6,3,2,3,0,0,18,1331,1304,14,0,0,11,0,1345,1300,35,0,0,10,0,0,952,520,404,992,508,484,987,317,599,938,264,632,791,306,457,618,482,0,902,316,573,990,339,634,980,352,593,921,320,582,960,303,633,0.0,19,19009,,,
162,19003950200,9502,-94.8079792,40.9482672,217888714.0,217389519.0,499195.0,2295,2228,21,6,24,22,0,2069,2003,36,16,5,10,0,2019,1968,33,2,6,12,0,2117,1998,25,29,14,30,0,2017,1916,34,3,11,55,0,2010,1886,33,10,6,67,0,1825,1780,14,4,14,17,0,1635,1585,19,19,4,8,0,1595,1555,20,4,4,8,0,1661,1577,18,16,14,26,0,1661,1577,18,5,11,4,0,3,43,1639,1545,25,5,9,44,0,1610,1520,25,8,4,44,0,4,1224,602,577,1214,598,616,1177,326,725,1148,259,818,972,309,614,824,692,0,1086,323,734,1178,350,797,1176,348,778,1102,318,753,1190,338,826,0.0,19,19003,,,
163,19003950100,9501,-94.6680804,41.0509146,884165408.0,879296728.0,4868680.0,1734,1694,16,10,3,9,0,1657,1640,11,0,6,0,0,1651,1630,16,0,5,0,0,1587,1520,17,16,10,21,2,1616,1580,19,1,14,0,0,1670,1584,39,2,0,25,0,1355,1329,8,4,3,9,0,1295,1280,10,0,4,0,0,1295,1275,15,0,4,0,0,1230,1195,3,7,5,16,0,1230,1195,3,3,2,7,0,1,19,1279,1245,16,4,16,0,0,1285,1235,30,4,0,19,0,0,1055,511,462,936,446,490,897,200,629,883,149,697,761,196,542,619,528,0,864,206,652,982,240,733,983,246,719,922,232,679,945,238,691,0.0,19,19003,,,
164,19171290300,2903,-92.6774762,42.1107608,345301964.0,344500253.0,801711.0,2715,2531,64,8,1,119,0,2721,2580,7,18,5,109,0,2693,2567,12,15,7,91,0,2446,2286,53,31,15,56,5,2719,2526,72,10,0,106,0,2703,2558,72,8,10,47,0,2090,1985,24,2,0,74,0,2105,2015,4,4,4,78,0,2120,2030,4,8,4,68,0,1914,1822,28,7,15,31,5,1914,1822,28,3,9,16,0,5,31,2247,2085,54,5,0,88,0,2210,2120,50,4,4,34,0,0,1570,757,772,1485,690,795,1464,421,929,1451,377,1012,1224,466,730,1103,804,0,1364,449,887,1526,481,1021,1504,487,961,1411,475,900,1504,486,994,0.0,19,19171,,,
165,19171290100,2901,-92.4137648,42.1308729,487277111.0,486820921.0,456190.0,3067,2970,44,19,19,17,6,3059,2948,20,36,46,9,0,3006,2913,25,27,41,0,0,2820,2690,38,22,25,29,3,2931,2826,27,10,52,13,0,3133,2958,33,15,86,36,4,2317,2274,16,5,8,10,4,2465,2415,20,0,25,4,0,2415,2370,25,0,19,0,0,2161,2082,19,6,12,27,2,2161,2082,19,0,6,0,0,0,54,2317,2269,28,0,9,13,0,2440,2345,38,0,43,23,0,4,1687,759,867,1726,743,983,1720,473,1128,1716,388,1247,1424,485,904,1188,827,0,1587,483,1077,1701,516,1153,1701,531,1134,1626,494,1100,1879,546,1288,0.0,19,19171,,,
166,19171290200,2902,-92.5789367,42.2385786,341789509.0,341638737.0,150772.0,2820,2749,27,13,12,20,2,2615,2551,39,0,19,4,4,2537,2482,39,0,9,4,4,2645,2494,48,39,12,42,3,2745,2402,294,0,20,29,6,2543,2238,208,14,15,62,0,2153,2126,10,3,7,11,2,2080,2035,24,0,15,4,0,1975,1950,19,0,4,4,0,2053,1961,22,16,12,25,3,2053,1961,22,12,6,6,1,6,39,2026,1877,126,0,11,29,0,1920,1785,94,15,4,32,0,0,1539,767,730,1547,727,820,1494,422,964,1502,366,1088,1250,422,797,1062,757,0,1425,440,957,1555,471,1047,1543,465,1025,1411,425,958,1350,389,934,0.0,19,19171,,,
167,19171290500,2905,-92.6064465,41.9673735,39477588.0,39055578.0,422010.0,3647,2380,707,47,33,618,14,3514,1985,902,39,32,633,0,3583,1979,978,71,42,611,0,3851,1916,1122,86,39,821,16,3324,1773,916,145,46,546,0,3502,1837,1128,154,0,485,0,2600,1882,369,23,22,350,6,2250,1575,255,39,24,358,0,2365,1585,325,69,40,354,0,2748,1556,673,53,35,489,15,2748,1556,673,35,19,375,0,3,87,2059,1374,270,65,38,307,0,2040,1425,260,48,0,299,0,0,1545,1007,503,1510,1010,500,1450,755,581,1445,651,713,1209,742,454,1105,927,0,1375,752,589,1572,848,690,1553,841,657,1403,747,628,1320,632,664,0.0,19,19171,,,
168,19171290400,2904,-92.6118118,42.0066746,49680872.0,49624161.0,56711.0,2815,2026,322,39,25,471,4,2818,1933,415,27,16,496,5,2829,1849,393,31,20,610,0,2973,1905,418,78,33,606,11,2736,1893,296,27,18,585,0,2717,1763,320,80,23,666,0,2028,1595,162,11,14,269,3,1915,1510,119,19,4,264,4,1895,1475,94,14,0,314,0,2217,1543,249,50,26,382,10,2217,1543,249,38,16,287,1,1,82,1943,1567,71,9,0,295,0,1970,1480,130,18,0,342,0,0,1338,852,457,1303,861,442,1296,602,597,1283,541,671,1076,613,430,981,804,0,1221,642,547,1365,753,589,1348,741,548,1238,658,543,1190,567,600,0.0,19,19171,,,
169,19171290600,2906,-92.5107436,41.9379129,606652873.0,605770849.0,882024.0,2703,2218,156,3,7,367,1,2409,1963,198,46,2,249,0,2385,1964,219,33,2,223,0,2400,1993,125,20,21,255,13,2507,2139,185,11,2,195,0,2419,2028,204,17,3,203,5,2039,1737,84,1,4,235,1,1800,1570,60,20,0,149,0,1790,1580,75,15,0,124,0,1897,1638,71,7,13,171,7,1897,1638,71,0,6,139,0,2,41,1892,1678,75,4,0,130,0,1820,1600,90,10,0,124,0,0,1269,727,484,1310,751,559,1314,452,774,1310,405,811,1149,503,614,979,745,0,1244,489,737,1329,508,803,1321,523,765,1243,474,747,1373,450,899,0.0,19,19171,,,
170,19023070200,702,-92.9572245,42.7385903,398096216.0,397823106.0,273110.0,1971,1915,37,7,3,9,0,1909,1840,16,13,8,32,0,1898,1827,14,32,11,14,0,1892,1780,52,23,9,22,3,1820,1776,14,3,6,10,0,1865,1712,122,5,0,3,0,1515,1486,20,2,2,5,0,1500,1455,4,4,0,29,0,1505,1475,10,10,0,14,0,1465,1403,28,11,3,19,3,1465,1403,28,4,1,0,0,0,29,1491,1484,11,4,0,14,0,1425,1375,50,8,0,4,0,0,904,350,516,918,351,567,963,227,674,962,149,765,721,173,535,608,412,0,875,193,668,1008,238,764,998,227,739,915,202,699,995,204,776,0.0,19,19023,,,
171,19023070400,704,-92.8020874,42.6032762,205464908.0,205464908.0,0.0,3824,3764,28,16,12,7,0,3678,3605,40,4,0,29,0,3666,3602,43,8,0,21,0,3885,3731,38,21,26,51,2,3638,3562,55,9,0,20,0,3512,3377,22,5,46,35,0,2834,2811,10,4,6,6,0,2810,2750,24,4,0,24,0,2770,2735,24,0,0,14,0,2970,2866,25,9,14,39,1,2970,2866,25,8,6,5,0,6,54,2735,2687,32,4,0,18,0,2620,2570,10,4,14,25,0,0,1886,732,1121,1958,740,1218,1985,489,1396,1972,389,1534,1680,511,1140,1379,939,0,1927,507,1393,2188,568,1586,2165,593,1521,1976,518,1429,2143,508,1603,0.0,19,19023,,,
172,19023070300,703,-92.8396367,42.8106576,222905123.0,221913986.0,991137.0,2825,2788,8,5,15,5,9,2692,2529,29,50,69,6,16,2712,2571,29,86,11,3,26,2582,2510,22,9,10,20,4,2791,2643,19,43,70,5,20,2794,2645,28,33,74,5,0,2241,2222,3,2,10,3,5,2105,2050,30,10,0,4,10,2130,2070,29,8,0,8,15,2044,2003,15,4,5,16,0,2044,2003,15,3,3,6,0,2,12,2163,2127,19,9,0,14,4,2235,2195,30,12,0,8,0,0,1436,726,666,1402,643,759,1428,415,935,1420,354,1011,1158,367,756,969,707,0,1335,409,898,1505,460,1002,1492,462,975,1392,410,944,1503,400,1085,0.0,19,19023,,,
173,19023070500,705,-92.6061557,42.6491563,197628641.0,197030739.0,597902.0,2987,2897,32,27,13,26,0,3103,3026,44,14,7,21,0,3101,3010,43,20,13,23,0,2978,2837,44,26,16,32,2,3116,2991,27,79,9,43,0,3166,3070,3,34,38,30,0,2305,2258,14,9,9,17,0,2320,2250,34,4,4,20,0,2345,2255,34,10,15,25,0,2332,2243,28,12,7,25,2,2332,2243,28,4,6,4,0,5,42,2322,2197,30,49,10,25,0,2380,2300,4,19,29,14,0,10,1512,804,667,1577,793,784,1564,530,932,1547,434,1061,1334,539,760,1136,794,0,1510,549,925,1729,605,1092,1708,626,1019,1567,548,977,1732,546,1158,0.0,19,19023,,,
174,19179960600,9606,-92.4531352,41.017649,11391529.0,10274752.0,1116777.0,3015,2527,402,44,31,28,8,2802,2059,601,68,45,29,0,2938,2124,641,77,76,20,0,3138,2246,558,119,109,69,55,2937,2191,599,52,67,28,0,3205,2206,571,134,284,8,0,2339,2043,233,31,21,20,4,1950,1640,190,59,29,25,0,2095,1705,250,75,45,20,0,2434,1848,339,90,82,52,33,2434,1848,339,83,67,11,24,5,57,2047,1659,272,51,37,32,0,2045,1615,315,35,70,4,0,4,1269,766,472,1256,795,461,1209,519,631,1166,478,632,929,488,420,817,634,0,1094,512,551,1207,527,661,1187,571,571,1081,490,563,1153,431,708,0.0,19,19179,,,
175,19179960100,9601,-92.4027009,41.1060797,491976264.0,489161073.0,2815191.0,2993,2867,76,26,9,12,0,2869,2822,13,30,0,4,0,2855,2813,16,24,0,2,0,2879,2585,122,95,19,33,5,2979,2924,29,22,3,4,0,2857,2811,26,5,2,22,0,2301,2229,45,10,5,9,0,2257,2242,10,8,0,4,0,2188,2167,8,8,0,4,0,2107,2002,36,16,15,23,1,2107,2002,36,8,12,7,0,10,32,2203,2185,12,9,0,3,0,2065,2030,14,8,4,19,0,4,1552,721,764,1476,685,791,1498,360,1074,1471,382,1002,1206,380,799,1031,685,0,1391,399,970,1553,392,1136,1538,445,1051,1422,403,995,1524,368,1131,0.0,19,19179,,,
176,19179960400,9604,-92.3899741,41.0283522,7723713.0,7723713.0,0.0,3858,3178,494,103,33,57,19,3717,2963,387,308,59,0,0,3600,2693,528,339,40,0,0,3910,2690,678,281,115,130,76,3311,2399,546,299,60,0,0,3496,2500,404,380,69,15,120,2918,2513,292,68,29,40,10,2460,2220,124,79,45,0,0,2510,2190,174,120,25,0,0,2914,2169,414,158,75,92,36,2914,2169,414,134,69,5,36,8,79,2412,2065,177,107,51,0,0,2550,2110,180,175,50,14,25,0,1710,978,673,1568,902,666,1518,656,782,1476,596,818,1206,598,575,1040,778,0,1395,626,729,1531,641,856,1520,680,776,1402,615,750,1382,550,801,0.0,19,19179,,,
177,19179961100,9611,-92.2512075,40.9828904,179528715.0,177223416.0,2305299.0,2993,2853,84,16,20,27,0,3089,2971,48,18,5,22,29,2903,2806,19,15,7,9,50,2760,2583,83,24,6,61,3,2937,2854,24,12,11,1,37,2714,2593,48,19,20,6,0,2328,2245,45,8,10,20,0,2445,2395,15,4,4,19,10,2315,2265,12,0,4,10,25,2176,2071,40,9,1,49,3,2176,2071,40,4,0,2,2,3,54,2358,2329,12,0,4,2,15,2265,2205,39,8,4,8,0,0,1411,732,607,1367,690,677,1402,390,933,1371,389,899,1105,402,670,955,699,0,1298,425,847,1481,434,1023,1451,487,909,1328,417,881,1449,372,1060,0.0,19,19179,,,
178,19179960700,9607,-92.494431,40.9629224,367043016.0,364897344.0,2145672.0,3546,3336,173,10,17,14,2,3648,3495,21,55,55,21,10,3491,3285,20,10,77,98,8,3229,3059,73,17,28,40,1,3415,3161,13,28,72,134,2,3004,2813,0,35,14,171,0,2841,2710,105,6,11,12,2,2940,2850,10,45,8,24,0,2670,2595,15,0,18,44,0,2559,2454,52,9,12,31,0,2559,2454,52,2,11,0,0,0,40,2441,2364,13,0,9,66,0,2250,2150,0,10,10,80,0,10,1816,852,892,1823,863,960,1891,487,1328,1852,517,1263,1549,495,1018,1311,914,0,1782,519,1230,2003,510,1459,1967,576,1327,1802,498,1268,1992,435,1522,0.0,19,19179,,,
179,19179960200,9602,-92.4507609,41.0441365,10917445.0,10386802.0,530643.0,2658,2069,426,128,26,38,5,2491,1823,213,217,31,92,71,2431,1804,178,200,41,72,87,2614,1615,508,330,34,77,69,2595,2028,180,186,51,21,129,2586,1519,352,293,8,0,399,1923,1605,224,59,12,19,3,1665,1520,40,30,0,30,45,1710,1575,29,20,10,20,55,1893,1279,306,195,22,55,35,1893,1279,306,168,18,1,35,6,80,1854,1705,34,0,2,20,91,1455,1320,70,15,10,0,45,0,871,530,304,836,556,280,752,338,358,721,315,353,558,305,243,485,382,0,670,326,327,784,346,418,770,377,357,679,316,343,650,267,379,0.0,19,19179,,,
180,19179960300,9603,-92.4112396,41.0588991,20507604.0,20492099.0,15505.0,4336,3977,185,64,91,28,14,4754,4002,556,130,61,24,17,4519,3828,418,231,49,12,14,4420,3647,289,256,107,72,38,4680,3929,515,191,73,12,9,4815,3891,528,241,203,0,9,3455,3217,115,42,66,17,10,3478,3113,245,59,39,24,0,3462,3083,200,139,23,8,0,3419,2910,185,172,78,45,14,3419,2910,185,155,70,4,14,7,74,3658,3242,250,121,20,9,0,3750,3250,255,154,83,0,0,10,2368,1201,1115,2264,1128,1136,2179,876,1179,2140,776,1285,1870,904,933,1623,1245,0,2090,919,1115,2301,1014,1235,2258,1049,1156,2116,933,1138,2157,918,1210,0.0,19,19179,,,
181,19179960800,9608,-92.4580596,40.9893787,18762123.0,18699946.0,62177.0,3473,3151,236,40,32,24,1,3443,3097,288,0,52,6,0,3680,3356,259,0,59,11,0,3517,2921,386,90,58,38,3,3448,3210,34,91,113,23,0,3622,3140,337,83,62,21,0,2732,2544,145,17,22,16,1,2575,2495,49,0,25,4,0,2695,2615,49,0,25,4,0,2807,2442,224,45,36,29,1,2807,2442,224,38,33,6,0,11,53,2692,2587,13,0,89,0,0,2730,2555,104,0,60,0,0,0,1721,1001,672,1662,990,672,1685,695,907,1653,666,915,1368,705,636,1195,968,0,1573,708,818,1724,707,988,1690,771,861,1546,678,834,1540,561,957,0.0,19,19179,,,
182,19049050500,505,-94.1688306,41.7247007,498641563.0,496241911.0,2399652.0,2121,1939,148,9,6,16,8,1929,1820,80,5,3,21,7,1932,1743,51,0,141,21,4,2080,1928,69,6,15,35,5,2030,1948,56,0,22,26,6,1976,1828,137,0,37,9,3,1607,1501,83,2,3,12,6,1528,1498,15,0,0,8,0,1473,1423,14,0,25,8,0,1598,1497,41,5,9,22,4,1598,1497,41,0,1,3,0,9,47,1607,1600,11,0,0,14,0,1540,1510,30,0,0,4,0,0,1081,512,525,1088,523,565,1023,319,643,1019,253,734,1016,393,610,917,646,0,1098,380,705,1283,443,822,1281,448,808,1166,405,744,1269,406,843,0.0,19,19049,,,
183,19049050100,501,-93.8667696,41.7587127,230113548.0,228409570.0,1703978.0,4475,4280,66,41,69,23,1,5970,5656,55,207,9,44,0,6171,5738,107,171,150,4,0,7480,6781,207,88,269,97,6,6920,6436,105,298,16,1,0,7271,6629,151,298,98,11,0,3277,3168,36,20,39,16,1,4262,4163,29,40,0,34,0,4406,4266,80,45,19,4,0,5353,4924,113,39,167,75,5,5353,4924,113,22,146,10,0,9,129,4678,4539,84,59,12,0,0,4945,4575,119,158,83,8,0,0,2899,1347,1484,2612,1154,1458,2547,943,1391,2534,758,1649,2628,1208,1368,2322,1733,0,3215,1333,1790,4568,1984,2482,4533,1913,2491,4207,1754,2362,6251,2594,3549,0.0,19,19049,,,
184,19049050600,506,-94.1424308,41.5649867,181383996.0,181251881.0,132115.0,2987,2875,62,25,9,13,4,2705,2636,29,3,20,17,0,2718,2626,38,12,26,16,0,3132,2920,73,39,27,42,1,2881,2689,40,20,108,24,0,3286,3041,80,21,116,49,0,2235,2186,31,10,3,6,2,2070,2020,20,4,4,18,0,2035,1980,24,8,4,18,0,2366,2221,48,15,20,35,1,2366,2221,48,10,11,1,0,8,67,2163,2069,28,16,41,30,0,2460,2325,55,8,50,29,0,0,1722,769,896,1614,711,903,1530,478,953,1530,391,1057,1517,562,910,1334,913,0,1628,544,1047,1899,617,1253,1891,617,1217,1737,571,1129,1950,578,1340,0.0,19,19049,,,
185,19049050400,504,-94.117496,41.8388762,6811170.0,6635032.0,176138.0,3305,2110,1074,76,41,44,7,3419,1616,1454,253,99,13,0,3293,1629,1340,277,42,6,0,3284,1575,1503,116,49,74,10,3161,1700,1080,315,56,10,0,3542,1773,1389,245,116,116,0,2335,1646,618,38,21,14,3,2039,1333,605,70,24,4,0,2095,1337,642,79,34,5,0,2318,1224,973,55,32,46,8,2318,1224,973,39,25,4,4,1,48,2181,1470,563,113,42,6,0,2315,1425,750,35,100,4,0,0,1209,728,452,1179,771,408,1075,586,409,1055,478,518,942,595,328,888,726,0,1047,591,432,1174,647,516,1151,648,467,1069,595,458,1102,572,520,0.0,19,19049,,,
186,19049050700,507,-94.0370297,41.6056564,57047060.0,56432240.0,614820.0,4198,4044,82,21,27,21,6,4713,4548,32,23,59,51,0,5169,4981,63,27,49,50,0,6575,6125,175,102,67,92,3,5288,5002,46,98,61,134,0,6432,5821,226,183,58,162,0,3076,2987,48,11,13,17,5,3367,3257,30,10,24,49,0,3697,3562,50,19,20,50,0,4652,4384,102,54,36,74,2,4652,4384,102,25,20,9,0,16,96,3852,3641,24,29,16,71,0,4590,4230,105,105,30,44,0,80,2390,1096,1237,2310,1058,1252,2348,813,1312,2320,615,1596,2733,1149,1498,2420,1763,0,2899,1112,1680,3682,1477,2106,3646,1430,2088,3160,1214,1863,3918,1487,2358,0.0,19,19049,,,
187,19049050200,502,-94.0089723,41.7466412,273663719.0,272973597.0,690122.0,3671,3520,89,26,10,17,8,3833,3688,91,44,3,9,0,3638,3484,98,36,4,18,0,3953,3709,84,27,28,60,8,3873,3711,82,22,6,23,0,4059,3841,136,39,5,17,0,2772,2685,52,11,7,13,5,2783,2752,12,14,0,12,0,2649,2599,29,18,0,14,0,3013,2868,43,12,10,45,3,3013,2868,43,7,9,2,1,8,75,2817,2803,23,8,0,7,0,2990,2900,75,4,4,10,0,0,1889,843,986,2049,900,1149,1962,687,1148,1937,537,1292,1933,776,1107,1699,1218,0,2048,750,1249,2367,863,1449,2350,855,1410,2144,783,1306,2512,872,1585,0.0,19,19049,,,
188,19049050300,503,-94.09334,41.8424929,9466526.0,9466526.0,0.0,4507,2875,1465,102,55,56,16,4401,2804,1330,228,13,18,0,4355,2876,1314,117,12,25,0,4630,2844,1407,230,74,88,7,4594,3013,1388,133,19,4,28,4351,3153,1040,57,19,99,43,3184,2242,850,51,44,35,9,2641,2162,415,45,0,18,0,2810,2318,448,15,0,23,0,3355,2287,851,118,51,66,4,3355,2287,851,97,33,4,0,1,82,2966,2570,358,28,0,1,0,3085,2720,305,55,0,4,4,0,1710,1029,639,1673,1093,580,1540,827,593,1517,673,741,1339,842,466,1262,1027,0,1509,838,613,1692,922,728,1676,925,672,1518,835,636,1564,799,740,0.0,19,19049,,,
189,19075960100,9601,-92.6223593,42.4036918,347316764.0,347306342.0,10422.0,4474,4366,55,28,15,14,0,4377,4178,146,29,15,0,20,4480,4295,132,30,13,0,23,4486,4274,57,47,30,42,4,4405,4232,110,16,31,0,32,4427,4194,115,47,20,19,0,3394,3355,22,6,6,9,0,3320,3235,60,0,0,0,0,3415,3305,79,0,0,0,0,3383,3259,28,13,18,30,3,3383,3259,28,5,8,3,0,2,78,3373,3268,64,0,3,0,0,3370,3275,60,4,4,19,0,0,2443,1094,1307,2442,1021,1421,2475,733,1576,2486,530,1877,2118,731,1360,1709,1290,0,2407,736,1616,2662,867,1744,2632,812,1737,2453,752,1650,2590,778,1759,0.0,19,19075,,,
190,19033950102,9501.02,-93.1898042,43.1712479,6655125.0,6655125.0,0.0,4692,4151,292,183,51,39,6,4397,3845,438,76,0,119,0,4313,3803,364,98,0,130,0,4374,3553,379,261,51,103,46,4455,3823,383,112,105,66,0,4209,3590,249,120,139,72,54,3606,3295,175,89,39,29,2,3292,3012,215,34,0,30,0,3372,3062,215,49,0,40,0,3367,2840,248,138,32,74,31,3367,2840,248,97,28,23,30,12,89,3441,3039,212,48,106,23,0,3230,2920,130,15,135,32,0,0,2266,1564,670,2032,1393,639,1902,954,799,1880,795,974,1485,823,620,1344,1071,0,1771,926,773,1981,1053,879,1957,1121,752,1793,935,796,1832,913,879,0.0,19,19033,,,
191,19075960200,9602,-92.8249332,42.4774889,511325558.0,511262003.0,63555.0,2874,2826,31,9,9,4,0,2819,2779,3,4,15,18,0,2743,2696,4,8,15,20,0,2775,2673,18,20,10,36,1,2733,2708,3,14,2,6,0,2751,2686,6,23,21,6,0,2203,2177,14,3,6,3,0,2145,2110,4,4,10,14,0,2115,2075,4,10,10,15,0,2079,2014,10,3,9,26,1,2079,2014,10,0,2,0,0,6,47,2104,2105,0,2,0,3,0,2095,2075,4,4,14,4,0,0,1594,535,1006,1589,488,1101,1569,295,1177,1570,213,1303,1343,318,996,1035,741,0,1516,329,1168,1692,391,1272,1678,367,1270,1562,326,1212,1655,340,1286,0.0,19,19075,,,
192,19075960300,9603,-92.8133441,42.3401486,106334920.0,106334920.0,0.0,2958,2907,13,16,8,10,4,2989,2910,0,47,32,0,0,2962,2866,17,49,30,0,0,3051,2917,38,24,24,30,1,3010,2932,17,29,32,0,0,3087,2986,43,6,23,0,0,2272,2255,4,3,5,4,1,2270,2250,0,10,8,0,0,2270,2245,10,10,8,0,0,2341,2246,23,14,18,21,1,2341,2246,23,11,11,2,0,3,45,2220,2173,6,0,11,0,0,2245,2220,15,4,4,0,0,0,1626,685,912,1620,649,971,1636,489,1003,1627,374,1158,1311,481,806,1090,867,0,1532,501,993,1734,598,1093,1725,590,1082,1562,511,1016,1720,563,1137,0.0,19,19075,,,
193,19033950402,9504.02,-93.1914399,43.1236444,6484425.0,6426197.0,58228.0,4118,3778,204,99,18,20,6,4046,3404,173,475,0,11,0,4126,3441,288,388,0,25,0,4146,3578,244,156,48,60,35,4221,3276,443,449,0,60,0,4156,3343,588,197,0,56,0,3240,3033,122,43,13,14,3,3165,2915,90,149,0,4,0,3245,2930,170,125,0,19,0,3381,3010,161,79,37,51,22,3381,3010,161,58,27,16,16,8,85,3249,2834,222,135,0,53,0,3240,2870,230,110,0,59,0,0,2218,1488,687,1980,1329,651,1907,950,798,1863,796,974,1498,845,625,1367,1112,0,1766,927,774,1951,1044,869,1915,1091,761,1771,930,802,1867,923,899,0.0,19,19033,,,
194,19033951400,9514,-93.1361196,43.1406177,33632245.0,33499556.0,132689.0,3767,3496,128,81,56,13,4,3746,3417,138,150,111,25,6,3857,3483,159,181,45,30,49,3900,3457,141,147,95,33,17,3861,3450,165,157,46,23,56,4045,3803,92,118,14,3,8,2921,2743,83,54,36,11,3,2750,2575,70,62,19,14,0,2855,2625,80,93,14,19,15,3099,2768,113,112,64,29,12,3099,2768,113,79,53,2,4,6,74,2894,2672,82,92,11,16,16,2980,2820,55,85,4,4,4,0,2243,1325,882,2044,1115,929,2085,932,1031,2052,760,1219,1758,854,877,1543,1210,0,2025,938,1031,2249,1083,1115,2220,1121,1045,2084,967,1071,2209,1023,1142,0.0,19,19033,,,
195,19075960400,9604,-92.9098301,42.3072627,334914967.0,334896432.0,18535.0,2147,2091,23,12,11,3,4,2156,2109,6,0,3,38,0,2111,2063,5,0,11,33,0,2017,1927,32,17,18,18,4,2114,1986,34,42,9,33,0,2086,1916,54,59,7,29,0,1619,1595,10,5,5,2,1,1700,1665,4,0,0,30,0,1645,1610,4,0,4,25,0,1590,1545,21,2,7,14,0,1590,1545,21,1,3,1,0,3,16,1653,1606,1,10,9,24,0,1640,1595,4,8,8,20,0,0,1239,476,720,1207,472,735,1168,309,772,1168,233,894,975,302,644,794,619,0,1089,310,762,1188,350,820,1182,351,811,1108,320,770,1181,338,816,0.0,19,19075,,,
196,19059450502,4505.02,-95.1097702,43.4082413,12091771.0,10242587.0,1849184.0,2607,2528,34,20,26,23,4,2609,2469,109,0,30,1,0,2679,2547,102,1,29,0,0,3171,3002,76,15,20,34,3,2718,2700,0,2,16,0,0,2930,2624,128,25,0,42,0,2024,1983,25,7,20,13,2,2015,1905,80,0,30,0,0,2070,1965,70,0,30,0,0,2411,2308,43,6,11,23,1,2411,2308,43,2,9,5,0,6,38,2025,2009,0,0,15,0,0,2240,2175,0,25,0,40,0,0,1445,700,721,1493,636,857,1558,479,995,1543,380,1116,1364,521,819,1114,826,0,1615,546,1029,1934,672,1224,1923,690,1191,1727,581,1112,1954,593,1340,0.0,19,19059,,,
197,19059450501,4505.01,-95.1092385,43.4282206,6132808.0,5068846.0,1063962.0,2468,2383,29,7,19,9,1,2379,2340,0,12,0,27,0,2404,2338,0,65,0,1,0,2361,2182,64,43,25,34,9,2370,2258,0,111,0,1,0,2390,2247,1,112,0,14,16,1893,1851,8,2,7,4,0,2020,1995,0,10,0,14,0,2055,2040,0,10,0,4,0,1967,1847,43,26,16,29,1,1967,1847,43,22,15,2,0,0,38,1924,1900,0,10,0,2,0,1825,1785,4,10,0,8,0,15,1042,503,506,1491,653,838,1482,450,943,1467,362,1036,1227,464,728,975,738,0,1354,454,876,1412,476,922,1399,496,874,1269,423,829,1473,463,986,0.0,19,19059,,,
198,19129040302,403.02,-95.7371366,41.0627116,20330381.0,20300419.0,29962.0,3572,3395,94,37,24,27,12,3298,3027,116,40,45,82,12,3382,3167,121,3,26,75,11,3337,3091,88,45,24,61,5,3747,3556,139,12,28,28,3,3996,3600,350,17,29,1,0,2642,2540,56,21,13,20,3,2540,2410,35,44,8,40,0,2615,2535,25,4,8,29,0,2593,2429,48,27,18,50,3,2593,2429,48,16,10,9,0,2,79,2872,2812,28,15,15,13,0,3075,3005,50,14,15,0,0,0,1505,648,832,1612,698,914,1736,558,1045,1681,453,1144,1465,584,830,1186,797,0,1668,585,1023,1871,653,1178,1838,659,1116,1656,578,1033,1744,588,1127,0.0,19,19129,,,
199,19129040301,403.01,-95.7562607,41.051138,5211417.0,5211417.0,0.0,2688,2550,71,22,13,18,6,2880,2794,47,39,0,4,0,2877,2760,89,27,0,5,0,2792,2524,142,27,13,57,6,2537,2409,75,53,0,7,0,2183,2086,79,18,0,0,0,1985,1917,32,15,6,12,4,2175,2090,45,40,0,0,0,2210,2120,60,25,0,0,0,1980,1847,66,6,6,36,4,1980,1847,66,4,0,1,4,0,58,1973,1915,40,15,0,0,0,1665,1630,30,10,0,0,0,0,1256,540,684,1077,472,605,1108,319,685,1070,274,724,861,372,448,710,477,0,1070,380,646,1307,461,801,1285,464,766,1153,409,696,1299,440,838,0.0,19,19129,,,
200,19085290100,2901,-95.8352909,41.8167259,483602656.0,479591316.0,4011340.0,2546,2480,27,15,7,22,0,2455,2418,13,5,12,7,0,2412,2345,17,8,39,3,0,2459,2357,32,15,17,31,1,2447,2293,66,66,52,13,0,2720,2545,44,92,102,5,0,1973,1948,13,3,3,10,0,1940,1915,10,0,8,4,0,1830,1800,15,0,10,4,0,1920,1869,10,4,8,22,0,1920,1869,10,4,2,3,0,0,32,1989,1881,49,0,3,4,0,2205,2085,35,8,4,8,0,70,1311,714,549,1152,577,575,1214,387,737,1167,315,799,949,321,576,778,591,0,1124,352,742,1339,400,913,1310,423,815,1162,347,785,1269,349,889,21213.299201948932,19,19085,,,
201,19085290500,2905,-95.7700615,41.5572572,506142949.0,502180174.0,3962775.0,2524,2461,31,8,12,21,1,2335,2260,34,0,22,46,16,2390,2234,61,0,86,30,70,2572,2433,58,9,13,54,0,2312,2187,55,0,25,54,22,2575,2445,28,11,9,19,0,1900,1867,18,2,6,14,1,1860,1815,15,0,4,20,0,1910,1820,35,0,15,10,0,1935,1844,32,4,6,45,0,1935,1844,32,3,4,0,0,0,52,1820,1748,35,0,1,29,0,1935,1890,15,10,0,14,0,0,1306,539,732,1226,448,778,1339,291,964,1314,251,1007,1128,292,803,886,591,0,1334,340,962,1552,407,1112,1524,435,1030,1386,350,1004,1488,387,1083,19628.77964219099,19,19085,,,
202,19085290400,2904,-95.889989,41.5673698,17678357.0,17678357.0,0.0,3322,3200,62,9,9,35,2,3170,3095,67,0,8,0,0,3137,3071,66,0,0,0,0,3181,2957,101,24,19,68,2,3195,3124,59,0,0,12,0,3301,3196,30,13,0,54,0,2531,2465,28,4,7,20,2,2420,2375,49,0,0,0,0,2435,2380,55,0,0,0,0,2512,2384,44,9,15,50,0,2512,2384,44,3,12,9,0,4,56,2468,2414,47,0,0,11,0,2615,2540,23,15,0,34,0,0,1643,817,787,1610,772,838,1571,515,966,1529,419,1000,1192,421,736,1009,686,0,1444,485,907,1646,560,1055,1622,593,931,1451,497,908,1580,518,1025,0.0,19,19085,,,
203,19085290200,2902,-95.8046249,41.721858,416375696.0,415836208.0,539488.0,3492,3416,31,10,22,20,0,3370,3084,102,35,50,128,28,3295,3110,84,24,46,52,6,3499,3328,67,15,23,46,2,3281,3079,76,22,30,69,19,3295,3124,101,12,35,25,4,2659,2617,15,5,15,12,0,2540,2400,45,20,8,49,15,2520,2435,30,15,20,24,4,2643,2531,41,6,12,31,0,2643,2531,41,5,8,1,0,9,48,2428,2299,27,15,13,36,8,2430,2350,34,0,24,12,4,0,1878,807,1016,1732,708,1024,1813,490,1202,1784,415,1265,1503,446,1004,1174,801,0,1713,507,1159,1955,586,1326,1921,608,1231,1763,513,1201,1949,558,1361,3787.10987716448,19,19085,,,
204,19085290300,2903,-95.8455005,41.6459374,393422119.0,389610216.0,3811903.0,3044,2975,32,7,9,20,0,2813,2771,17,7,5,29,0,2855,2794,17,8,28,13,0,2871,2743,35,20,11,37,1,2808,2767,11,7,16,7,0,2732,2598,97,9,21,7,0,2270,2235,13,2,3,14,0,2105,2080,10,4,0,4,0,2115,2085,8,10,14,4,0,2158,2072,25,13,11,23,0,2158,2072,25,7,8,0,0,0,46,2157,2122,4,5,8,2,0,2035,1965,49,8,8,8,0,0,1544,679,827,1437,606,831,1505,398,995,1460,319,1035,1230,377,800,967,652,0,1419,416,973,1663,487,1163,1641,515,1052,1469,414,1021,1673,433,1208,21087.1660535667,19,19085,,,
205,19161080200,802,-95.1739692,42.2914909,424082908.0,423512244.0,570664.0,2720,2683,20,4,7,5,0,2594,2552,13,0,8,21,0,2576,2532,15,0,11,18,0,2617,2529,32,15,13,24,5,2598,2549,14,0,12,23,0,2507,2444,22,0,12,32,0,2046,2020,14,2,4,5,0,1960,1925,15,0,10,20,0,1935,1890,15,0,8,20,0,1967,1904,20,9,5,21,4,1967,1904,20,6,0,4,0,0,33,1915,1835,16,0,3,25,0,1835,1800,0,0,14,19,0,0,1318,522,752,1326,443,883,1343,238,1083,1335,174,1122,1141,244,856,873,700,0,1282,234,1035,1460,272,1171,1446,292,1109,1341,262,1064,1437,244,1182,0.0,19,19161,,,
206,19161080400,804,-94.9446956,42.4096205,68664764.0,68229567.0,435197.0,2694,2630,18,18,10,18,3,2499,2408,35,5,0,51,0,2390,2331,29,20,0,10,0,2484,2348,67,24,3,22,1,2199,2129,35,22,0,13,0,2248,2170,42,23,19,8,0,2127,2096,12,7,6,9,1,1945,1895,18,8,0,25,0,1860,1825,18,8,0,10,0,1972,1888,46,16,3,10,1,1972,1888,46,8,2,1,0,3,24,1804,1773,22,5,0,16,0,1830,1795,14,8,0,4,0,4,1337,671,628,1336,647,689,1311,400,833,1291,298,930,1093,388,654,892,700,0,1224,397,804,1379,437,915,1368,443,869,1260,407,820,1383,444,916,0.0,19,19161,,,
207,19161080300,803,-94.9656927,42.3183583,347516907.0,341390201.0,6126706.0,2296,2276,8,6,2,5,1,2140,2115,10,11,0,4,0,2188,2126,12,10,37,3,0,2188,2111,34,20,9,13,3,2219,2170,11,6,29,3,0,2253,2188,4,13,44,7,0,1837,1823,6,1,1,4,1,1765,1740,4,14,0,4,0,1805,1770,4,8,20,4,0,1764,1714,23,13,2,7,3,1764,1714,23,8,1,1,0,3,14,1758,1741,5,1,3,4,0,1780,1735,4,10,25,8,0,0,1149,495,619,1219,516,703,1236,311,888,1217,244,945,1020,290,711,802,649,0,1189,303,869,1341,320,1003,1332,336,951,1221,297,901,1357,294,1050,0.0,19,19161,,,
208,19161080100,801,-95.1452509,42.4821861,657605060.0,656168191.0,1436869.0,2640,2442,149,28,15,12,4,2635,2324,225,68,10,0,0,2647,2310,252,74,10,0,0,2525,2173,221,41,38,37,14,2695,2329,277,75,14,0,0,2770,2358,311,19,11,0,42,2015,1914,73,10,10,7,4,1930,1815,50,45,10,0,0,1925,1825,54,34,10,0,0,1911,1714,116,19,26,33,9,1911,1714,116,10,22,5,0,7,37,1994,1890,61,35,0,0,0,1990,1905,74,10,0,0,0,0,1324,549,700,1329,516,813,1300,285,925,1288,247,933,1089,271,774,886,713,0,1241,320,900,1355,360,972,1339,369,920,1234,308,904,1283,307,952,0.0,19,19161,,,
209,19071970300,9703,-95.7447619,40.7325861,457319002.0,448382292.0,8936710.0,2518,2351,112,26,11,24,5,2239,2152,44,25,0,0,18,2215,2135,64,2,0,0,15,1895,1759,51,5,11,41,10,2288,2165,80,1,0,20,14,2090,1943,68,2,0,21,0,1918,1821,68,11,8,15,3,1702,1652,42,0,0,0,0,1695,1627,61,0,0,0,0,1512,1417,32,3,7,32,6,1512,1417,32,3,1,10,1,2,46,1725,1654,77,0,0,10,0,1560,1520,39,0,0,10,0,0,1286,618,609,784,362,422,1138,291,736,1101,219,807,941,296,643,766,529,0,1009,281,713,1064,299,744,1056,311,706,1005,274,707,1069,272,772,59323.17346941324,19,19071,,,
210,19071970100,9701,-95.4872613,40.7367396,647288180.0,643047988.0,4240192.0,2085,2031,32,5,6,7,1,1947,1898,12,26,0,8,0,1930,1856,12,45,0,13,0,2015,1918,31,18,15,23,2,1971,1864,27,51,25,4,0,1930,1788,44,38,45,4,7,1646,1616,18,2,3,6,0,1535,1515,14,4,0,10,0,1535,1505,10,10,0,15,0,1567,1504,24,3,8,14,1,1567,1504,24,3,1,0,0,4,31,1546,1504,13,10,24,3,0,1540,1450,10,25,45,4,0,4,1257,545,642,1174,563,611,1062,276,733,1060,205,749,926,290,611,740,542,0,1046,291,741,1221,344,853,1206,349,807,1129,321,784,1203,340,841,20039.659818440345,19,19071,,,
211,19071970200,9702,-95.6444016,40.7961133,233479971.0,232487935.0,992036.0,2838,2741,43,27,11,21,1,2782,2569,128,6,16,58,2,2805,2591,117,8,31,54,1,2695,2468,108,19,13,67,8,2636,2482,94,6,22,27,0,2619,2444,94,18,46,28,0,2178,2122,21,11,9,14,1,2143,2028,68,4,0,53,0,2150,2038,69,4,0,48,0,2042,1896,70,3,10,47,7,2042,1896,70,1,3,9,3,3,57,2080,1953,70,1,15,24,0,2025,1925,38,4,25,26,0,0,1467,685,738,1629,722,907,1370,349,924,1339,277,985,1142,394,719,910,632,0,1323,377,909,1572,437,1114,1546,439,1050,1421,409,980,1523,411,1098,0.0,19,19071,,,
212,19155021200,212,-95.9168723,41.2885335,5225704.0,4647504.0,578200.0,3785,3126,410,184,33,60,2,3792,3277,310,150,13,42,0,3796,3272,403,84,14,36,0,3791,3055,409,147,43,112,4,3799,3152,545,80,9,25,0,3780,2908,712,54,48,43,0,2727,2358,224,96,23,40,1,2540,2410,45,45,15,25,0,2630,2430,130,45,15,14,0,2786,2369,220,51,26,96,0,2786,2369,220,46,19,24,0,11,97,2631,2397,200,24,10,0,0,2660,2305,294,23,20,4,0,4,1328,732,575,1281,714,567,1527,543,870,1458,459,883,1147,478,639,940,616,0,1413,553,797,1647,675,932,1595,696,809,1410,565,798,1550,620,896,9154.342551235297,19,19155,,,
213,19155030401,304.01,-95.9059787,41.267234,3029753.0,2508059.0,521694.0,4230,3565,420,171,43,67,5,4387,3549,564,179,9,45,41,4066,3310,437,211,24,39,45,4051,3049,465,290,63,160,20,3648,3022,202,334,21,17,52,3749,3052,283,146,194,2,36,3112,2725,233,88,34,50,4,3115,2730,230,95,10,40,10,3005,2610,205,105,25,35,10,2985,2385,263,155,43,108,14,2985,2385,263,123,26,23,9,19,137,2647,2323,136,119,20,14,10,2690,2255,269,90,50,0,10,10,1546,859,664,1481,820,661,1339,533,690,1285,478,689,1022,515,464,890,630,0,1215,549,600,1335,620,678,1299,622,606,1230,562,613,1402,611,757,2810.751803974722,19,19155,,,
214,19155030402,304.02,-95.9125439,41.2565478,2440118.0,2299729.0,140389.0,2763,2368,254,63,48,42,3,2753,2351,127,16,226,53,16,2887,2403,156,17,260,51,14,2768,2218,320,101,74,46,3,2848,2262,132,48,362,44,9,2720,2365,117,11,210,46,10,2260,1997,153,44,43,30,1,2120,1995,45,15,15,40,0,2145,2010,60,15,10,40,0,2237,1849,206,69,63,41,2,2237,1849,206,50,54,2,0,7,69,2150,1988,49,50,10,45,0,2125,1975,85,10,25,15,0,10,1096,672,403,1079,659,420,1170,550,538,1112,447,593,828,440,352,721,544,0,1034,499,485,1167,558,580,1146,561,521,1016,486,492,1061,480,563,1162.0927089976137,19,19155,,,
215,19155030502,305.02,-95.8893695,41.2571347,1235460.0,1235460.0,0.0,2482,2016,328,77,29,57,5,2620,2141,342,90,17,54,0,2471,2124,222,87,15,49,0,2400,1770,451,82,24,65,6,2475,2026,385,38,16,10,0,2555,1981,452,41,10,64,7,1864,1575,199,42,20,42,4,1935,1635,190,55,15,30,0,1905,1655,160,34,15,25,0,1826,1443,277,45,14,37,2,1826,1443,277,29,9,14,1,3,50,1872,1615,211,36,15,14,0,1955,1595,290,23,0,54,0,4,864,497,346,771,493,278,821,362,387,792,293,410,561,280,260,500,364,0,750,341,354,860,409,433,856,411,379,749,344,373,841,364,453,0.0,19,19155,,,
216,19155030602,306.02,-95.8739558,41.2577016,1243358.0,1243358.0,0.0,2741,2176,405,78,49,59,5,2750,1951,740,21,5,54,0,2643,1987,623,18,0,33,0,2567,1821,478,112,54,118,2,2553,1797,661,77,0,43,0,2247,1550,577,70,19,19,34,2029,1666,253,46,39,38,1,1785,1505,220,0,4,55,0,1785,1520,235,0,0,35,0,1948,1458,306,64,37,71,0,1948,1458,306,41,37,5,0,7,94,1802,1559,197,3,0,46,0,1545,1345,145,39,0,19,0,0,888,537,333,789,506,283,800,362,365,766,315,369,582,313,247,523,392,0,725,359,327,831,427,384,814,432,330,713,355,334,751,361,380,0.0,19,19155,,,
217,19113010600,106,-91.7799436,42.0655463,170249201.0,165073544.0,5175657.0,5784,5518,89,74,92,23,4,6163,5761,115,79,209,14,34,6028,5658,104,85,179,10,23,6749,6232,150,132,119,72,7,5890,5531,111,120,125,1,17,6094,5623,63,117,211,12,27,4236,4089,49,27,57,16,2,4663,4428,50,50,105,15,0,4544,4308,60,74,79,10,0,5101,4774,93,68,78,57,4,5101,4774,93,43,70,0,0,9,112,4395,4169,75,76,51,2,0,4460,4235,40,75,100,8,0,14,3581,1927,1603,3414,1685,1729,3741,1577,1905,3715,1224,2345,3430,1606,1758,3021,2228,0,3838,1667,2059,4447,2025,2314,4415,1992,2297,4064,1792,2183,4703,2109,2523,0.0,19,19113,,,
218,19113000205,2.05,-91.7292662,42.0538191,22571437.0,22186683.0,384754.0,3972,3693,50,108,109,16,2,4768,4681,29,34,16,9,0,4685,4571,67,37,8,9,0,4984,4576,86,110,115,47,0,4966,4772,72,49,1,11,0,5063,4769,67,43,113,6,0,2867,2708,26,49,63,9,2,3448,3393,30,0,15,10,0,3433,3363,40,10,10,10,0,3716,3472,51,40,78,36,0,3716,3472,51,30,65,1,0,8,89,3527,3449,50,7,2,12,0,3580,3530,40,4,4,4,0,0,2702,1270,1391,2387,1065,1322,2538,1029,1339,2518,783,1669,2357,1007,1315,2059,1477,0,2674,1116,1490,3176,1488,1627,3149,1396,1685,2893,1244,1599,3230,1521,1653,0.0,19,19113,,,
219,19113001002,10.02,-91.7477129,41.971951,1891507.0,1891507.0,0.0,3477,3106,123,115,105,32,6,3399,2953,109,238,67,60,33,3312,2831,107,262,87,51,28,3272,2605,185,348,68,41,26,3641,2924,64,432,208,0,28,3485,2872,131,319,150,0,0,2567,2356,71,59,71,14,0,2525,2355,39,65,10,30,0,2475,2255,44,95,30,25,0,2555,2153,106,202,42,28,14,2555,2153,106,185,32,8,14,4,53,2730,2369,43,188,111,0,0,2720,2380,70,175,90,0,0,0,1809,1176,616,2010,1225,785,1792,984,659,1768,787,895,1529,939,554,1403,1128,0,1643,930,645,1629,978,614,1621,967,595,1534,879,619,1739,975,736,0.0,19,19113,,,
220,19113002300,23,-91.7000769,41.9741607,2477913.0,2477913.0,0.0,4223,3755,97,273,79,30,4,4280,3502,49,683,9,9,9,4513,3771,198,475,9,27,9,4301,3361,170,565,87,86,20,4541,3614,274,533,75,25,8,4239,3185,320,579,100,74,0,3243,2996,60,126,47,21,3,3190,2815,40,315,0,10,0,3360,3045,110,160,0,30,0,3296,2749,96,294,65,61,16,3296,2749,96,251,40,13,10,7,130,3298,2803,201,225,16,25,0,3205,2585,239,244,69,28,0,50,2199,1491,676,2154,1501,653,1999,1131,699,1963,942,868,1664,1077,521,1523,1238,0,1904,1127,672,2052,1260,729,2028,1251,686,1874,1116,681,1925,1136,743,0.0,19,19113,,,
221,19113010500,105,-91.5258301,42.0255794,164772682.0,163549436.0,1223246.0,3644,3424,81,75,45,18,1,3919,3819,20,15,0,65,2,3607,3536,24,13,0,36,1,3810,3418,123,147,52,68,6,3592,3504,17,32,0,42,2,3557,3316,101,78,2,21,2,2736,2616,38,34,28,15,1,2940,2890,4,10,0,34,4,2750,2705,10,10,0,24,4,2976,2749,70,67,29,46,1,2976,2749,70,40,20,6,0,9,82,2836,2785,7,28,0,19,0,2820,2675,100,25,4,10,4,0,1937,1031,863,2080,995,1085,2124,889,1046,2114,704,1334,1923,880,994,1685,1217,0,2130,935,1132,2415,1164,1198,2409,1122,1229,2175,980,1149,2310,1069,1204,0.0,19,19113,,,
222,19113000201,2.01,-91.6814082,42.0426071,4495769.0,4495769.0,0.0,5684,4988,129,369,161,43,15,5816,4478,190,1199,0,68,0,5771,4506,152,1115,95,0,0,5398,4108,219,615,347,85,19,5849,4541,113,1127,143,1,0,5596,4382,337,571,372,7,0,4330,3940,82,190,109,22,7,4305,3760,70,450,0,25,0,4280,3795,55,405,30,0,0,4233,3395,143,367,244,49,13,4233,3395,143,305,213,3,8,11,155,4229,3573,41,534,81,0,0,4070,3605,110,219,140,0,0,0,2809,1707,1057,2974,1762,1212,2753,1409,1110,2739,1157,1442,2348,1263,1007,2121,1620,0,2612,1347,1154,2781,1503,1191,2748,1493,1178,2574,1335,1158,2656,1408,1187,0.0,19,19113,,,
223,19113000500,5,-91.5897124,42.0087244,8191516.0,8155696.0,35820.0,6146,5730,106,199,73,52,9,5807,5414,169,204,0,39,0,5657,5069,159,227,158,42,0,6501,5653,173,410,123,132,4,5899,5268,169,256,187,0,0,5782,5183,164,294,121,29,0,4546,4317,60,101,45,31,5,4710,4415,105,170,0,20,0,4640,4325,75,175,40,20,0,4926,4406,111,233,66,101,4,4926,4406,111,177,49,5,2,12,164,4664,4434,45,136,46,0,0,4460,4170,35,205,30,15,0,15,3314,1908,1354,3253,1909,1344,3170,1528,1356,3124,1199,1760,2758,1463,1189,2477,1865,0,3129,1567,1425,3519,1894,1536,3494,1858,1505,3175,1610,1460,3294,1719,1505,0.0,19,19113,,,
224,19113001200,12,-91.6802439,41.9847439,1583845.0,1421840.0,162005.0,1363,1182,51,98,22,7,2,1821,1471,108,196,35,11,0,1651,1410,35,178,10,18,0,1836,1403,89,261,31,60,3,1797,1435,37,306,9,10,0,1715,1500,31,155,5,3,0,1007,921,24,47,12,4,1,1305,1150,55,78,4,14,0,1295,1160,35,74,4,19,0,1376,1135,49,140,15,35,1,1376,1135,49,113,5,7,0,9,58,1437,1229,47,161,2,4,0,1430,1295,30,94,4,4,0,0,810,561,233,706,470,236,666,364,238,650,307,304,559,358,186,510,416,0,697,413,262,909,566,327,911,561,318,819,492,309,852,513,322,0.0,19,19113,,,
225,19113010100,101,-91.5355275,42.2582703,279890526.0,277436931.0,2453595.0,2971,2907,21,21,13,19,1,2877,2867,3,0,0,7,0,3014,3006,3,0,0,5,0,2850,2729,22,21,7,51,2,2882,2860,4,10,3,5,0,2784,2745,12,9,1,2,0,2190,2161,12,3,4,12,1,2315,2305,4,0,0,8,0,2190,2185,4,0,0,8,0,2165,2082,15,12,5,36,2,2165,2082,15,4,0,4,0,6,54,2159,2164,6,0,0,9,0,2030,2025,4,0,0,4,0,0,1618,915,655,1566,846,720,1552,579,837,1533,469,989,1322,558,720,1132,877,0,1490,585,861,1687,674,972,1672,681,938,1544,581,919,1657,581,1038,0.0,19,19113,,,
226,19113010700,107,-91.6849568,41.8984825,204489193.0,203108886.0,1380307.0,5521,5208,115,108,56,23,4,6701,6006,202,341,197,34,0,6823,6183,141,271,197,39,0,6787,6275,131,186,77,64,7,6503,6029,232,115,147,38,0,6485,6012,115,135,204,108,0,4017,3839,66,50,32,12,0,4789,4504,100,70,88,29,0,4854,4559,110,55,108,34,0,5020,4742,76,82,42,40,5,5020,4742,76,59,29,6,2,23,83,4881,4581,184,31,56,33,0,4830,4580,79,23,65,55,0,20,2908,1779,1076,3163,1819,1344,3467,1556,1663,3414,1274,2024,3149,1629,1429,2806,2138,0,3552,1698,1745,4096,2052,1966,4063,2019,1940,3675,1774,1815,4148,1997,2087,0.0,19,19113,,,
227,19181020101,201.01,-93.6060671,41.503567,14077514.0,14077514.0,0.0,1852,1727,74,32,24,11,0,1876,1681,162,50,0,0,0,1999,1778,172,78,14,20,0,1854,1537,182,48,31,45,2,1807,1589,206,30,11,16,0,1859,1621,202,99,20,33,0,1428,1364,40,17,12,6,0,1423,1295,100,30,0,0,0,1584,1442,100,38,0,0,0,1454,1264,109,29,24,23,0,1454,1264,109,23,19,9,0,4,26,1517,1364,138,3,0,0,0,1575,1440,110,15,0,10,0,4,1037,539,477,1100,578,522,1033,480,478,1024,431,555,891,493,384,816,644,0,1001,484,482,1093,503,565,1074,513,530,997,485,491,1005,460,531,0.0,19,19181,,,
228,19181020202,202.02,-93.695487,41.483657,31199211.0,30282680.0,916531.0,5250,4991,127,44,57,27,6,6748,6546,85,0,113,0,0,7119,6973,83,0,60,0,0,8296,7421,297,206,174,117,21,7055,6809,110,87,49,0,0,8195,7965,61,95,53,5,0,3673,3532,72,23,34,13,4,4956,4852,84,0,24,0,0,5126,5010,84,0,39,0,0,5887,5391,161,104,96,72,5,5887,5391,161,88,68,5,1,39,134,5075,4913,81,39,33,0,0,5880,5780,25,40,34,4,0,0,3130,1499,1575,3052,1449,1603,3646,1438,1930,3583,1144,2296,3535,1623,1836,3106,2302,0,4017,1703,2183,4935,2222,2593,4895,2153,2626,4425,1901,2417,5560,2420,3039,0.0,19,19181,,,
229,19181020201,202.01,-93.6678891,41.4782285,13504118.0,13504118.0,0.0,4007,3805,106,38,43,20,3,3959,3658,126,109,18,33,22,3687,3256,175,162,43,32,28,4557,4197,127,68,70,45,1,4502,4130,112,194,46,0,20,5048,4706,98,161,64,19,0,2806,2699,59,17,22,10,1,2865,2692,65,75,15,0,0,2764,2530,86,107,15,0,0,3235,3034,71,30,42,25,0,3235,3034,71,17,27,7,0,10,69,3313,3093,48,126,24,0,0,3790,3590,40,100,40,20,0,0,1739,845,865,2248,1068,1180,2313,917,1195,2270,736,1443,2090,1026,1026,1849,1386,0,2372,1027,1267,2775,1248,1466,2743,1236,1436,2471,1098,1323,3243,1490,1708,0.0,19,19181,,,
230,19155031602,316.02,-95.7844809,41.2232199,13008598.0,12991805.0,16793.0,2922,2829,47,13,18,12,1,2760,2601,5,87,56,11,0,2677,2565,0,103,0,10,0,2494,2303,92,21,29,33,0,2704,2580,0,124,0,0,0,2789,2519,9,187,56,18,0,2299,2242,28,9,10,6,1,2115,2090,0,10,15,0,0,2060,2050,0,10,0,0,0,2012,1891,52,10,15,23,0,2012,1891,52,3,11,1,0,0,54,2187,2143,0,45,0,0,0,2200,2065,10,99,15,20,0,0,1589,622,937,1831,667,1164,1759,564,1101,1724,471,1169,1481,530,924,1217,833,0,1620,554,1024,1661,625,1021,1643,607,997,1514,534,951,1595,584,988,0.0,19,19155,,,
231,19155021701,217.01,-95.3372883,41.3683072,327260158.0,325272365.0,1987793.0,2302,2198,73,10,3,22,0,2208,1955,195,35,14,9,0,2235,1999,180,40,12,12,0,2275,2005,169,19,19,59,3,2317,1992,232,33,49,18,0,2452,2028,272,61,46,54,32,1775,1708,48,4,2,13,0,1665,1585,54,8,14,8,0,1665,1595,43,8,14,4,0,1749,1568,109,15,16,40,2,1749,1568,109,5,12,9,0,7,39,1726,1568,100,9,29,9,0,1740,1605,85,16,20,16,4,0,1191,425,734,1146,397,749,1220,276,853,1206,213,895,984,280,665,764,537,0,1131,299,808,1276,362,890,1259,357,856,1164,312,825,1198,339,845,0.0,19,19155,,,
232,19155031601,316.01,-95.7723332,41.2497118,16054590.0,16030428.0,24162.0,4357,4180,104,22,39,19,3,4940,4721,89,27,103,0,0,5107,4858,85,17,146,0,0,5282,4939,152,60,47,60,3,5286,4991,62,14,200,19,0,5333,5127,114,0,46,22,0,3371,3265,59,13,27,15,1,3660,3515,44,30,75,0,0,3795,3610,49,20,115,0,0,3993,3753,108,25,41,39,3,3993,3753,108,16,24,4,2,10,76,3850,3567,55,7,200,16,0,3970,3810,100,0,45,20,0,0,2698,1134,1521,2557,1001,1556,2903,1012,1745,2824,814,1879,2548,1021,1491,2099,1525,0,2945,1090,1778,3479,1363,2060,3428,1318,2025,3070,1148,1859,3601,1373,2167,0.0,19,19155,,,
233,19155021501,215.01,-95.5991076,41.4650204,225319499.0,224800274.0,519225.0,2367,2306,35,7,8,11,0,2425,2381,12,12,7,13,0,2468,2424,18,8,9,10,0,2391,2271,49,19,12,26,4,2514,2452,17,7,30,7,0,2512,2405,36,14,45,12,0,1721,1687,18,5,5,5,0,1770,1740,10,10,0,10,0,1760,1735,19,4,0,4,0,1732,1674,16,4,7,14,2,1732,1674,16,1,0,0,0,8,33,1737,1693,16,3,24,5,0,1745,1690,25,0,24,10,0,0,1249,533,689,1238,434,804,1324,325,910,1282,271,939,1103,317,757,890,596,0,1274,346,907,1474,410,1038,1448,421,993,1305,354,926,1467,385,1056,0.0,19,19155,,,
234,19155030200,302,-95.854987,41.2735636,4076200.0,3938327.0,137873.0,3352,2923,264,110,26,46,3,3061,2586,91,310,0,108,0,3093,2609,114,318,0,87,0,3494,2761,301,254,51,115,18,2859,2470,130,215,1,78,0,3012,2316,301,299,29,39,27,2479,2242,153,49,18,30,2,2355,2055,60,180,0,60,0,2360,2090,84,140,0,40,0,2578,2135,181,131,36,90,6,2578,2135,181,113,28,14,5,0,102,2193,1988,80,74,4,51,0,2280,1920,153,135,19,29,20,0,1438,799,622,1311,700,611,1357,549,697,1324,490,738,1078,500,532,937,655,0,1283,566,652,1456,680,735,1431,688,678,1306,585,669,1393,636,728,0.0,19,19155,,,
235,19155021602,216.02,-95.6075101,41.2240818,284046241.0,283851804.0,194437.0,2611,2574,16,6,8,9,0,2792,2723,25,39,0,0,0,2807,2769,26,0,0,7,0,2808,2658,46,21,22,34,8,2667,2639,16,0,0,12,0,2648,2489,98,0,14,74,0,1907,1885,8,1,5,7,0,2005,1995,10,0,0,0,0,2015,2005,10,0,0,4,0,2070,1959,32,14,10,31,8,2070,1959,32,2,6,0,1,8,62,1898,1867,0,0,0,2,0,1865,1815,30,0,4,19,0,0,1516,473,1016,1519,422,1097,1612,328,1167,1574,260,1239,1305,322,941,1014,658,0,1529,369,1128,1742,460,1252,1718,465,1210,1566,385,1153,1740,451,1264,0.0,19,19155,,,
236,19155031700,317,-95.7641791,41.2896889,41702872.0,41477962.0,224910.0,4500,4169,124,142,36,36,5,5203,4584,103,407,89,20,0,5197,4548,165,428,61,19,0,4973,4180,205,413,76,98,9,5433,4791,157,410,33,11,0,4943,4206,241,453,8,9,0,3637,3376,79,129,27,29,4,4340,3865,70,325,59,19,0,4350,3815,105,350,60,24,0,4137,3487,131,379,56,83,8,4137,3487,131,350,36,10,5,5,113,4422,3961,91,330,31,10,0,3975,3425,175,348,10,4,0,4,2266,1024,1206,2499,1080,1419,2385,862,1360,2313,729,1440,1980,835,1107,1640,1179,0,2299,899,1323,2588,1069,1478,2566,1062,1433,2357,947,1353,2628,1095,1495,0.0,19,19155,,,
237,19155030100,301,-95.8360412,41.2805209,4902374.0,4902374.0,0.0,6185,5744,235,115,51,57,5,5996,5540,260,44,50,102,0,5992,5611,225,0,82,74,0,6067,5354,314,144,79,149,15,5813,5296,209,119,119,70,0,6004,5707,51,106,85,41,0,4774,4523,140,49,31,35,4,4715,4470,169,0,19,44,0,4760,4505,164,0,55,29,0,4632,4199,179,78,54,92,13,4632,4199,179,62,34,20,9,5,124,4666,4318,115,120,95,10,0,4720,4490,35,105,59,25,0,0,2902,1428,1435,2865,1430,1435,2943,1183,1550,2870,982,1706,2397,1128,1196,2059,1523,0,2780,1223,1439,3072,1471,1532,3027,1459,1466,2775,1254,1431,2997,1421,1521,0.0,19,19155,,,
238,19155031300,313,-95.874707,41.2366045,16725586.0,16432641.0,292945.0,2580,2192,278,44,26,31,2,2816,1970,827,13,6,0,0,2831,1972,783,10,66,0,0,3058,2209,579,128,64,96,8,2513,2001,456,0,42,14,0,2994,2333,489,124,43,22,0,1984,1757,157,27,23,22,1,1820,1490,310,15,4,0,0,1790,1520,255,10,4,0,0,2296,1745,356,70,47,66,2,2296,1745,356,48,45,2,0,12,88,1926,1689,227,0,0,17,0,2355,1935,290,110,0,20,0,0,1131,617,493,979,540,439,975,402,502,949,342,526,714,325,358,617,443,0,952,415,486,1209,541,635,1186,551,568,1035,450,544,1094,461,616,2158.358910932425,19,19155,,,
239,19155021702,217.02,-95.3162626,41.2376161,468855237.0,468333432.0,521805.0,2095,2039,30,2,12,17,0,2128,2099,11,6,4,13,0,2099,2078,14,3,7,2,0,2046,1939,47,13,10,22,4,2044,1996,20,10,5,18,0,2003,1908,42,2,27,24,0,1617,1588,12,1,4,13,0,1615,1605,8,8,4,8,0,1590,1575,8,4,4,4,0,1571,1503,26,3,8,19,4,1571,1503,26,2,4,5,0,1,30,1541,1509,12,1,0,9,0,1505,1465,18,0,10,23,0,0,1171,433,706,1065,374,691,1111,239,811,1094,197,835,903,236,619,661,453,0,1058,282,758,1217,333,862,1216,346,823,1094,281,785,1230,321,888,0.0,19,19155,,,
240,19155021603,216.03,-95.6031352,41.3624753,297190467.0,296819775.0,370692.0,2546,2448,45,19,17,18,0,2348,2267,64,0,0,21,0,2291,2214,63,2,0,12,0,2549,2404,61,13,27,26,5,2421,2331,60,8,0,22,0,2490,2402,62,9,0,17,0,1779,1736,19,5,10,12,0,1670,1640,20,0,0,8,0,1645,1620,19,0,0,8,0,1824,1742,25,3,17,19,1,1824,1742,25,2,16,8,0,8,23,1669,1646,17,0,0,8,0,1740,1695,40,4,0,4,0,0,1364,507,816,1328,461,867,1385,359,924,1359,296,983,1167,360,777,948,616,0,1364,398,937,1590,471,1102,1569,480,1047,1424,408,992,1582,450,1099,0.0,19,19155,,,
241,19155021400,214,-95.8490852,41.4315171,329790807.0,324693479.0,5097328.0,3589,3474,68,22,26,22,4,3552,3469,24,2,0,57,0,3555,3416,30,47,0,61,0,3530,3359,55,14,24,45,0,3659,3450,36,80,0,69,0,3394,3149,39,80,0,68,0,2821,2763,35,8,9,11,0,2760,2695,19,0,0,34,0,2705,2610,30,15,0,49,0,2826,2703,32,12,13,36,0,2826,2703,32,7,7,1,0,3,73,2881,2757,32,19,0,71,0,2780,2685,25,20,0,49,0,0,2113,907,1156,1997,814,1183,2080,607,1343,2024,522,1369,1713,606,1064,1390,897,0,2015,652,1292,2280,775,1460,2269,782,1390,2025,672,1299,2185,727,1427,27216.913166587416,19,19155,,,
242,19155030300,303,-95.8800076,41.2717896,2057654.0,2057654.0,0.0,3273,2911,229,88,18,35,4,3451,3055,293,83,0,55,5,3437,2987,297,133,0,23,6,3341,2800,307,91,40,87,3,3402,3027,207,86,49,20,13,3463,2753,522,136,61,0,14,2505,2298,138,38,13,21,1,2490,2350,80,44,0,15,0,2465,2315,55,84,0,15,0,2589,2247,185,50,22,57,3,2589,2247,185,29,20,10,0,8,90,2679,2464,62,65,50,19,0,2620,2255,230,68,60,0,0,15,1474,858,584,1225,717,508,1241,512,627,1186,448,637,922,444,435,798,571,0,1098,493,550,1184,546,616,1160,550,548,1079,491,555,1189,513,660,0.0,19,19155,,,
243,19155030501,305.01,-95.8891112,41.2650363,832579.0,832579.0,0.0,2245,2003,156,41,17,33,0,2259,2041,118,87,18,36,0,2261,2071,139,21,18,6,14,2271,1843,240,85,17,74,2,2564,2333,148,65,15,2,5,2679,2272,298,62,17,23,7,1711,1570,91,19,3,24,0,1750,1595,65,45,20,0,0,1750,1590,120,10,20,4,0,1747,1461,152,57,16,51,1,1747,1461,152,45,10,9,0,4,66,1881,1720,105,39,15,4,0,1940,1710,150,34,15,24,0,4,1003,564,419,932,532,400,932,386,475,899,335,483,692,344,330,588,422,0,817,363,411,847,388,453,838,388,411,796,364,411,914,407,487,0.0,19,19155,,,
244,19155031800,318,-95.8478369,41.3169957,71282150.0,69587810.0,1694340.0,3158,2984,87,53,27,19,2,3349,3259,33,13,7,37,0,3348,3225,45,34,7,38,0,3462,3116,157,75,33,76,4,3233,3069,63,53,11,37,0,3016,2737,136,87,8,47,0,2480,2373,49,31,16,12,0,2715,2635,20,15,4,40,0,2700,2595,25,35,4,35,0,2813,2572,106,43,19,50,4,2813,2572,106,37,11,7,2,8,70,2537,2429,22,55,10,22,0,2375,2175,80,89,10,32,0,0,1678,740,913,1766,765,1001,1840,608,1109,1785,519,1159,1524,585,905,1251,841,0,1761,631,1065,1970,754,1171,1944,752,1125,1783,658,1072,1966,747,1188,12974.892760223374,19,19155,,,
245,19155021502,215.02,-95.2999093,41.4566794,252640414.0,251526531.0,1113883.0,2841,2767,42,16,18,8,0,2621,2554,29,20,13,3,0,2676,2615,30,12,16,6,0,2930,2713,85,34,23,69,5,2523,2472,23,8,2,4,0,2941,2796,71,33,3,50,0,2194,2150,23,8,11,4,0,2040,1995,14,14,8,4,0,2030,1985,20,14,8,4,0,2260,2119,59,17,20,38,3,2260,2119,59,10,15,6,0,8,43,1961,1945,18,5,4,1,0,2355,2245,59,35,4,23,0,0,1635,766,806,1554,705,849,1489,454,950,1461,380,1012,1140,400,697,942,679,0,1385,460,894,1628,545,1045,1608,546,993,1442,468,941,1615,519,1068,0.0,19,19155,,,
246,19113000300,3,-91.6153272,42.0383251,5003910.0,5003910.0,0.0,5289,4752,122,221,161,51,4,5618,5123,159,231,129,30,0,5730,5291,141,201,112,33,0,5714,4801,200,382,198,100,3,5915,5130,259,248,270,72,0,6279,5183,329,511,301,153,0,3837,3537,71,102,107,28,1,4130,3820,80,180,50,10,0,4015,3765,65,155,30,10,0,4413,3808,129,242,134,73,1,4413,3808,129,192,111,10,0,4,159,4377,3877,152,189,116,36,0,4625,3910,210,325,105,34,0,45,2395,1330,1016,3054,1615,1439,3121,1491,1336,3087,1155,1780,2871,1482,1306,2528,1934,0,3077,1523,1426,3295,1790,1420,3277,1729,1433,2943,1506,1354,3049,1687,1296,0.0,19,19113,,,
247,19113000400,4,-91.5885183,42.0413684,2886937.0,2886937.0,0.0,5317,4994,90,133,70,25,3,5764,5387,293,0,69,0,0,5828,5380,331,7,95,41,0,5351,4720,154,278,93,91,4,5581,5157,330,19,63,153,0,5335,4820,250,111,81,248,0,3999,3837,43,57,46,11,2,4470,4215,220,0,35,0,0,4465,4185,224,4,45,0,0,4046,3690,81,129,55,57,4,4046,3690,81,83,39,11,0,13,129,4131,3866,208,20,27,0,0,3950,3685,109,50,45,45,0,10,2682,1446,1184,3299,1675,1624,3381,1584,1513,3348,1248,1982,2989,1541,1375,2658,2029,0,3187,1544,1532,3227,1693,1465,3217,1639,1485,2952,1457,1425,2967,1547,1357,0.0,19,19113,,,
248,19147960300,9603,-94.6743539,43.1356953,45217693.0,42958413.0,2259280.0,3980,3804,81,53,31,22,1,3805,3378,146,205,78,10,0,3774,3397,103,189,78,13,0,3845,3538,122,53,43,63,8,3784,3556,100,66,4,67,0,3830,3647,98,18,41,26,0,3172,3056,50,37,20,13,0,2849,2765,50,4,25,10,0,2804,2719,45,4,19,15,0,3013,2824,78,30,21,45,6,3013,2824,78,21,13,8,0,11,58,3023,2913,40,5,6,70,0,3040,2930,85,8,0,25,0,0,2115,1189,874,2056,1001,1055,2023,711,1216,2003,545,1382,1654,697,920,1372,1115,0,1907,707,1165,2124,754,1333,2119,824,1218,1982,722,1220,2108,679,1403,0.0,19,19147,,,
249,19189680100,6801,-93.5993108,43.3858347,427139856.0,424329635.0,2810221.0,4152,3970,110,30,38,7,0,4185,3904,179,68,6,33,4,4222,3955,174,98,5,1,5,4119,3738,225,64,27,25,3,4181,3885,161,140,3,2,5,4123,3855,234,28,3,2,6,3236,3128,66,16,26,5,0,3280,3135,74,40,4,30,0,3245,3125,78,40,4,0,0,3220,3008,119,29,22,13,3,3220,3008,119,20,14,1,0,8,50,3209,3087,69,46,5,0,0,3145,2985,152,4,4,0,0,0,2475,1322,1082,2286,1155,1131,2300,733,1409,2252,599,1562,1827,679,1097,1584,1198,0,2147,754,1344,2393,827,1522,2374,921,1365,2179,747,1380,2307,779,1488,17665.916352670913,19,19189,,,
250,19189680200,6802,-93.8234032,43.3784903,597530125.0,597158297.0,371828.0,2740,2578,131,9,14,10,0,2539,2410,116,8,5,9,0,2448,2331,102,0,15,5,3,2534,2344,110,26,13,23,0,2419,2306,99,0,17,6,4,2472,2308,137,2,14,7,1,2137,2035,76,4,12,8,0,1905,1860,45,0,4,0,0,1890,1835,44,0,14,0,0,2021,1897,65,16,11,12,0,2021,1897,65,14,9,0,0,3,33,1985,1940,38,0,14,0,0,2000,1920,60,0,14,4,0,4,1556,756,742,1505,676,829,1459,404,978,1451,353,1128,1178,373,747,997,761,0,1360,412,933,1510,445,1041,1496,521,938,1363,382,955,1415,369,1027,20564.75730108524,19,19189,,,
251,19189680300,6803,-93.6376803,43.277161,15774024.0,15774024.0,0.0,3974,3699,119,79,68,19,5,3847,3394,169,146,125,49,0,3860,3346,213,168,123,65,0,4026,3390,259,214,95,65,14,3874,3358,260,133,123,66,0,4109,3464,203,91,319,22,0,3139,2947,76,61,42,14,5,2985,2670,135,130,20,24,0,3040,2650,170,134,49,34,0,3232,2760,188,167,67,46,5,3232,2760,188,131,60,9,3,5,76,2922,2554,177,99,68,28,0,3150,2770,154,53,159,10,0,4,2126,1176,906,2023,1063,960,2009,769,1071,2006,617,1281,1636,712,874,1451,1099,0,1890,768,1049,2067,863,1144,2056,919,1033,1874,761,1053,1920,761,1121,0.0,19,19189,,,
252,19065080500,805,-91.9117721,42.6600412,21298803.0,21077098.0,221705.0,3586,3372,105,70,25,19,5,3392,3120,172,87,13,21,0,3277,2993,199,80,0,50,0,3371,3033,147,91,13,81,6,3208,2917,134,111,0,122,0,2976,2704,145,0,25,106,0,2758,2637,77,24,13,10,3,2640,2500,105,40,0,0,0,2565,2375,140,35,0,4,0,2652,2453,87,39,9,45,5,2652,2453,87,27,7,7,0,2,69,2459,2282,133,13,0,24,0,2395,2175,145,0,25,49,0,0,1705,1121,554,1691,1132,559,1591,807,682,1584,678,818,1355,732,581,1242,1042,0,1484,756,687,1620,804,776,1604,824,710,1514,740,723,1466,655,780,0.0,19,19065,,,
253,19153002900,29,-93.6640969,41.5887241,1559157.0,1559157.0,0.0,4250,3406,184,506,153,42,14,4371,3158,423,594,280,26,0,4323,3228,510,525,143,41,0,4045,3205,227,338,188,72,8,4282,3391,386,485,76,64,0,3784,3246,313,133,92,56,0,3557,2958,125,349,113,33,5,3685,2800,205,494,185,4,0,3720,2955,245,414,100,4,0,3546,2889,180,250,159,64,7,3546,2889,180,202,126,4,3,19,123,3795,3149,172,400,75,4,0,3375,2985,185,105,90,0,0,0,2489,1835,598,2589,1933,656,2552,1887,474,2518,1667,731,2365,1901,426,2260,1981,0,2481,1893,501,2561,2039,466,2548,1989,486,2429,1889,478,2363,1932,390,0.0,19,19153,,,
254,19153003100,31,-93.6838906,41.5782125,2346580.0,2346580.0,0.0,1800,1662,47,27,59,16,9,1804,1735,25,0,31,0,0,1885,1790,21,0,50,12,0,1826,1616,58,55,71,22,3,1980,1696,6,17,241,8,0,1844,1579,0,31,190,7,0,1357,1283,22,18,29,6,3,1325,1290,25,0,4,0,0,1375,1340,20,0,15,4,0,1380,1242,41,38,42,11,1,1380,1242,41,23,24,0,1,8,41,1334,1283,3,3,29,5,0,1260,1200,0,20,35,4,0,0,1269,803,453,1217,794,423,1193,833,282,1182,696,456,1161,864,277,1093,943,0,1205,859,313,1273,967,276,1260,929,310,1213,876,310,1199,919,256,0.0,19,19153,,,
255,19153004001,40.01,-93.674997,41.5623833,10910601.0,10011230.0,899371.0,3731,2617,332,679,99,46,4,4769,2688,245,1757,97,75,0,4510,2644,467,1478,110,80,0,3809,2080,520,980,193,97,12,4454,2649,441,1406,138,163,0,4093,2505,856,926,134,242,0,2869,2213,204,369,77,33,4,2845,2230,105,450,44,10,0,2800,2190,145,390,55,14,0,2815,1746,336,549,135,76,11,2815,1746,336,488,98,11,0,11,125,2771,2188,147,332,75,23,0,2550,1995,235,200,70,44,0,0,1645,1065,557,1890,1254,636,1629,1048,438,1611,914,620,1415,1008,377,1306,1098,0,1590,1064,468,1745,1204,503,1730,1199,495,1562,1055,468,1441,975,437,0.0,19,19153,,,
256,19153004100,41,-93.633197,41.5647449,4787233.0,4292960.0,494273.0,3110,2699,219,132,42,28,3,3202,2646,251,254,73,19,0,3318,2696,371,186,65,19,0,3135,2486,304,191,100,29,6,3238,2819,276,75,68,23,0,3179,2736,413,29,10,53,0,2441,2204,120,70,30,19,2,2445,2175,95,150,35,0,0,2500,2210,145,110,40,0,0,2515,2098,178,125,69,22,5,2515,2098,178,94,62,0,3,5,75,2589,2347,132,74,44,0,0,2605,2405,170,34,0,0,0,0,1827,1144,653,1755,1123,632,1748,1034,604,1721,921,738,1596,1105,462,1463,1209,0,1738,1096,586,1890,1224,634,1863,1197,605,1731,1111,588,1776,1144,613,0.0,19,19153,,,
257,19153004200,42,-93.6123851,41.5729838,2267913.0,2117003.0,150910.0,2716,1917,491,200,95,57,0,2915,2128,373,299,87,41,0,2796,2026,441,168,122,52,0,3147,1924,668,375,130,94,2,2883,2070,420,158,178,65,0,2903,1776,401,373,189,72,0,2007,1506,318,110,57,35,0,2190,1770,200,110,79,14,0,2210,1730,270,65,109,19,0,2493,1705,423,215,96,80,1,2493,1705,423,169,75,5,0,13,103,2348,1759,340,71,145,32,0,2395,1700,285,225,145,24,0,15,1214,842,342,1176,885,291,1118,665,364,1098,602,431,1096,778,291,1025,847,0,1220,789,381,1471,959,476,1453,952,435,1276,832,410,1341,847,466,0.0,19,19153,,,
258,19013002700,27,-92.2446623,42.5358514,214596143.0,212885045.0,1711098.0,3891,3737,50,58,20,26,2,4173,4120,23,30,0,0,0,4205,4167,15,23,0,0,0,3826,3627,59,65,21,52,6,4042,3990,0,31,0,21,0,3782,3644,56,50,0,33,0,3088,3004,29,29,9,16,2,3245,3225,15,4,0,0,0,3295,3285,10,4,0,0,0,3070,2938,44,34,18,43,1,3070,2938,44,25,5,0,0,3,55,3098,3057,0,14,0,17,0,3010,2940,29,22,0,23,0,0,2115,1197,867,2159,1213,946,2194,836,1243,2174,704,1397,1831,791,971,1638,1313,0,2099,820,1231,2369,881,1456,2340,907,1362,2116,805,1262,2266,820,1415,0.0,19,19013,,,
259,19013002000,20,-92.2694016,42.4656977,11713426.0,11033376.0,680050.0,5391,5051,97,168,45,37,6,5371,5011,113,216,8,30,0,5349,4954,60,211,9,32,93,5171,4545,166,238,54,124,33,5361,4752,38,148,10,65,159,5098,4553,63,253,11,52,41,4159,3991,54,60,27,29,5,4144,3984,35,95,0,20,0,4164,3929,35,80,0,30,0,4081,3719,92,122,28,76,21,4081,3719,92,91,19,9,18,3,130,4321,4011,32,60,0,65,0,4010,3780,60,95,4,34,0,40,2551,1689,819,2569,1695,874,2526,1118,1239,2469,968,1367,1969,1014,892,1730,1371,0,2359,1090,1179,2653,1189,1398,2626,1249,1280,2361,1074,1218,2591,1050,1508,0.0,19,19013,,,
260,19013002800,28,-92.1273342,42.479723,346916112.0,345325291.0,1590821.0,3010,2928,40,15,22,7,0,3112,3053,44,10,9,0,0,3016,2979,30,4,6,0,0,2901,2786,32,27,19,34,1,2919,2911,2,4,5,1,0,2718,2688,18,6,5,1,5,2158,2118,20,4,11,5,0,2225,2185,34,4,4,0,0,2240,2220,20,0,4,0,0,2173,2106,19,10,11,17,1,2173,2106,19,1,6,0,0,3,38,2210,2207,3,0,4,4,0,2130,2110,14,4,4,4,0,0,1545,769,731,1563,752,811,1559,519,946,1556,436,1051,1265,487,754,1075,816,0,1511,532,951,1781,611,1140,1766,614,1099,1582,529,1027,1710,525,1165,0.0,19,19013,,,
261,19013001100,11,-92.3473302,42.4802947,1301453.0,1301453.0,0.0,2847,2396,183,219,30,23,7,2760,2129,321,207,103,0,0,2628,2041,336,173,78,0,0,2861,1881,298,425,184,51,34,2582,2021,124,271,166,0,0,2728,2049,253,270,141,15,0,2120,1876,91,112,20,16,5,1885,1675,105,85,15,0,0,1825,1610,140,70,10,0,0,2099,1526,182,241,101,48,22,2099,1526,182,211,86,2,20,8,64,1910,1615,68,210,10,0,0,2115,1640,170,230,55,15,0,0,1304,843,452,1318,859,459,1197,655,457,1173,577,553,922,571,333,849,698,0,1093,634,432,1212,725,463,1190,715,441,1088,625,439,1134,637,481,0.0,19,19013,,,
262,19013000100,1,-92.3371673,42.501189,2102658.0,1907483.0,195175.0,2011,790,160,1050,16,22,9,1599,817,115,612,52,16,5,1546,748,85,671,35,19,7,1773,809,122,744,47,49,39,1540,715,137,623,54,9,11,1517,783,206,486,32,15,0,1461,667,97,685,13,20,5,1260,770,60,385,24,10,4,1205,710,30,430,14,10,4,1464,746,81,551,35,31,25,1464,746,81,522,26,4,24,11,50,1252,677,83,449,31,0,10,1200,720,85,375,10,10,0,4,666,590,64,732,665,67,576,478,69,571,432,115,442,356,65,419,385,0,510,421,78,570,465,92,557,452,81,479,380,84,360,269,84,0.0,19,19013,,,
263,19013002604,26.04,-92.4065173,42.5922918,148089445.0,146066748.0,2022697.0,4154,3909,49,166,18,21,1,4321,4055,105,135,14,12,0,4205,3911,101,168,11,14,0,3985,3633,99,104,60,62,11,4082,3738,92,166,61,4,3,4029,3696,86,100,128,3,1,3286,3133,27,105,12,15,0,3490,3350,25,99,0,8,0,3430,3250,20,144,0,14,0,3196,2965,56,71,31,47,5,3196,2965,56,53,21,4,5,12,80,3224,3025,23,145,30,3,2,3100,2955,34,45,75,4,4,0,2268,1254,956,2309,1323,986,2305,1016,1125,2283,828,1377,1859,878,912,1634,1259,0,2159,948,1144,2378,1039,1296,2355,1035,1248,2178,937,1180,2292,944,1320,0.0,19,19013,,,
264,19013002601,26.01,-92.4407083,42.4876279,17797177.0,17458928.0,338249.0,4326,3928,82,103,188,24,2,4994,4769,100,53,78,6,0,5006,4652,81,56,225,6,0,6032,5174,193,171,371,69,40,5545,4898,79,58,510,6,0,5645,5253,58,13,321,0,0,3374,3113,50,60,136,14,1,3885,3755,75,20,34,0,0,3815,3650,70,19,79,0,0,4856,4278,136,120,240,43,26,4856,4278,136,97,223,6,26,12,78,3981,3769,67,26,130,0,0,4340,4170,60,15,98,0,0,0,2388,1210,1146,2497,1194,1303,3127,1371,1496,3109,1093,1934,2873,1412,1421,2484,1936,0,3119,1447,1582,3374,1730,1587,3349,1642,1646,3089,1469,1569,3480,1758,1664,0.0,19,19013,,,
265,19013002901,29.01,-92.2813309,42.4443932,8429967.0,7893631.0,536336.0,1366,1237,30,79,17,12,9,1272,1242,16,10,0,14,0,1257,1207,35,10,0,15,0,1265,1147,35,34,15,27,0,1252,1176,62,7,0,14,0,1261,1193,55,13,0,0,0,1102,1026,19,42,11,8,4,1040,1025,10,0,0,4,0,1030,1015,10,0,0,4,0,1030,972,17,10,12,18,0,1030,972,17,2,9,0,0,1,29,1025,1003,2,0,0,4,0,990,980,4,0,0,0,0,0,561,336,213,716,436,280,715,346,334,708,292,388,581,309,262,509,413,0,637,316,305,633,325,303,637,321,296,566,278,280,582,274,301,0.0,19,19013,,,
266,19013000900,9,-92.3188999,42.4697836,8254150.0,7657518.0,596632.0,1770,1443,83,209,17,10,12,1951,1625,86,149,91,5,6,2039,1577,148,206,109,4,0,2384,1534,155,512,94,49,61,2167,1593,107,418,49,0,0,2335,1502,214,459,153,135,0,1402,1209,51,114,11,8,7,1365,1190,30,120,19,0,0,1310,1085,30,170,20,0,0,1828,1307,93,298,69,39,26,1828,1307,93,273,60,0,24,12,59,1598,1227,22,322,10,0,0,1620,1155,55,395,10,4,0,0,915,582,313,883,584,299,872,471,359,864,398,438,704,405,277,609,514,0,884,477,385,1093,601,470,1076,590,458,969,515,434,921,476,434,0.0,19,19013,,,
267,19013000200,2,-92.3427654,42.486804,1109206.0,1109206.0,0.0,3057,2055,398,558,39,29,28,2722,1500,342,741,189,9,0,2639,1395,399,676,260,0,0,2855,1319,409,780,219,70,82,2833,1154,673,660,427,7,0,3266,1038,782,727,475,39,297,2145,1599,233,281,28,21,15,1735,1135,120,445,40,10,0,1815,1125,120,520,55,0,0,2009,1087,251,429,143,49,50,2009,1087,251,390,131,17,48,10,75,1740,964,255,460,43,2,0,1780,905,350,425,65,4,30,0,992,718,252,933,712,221,782,484,240,763,442,290,564,365,172,524,432,0,715,453,240,826,521,281,817,520,266,710,437,246,675,403,263,0.0,19,19013,,,
268,19013001702,17.02,-92.3475243,42.5356127,8753468.0,8729454.0,24014.0,2467,1174,105,1160,23,18,4,2580,938,211,1251,266,136,0,2358,1005,148,1114,171,133,0,2516,1013,162,1254,70,35,3,2247,961,146,1063,156,124,0,2336,1053,161,1008,185,167,0,1857,997,62,781,12,14,3,1735,770,90,815,30,0,0,1535,860,30,619,10,0,0,1945,885,89,905,48,28,2,1945,885,89,851,45,7,1,1,66,1501,852,17,595,3,0,0,1590,840,15,670,15,0,0,50,1251,1030,203,1207,1023,184,1033,762,218,1015,701,270,790,598,174,753,670,0,948,695,227,1043,752,272,1035,744,258,960,684,252,969,630,316,0.0,19,19013,,,
269,19013002902,29.02,-92.2326471,42.3532551,137076592.0,133096691.0,3979901.0,3900,3787,41,44,13,20,0,3984,3848,11,0,9,20,0,4148,3984,18,9,9,20,0,3854,3667,85,51,22,37,0,3902,3771,18,9,9,10,0,3741,3552,27,67,0,80,0,2935,2888,15,14,7,11,0,2960,2930,10,0,0,14,0,3075,3040,20,10,0,14,0,2942,2854,37,11,12,28,0,2942,2854,37,11,4,2,0,0,34,2841,2807,17,10,0,4,0,2800,2715,24,35,0,29,0,20,2123,1166,908,2027,1074,953,2026,790,1088,2000,665,1231,1686,750,896,1482,1144,0,1978,793,1128,2300,906,1344,2276,920,1281,2052,791,1211,2227,777,1409,0.0,19,19013,,,
270,19105070402,704.02,-91.1885691,42.0438024,172883340.0,170745396.0,2137944.0,2467,2324,39,77,22,10,1,2526,2236,10,51,223,6,0,2332,2083,32,20,190,6,0,2479,2329,17,48,32,34,0,2593,2244,49,17,185,0,0,2686,2361,73,10,121,0,0,1939,1828,26,66,10,6,1,1895,1790,14,10,74,4,0,1840,1740,8,15,75,4,0,1922,1835,5,18,20,29,0,1922,1835,5,17,17,1,0,8,39,2064,1972,20,10,64,0,0,2180,2055,49,8,69,0,0,0,1173,641,502,1176,670,506,1227,489,661,1220,390,770,1021,468,540,898,703,0,1190,492,661,1344,563,741,1323,558,715,1218,487,694,1349,500,821,0.0,19,19105,,,
271,19105070302,703.02,-91.2842156,42.1288452,15196544.0,15196544.0,0.0,2919,2631,55,186,25,19,2,2720,2217,173,318,21,6,0,2900,2360,199,313,15,17,0,2862,2267,175,340,22,61,10,2988,2422,171,360,15,36,7,2862,2398,66,366,11,19,1,2334,2087,45,171,18,16,2,2361,1900,140,316,0,4,0,2496,1990,176,311,0,19,0,2423,1898,140,316,17,56,9,2423,1898,140,307,6,24,0,2,46,2452,1944,147,340,0,30,0,2360,1925,60,350,4,20,0,0,1301,728,547,1311,764,547,1001,393,535,994,331,608,843,398,424,757,571,0,963,400,525,1058,432,595,1050,435,567,976,399,547,1069,415,629,0.0,19,19105,,,
272,19105070401,704.01,-91.3109983,42.0218707,187540549.0,187047332.0,493217.0,2420,2362,30,10,15,5,0,2699,2694,0,1,0,4,0,2583,2577,0,1,0,5,0,2603,2460,51,22,9,35,3,2413,2380,0,29,0,4,0,2563,2483,20,37,1,22,0,1875,1840,21,5,8,3,0,2010,2005,0,0,0,4,0,1950,1945,0,0,0,4,0,2013,1930,27,15,2,22,3,2013,1930,27,7,1,1,0,2,45,1835,1834,0,0,0,3,0,1885,1825,20,15,4,20,0,0,1181,620,531,1414,700,714,1424,510,836,1416,401,947,1260,543,712,1075,826,0,1432,531,863,1660,617,1008,1650,613,987,1507,552,918,1663,591,1032,0.0,19,19105,,,
273,19105070301,703.01,-91.2771648,42.0991595,4292778.0,4207435.0,85343.0,1937,1741,38,131,16,12,0,1871,1777,35,56,4,3,0,1857,1790,39,27,2,3,0,1879,1717,45,46,15,44,9,1711,1652,18,0,0,2,0,1653,1571,0,0,0,46,0,1558,1383,34,122,10,10,0,1455,1398,10,46,0,4,0,1497,1456,14,26,0,5,0,1444,1362,21,18,13,23,4,1444,1362,21,6,7,1,0,3,44,1397,1403,0,0,0,5,0,1390,1370,0,0,0,24,0,0,863,481,358,817,476,341,981,410,504,969,338,591,821,393,405,729,573,0,921,407,485,981,456,509,981,449,496,900,391,489,987,403,566,0.0,19,19105,,,
274,19013002606,26.06,-92.5099572,42.5490042,101077253.0,99318196.0,1759057.0,4171,3828,90,103,127,17,2,4771,4391,92,63,223,32,0,4123,3803,104,25,191,21,0,5172,4689,119,88,204,31,10,5220,4935,61,36,183,5,0,5158,4850,194,36,158,5,0,3199,2996,49,58,83,11,1,3662,3399,90,50,120,0,0,3203,2988,80,25,102,0,0,3827,3515,69,52,131,23,8,3827,3515,69,44,122,1,1,10,65,4215,3971,50,35,150,4,0,3880,3680,110,0,95,4,0,0,2458,1153,1268,2420,1126,1294,2380,1008,1171,2346,794,1476,2027,961,1020,1726,1294,0,2424,1084,1271,2930,1421,1450,2916,1357,1499,2749,1232,1463,3059,1349,1653,0.0,19,19013,,,
275,19013002605,26.05,-92.4884947,42.5206715,16891983.0,16890449.0,1534.0,5913,5393,124,151,229,31,6,6707,5692,9,42,729,13,28,7552,6390,64,48,851,48,38,6557,5571,151,325,372,71,14,6339,5350,88,58,784,67,58,6454,5652,70,126,602,42,20,4752,4394,79,101,159,20,4,5078,4526,9,40,460,15,30,5447,4877,40,49,442,4,40,4894,4287,97,191,240,45,6,4894,4287,97,139,206,4,0,10,151,4555,4169,45,55,223,4,58,4705,4405,10,95,170,4,20,0,3143,1604,1497,3074,1454,1620,3399,1543,1589,3337,1188,2037,2930,1438,1440,2515,1931,0,3284,1533,1656,3590,1840,1678,3550,1743,1744,3451,1636,1750,3727,1788,1876,0.0,19,19013,,,
276,19153003200,32,-93.6634706,41.5793555,2293250.0,2293250.0,0.0,2589,2328,59,143,56,11,3,2977,2838,16,38,85,0,0,3009,2880,0,51,78,0,0,2902,2548,69,106,80,60,3,2940,2725,33,83,99,0,0,2871,2551,76,98,137,15,0,2210,2021,39,100,46,7,3,2425,2325,0,35,65,0,0,2530,2400,0,50,75,0,0,2435,2172,43,74,65,52,3,2435,2172,43,70,46,47,3,4,50,2442,2263,24,56,101,0,0,2455,2230,40,59,120,0,0,0,1802,1195,579,1745,1120,625,1734,1207,414,1718,1023,660,1626,1233,382,1518,1328,0,1711,1229,445,1788,1375,382,1783,1309,443,1775,1296,452,1867,1419,417,0.0,19,19153,,,
277,19183960101,9601.01,-91.6514908,41.4456223,174649688.0,174320930.0,328758.0,3422,3324,47,21,18,17,3,3618,3399,175,0,33,11,0,3343,3165,151,0,16,11,0,3755,3447,161,68,27,45,2,3403,3273,110,0,11,9,0,3510,3460,26,0,10,11,0,2528,2479,29,8,7,8,3,2675,2580,55,0,35,10,0,2510,2445,40,0,15,10,0,2888,2680,102,50,18,31,0,2888,2680,102,29,12,1,0,3,61,2454,2405,25,0,12,10,0,2695,2660,15,0,8,10,0,0,1669,799,837,1721,826,895,1700,606,963,1679,471,1139,1476,604,832,1251,931,0,1688,628,1008,1970,753,1165,1950,758,1121,1780,663,1066,2008,780,1198,0.0,19,19183,,,
278,19183960102,9601.02,-91.6059368,41.4904993,73952594.0,73486650.0,465944.0,2932,2847,38,19,11,18,1,2972,2926,13,3,0,22,8,3211,3144,26,5,3,24,9,3230,3043,81,29,28,50,3,3089,2951,22,54,45,17,0,3262,3021,87,49,52,16,0,2181,2130,21,8,8,13,0,2160,2135,8,4,0,19,0,2360,2315,19,4,4,19,0,2412,2287,52,13,22,39,3,2412,2287,52,7,9,0,1,0,56,2295,2211,14,39,34,16,0,2395,2280,45,35,29,8,0,0,1417,729,659,1475,783,692,1550,686,745,1519,539,922,1346,675,646,1186,935,0,1528,700,787,1753,825,901,1740,811,880,1571,712,829,1741,746,973,0.0,19,19183,,,
279,19133960300,9603,-96.0905263,42.0255063,17118549.0,17118549.0,0.0,3015,2877,35,23,21,60,2,2841,2620,0,27,0,194,0,2819,2515,75,26,0,166,36,2927,2612,55,50,18,176,3,2799,2552,73,25,0,113,36,2876,2700,71,31,0,59,20,2316,2241,19,10,11,33,1,2320,2100,0,29,0,198,0,2390,2110,50,29,0,162,35,2254,2057,36,22,16,107,3,2254,2057,36,11,13,69,2,6,60,2282,2067,47,29,0,115,35,2220,2070,39,28,0,59,20,0,1440,680,732,1371,642,729,1333,394,875,1320,318,946,1090,344,726,941,674,0,1262,398,844,1423,469,933,1399,486,864,1273,385,859,1356,406,934,0.0,19,19133,,,
280,19049050814,508.14,-93.8084026,41.583618,4292222.0,4292222.0,0.0,4053,3446,123,198,279,16,4,5538,4161,85,372,912,42,49,5225,3822,112,300,973,51,28,5453,4095,236,349,680,78,7,4330,2922,50,282,1105,38,60,4786,3648,19,277,763,32,0,2971,2612,71,96,187,6,2,3745,3240,67,244,129,0,17,3622,3130,89,165,195,0,0,3999,3106,149,212,455,47,2,3999,3106,149,191,431,2,0,18,102,2688,2125,44,137,305,0,0,3360,2800,20,190,345,10,0,0,1533,748,764,2326,1093,1233,2151,987,952,2118,745,1278,2222,1157,1027,1967,1518,0,2402,1183,1137,2869,1577,1239,2830,1468,1297,2456,1246,1157,2805,1530,1219,0.0,19,19049,,,
281,19049050817,508.17,-93.8654638,41.5906628,8517675.0,8485577.0,32098.0,2504,2299,70,44,69,7,2,4537,4141,145,161,98,38,0,4914,4438,241,181,57,50,75,6471,5314,247,253,529,84,2,6950,5593,329,179,397,77,76,6980,5287,309,45,912,25,29,1705,1592,40,17,46,5,2,2768,2625,68,37,37,37,0,3068,2850,146,68,10,49,0,4359,3698,148,131,318,46,1,4359,3698,148,105,294,7,0,7,100,4416,3841,217,91,266,75,0,4280,3685,170,25,375,29,0,0,1800,823,952,1385,591,794,2023,815,1003,1996,584,1329,2560,1200,1325,2232,1632,0,2730,1224,1419,3635,1822,1732,3597,1706,1815,3140,1444,1628,4283,2067,2129,0.0,19,19049,,,
282,19049050813,508.13,-93.8145715,41.5954865,4147676.0,4147676.0,0.0,1292,1078,42,87,77,7,2,2749,2247,135,15,275,74,0,2750,2154,187,15,301,92,0,1776,1278,122,161,198,13,10,2183,1761,270,0,152,0,0,2051,1719,266,12,54,0,0,929,812,22,41,52,4,0,1641,1470,76,15,42,41,0,1708,1487,110,19,45,43,0,1305,975,76,98,141,10,8,1305,975,76,83,124,1,4,7,35,1609,1300,155,0,151,0,0,1670,1370,230,10,55,0,0,0,516,276,233,764,374,390,878,410,376,851,297,513,816,466,328,740,563,0,848,432,380,879,494,359,866,463,376,755,401,335,971,543,414,0.0,19,19049,,,
283,19049050818,508.18,-93.8525754,41.5781477,6528232.0,6528232.0,0.0,2016,1709,64,124,113,10,2,2692,2335,83,57,175,41,0,2970,2524,119,75,211,44,7,4073,3020,235,419,326,48,11,3633,3221,81,59,54,124,0,3342,2673,190,196,194,0,0,1438,1266,34,54,72,3,1,1656,1500,46,33,51,22,0,1864,1663,69,38,64,28,0,2851,2259,125,224,199,31,6,2851,2259,125,200,177,0,1,14,75,2375,2188,44,45,29,74,0,2350,2030,120,105,100,0,0,0,1178,616,545,1062,512,550,1219,558,531,1185,403,722,1189,656,502,1072,806,0,1467,747,665,2029,1129,854,2009,1062,889,1775,923,811,2407,1292,1078,0.0,19,19049,,,
284,19049050816,508.16,-93.8015855,41.5606615,6167576.0,6127449.0,40127.0,2212,1927,64,58,162,7,3,3625,2939,96,102,455,26,26,3967,3102,79,95,666,29,0,5097,3779,227,216,779,70,4,4491,3368,18,109,996,0,0,5164,4150,127,93,728,66,0,1669,1485,39,39,107,3,3,2688,2400,72,84,92,0,26,2995,2635,45,87,214,0,0,4327,3314,193,156,594,55,4,4327,3314,193,131,562,8,0,16,103,3245,3042,0,80,115,0,0,4010,3640,85,60,164,65,0,0,1123,502,606,1674,746,928,1786,811,838,1754,600,1096,2112,1122,962,1865,1445,0,2252,1119,1071,2894,1585,1248,2870,1473,1332,2479,1266,1161,3122,1697,1354,0.0,19,19049,,,
285,19049050815,508.15,-93.8187986,41.5593498,5810322.0,5810322.0,0.0,2045,1765,55,54,162,4,1,3345,2719,91,95,420,23,23,3669,2869,72,88,619,26,0,4257,3166,196,171,653,53,5,4341,3142,688,42,446,0,0,4680,3370,352,19,664,76,0,1533,1352,35,35,106,4,0,2482,2220,61,77,84,0,22,2763,2435,41,78,196,0,0,3391,2674,146,115,417,34,5,3391,2674,146,88,393,5,0,3,82,3001,2602,195,37,166,0,0,3335,2845,125,20,270,75,0,0,1042,469,555,1558,699,859,1601,764,710,1583,584,942,1742,906,819,1527,1193,0,1891,954,887,2359,1318,997,2337,1251,1041,2064,1065,963,2690,1441,1206,0.0,19,19049,,,
286,19113000600,6,-91.6117364,42.0193178,5541079.0,5541079.0,0.0,2996,2729,75,145,40,26,2,3067,2752,51,191,50,30,9,3028,2748,56,174,32,34,0,3173,2785,91,164,68,61,4,2893,2581,32,227,29,0,0,3254,2974,37,146,63,7,0,2413,2244,46,77,33,20,1,2520,2310,25,150,10,14,0,2498,2318,30,135,0,19,0,2631,2338,73,111,56,44,3,2631,2338,73,80,42,0,0,13,85,2268,2137,22,115,0,0,0,2630,2530,20,40,29,4,0,0,1667,1001,630,1647,1019,628,1610,848,609,1582,711,787,1395,816,533,1251,986,0,1575,874,633,1745,1028,673,1737,1012,667,1570,881,640,1652,958,669,0.0,19,19113,,,
287,19113000700,7,-91.6343346,42.0212218,2355004.0,2355004.0,0.0,2393,2111,71,145,52,14,4,1963,1691,109,138,19,6,0,1936,1793,14,110,0,19,0,2262,1755,152,271,66,69,2,2142,2060,0,62,0,20,0,2399,2183,97,79,14,21,0,1968,1789,45,81,39,9,4,1505,1340,20,115,20,4,0,1555,1430,15,95,0,20,0,1895,1548,94,171,46,49,0,1895,1548,94,133,38,0,0,5,77,1686,1610,0,66,0,19,0,1915,1770,50,75,0,15,0,0,1282,792,463,1259,818,441,1196,642,436,1175,517,593,979,601,336,902,699,0,1144,649,439,1270,768,467,1264,759,462,1128,653,438,1187,702,464,0.0,19,19113,,,
288,19193003600,36,-96.3931032,42.4185,37601063.0,35512280.0,2088783.0,2928,1561,852,224,143,214,18,3410,1607,946,378,314,325,0,3113,1555,764,471,130,319,0,3252,1470,830,614,140,266,24,3145,1527,768,461,200,308,7,3460,1390,601,910,202,171,208,2186,1281,529,152,103,138,11,2015,1335,285,119,95,162,0,1980,1325,229,185,50,208,0,2547,1292,540,427,112,198,11,2547,1292,540,393,97,144,6,11,64,1874,1224,188,200,82,183,4,1970,1095,145,339,75,129,204,4,871,501,357,840,520,320,780,377,349,763,324,392,622,325,275,543,429,0,734,368,340,850,419,403,829,418,367,754,368,359,857,415,430,16614.173525094557,19,19193,,,
289,19101090301,903.01,-91.9686828,41.0031583,1350543.0,1350543.0,0.0,2129,1882,79,52,100,12,0,2519,1797,24,419,256,23,0,2965,1795,32,1067,47,24,0,2077,1777,114,47,61,67,9,2510,1985,166,313,0,46,0,2395,1698,223,474,0,106,0,1737,1559,50,36,77,10,0,1705,1565,0,85,30,25,0,2475,1570,0,880,0,25,0,1696,1487,74,33,47,47,6,1696,1487,74,23,32,9,0,8,63,1913,1668,136,75,0,46,0,1865,1415,150,300,0,0,0,0,1109,766,310,1059,722,337,1019,567,346,991,533,393,874,548,286,834,663,0,954,581,349,1074,642,410,1058,672,357,959,572,359,994,548,416,0.0,19,19101,,,
290,19101090302,903.02,-91.9910347,41.0043072,18030596.0,18030596.0,0.0,3215,2860,112,84,140,35,3,3049,2117,307,165,373,0,0,2885,2083,281,154,282,4,0,2972,2363,187,171,166,67,5,2509,1978,232,35,266,0,0,2467,2058,89,58,266,9,0,2634,2372,74,63,108,28,3,2035,1730,110,70,130,0,0,1995,1695,105,60,130,0,0,2437,1952,131,138,137,56,4,2437,1952,131,119,130,9,4,16,76,1676,1457,101,4,118,0,0,1770,1635,54,4,65,4,0,4,1619,1100,469,1662,1124,538,1379,661,585,1340,596,670,1168,645,490,1053,861,0,1319,689,585,1493,764,693,1459,791,615,1331,680,613,1349,628,684,0.0,19,19101,,,
291,19187000102,1.02,-94.1211771,42.5205304,24521610.0,24521610.0,0.0,3071,2784,130,110,41,14,3,3108,2829,118,160,0,0,0,3392,2942,191,220,27,12,0,3044,2478,241,235,46,60,3,3105,2768,132,155,25,25,0,2938,2563,168,143,26,31,0,2471,2308,71,58,27,9,1,2555,2330,105,120,0,0,0,2664,2379,100,155,25,10,0,2378,2042,146,125,36,33,2,2378,2042,146,99,28,4,0,9,50,2317,2133,44,93,24,24,0,2430,2195,85,94,25,30,0,0,1742,932,781,1610,880,730,1509,623,794,1486,520,902,1226,595,617,1081,860,0,1412,618,755,1527,671,832,1515,697,773,1393,613,754,1434,608,811,0.0,19,19187,,,
292,19187000101,1.01,-94.1392992,42.5406818,14193813.0,14193813.0,0.0,4022,3753,110,100,54,3,7,3677,3430,55,12,159,21,0,3515,3309,108,25,73,0,0,4108,3682,168,148,71,37,4,4309,4026,81,101,101,0,0,4331,3841,171,297,102,0,0,3049,2909,65,48,30,2,3,2650,2605,25,0,0,20,0,2615,2570,45,0,0,0,0,3155,2924,90,62,43,23,3,3155,2924,90,41,41,0,2,4,53,3114,3080,32,0,0,0,0,3150,3025,105,0,15,0,0,0,2362,1180,1136,2297,1108,1189,2232,776,1316,2199,629,1487,1864,822,1015,1634,1262,0,2116,806,1254,2311,886,1391,2282,923,1300,2117,807,1279,2210,786,1397,0.0,19,19187,,,
293,19099980000,9800,-93.0604263,41.6252732,1063742.0,1063742.0,0.0,695,566,18,101,5,5,2,717,577,50,62,17,16,0,707,563,52,52,19,25,0,1340,1020,102,194,12,15,12,1280,771,133,223,55,115,0,1233,730,89,274,65,97,0,624,499,17,100,4,5,1,632,513,33,61,9,16,0,625,501,37,52,12,24,0,1339,1020,102,193,12,15,12,1339,1020,102,193,0,12,0,0,12,1230,780,100,205,30,100,0,1205,750,65,265,25,90,0,10,338,158,170,39,19,20,41,12,27,40,10,27,34,13,20,30,22,0,139,44,91,345,109,231,342,107,220,330,104,216,367,100,261,0.0,19,19099,,,
294,19113000800,8,-91.656867,42.02056,3705381.0,3692210.0,13171.0,4580,3733,248,380,183,43,24,4461,3786,219,149,327,14,0,4520,3557,171,134,376,12,66,4319,3162,270,555,194,96,47,4497,3604,152,116,332,14,105,4349,3417,156,182,289,14,83,3519,3015,154,178,146,33,11,3255,3055,120,35,30,15,0,3060,2830,100,28,25,10,0,3381,2612,178,336,150,67,36,3381,2612,178,295,133,12,31,16,104,3176,2894,94,18,44,14,0,3250,2985,94,20,50,0,0,95,2388,1489,857,2433,1510,923,1959,1085,682,1935,909,922,1566,950,548,1438,1125,0,1827,1038,695,1976,1164,742,1962,1167,711,1807,1031,707,1824,1051,748,0.0,19,19113,,,
295,19113000901,9.01,-91.684396,42.025084,4915030.0,4915030.0,0.0,5608,4928,219,314,117,57,10,5686,4887,441,183,120,75,0,6243,4832,429,643,203,136,0,5637,4559,371,415,171,82,11,5822,4517,433,546,265,61,0,6014,4753,241,576,422,61,0,4279,3886,131,149,79,35,7,3915,3685,80,79,0,75,0,4150,3645,85,259,45,110,0,4323,3683,219,233,110,52,11,4323,3683,219,189,98,3,5,6,120,4170,3613,161,250,110,31,0,4640,3870,210,255,280,18,0,0,3050,1789,1208,3218,1790,1428,3588,1844,1481,3550,1464,1940,3195,1767,1367,2881,2221,0,3433,1795,1522,3540,2002,1465,3512,1905,1514,3259,1741,1439,3288,1921,1283,0.0,19,19113,,,
296,19113000902,9.02,-91.7102969,42.0173491,13909393.0,13607982.0,301411.0,6108,5600,114,168,209,37,12,6560,5912,74,161,392,20,0,6619,5891,51,322,346,10,0,6608,5915,138,175,265,80,14,6864,5978,101,307,448,30,0,6754,5921,127,366,284,22,0,4578,4278,70,90,125,23,9,5037,4657,65,40,250,20,0,5147,4747,50,140,210,10,0,5281,4797,107,115,188,56,11,5281,4797,107,88,157,7,6,6,113,5196,4652,94,148,265,25,0,5325,4755,130,250,170,28,0,0,3899,1942,1906,4013,1912,2101,4214,1970,1915,4179,1470,2568,3841,1892,1881,3399,2552,0,4202,1995,2078,4603,2453,2048,4585,2291,2197,4244,2064,2089,4419,2361,1954,0.0,19,19113,,,
297,19113001001,10.01,-91.7418324,41.9960284,14133180.0,13189524.0,943656.0,4214,3828,81,182,107,26,4,4663,3761,264,274,325,48,0,4601,3791,182,257,344,39,0,4724,3859,148,503,157,34,13,4793,3892,231,278,365,43,0,5053,4170,93,576,214,0,0,3181,2949,62,102,64,18,3,3483,3088,80,155,145,19,0,3453,3053,70,145,165,19,0,3699,3177,85,278,118,29,8,3699,3177,85,239,95,5,4,2,92,3760,3275,81,163,217,21,0,3940,3425,34,330,144,0,0,0,2414,1457,921,2567,1548,1019,2658,1325,1135,2631,1079,1460,2288,1262,965,2079,1594,0,2557,1321,1135,2723,1494,1156,2710,1480,1142,2515,1317,1125,2573,1385,1138,0.0,19,19113,,,
298,19181020400,204,-93.5224402,41.4811572,45755111.0,45473428.0,281683.0,4280,4105,78,43,36,18,2,4543,4277,70,98,78,20,0,4541,4327,88,68,40,18,0,4646,4271,161,66,39,71,3,4702,4453,190,43,0,16,0,4556,4267,181,78,0,56,0,3055,2978,32,16,17,12,2,3145,3040,25,10,45,20,0,3235,3145,30,10,30,20,0,3325,3108,87,37,19,42,2,3325,3108,87,22,12,0,1,5,90,3375,3281,78,1,0,19,0,3365,3220,90,20,0,30,0,0,2197,1074,1073,2270,1161,1109,2386,961,1241,2357,781,1459,2072,993,1042,1796,1352,0,2330,996,1265,2594,1099,1433,2572,1115,1371,2376,1009,1316,2685,1094,1550,0.0,19,19181,,,
299,19181020500,205,-93.4100748,41.4229943,210471944.0,207967857.0,2504087.0,2315,2200,55,31,12,21,0,2356,2286,8,37,0,25,0,2581,2510,9,17,0,45,0,2341,2154,58,23,25,52,1,2379,2310,23,1,0,45,0,2472,2349,74,7,28,14,4,1671,1615,30,13,3,16,0,1695,1665,4,15,0,8,0,1835,1790,4,4,0,35,0,1735,1643,29,6,11,28,0,1735,1643,29,5,6,0,0,5,47,1634,1569,13,0,0,34,0,1755,1685,50,0,10,14,0,4,1242,585,632,1263,585,678,1283,374,820,1275,326,885,1166,445,692,999,698,0,1256,399,828,1403,424,950,1391,418,927,1307,411,868,1433,401,1002,0.0,19,19181,,,
300,19181021200,212,-93.7408799,41.2895626,284536628.0,283477502.0,1059126.0,3687,3585,68,12,3,24,0,3942,3791,100,17,19,15,10,3840,3664,114,29,21,13,11,3821,3569,86,33,22,49,5,3941,3790,92,20,13,15,8,4128,3897,113,27,10,22,8,2763,2714,35,3,2,10,0,2940,2865,49,4,4,14,4,2950,2870,59,8,4,14,4,2952,2793,45,13,15,42,4,2952,2793,45,0,8,6,3,11,86,3004,2915,33,7,3,15,4,3130,3050,44,14,4,22,4,0,2073,980,1035,2070,917,1153,2192,660,1371,2174,590,1487,1926,713,1160,1657,1177,0,2178,695,1415,2528,784,1681,2499,788,1625,2261,712,1493,2535,705,1782,0.0,19,19181,,,
301,19181021100,211,-93.5020431,41.2528273,560896952.0,558345169.0,2551783.0,4795,4650,68,31,16,30,7,4934,4596,280,16,0,34,0,4839,4532,262,14,0,23,0,4988,4647,141,44,31,82,7,4931,4621,221,10,0,89,0,5014,4482,375,64,5,225,3,3569,3486,39,17,7,23,1,3720,3585,84,14,0,35,0,3610,3505,73,8,0,25,0,3800,3561,93,23,18,66,7,3800,3561,93,12,9,3,0,10,112,3900,3743,95,6,0,72,0,3890,3660,140,25,4,43,0,25,2736,1195,1473,2688,1192,1496,2836,781,1862,2795,702,1972,2441,817,1549,2068,1435,0,2781,829,1891,3170,896,2229,3127,902,2133,2877,839,1976,3269,814,2390,0.0,19,19181,,,
302,19181020600,206,-93.5528367,41.387332,158273157.0,157615897.0,657260.0,3061,2972,35,24,21,17,2,3465,3234,61,81,8,0,108,3489,3256,64,64,7,0,120,3736,3522,56,36,35,38,1,3544,3380,47,38,3,0,90,3444,3323,93,57,3,17,0,2338,2284,24,13,11,6,2,2450,2375,40,40,0,0,0,2525,2455,45,30,0,0,0,2906,2754,33,21,27,36,1,2906,2754,33,11,20,3,1,9,75,2439,2390,32,13,0,0,0,2515,2435,74,0,0,4,0,4,2073,964,1067,1860,866,994,1949,704,1096,1926,586,1261,1713,702,985,1464,1072,0,2007,750,1191,2387,906,1428,2367,915,1375,2184,825,1308,2390,859,1488,0.0,19,19181,,,
303,19181020300,203,-93.6054238,41.4299132,142897433.0,141783836.0,1113597.0,2914,2762,81,30,32,8,2,2855,2603,106,1,101,48,0,3162,2844,110,1,161,48,0,3612,3263,129,28,61,56,5,3303,2926,125,12,183,57,0,3543,3100,194,59,148,21,0,2207,2120,40,15,15,8,1,2256,2081,81,0,65,30,0,2411,2213,85,0,90,30,0,2700,2488,84,9,40,33,2,2700,2488,84,9,33,7,0,10,69,2578,2328,89,9,101,44,0,2565,2385,65,40,69,10,0,0,1727,830,863,1733,836,897,1956,718,1107,1930,608,1264,1805,789,972,1580,1159,0,2008,792,1159,2309,941,1326,2282,925,1300,2103,831,1229,2566,976,1543,0.0,19,19181,,,
304,19087970400,9704,-91.533914,40.9479,26817289.0,26774995.0,42294.0,4931,4072,324,260,248,56,16,4888,4022,347,404,114,58,40,4961,4076,400,427,69,62,17,5328,4127,445,389,256,86,10,5122,4122,449,494,72,103,26,5473,4236,490,575,204,93,45,3884,3276,224,183,168,42,15,3915,3300,255,270,55,25,0,4020,3405,255,280,60,19,0,4423,3515,297,337,196,74,9,4423,3515,297,305,178,28,3,13,84,4114,3402,286,342,40,32,0,4365,3540,170,428,165,34,4,25,2089,989,1035,2140,1085,1055,1942,671,1103,1920,574,1282,1606,676,889,1323,1016,0,1869,716,1096,2143,823,1271,2095,855,1147,1898,722,1129,1989,724,1220,0.0,19,19087,,,
305,19087970200,9702,-91.6179473,40.9252126,413506497.0,409953896.0,3552601.0,3010,2907,53,11,31,12,0,3081,3032,26,3,17,3,0,3065,2992,20,4,46,3,0,3024,2893,38,17,29,37,3,2995,2913,26,3,45,5,0,2909,2684,21,5,114,14,0,2316,2268,18,6,13,7,0,2336,2306,4,0,15,4,0,2306,2271,10,0,24,4,0,2370,2283,21,15,20,22,3,2370,2283,21,4,11,1,3,8,39,2179,2151,3,0,30,5,0,2140,2070,8,4,54,8,0,4,1598,692,851,1613,672,941,1644,399,1143,1609,348,1213,1338,442,869,1037,771,0,1539,435,1081,1763,461,1279,1714,505,1143,1587,451,1104,1709,450,1239,0.0,19,19087,,,
306,19087970300,9703,-91.5692164,40.9718946,23347651.0,23306489.0,41162.0,4467,3718,278,211,211,42,14,4377,3473,231,202,480,49,19,4224,3330,226,219,445,38,17,4697,3764,405,206,230,72,8,4025,3135,256,206,503,31,45,4363,3593,287,202,227,13,3,3494,2990,187,151,143,34,12,3454,2969,150,104,175,35,0,3274,2829,145,100,151,34,0,3687,3071,278,113,154,49,4,3687,3071,278,80,131,4,1,5,117,3234,2796,177,64,166,5,0,3490,3025,230,95,129,14,0,4,1902,889,954,1908,949,959,1948,694,1080,1914,629,1197,1462,654,772,1212,902,0,1758,682,1014,1965,728,1194,1920,753,1080,1749,672,1029,1769,632,1097,0.0,19,19087,,,
307,19087970100,9701,-91.5361308,41.0960243,398213736.0,398043843.0,169893.0,4073,3894,78,42,36,20,0,3919,3529,276,42,30,49,0,4006,3599,263,43,38,70,0,3729,3414,135,40,53,52,4,3841,3497,214,28,14,63,0,3752,3402,217,25,19,55,0,3036,2942,44,12,17,14,0,2880,2740,55,20,30,28,0,2900,2760,55,14,35,34,0,2854,2662,67,20,41,40,0,2854,2662,67,16,23,11,0,9,66,2928,2819,44,8,11,39,0,2880,2760,59,8,8,47,0,0,1959,858,1036,2022,828,1194,1945,525,1287,1911,442,1410,1473,527,957,1240,941,0,1791,542,1219,2055,587,1433,2022,615,1315,1861,553,1274,2081,572,1484,0.0,19,19087,,,
308,19087970500,9705,-91.4300646,40.9350742,268689850.0,266720971.0,1968879.0,3664,3550,31,45,21,19,1,3661,3529,68,15,9,26,18,3688,3563,65,22,9,16,17,3704,3445,60,63,20,71,3,3906,3787,44,19,7,37,17,3939,3804,78,40,16,26,0,2746,2693,17,12,16,10,0,2675,2610,35,4,0,19,10,2740,2670,30,8,4,14,10,2833,2678,36,27,12,51,1,2833,2678,36,17,11,3,1,5,82,2808,2742,29,8,4,8,3,2955,2905,45,4,8,4,0,4,1884,902,920,1877,953,924,1892,598,1163,1847,511,1218,1502,644,798,1237,942,0,1784,638,1087,2056,676,1330,2021,729,1190,1858,663,1144,2052,617,1399,0.0,19,19087,,,
309,19103010306,103.06,-91.6693524,41.7686797,47142659.0,45665260.0,1477399.0,1868,1660,64,91,41,17,1,2402,2142,51,79,123,0,4,2552,2157,50,226,118,0,3,3045,2542,112,238,112,42,7,2704,2475,58,115,56,0,0,2881,2404,125,109,234,0,0,1357,1241,37,47,26,10,0,1728,1578,51,46,44,0,4,1670,1557,34,40,28,0,4,2036,1730,69,123,75,34,3,2036,1730,69,103,57,8,1,5,63,1990,1854,62,56,21,0,0,2070,1775,125,45,125,0,0,0,1047,655,376,1164,719,445,1270,747,404,1244,604,587,1123,760,350,1026,829,0,1334,830,462,1641,1073,533,1622,1028,550,1467,911,524,1745,1065,649,0.0,19,19103,,,
310,19103000402,4.02,-91.6111121,41.6548195,35767939.0,35767939.0,0.0,3938,2498,127,465,836,26,4,3980,2765,97,140,956,21,0,4419,3020,108,168,1104,18,0,4937,3548,154,199,919,43,6,4586,3333,137,118,941,0,0,4702,3481,192,46,972,5,0,2940,1960,89,264,616,18,2,2376,1992,66,49,245,14,0,2695,2230,80,38,322,15,0,3873,2852,112,147,672,32,4,3873,2852,112,110,648,5,0,12,134,3094,2629,115,33,308,0,0,3400,2825,175,15,380,4,0,0,1899,1317,555,1983,1337,646,2192,1512,537,2135,1270,804,1993,1460,507,1832,1577,0,2233,1568,612,2561,1901,618,2520,1799,679,2335,1654,643,2663,1943,670,0.0,19,19103,,,
311,19103010308,103.08,-91.570276,41.7446045,20517480.0,18763617.0,1753863.0,3494,3074,99,147,156,17,1,4213,3870,45,141,157,0,0,4262,3777,45,234,205,0,0,5013,4171,182,215,343,41,7,4597,4200,0,303,88,0,0,5060,4030,53,589,380,45,0,2662,2385,63,86,109,14,1,3305,3040,0,110,150,0,0,3240,2910,0,130,205,0,0,3575,3040,113,122,235,22,5,3575,3040,113,92,217,1,0,15,97,3303,3040,0,176,89,0,0,3505,2930,45,245,260,0,0,35,2300,1527,744,2210,1413,797,2718,1652,857,2672,1384,1207,2547,1690,817,2320,1895,0,2827,1776,970,3250,2178,1008,3214,2060,1100,2950,1883,1013,3438,2259,1119,0.0,19,19103,,,
312,19103000305,3.05,-91.5968569,41.7065019,5802172.0,5788631.0,13541.0,3870,2960,196,356,335,32,2,3790,2994,91,126,564,0,0,3996,3382,68,102,433,0,0,4297,3262,212,290,464,41,4,3958,2940,44,371,530,61,0,4106,3368,58,280,350,55,0,3005,2396,134,229,236,22,1,2490,2075,90,95,225,0,0,2695,2375,70,70,180,0,0,3279,2575,147,191,327,30,1,3279,2575,147,156,300,0,0,9,92,2645,2096,42,277,177,59,0,2940,2530,60,129,169,50,0,0,1848,1285,533,1868,1280,588,2127,1432,541,2089,1205,806,1972,1450,486,1834,1557,0,2200,1534,599,2526,1872,615,2493,1799,648,2291,1618,628,2448,1762,642,0.0,19,19103,,,
313,19103000306,3.06,-91.5699995,41.6976241,5081443.0,4982185.0,99258.0,3166,2425,159,291,273,26,5,3789,3191,101,320,177,0,0,3530,2830,85,326,290,0,0,3398,2622,144,223,350,24,5,3991,3339,49,16,587,0,0,4177,3493,46,59,567,31,0,2460,1957,108,185,190,20,4,2560,2340,85,55,80,0,0,2440,2270,45,40,90,0,0,2641,2142,81,145,235,14,2,2641,2142,81,132,217,0,0,11,58,2563,2475,9,15,66,0,0,2780,2640,4,45,80,30,0,0,1459,1017,417,1539,1056,483,1938,1221,569,1912,1065,806,1853,1268,562,1674,1377,0,2010,1323,635,2255,1592,620,2240,1522,684,2081,1393,653,2428,1673,699,0.0,19,19103,,,
314,19103000307,3.07,-91.5866739,41.6813987,1341526.0,1341526.0,0.0,2739,2096,137,253,237,23,3,2746,1377,305,629,435,0,0,3055,1412,337,922,382,0,0,2946,1513,217,1035,170,50,2,3097,1277,31,1588,200,1,0,3306,1502,31,1623,122,1,0,2129,1694,95,162,164,19,2,1667,1258,101,156,156,0,0,1720,1341,110,138,130,0,0,2339,1373,155,649,145,42,2,2339,1373,155,603,119,1,0,6,82,1580,1238,29,205,100,4,0,2230,1495,33,620,90,4,0,0,1264,882,363,1470,1009,461,1225,897,236,1196,781,349,1074,842,210,1006,872,0,1183,885,256,1275,982,267,1258,957,261,1176,883,259,1290,985,276,0.0,19,19103,,,
315,19155030700,307,-95.8602748,41.2611898,1502718.0,1502718.0,0.0,3056,2531,375,83,38,47,4,2981,1963,743,155,94,175,0,2972,1822,1010,8,39,101,0,2686,1916,492,146,32,105,6,3117,1936,1101,10,0,83,0,2740,1897,832,11,0,78,0,2294,1967,230,43,28,35,2,2060,1710,255,59,25,75,0,2005,1560,355,4,10,75,0,1983,1486,325,74,22,75,2,1983,1486,325,59,16,16,0,4,77,1961,1626,288,3,0,42,0,1830,1650,175,4,0,0,0,0,978,569,388,918,556,362,948,409,459,910,351,470,725,362,333,637,460,0,856,401,410,948,467,459,937,465,414,847,401,413,897,415,459,0.0,19,19155,,,
316,19155030800,308,-95.8587578,41.2421501,2409455.0,2409455.0,0.0,3491,2804,518,81,55,39,2,3263,2571,591,69,0,32,0,3263,2467,635,123,0,50,0,3403,2594,564,73,68,96,9,3504,2519,740,151,0,106,0,3399,2804,398,101,0,85,0,2593,2197,293,43,37,21,2,2235,1885,275,45,0,35,0,2325,1895,305,75,0,49,0,2592,2065,354,40,53,56,9,2592,2065,354,28,44,10,4,5,82,2550,2017,344,80,0,103,0,2740,2425,189,64,0,70,0,0,1131,630,467,1261,744,517,1331,584,656,1278,480,685,999,511,456,874,654,0,1202,566,593,1333,626,690,1308,640,607,1135,527,579,1231,529,690,0.0,19,19155,,,
317,19099040400,404,-93.0242703,41.6976353,7700550.0,7700550.0,0.0,5110,4888,96,63,50,41,3,5598,4928,182,370,94,69,29,5862,5132,248,372,85,107,0,5392,4790,206,184,56,118,13,5873,5435,224,170,26,66,0,6062,5664,150,215,30,40,0,3953,3826,48,32,32,27,2,4025,3655,95,190,65,44,0,4340,3970,115,165,65,64,0,4215,3830,116,102,32,86,7,4215,3830,116,86,25,16,2,11,129,4370,4168,105,58,15,47,0,4605,4425,75,89,20,24,0,0,2748,1683,1016,2641,1664,977,2562,1193,1163,2520,1017,1337,2092,1189,863,1930,1550,0,2444,1211,1131,2711,1320,1334,2684,1325,1256,2493,1224,1202,2766,1215,1502,0.0,19,19099,,,
318,19099040700,407,-93.2692159,41.5933589,240117346.0,238974213.0,1143133.0,5202,5048,60,35,37,23,3,5263,4978,127,21,40,34,77,5350,5213,56,29,39,2,23,5390,5016,138,52,62,45,18,5338,5241,33,24,18,7,6,5438,5185,95,83,48,22,0,3823,3740,33,15,19,18,3,3885,3710,80,15,8,15,55,3860,3795,25,25,8,4,0,4049,3849,47,21,42,28,9,4049,3849,47,13,24,0,7,16,93,3850,3783,20,23,5,9,0,3835,3710,60,50,12,8,0,0,2713,1408,1233,2742,1483,1259,2731,961,1565,2716,821,1720,2292,996,1245,2082,1494,0,2651,1000,1569,3030,1102,1855,3011,1116,1770,2728,1012,1644,2992,1010,1932,0.0,19,19099,,,
319,19099040300,403,-93.0796489,41.7064893,19524716.0,19507877.0,16839.0,2618,2510,44,22,24,16,3,2682,2484,34,109,31,55,0,2575,2448,13,63,31,51,0,2676,2393,84,110,34,39,7,2528,2429,7,56,15,25,0,2703,2627,15,0,21,35,0,2037,1975,27,15,15,12,2,2020,1870,24,85,0,20,0,1950,1855,14,50,0,20,0,2096,1937,55,41,22,27,4,2096,1937,55,34,10,2,1,3,54,1906,1825,3,52,0,8,0,2075,2035,19,0,0,10,0,15,1413,821,562,1361,810,551,1286,562,614,1272,481,709,1057,556,484,968,765,0,1222,561,611,1332,591,715,1330,614,651,1224,554,631,1342,565,753,0.0,19,19099,,,
320,19099040100,401,-92.9191422,41.7843165,506957597.0,504163991.0,2793606.0,3741,3631,58,18,24,12,0,3781,3659,49,17,46,10,0,3799,3676,62,18,36,7,0,3692,3417,73,27,42,64,1,3755,3527,65,9,152,2,0,3892,3636,75,9,172,0,0,2953,2883,38,6,12,9,0,2970,2905,25,15,8,10,0,2945,2885,30,20,8,4,0,2900,2732,38,14,28,48,1,2900,2732,38,5,19,5,1,13,87,2827,2768,30,8,22,3,0,2910,2820,54,10,37,0,0,0,2133,1097,954,2087,1010,1077,2096,672,1274,2088,577,1380,1790,724,1069,1607,1172,0,2022,712,1275,2239,740,1469,2222,783,1372,2070,718,1320,2221,734,1445,0.0,19,19099,,,
321,19099040800,408,-93.0869266,41.6058138,353524057.0,351970474.0,1553583.0,4576,4254,57,215,26,20,4,4637,4218,148,161,70,52,0,4577,4151,160,140,72,71,0,4186,3971,82,21,9,78,7,3851,3747,46,14,31,8,0,3891,3804,46,7,18,11,0,3673,3381,48,211,15,17,3,3768,3422,101,158,33,53,0,3735,3369,117,137,40,65,0,3249,3111,54,4,0,60,4,3249,3111,54,0,0,6,1,5,72,3128,3079,25,5,3,8,0,3105,3050,45,4,0,8,0,0,1998,978,950,2251,1118,1133,2311,731,1408,2300,632,1532,1972,801,1139,1758,1272,0,2071,705,1321,2105,695,1379,2096,703,1337,1979,685,1260,2181,669,1467,0.0,19,19099,,,
322,19099040900,409,-92.8598441,41.5988652,359604248.0,359245703.0,358545.0,2909,2863,18,7,8,12,0,2989,2892,5,61,19,13,0,2990,2877,10,47,25,14,0,2967,2836,43,18,24,40,4,2999,2883,13,34,33,9,0,2939,2861,17,18,9,6,0,2182,2156,13,3,3,5,0,2320,2255,4,28,19,20,0,2310,2240,8,24,24,16,0,2232,2146,28,14,11,32,4,2232,2146,28,9,5,4,0,0,40,2418,2325,11,20,31,12,0,2360,2320,12,19,4,12,0,0,1796,403,1352,1697,435,1262,1728,287,1349,1724,254,1399,1469,311,1171,1240,813,0,1674,316,1343,1887,348,1518,1873,366,1472,1752,321,1410,1855,249,1581,0.0,19,19099,,,
323,19061000600,6,-90.6840076,42.5108233,1836191.0,1836191.0,0.0,3328,2823,131,265,64,33,45,3277,2670,100,513,24,27,0,2999,2158,218,599,54,32,0,3175,2341,215,477,70,58,32,2950,2384,173,304,115,53,0,2978,2367,302,225,87,0,0,2651,2352,89,137,51,18,22,2379,2079,100,178,10,0,0,2064,1714,105,230,14,0,0,2543,1967,160,309,63,41,22,2543,1967,160,265,47,6,16,6,76,2349,2040,75,190,27,0,0,2390,2100,80,170,29,0,0,0,1413,918,470,1447,933,514,1208,640,444,1172,552,558,903,538,332,805,638,0,1096,613,426,1202,705,459,1185,693,442,1084,604,438,1087,581,486,0.0,19,19061,,,
324,19109950100,9501,-94.1781603,43.4096577,900496090.0,897298939.0,3197151.0,2425,2356,48,9,2,5,0,2165,2047,86,13,4,20,0,2160,1961,127,0,8,70,0,2236,2091,79,16,13,21,2,2073,1960,83,0,8,28,0,2001,1875,61,7,15,27,5,1911,1868,30,3,2,5,0,1670,1630,29,8,0,4,0,1640,1565,59,0,0,10,0,1781,1698,44,4,6,13,2,1781,1698,44,3,5,4,0,5,22,1612,1560,43,0,0,10,0,1510,1440,35,14,4,8,0,4,1473,604,806,1245,440,805,1294,284,934,1292,226,1000,1071,263,744,872,652,0,1221,288,924,1358,301,1041,1337,330,980,1242,282,939,1263,250,989,38143.74713348787,19,19109,,,
325,19109950300,9503,-94.3254924,43.2478748,336913631.0,336913631.0,0.0,2373,2321,27,15,6,6,2,2335,2215,27,60,13,21,0,2273,2125,42,57,19,38,0,2081,1936,73,28,15,25,2,2255,2128,35,64,39,14,0,2166,2064,17,67,27,6,4,1791,1774,11,3,0,4,0,1740,1695,19,0,16,22,0,1750,1670,33,0,16,39,0,1679,1581,46,20,9,17,1,1679,1581,46,5,3,0,1,0,43,1799,1717,21,9,16,18,0,1750,1690,8,22,16,12,4,4,1320,676,589,1271,586,685,1192,312,809,1192,279,856,1014,318,669,858,681,0,1156,329,814,1301,364,918,1301,381,873,1197,340,834,1235,305,908,0.0,19,19109,,,
326,19109950600,9506,-94.3345399,43.0312465,545001677.0,544767907.0,233770.0,2077,2041,19,7,7,7,0,2050,1969,39,18,14,1,0,2079,2031,14,11,22,0,2,2081,1999,47,14,7,11,0,2157,2092,8,30,27,0,1,2110,2026,2,12,44,9,2,1527,1509,11,3,2,2,0,1520,1450,40,20,10,4,0,1520,1480,8,10,15,0,0,1506,1472,16,5,7,5,0,1506,1472,16,4,3,0,0,2,9,1601,1557,4,32,20,0,0,1515,1475,0,0,30,8,0,4,1247,581,603,1211,477,734,1214,282,839,1193,279,845,1040,326,693,875,655,0,1170,319,837,1337,328,995,1325,352,933,1208,324,861,1259,291,959,0.0,19,19109,,,
327,19109950200,9502,-94.0791112,43.0744984,703547257.0,702953173.0,594084.0,2546,2488,40,4,10,12,3,2400,2304,48,36,1,13,3,2439,2361,31,13,5,26,3,2407,2298,46,14,11,25,2,2490,2378,55,30,3,8,14,2599,2508,49,26,2,11,0,1973,1941,22,1,5,5,2,1930,1870,24,32,4,8,0,1885,1840,14,8,4,18,0,1908,1852,22,9,4,13,2,1908,1852,22,9,3,0,2,4,16,1770,1754,4,14,4,15,0,1910,1885,8,4,4,16,0,0,1595,738,785,1548,615,933,1510,362,1106,1502,341,1118,1344,392,918,1182,880,0,1452,370,1069,1586,386,1178,1571,415,1122,1487,386,1077,1475,312,1141,0.0,19,19109,,,
328,19109950400,9504,-94.2436664,43.0806151,19355723.0,19255136.0,100587.0,2701,2615,30,22,26,8,1,2689,2516,72,23,73,5,0,2853,2681,79,20,54,19,0,2602,2296,185,40,46,37,5,2806,2579,142,35,40,10,0,2765,2401,253,17,20,8,0,2114,2067,17,10,18,3,1,2150,2065,20,25,35,4,0,2275,2190,25,20,25,20,0,2042,1837,121,24,31,23,3,2042,1837,121,20,24,1,0,1,38,2258,2161,35,37,12,11,0,2140,2085,19,19,10,10,0,0,1571,871,669,1566,765,801,1340,486,780,1342,419,871,1150,474,649,1031,833,0,1338,492,817,1589,554,1009,1578,549,984,1355,503,826,1316,487,808,0.0,19,19109,,,
329,19109950500,9505,-94.2088747,43.0790282,18173023.0,18173023.0,0.0,3421,3300,51,34,36,10,0,3436,3288,90,49,9,9,0,3173,3033,109,24,7,7,0,3421,3138,173,36,37,17,3,3083,2858,146,60,19,5,0,3077,2765,179,76,21,0,0,2672,2618,24,11,19,5,0,2680,2575,45,50,0,0,0,2495,2415,44,25,0,0,0,2737,2540,123,15,26,15,3,2737,2540,123,9,17,1,0,2,45,2457,2337,33,60,17,0,0,2415,2280,70,45,20,0,0,0,2064,1155,877,1898,942,956,2037,748,1195,2035,650,1322,1772,774,980,1590,1291,0,1893,745,1112,1919,763,1134,1894,772,1065,1866,731,1108,1849,639,1178,0.0,19,19109,,,
330,19121060300,603,-94.0570152,41.2761305,842776828.0,842497439.0,279389.0,4005,3911,26,17,23,19,7,3928,3746,62,76,31,12,3,4068,3922,28,73,31,11,6,4191,3990,59,26,41,64,2,4175,4039,42,42,15,37,16,4274,4157,36,7,21,20,34,2907,2855,17,8,12,13,3,3001,2921,30,20,10,12,0,3117,3055,20,10,15,18,0,3051,2934,33,12,25,37,2,3051,2934,33,6,14,2,0,9,53,3117,3050,39,0,0,36,0,3230,3155,12,4,20,24,0,15,2231,941,1209,2038,839,1199,2221,541,1528,2198,489,1586,1895,560,1307,1606,1117,0,2167,597,1526,2482,660,1767,2448,685,1679,2269,606,1618,2548,630,1890,0.0,19,19121,,,
331,19121060200,602,-94.0085156,41.3278088,15365849.0,15365849.0,0.0,5244,5069,104,20,24,32,2,5477,5148,150,13,157,10,0,5388,5046,141,13,181,12,0,5243,4879,149,31,60,84,14,5315,4993,215,86,0,32,0,5063,4802,88,164,0,59,0,3838,3748,56,7,13,19,1,3941,3831,60,12,30,14,0,3925,3776,90,16,30,18,0,4005,3762,92,17,45,56,10,4005,3762,92,4,26,2,0,7,112,4013,3751,131,40,0,41,0,3765,3670,4,53,0,49,0,0,2688,1278,1344,2598,1279,1319,2642,948,1523,2620,751,1735,2329,1008,1297,2060,1521,0,2563,966,1546,2882,1087,1751,2840,1091,1664,2625,982,1600,2894,1028,1825,0.0,19,19121,,,
332,19061001202,12.02,-90.7201844,42.4996787,2136718.0,2136718.0,0.0,1990,1817,36,55,74,10,2,2122,1890,69,115,32,23,0,2284,1945,62,142,98,44,0,2226,1809,60,177,56,55,74,2169,1907,22,167,49,34,0,2218,1803,41,251,36,34,63,1609,1492,25,36,52,6,1,1754,1606,51,58,10,25,0,1840,1612,56,87,40,45,0,1867,1574,37,124,43,37,47,1867,1574,37,106,35,3,44,13,55,1769,1590,21,100,18,34,0,1740,1505,35,149,14,30,10,0,1115,697,400,1259,746,513,1112,593,446,1080,501,549,969,535,406,843,676,0,1098,583,475,1245,677,533,1217,664,510,1131,597,502,1137,590,532,0.0,19,19061,,,
333,19133960200,9602,-96.1427865,42.0749048,678314832.0,668151388.0,10163444.0,2088,2013,32,12,6,25,4,2085,1997,61,21,4,2,0,1912,1828,55,24,3,3,0,2016,1793,130,9,15,56,2,1879,1730,54,26,0,69,0,1962,1724,62,52,0,125,0,1653,1608,20,3,4,19,2,1610,1560,35,15,4,8,0,1500,1450,35,10,4,8,0,1605,1450,94,4,10,33,2,1605,1450,94,4,6,14,0,6,31,1513,1414,18,10,0,68,0,1560,1445,24,14,0,80,0,0,1105,496,543,1100,442,658,1097,264,765,1092,237,818,938,265,630,799,564,0,1040,283,739,1140,300,819,1126,311,774,1072,282,768,1115,261,843,62102.102946047045,19,19133,,,
334,19061000900,9,-90.6954729,42.4976468,1988263.0,1988263.0,0.0,3892,3568,101,134,54,16,24,3418,2916,126,284,65,32,0,3652,3178,90,298,56,35,0,3759,3120,211,271,79,62,10,3778,3274,88,336,28,32,0,3850,3412,120,236,64,30,0,3179,2927,76,101,45,13,14,2893,2486,84,237,45,35,0,2981,2589,78,233,45,34,0,3118,2638,143,220,52,33,10,3118,2638,143,199,42,1,7,27,61,3141,2744,77,258,27,28,0,3245,2935,73,214,14,14,0,0,2111,1367,714,2255,1446,809,1967,1053,738,1907,938,880,1585,973,555,1431,1150,0,1807,1023,710,1918,1103,772,1884,1076,739,1757,982,716,1781,939,814,0.0,19,19061,,,
335,19019950100,9501,-91.74093,42.5494905,380769460.0,380709158.0,60302.0,2492,2409,35,16,5,24,4,2539,2394,12,84,27,26,0,2631,2471,9,85,54,12,0,2374,2263,44,18,9,37,8,2603,2460,28,31,73,20,2,2513,2389,43,18,3,24,43,1818,1775,17,5,5,16,2,1810,1780,4,4,8,14,0,1850,1825,8,4,10,4,0,1766,1704,15,9,6,29,5,1766,1704,15,0,0,2,1,4,40,1837,1801,9,3,3,6,0,1800,1755,18,8,4,16,10,0,1277,751,488,1310,754,556,1271,522,699,1269,387,818,1052,453,571,902,714,0,1178,465,694,1301,474,805,1298,513,748,1222,452,744,1257,412,821,0.0,19,19019,,,
336,19019950300,9503,-92.0192585,42.5055852,96801041.0,96724206.0,76835.0,3276,3178,42,24,19,17,9,3372,3285,10,55,29,0,22,3355,3214,14,88,49,0,40,3078,2943,47,26,9,54,2,3366,3200,13,142,9,11,0,3079,3025,29,0,0,13,0,2366,2320,21,5,10,11,4,2355,2335,8,0,0,0,0,2340,2315,14,0,0,0,0,2264,2189,27,13,1,31,2,2264,2189,27,7,1,0,2,0,38,2238,2222,16,0,0,9,0,2255,2220,20,0,0,14,0,0,1567,922,612,1598,884,714,1657,611,904,1633,527,1024,1315,587,694,1130,874,0,1516,584,883,1674,608,1040,1655,622,970,1514,572,911,1684,584,1077,0.0,19,19019,,,
337,19019950600,9506,-91.8254373,42.3833878,714242284.0,711475599.0,2766685.0,4494,4382,33,25,34,28,1,4797,4695,69,16,0,0,0,4728,4659,37,16,0,2,0,4558,4379,55,29,18,49,7,4770,4694,45,17,0,2,0,4589,4484,32,16,25,14,0,3366,3316,17,7,13,11,1,3576,3506,54,14,0,0,0,3500,3470,28,12,0,0,0,3410,3295,37,18,9,29,5,3410,3295,37,11,2,1,1,7,56,3571,3539,38,8,0,0,0,3420,3345,29,16,24,18,0,0,2537,1375,1077,2481,1314,1167,2502,914,1409,2486,729,1583,2089,893,1165,1854,1407,0,2389,896,1445,2659,950,1666,2650,979,1594,2489,898,1534,2728,888,1780,0.0,19,19019,,,
338,19019950500,9505,-91.8738936,42.4691456,15814671.0,15281904.0,532767.0,3941,3815,56,44,32,13,2,3829,3715,74,8,1,31,0,3729,3620,69,14,0,27,0,3743,3480,85,36,34,58,1,3728,3608,99,10,0,12,0,3811,3577,169,7,52,7,0,2984,2917,26,13,20,6,1,2982,2912,39,4,0,30,0,2833,2768,24,10,0,25,0,2875,2713,45,17,26,36,0,2875,2713,45,12,15,3,0,4,83,2848,2801,30,3,0,11,0,2940,2840,40,4,50,4,0,0,2007,1174,798,2151,1263,888,1985,849,973,1960,691,1177,1653,856,775,1496,1182,0,1891,857,975,2079,922,1114,2059,931,1049,1881,838,999,1978,802,1134,0.0,19,19019,,,
339,19019950200,9502,-91.9367963,42.5751675,260725069.0,259173381.0,1551688.0,4054,3954,48,25,6,26,1,3631,3543,20,29,3,36,0,3532,3456,16,8,0,51,0,3887,3735,51,17,19,57,0,3637,3523,7,22,0,61,0,3642,3514,3,26,4,47,9,2708,2656,28,5,2,16,1,2515,2480,10,0,0,29,0,2555,2505,10,0,0,44,0,2602,2497,37,6,16,37,0,2602,2497,37,5,7,5,0,0,51,2635,2609,2,0,0,30,0,2550,2510,4,4,4,32,0,0,1468,899,535,1445,883,562,1408,535,820,1401,456,880,1126,477,603,1003,757,0,1312,505,783,1476,543,914,1469,565,855,1352,496,824,1474,457,997,0.0,19,19019,,,
340,19019950400,9504,-91.920874,42.4653365,15957230.0,15722465.0,234765.0,2701,2606,29,23,19,10,3,2957,2702,136,15,95,47,24,3143,2874,188,66,0,30,28,2925,2765,56,43,29,21,4,3037,2787,152,72,0,31,41,2997,2677,106,191,0,22,26,2040,1995,19,10,15,6,1,2132,2012,85,4,14,0,0,2322,2142,110,54,0,0,0,2233,2115,39,27,24,20,3,2233,2115,39,23,18,3,0,0,35,2278,2084,90,66,0,0,0,2195,2045,75,59,0,0,0,20,1569,916,621,1409,830,579,1428,576,722,1414,481,854,1244,612,594,1080,872,0,1400,609,749,1585,672,881,1573,682,847,1460,618,803,1629,623,981,0.0,19,19019,,,
341,19097950100,9501,-90.7906218,42.1673832,512131645.0,511188600.0,943045.0,2649,2599,19,5,16,10,0,2600,2530,0,65,5,0,0,2545,2477,0,62,6,0,0,2552,2454,14,10,9,27,5,2405,2396,0,0,9,0,0,2411,2370,0,0,12,29,0,2140,2101,14,4,10,10,0,2125,2095,0,25,4,0,0,2150,2125,0,20,4,0,0,2085,2013,7,7,9,20,5,2085,2013,7,1,2,0,0,11,51,2043,2052,0,0,4,0,0,2050,2015,0,0,4,30,0,0,1407,834,520,1357,779,578,1409,496,826,1393,469,858,1204,450,697,1041,804,0,1358,503,821,1530,514,997,1509,543,897,1393,484,871,1542,474,1038,0.0,19,19097,,,
342,19097950600,9506,-90.6536118,42.0637682,11818741.0,11664301.0,154440.0,2433,2298,44,38,7,15,39,2235,2065,75,6,0,0,89,2265,2134,76,0,0,0,55,2315,2053,50,81,13,45,59,2217,1981,76,54,0,0,106,2352,2019,58,170,0,0,98,1839,1774,11,5,4,6,17,1640,1560,40,0,0,0,45,1610,1560,40,0,0,0,10,1735,1575,26,43,9,34,43,1735,1575,26,29,3,1,38,0,63,1616,1498,37,54,0,0,25,1715,1550,30,105,0,0,25,10,1095,706,371,1103,713,390,999,433,490,982,401,547,791,399,368,696,557,0,950,435,478,1064,462,588,1061,486,512,959,430,502,992,393,581,0.0,19,19097,,,
343,19097950300,9503,-90.3324255,42.094243,369471565.0,349714880.0,19756685.0,3533,3471,30,17,4,16,3,3298,3245,10,21,8,18,4,3398,3298,68,21,9,8,5,3213,3109,41,25,2,28,5,3516,3382,84,20,9,17,5,3435,3292,79,23,13,19,4,2681,2649,16,5,2,8,2,2590,2550,8,4,4,19,0,2645,2585,49,4,4,10,0,2562,2501,26,12,0,15,3,2562,2501,26,7,0,5,0,2,21,2732,2662,55,4,1,15,0,2760,2680,64,0,8,18,0,0,1684,906,730,1825,993,832,1781,527,1151,1719,459,1203,1402,493,900,1107,862,0,1651,507,1123,1923,524,1378,1875,569,1224,1677,485,1165,1874,445,1399,25351.046223726473,19,19097,,,
344,19097950400,9504,-90.4595153,42.2070191,297193697.0,289419607.0,7774090.0,3607,3541,33,12,5,19,0,3933,3822,89,3,22,0,0,3861,3707,66,33,58,0,0,3808,3678,41,25,14,27,1,3872,3710,48,58,60,0,0,4028,3709,149,94,76,0,0,2813,2777,17,5,3,10,0,2985,2910,69,0,10,0,0,2900,2810,45,0,44,0,0,2902,2823,30,3,14,20,1,2902,2823,30,0,9,4,0,1,35,2826,2744,32,0,50,0,0,2855,2725,79,0,60,0,0,0,2009,1304,665,1981,1202,779,2113,859,1118,2037,723,1247,1769,749,959,1471,1189,0,2027,822,1155,2351,912,1403,2279,975,1230,2098,813,1235,2259,797,1438,17041.144945987657,19,19097,,,
345,19097950500,9505,-90.6773289,42.0569418,12762146.0,12705873.0,56273.0,4053,3820,69,58,28,37,58,4081,3720,59,196,67,3,42,4106,3744,43,159,38,0,125,4057,3700,59,67,34,58,139,4055,3738,42,208,39,1,0,3916,3791,15,19,10,1,52,3081,2964,35,25,19,27,40,3075,2879,28,126,44,4,0,2995,2854,23,106,19,0,0,3181,2938,42,33,23,52,94,3181,2938,42,21,19,9,94,7,51,3073,2916,16,127,20,4,0,3005,2950,10,19,10,4,10,0,1933,1253,643,1913,1244,669,1978,852,974,1940,783,1080,1667,838,775,1469,1185,0,1868,852,931,2005,903,1050,1958,904,928,1841,843,938,1965,812,1119,0.0,19,19097,,,
346,19097950200,9502,-90.5889682,42.2245067,479096189.0,472651668.0,6444521.0,3573,3494,25,8,19,18,9,3248,3155,43,33,7,10,2,3226,3163,32,19,2,9,1,3540,3375,32,64,18,33,4,3283,3197,46,30,3,10,0,3328,3260,30,2,17,17,0,2689,2650,20,2,9,6,5,2600,2551,35,6,5,4,0,2655,2616,29,7,1,4,0,2789,2699,15,29,12,17,2,2789,2699,15,20,4,3,0,6,42,2713,2660,52,1,0,4,0,2715,2655,29,0,10,15,0,4,1890,1096,741,1912,964,948,2013,643,1268,1974,587,1325,1737,622,1060,1419,1100,0,1974,664,1276,2262,714,1524,2231,772,1384,2039,662,1337,2169,646,1499,11648.791016039835,19,19097,,,
347,19043070200,702,-91.4752064,43.0082107,346783358.0,346765963.0,17395.0,3507,3283,146,49,15,16,3,3438,3174,69,166,15,15,0,3550,3176,198,159,16,0,0,3409,3074,141,134,28,25,5,3426,3095,166,151,41,0,0,3265,2904,193,112,51,35,0,2594,2486,62,22,13,12,3,2441,2376,25,29,4,10,0,2416,2336,70,4,4,0,0,2532,2354,64,69,17,20,2,2532,2354,64,58,12,0,0,0,44,2426,2343,58,4,0,0,0,2360,2205,35,53,23,22,0,35,1695,909,733,1652,802,850,1648,510,1039,1633,431,1126,1383,449,874,1205,897,0,1564,482,1042,1761,529,1201,1757,558,1152,1622,475,1099,1773,478,1281,0.0,19,19043,,,
348,19043070300,703,-91.3968322,42.8657639,365883224.0,365761842.0,121382.0,3338,3246,37,10,10,13,24,3404,3316,41,39,3,4,0,3467,3363,49,47,3,4,0,3152,3013,74,35,13,21,8,3536,3364,102,55,5,7,0,3423,3293,62,41,0,29,0,2662,2601,21,5,5,10,16,2718,2673,30,18,4,8,0,2803,2763,25,12,4,4,0,2507,2423,42,18,8,21,8,2507,2423,42,11,1,2,2,0,26,2817,2728,52,8,1,4,0,2770,2700,38,18,0,12,0,0,1917,1090,782,1876,1013,863,1910,722,1043,1904,596,1196,1677,659,879,1474,1135,0,1808,701,1037,1899,754,1116,1887,747,1092,1804,676,1064,1843,666,1146,0.0,19,19043,,,
349,19043070400,704,-91.136034,42.7846726,146777119.0,128020354.0,18756765.0,2576,2527,27,7,11,3,4,2515,2493,15,4,0,3,0,2347,2341,0,4,0,2,0,2452,2353,19,19,6,30,1,2338,2330,0,4,0,4,0,2269,2209,42,3,0,15,0,2111,2085,16,2,4,3,3,2192,2172,15,4,0,4,0,2057,2047,0,4,0,4,0,2055,1981,14,9,6,24,1,2055,1981,14,9,4,9,1,10,27,1998,1993,0,4,0,4,0,1875,1855,4,4,0,14,0,0,1361,797,536,1379,745,634,1382,486,800,1360,435,851,1235,486,702,1100,819,0,1332,505,795,1451,541,883,1432,561,838,1340,495,809,1413,505,885,18292.836522797494,19,19043,,,
350,19043070600,706,-91.4995786,42.7371939,417301805.0,417257286.0,44519.0,3339,3257,44,13,6,6,9,3059,2997,39,4,19,0,0,3128,3079,20,5,30,0,0,3081,2911,59,29,17,53,9,2871,2820,13,1,41,0,0,3139,3070,10,1,36,1,0,2471,2428,26,4,3,4,8,2426,2391,8,0,20,0,0,2481,2446,8,0,20,0,0,2379,2282,29,7,14,38,7,2379,2282,29,0,9,7,3,2,47,2378,2342,3,4,24,0,0,2470,2445,10,4,8,4,0,0,1600,877,681,1615,831,784,1657,538,1012,1631,466,1103,1394,468,864,1226,870,0,1570,510,1024,1747,541,1177,1733,561,1131,1622,507,1073,1723,503,1197,0.0,19,19043,,,
351,19043070500,705,-91.1990653,42.7039154,412719119.0,407516534.0,5202585.0,2288,2256,15,6,10,1,0,2281,2188,66,0,27,0,0,2199,2143,24,0,26,6,0,2085,2026,13,6,10,24,2,2213,2207,0,0,0,6,0,2179,2101,5,70,0,3,0,1640,1620,13,0,7,1,0,1562,1522,35,0,14,0,0,1557,1522,20,0,10,4,0,1534,1497,3,4,6,14,2,1534,1497,3,2,3,0,0,1,28,1537,1538,0,0,0,2,0,1555,1515,4,35,0,4,0,0,905,546,328,916,521,395,953,324,574,936,285,607,837,320,479,739,548,0,921,326,575,1063,341,707,1059,366,666,976,323,626,1041,288,744,10956.357403229527,19,19043,,,
352,19043070100,701,-91.2451142,42.9766922,363526984.0,350974006.0,12552978.0,3081,2994,37,14,22,21,3,2975,2797,109,13,15,43,0,2936,2807,48,17,11,56,0,2864,2734,37,17,16,46,1,3143,2992,71,17,18,48,0,2848,2749,64,18,8,9,0,2447,2390,25,11,11,14,3,2326,2246,35,4,15,38,0,2326,2266,14,4,10,48,0,2332,2236,21,14,14,31,1,2332,2236,21,6,8,8,0,2,51,2452,2372,17,3,16,36,0,2280,2235,19,14,4,16,0,0,1604,976,591,1575,913,662,1565,626,850,1541,524,947,1367,563,738,1231,919,0,1514,599,870,1673,634,1022,1656,641,966,1531,574,910,1607,577,1002,30006.919988993493,19,19043,,,
353,19067480200,4802,-92.9023504,43.1287239,299333456.0,299264250.0,69206.0,2722,2641,52,10,17,8,0,2708,2554,100,47,0,7,0,2690,2557,57,64,9,4,5,2575,2365,91,54,21,38,4,2741,2658,32,36,7,8,3,2653,2610,28,11,4,0,2,2076,2036,24,4,10,2,0,2070,2000,40,19,0,8,0,2095,2060,23,8,0,4,0,1982,1850,55,37,11,28,0,1982,1850,55,20,7,0,0,7,43,2069,2022,6,16,0,10,0,2000,1970,19,4,0,0,0,4,1359,805,499,1369,802,567,1330,544,717,1320,440,782,1011,462,571,925,684,0,1212,498,680,1377,511,843,1369,591,712,1237,480,718,1340,449,869,0.0,19,19067,,,
354,19067480100,4801,-92.6791674,43.1060141,458588108.0,458395484.0,192624.0,2848,2780,44,9,6,4,0,3086,3073,1,0,12,0,0,3040,2998,17,0,14,0,10,2753,2636,49,20,17,28,7,2794,2754,22,0,9,0,9,2644,2566,31,30,0,7,10,2107,2072,20,2,6,2,0,2285,2280,0,0,4,0,0,2255,2230,15,0,4,0,4,2040,1977,30,6,8,15,4,2040,1977,30,3,4,1,2,0,23,2142,2098,17,0,4,0,4,2035,1975,30,19,0,4,4,0,1470,746,665,1504,723,781,1508,473,936,1490,405,1039,1206,426,741,1008,746,0,1377,471,891,1467,479,976,1449,538,880,1378,460,899,1414,426,963,0.0,19,19067,,,
355,19067480400,4804,-92.665924,43.0915961,15956729.0,15796323.0,160406.0,3122,2852,83,91,88,7,3,3078,2506,176,151,134,84,27,3081,2608,141,150,68,91,23,2985,2489,145,185,122,38,2,3177,2615,148,178,114,80,42,3223,2782,185,95,142,19,0,2403,2253,41,42,59,5,1,2165,1945,100,30,55,10,25,2245,2055,55,34,70,10,25,2270,1973,76,96,87,29,1,2270,1973,76,88,78,3,0,4,48,2397,2147,47,52,108,22,38,2515,2285,60,20,120,20,0,0,1467,939,491,1469,921,548,1418,649,668,1395,559,774,1063,559,473,946,720,0,1262,613,618,1383,656,700,1389,716,615,1241,589,626,1306,583,705,0.0,19,19067,,,
356,19067480500,4805,-92.6817247,43.0584475,24385911.0,24259293.0,126618.0,5032,4634,133,134,130,17,7,4571,4113,166,207,85,0,0,4528,3924,273,204,127,0,0,4911,4116,247,259,211,69,4,4553,3756,357,154,102,0,63,4566,3773,354,157,109,43,7,3863,3639,66,66,85,14,6,3690,3380,45,175,89,0,0,3590,3145,120,205,124,0,0,3805,3326,148,130,143,36,4,3805,3326,148,116,130,8,0,2,75,3659,3164,221,155,102,0,0,3640,3170,220,115,85,45,0,0,2434,1531,850,2502,1532,970,2426,1076,1190,2431,942,1410,1890,908,951,1693,1317,0,2233,1017,1169,2437,1088,1306,2416,1148,1180,2216,982,1188,2273,951,1283,0.0,19,19067,,,
357,19067480300,4803,-92.8201022,42.9725502,500231649.0,498756573.0,1475076.0,2579,2536,19,11,3,7,0,2415,2347,24,14,20,10,0,2447,2362,23,21,33,8,0,2403,2301,18,30,8,32,7,2448,2388,15,11,25,0,0,2515,2223,45,213,10,17,0,1963,1939,10,6,3,3,0,1880,1840,14,4,20,8,0,1925,1865,14,4,35,8,0,1872,1821,12,9,4,18,0,1872,1821,12,3,3,2,0,0,31,1857,1812,7,10,25,0,0,1830,1695,20,84,10,19,0,0,1417,801,546,1394,726,668,1337,404,855,1333,354,922,1113,401,692,938,725,0,1271,432,819,1368,438,907,1349,505,794,1265,416,820,1317,373,924,0.0,19,19067,,,
358,19077950200,9502,-94.6201612,41.6904912,752590049.0,752356594.0,233455.0,2293,2231,20,8,19,12,1,2264,2102,79,25,0,55,3,2228,2139,41,22,7,15,10,2125,1998,33,0,14,39,11,2216,2103,67,17,6,10,8,2174,2035,63,31,18,14,8,1735,1691,16,5,13,9,1,1724,1654,20,14,0,39,0,1773,1733,8,14,4,14,0,1640,1560,17,0,11,27,6,1640,1560,17,0,6,7,6,2,42,1776,1739,24,0,0,1,0,1735,1665,34,18,4,14,4,4,1242,525,637,1160,498,662,1182,260,820,1178,240,858,1009,275,716,903,642,0,1135,301,818,1264,326,917,1250,342,864,1156,297,840,1289,319,958,0.0,19,19077,,,
359,19077950300,9503,-94.4012417,41.5699371,370915262.0,370427987.0,487275.0,4370,4209,92,21,21,30,4,4426,4280,69,11,50,16,0,4387,4184,113,17,47,26,0,4441,4112,134,33,44,68,13,4365,4123,109,51,49,31,0,4372,4037,136,55,37,42,3,3326,3240,48,8,9,18,3,3376,3316,38,4,16,16,0,3342,3277,43,4,16,16,0,3388,3201,69,16,28,46,13,3388,3201,69,11,23,4,8,6,66,3335,3285,72,3,11,11,0,3360,3265,49,25,4,22,0,0,2468,1146,1198,2252,1098,1154,2243,707,1343,2228,606,1514,1961,710,1180,1765,1278,0,2233,754,1426,2594,870,1672,2577,880,1600,2359,792,1507,2664,853,1759,0.0,19,19077,,,
360,19077950100,9501,-94.377953,41.7520632,412506925.0,406872124.0,5634801.0,4291,4155,90,18,15,17,2,3984,3780,138,0,4,62,0,4055,3817,136,62,1,39,0,4057,3850,107,20,5,42,3,4121,3918,119,45,0,39,0,4073,3891,109,40,0,33,0,3272,3199,50,3,9,11,2,3070,2975,54,0,4,39,0,2990,2935,20,0,0,26,0,3204,3070,76,12,2,29,2,3204,3070,76,4,0,4,0,9,41,3069,3033,29,0,0,37,0,3090,3010,44,10,0,32,0,0,2280,954,1239,2387,1013,1374,2297,697,1453,2291,558,1636,1993,700,1302,1786,1301,0,2235,708,1482,2513,789,1683,2499,778,1639,2329,731,1538,2590,802,1729,0.0,19,19077,,,
361,19105070100,701,-91.1376095,42.2180768,687663687.0,687552915.0,110772.0,4159,4070,34,20,18,16,0,3996,3860,60,76,0,0,0,3984,3874,45,69,0,34,0,4010,3863,67,25,9,31,4,3998,3920,26,52,0,22,0,3827,3666,61,0,0,60,0,3057,3009,22,7,9,10,0,3024,2972,15,38,0,0,0,3022,2969,20,38,0,0,0,3055,2960,45,12,3,20,3,3055,2960,45,6,3,1,0,6,34,3092,3044,14,30,0,0,0,2895,2865,15,0,0,10,0,0,2134,1082,996,2142,1012,1130,2129,698,1308,2130,546,1504,1851,646,1145,1586,1236,0,2096,701,1363,2355,773,1550,2341,777,1509,2162,695,1429,2342,724,1583,0.0,19,19105,,,
362,19105070600,706,-91.1874931,42.2337381,30288009.0,30143709.0,144300.0,4176,4082,52,21,13,8,0,4207,3997,110,17,0,130,0,4266,4011,100,21,0,185,0,4436,4122,115,77,39,45,6,4257,3967,150,40,0,201,0,4439,4003,234,217,37,141,26,3227,3174,33,7,10,3,0,3245,3145,55,0,0,40,0,3250,3120,60,0,0,75,0,3517,3315,81,34,25,40,5,3517,3315,81,22,13,6,0,14,66,3247,3079,81,25,0,57,0,3505,3250,140,100,10,0,0,0,2153,1257,854,2135,1244,891,2094,877,1072,2084,713,1267,1781,803,943,1586,1263,0,2026,848,1124,2258,942,1280,2241,955,1222,2076,864,1168,2245,940,1256,0.0,19,19105,,,
363,19105070500,705,-91.0124712,42.0375282,396762347.0,395951431.0,810916.0,2560,2506,22,10,6,20,0,2549,2523,2,19,5,0,0,2637,2604,3,24,6,0,0,2377,2244,27,27,4,56,5,2615,2566,8,28,3,5,0,2703,2627,18,37,3,13,0,2022,1995,12,4,4,9,0,1925,1920,4,4,0,0,0,1975,1965,4,4,0,0,0,1865,1785,18,9,0,41,1,1865,1785,18,7,0,14,0,0,41,2007,1974,1,10,0,8,0,2140,2095,8,20,4,22,0,0,1306,637,617,1276,670,606,1281,410,796,1259,312,908,974,381,606,844,684,0,1175,394,767,1333,430,889,1316,450,824,1189,377,792,1325,369,933,0.0,19,19105,,,
364,19107080400,804,-92.1952477,41.2249784,444450655.0,443726046.0,724609.0,2862,2801,28,18,10,6,2,2694,2666,13,0,15,0,0,2614,2573,16,0,18,7,0,2765,2627,64,29,1,30,3,2613,2535,36,22,11,9,0,2704,2589,51,32,12,20,0,2184,2150,18,7,7,4,1,2155,2130,8,0,15,0,0,2130,2095,15,0,20,4,0,2108,2023,37,6,1,30,0,2108,2023,37,3,0,0,0,0,45,2065,2013,17,10,4,6,0,2105,2045,14,25,14,12,0,0,1449,623,768,1384,593,791,1375,292,1016,1366,244,1062,1086,263,801,883,620,0,1292,294,986,1491,319,1153,1473,358,1083,1328,284,1023,1418,283,1126,0.0,19,19107,,,
365,19107080300,803,-92.3017349,41.3136584,115800877.0,115769339.0,31538.0,2745,2685,14,27,10,9,0,2566,2472,19,45,12,31,0,2652,2549,24,43,18,25,6,2612,2452,52,39,13,44,2,2596,2529,12,39,16,7,10,2476,2395,30,35,15,3,8,2129,2093,11,9,8,9,0,2037,1982,10,10,8,18,0,2077,2022,4,8,14,19,0,2073,1966,32,17,11,32,0,2073,1966,32,9,5,1,0,1,59,2040,2026,6,9,14,0,0,1985,1935,20,27,8,0,0,0,1424,675,694,1340,631,709,1278,375,834,1240,276,914,1045,380,650,842,643,0,1203,379,802,1350,425,892,1322,431,838,1226,374,823,1334,350,956,0.0,19,19107,,,
366,19107080200,802,-92.2634569,41.4312036,456831259.0,456434677.0,396582.0,2598,2546,21,12,8,11,5,2510,2392,70,34,3,11,3,2535,2411,78,36,0,11,0,2403,2275,44,26,16,27,2,2608,2460,100,39,0,9,0,2475,2276,133,50,10,21,5,1994,1962,13,5,3,8,2,1905,1855,24,4,0,12,0,1895,1850,29,4,0,14,0,1820,1748,26,4,8,23,2,1820,1748,26,4,3,0,0,3,36,1920,1864,25,9,0,14,0,1845,1765,54,10,4,12,0,0,1385,663,664,1307,595,712,1209,324,804,1184,262,859,1005,324,646,810,605,0,1127,322,790,1242,329,890,1220,350,825,1149,323,810,1193,290,892,0.0,19,19107,,,
367,19107080100,801,-92.0493806,41.3567442,484918085.0,484126750.0,791335.0,2306,2254,27,12,4,10,0,2430,2325,64,6,11,14,12,2387,2285,60,22,13,5,5,2253,2122,55,29,11,34,4,2346,2244,57,33,6,5,4,2371,2330,4,28,5,6,0,1762,1725,19,4,4,7,0,1738,1678,30,4,12,15,4,1698,1658,15,12,12,8,4,1653,1571,34,15,8,22,3,1653,1571,34,9,3,3,0,0,33,1704,1648,24,12,8,8,0,1740,1720,0,12,8,8,0,0,1192,557,586,1134,512,622,1127,326,730,1083,222,817,940,297,611,745,575,0,1066,308,747,1220,341,862,1198,350,819,1129,301,809,1205,296,895,0.0,19,19107,,,
368,19193001900,19,-96.3363488,42.4698504,2795929.0,2795929.0,0.0,3136,2705,245,70,57,62,2,2910,2449,378,37,0,70,0,3024,2514,463,22,0,33,0,3310,2437,521,182,68,127,19,3016,2367,541,33,0,0,0,3094,2205,635,106,76,51,0,2383,2139,137,42,41,37,0,2170,1895,235,15,0,30,0,2200,1905,270,15,0,10,0,2436,1909,308,95,47,81,13,2436,1909,308,63,32,27,13,0,84,2106,1828,276,8,0,0,0,2045,1655,275,49,40,34,0,15,1481,723,735,1401,729,672,1381,506,766,1355,434,838,1096,488,565,930,696,0,1286,533,708,1426,624,772,1406,623,729,1297,534,728,1378,549,793,0.0,19,19193,,,
369,19193002000,20,-96.3649304,42.4711874,2731470.0,2726959.0,4511.0,5416,4690,425,147,73,140,11,5166,4375,309,381,96,59,0,5177,4343,336,375,120,54,0,5577,3970,772,445,126,199,116,5085,4020,432,539,81,72,0,5169,3474,765,863,106,54,0,4147,3719,235,71,54,86,4,3935,3460,120,288,55,10,0,3915,3425,145,269,79,10,0,4164,3136,482,271,91,112,77,4164,3136,482,213,64,37,71,17,144,3732,3132,173,360,57,14,0,3750,2930,300,419,69,35,0,4,2427,1239,1149,2285,1246,1039,2245,883,1182,2208,752,1328,1688,775,854,1445,1033,0,2008,854,1074,2208,982,1152,2183,981,1095,1969,827,1066,1993,798,1148,0.0,19,19193,,,
370,19193002101,21.01,-96.3346294,42.4538012,4312930.0,4312930.0,0.0,2990,2745,128,32,47,44,0,2991,2490,311,127,27,36,0,3196,2721,320,97,12,40,0,3118,2645,242,90,75,61,3,3110,2652,221,68,67,95,0,3417,2926,105,250,90,15,0,2314,2174,71,15,27,26,0,2215,2000,165,20,14,20,0,2315,2085,185,0,14,25,0,2346,2077,138,45,45,42,0,2346,2077,138,21,33,9,0,6,62,2369,2109,160,4,45,54,0,2690,2285,80,250,60,14,0,0,1494,573,901,1743,678,1065,1694,549,1051,1669,471,1144,1457,564,874,1201,874,0,1589,572,981,1652,638,989,1626,627,952,1597,578,990,2022,703,1285,0.0,19,19193,,,
371,19193940200,9402,-96.3184037,42.2267279,2608666.0,2563137.0,45529.0,0,0,0,0,0,0,0,0,0,0,0,0,0,0,0,0,0,0,0,0,0,0,0,0,0,0,0,0,0,0,0,0,0,0,0,0,0,0,0,0,0,0,0,0,0,0,0,0,0,0,0,0,0,0,0,0,0,0,0,0,0,0,0,0,0,0,0,0,0,0,0,0,0,0,0,0,0,0,0,0,0,0,0,0,0,0,0,0,0,0,0,0,0,0,0,0,0,0,0,0,0,0,0,0,0,0,0,0,0,0,0,0,0,0,0,0,0,0,0,0,0,0,0,0,0,0,0,1229.8420317110872,19,19193,,,
372,19153010409,104.09,-93.7080222,41.645393,2833369.0,2828991.0,4378.0,4256,3833,115,116,185,21,4,4043,3499,125,265,110,44,0,4143,3372,232,258,273,8,0,4248,3353,187,253,387,39,8,3879,3142,202,221,268,7,0,4239,3363,221,131,466,125,0,3120,2873,61,58,115,13,0,3005,2765,55,105,40,45,0,2970,2695,130,100,40,10,0,3239,2704,104,134,242,29,8,3239,2704,104,112,227,0,5,15,72,2815,2558,105,96,45,4,0,3030,2675,95,14,225,34,0,0,2379,1243,1100,2408,1281,1127,2402,1209,1001,2370,1019,1254,2056,1138,875,1852,1442,0,2310,1202,1022,2497,1361,1071,2467,1345,1060,2271,1190,1022,2306,1219,1046,0.0,19,19153,,,
373,19153003902,39.02,-93.5661138,41.5523888,7984919.0,7595003.0,389916.0,5089,3122,750,641,582,62,5,5445,2924,886,915,802,108,0,5610,3110,1045,921,641,121,0,5481,2364,1143,769,1141,129,9,5627,3075,990,1036,673,168,0,5804,2595,1215,1026,1043,139,0,3476,2376,402,334,348,32,5,3355,2300,370,345,325,10,0,3555,2420,495,345,285,10,0,4051,1978,736,486,794,93,3,4051,1978,736,424,759,19,2,10,123,3707,2396,445,490,371,4,0,3770,2060,630,535,530,24,0,0,1948,1256,661,2070,1386,684,2013,1236,625,1972,1033,834,1658,1076,541,1520,1253,0,1927,1188,663,2152,1366,737,2111,1344,698,1882,1152,680,1918,1112,776,0.0,19,19153,,,
374,19153004004,40.04,-93.676372,41.5491024,6401177.0,6401177.0,0.0,3219,2721,184,217,84,39,0,3276,2500,187,450,118,45,0,3254,2622,143,373,90,48,0,3245,2693,185,171,131,47,11,3036,2384,106,411,124,21,0,3019,2508,226,245,41,6,0,2488,2182,105,124,60,24,0,2595,2145,70,284,80,15,0,2595,2225,50,235,65,15,0,2572,2223,98,112,88,30,7,2572,2223,98,100,75,1,1,8,66,2518,2116,35,270,102,0,0,2515,2205,85,180,40,0,0,4,2070,1180,868,1931,1130,801,2000,1111,769,1999,948,997,1809,1115,664,1666,1332,0,1996,1154,787,2190,1339,816,2172,1309,815,2064,1218,810,2238,1383,826,0.0,19,19153,,,
375,19035080400,804,-95.5211141,42.6545626,436770511.0,436594654.0,175857.0,2217,2143,48,9,13,7,1,2013,1951,48,8,8,14,8,2076,1975,76,17,17,25,17,2060,1917,81,11,6,35,7,2091,2009,59,9,9,23,9,2048,1889,115,3,3,16,3,1734,1694,26,2,10,7,0,1650,1595,45,0,0,4,0,1705,1620,55,0,0,10,0,1610,1535,46,2,3,22,3,1610,1535,46,0,2,1,3,6,17,1731,1665,41,0,0,15,0,1660,1590,60,0,0,10,0,4,1220,523,655,1219,483,736,1220,275,855,1207,221,948,1019,306,695,793,645,0,1142,297,827,1261,342,898,1243,348,851,1123,307,783,1104,330,754,0.0,19,19035,,,
376,19035080200,802,-95.5930884,42.8456294,502501248.0,502479023.0,22225.0,2494,2416,38,16,10,17,0,2579,2347,40,165,26,0,27,2543,2288,39,175,35,0,41,2393,2243,58,40,10,30,6,2613,2254,18,289,28,0,32,2429,2041,90,150,21,4,13,1936,1905,18,5,5,6,0,2061,1946,30,70,0,0,0,2085,1950,35,75,0,0,0,1907,1837,28,16,3,15,5,1907,1837,28,9,2,0,0,1,30,2206,1987,17,184,0,0,0,1955,1785,64,80,10,4,0,4,1406,544,815,1382,505,877,1403,299,1027,1376,253,1102,1130,311,819,875,696,0,1316,322,979,1447,370,1062,1428,378,1016,1255,338,896,989,339,634,0.0,19,19035,,,
377,19035080300,803,-95.7512309,42.6993395,502339328.0,502191961.0,147367.0,1706,1662,22,4,5,9,0,1545,1434,47,6,7,59,0,1506,1388,59,15,5,43,0,1603,1546,21,7,4,20,3,1425,1412,3,10,0,0,0,1459,1392,47,10,0,14,0,1338,1318,7,0,1,6,0,1140,1090,10,4,4,35,0,1125,1075,4,8,4,30,0,1217,1178,10,7,0,19,3,1217,1178,10,0,0,0,1,2,26,1089,1098,5,8,0,0,0,1125,1095,19,4,0,8,0,0,975,371,561,967,363,604,920,185,720,914,143,744,757,179,577,600,460,0,876,197,674,986,241,738,976,245,711,900,221,672,1007,245,745,0.0,19,19035,,,
378,19167070200,702,-96.1443445,43.1198799,237722344.0,237522664.0,199680.0,4008,3652,276,20,43,16,5,4444,4079,295,50,28,0,0,4565,4226,218,73,52,0,0,4704,4175,410,34,46,34,3,4848,4482,253,69,46,0,0,5086,4577,349,85,27,0,0,2778,2592,148,7,19,6,2,3055,2935,80,19,14,0,0,3170,3025,74,25,34,0,0,3200,2942,200,6,25,23,3,3200,2942,200,5,23,3,0,8,19,3212,3073,82,20,17,0,0,3305,3125,114,44,10,0,0,0,2295,242,2015,2245,180,2065,2337,164,2049,2327,96,2174,2012,155,1823,1198,731,0,2317,200,2093,2634,271,2325,2623,242,2351,2457,205,2230,2731,254,2447,0.0,19,19167,,,
379,19167070400,704,-96.4179506,43.0732491,502973863.0,500783812.0,2190051.0,4114,3470,600,25,12,30,5,4285,3194,1018,58,0,26,41,4193,3010,1103,77,0,31,34,4129,3245,762,28,20,68,1,4210,2959,1174,52,0,28,45,3988,2980,943,82,0,119,23,2957,2596,340,13,6,14,3,2730,2410,300,8,0,0,15,2500,2255,220,12,0,0,15,2939,2440,430,8,8,47,0,2939,2440,430,0,2,24,0,5,38,2432,2209,196,4,0,4,0,2340,2175,150,4,0,8,4,0,1794,608,1138,1780,568,1212,1837,374,1344,1812,312,1461,1492,258,1193,1077,764,0,1744,388,1342,1971,486,1468,1951,493,1415,1756,353,1383,1842,380,1433,71268.51108523985,19,19167,,,
380,19167070100,701,-95.9700447,43.1494644,479100711.0,479054324.0,46387.0,3702,3528,129,19,25,10,0,3792,3516,255,6,10,84,8,3781,3590,164,12,8,78,8,3646,3403,171,22,18,18,0,3540,3196,316,15,7,79,7,3745,3365,285,61,29,24,15,2672,2575,70,10,13,8,0,2735,2635,80,8,0,4,0,2765,2700,45,16,0,8,0,2730,2573,108,8,14,10,0,2730,2573,108,8,8,5,0,0,28,2555,2433,125,16,0,9,0,2645,2490,89,22,14,8,0,20,1914,300,1574,1906,287,1619,1954,202,1642,1930,156,1737,1597,175,1389,1105,696,0,1850,213,1623,2073,245,1800,2064,248,1786,1879,208,1655,2065,209,1826,0.0,19,19167,,,
381,19167070300,703,-96.2642635,43.0837444,433034311.0,432766315.0,267996.0,6107,5510,528,38,36,10,4,6189,5556,450,41,115,71,84,6126,5378,590,22,86,151,58,6644,5490,1024,56,41,49,0,5933,5105,721,29,0,153,0,6191,5057,1087,14,1,119,0,4319,3986,304,11,18,5,1,4170,3975,159,8,4,15,0,4175,3950,194,0,4,20,0,4626,3982,585,24,19,23,0,4626,3982,585,17,13,1,0,4,24,4191,3868,305,0,0,13,0,4410,4100,315,0,4,0,0,0,3170,401,2709,3259,338,2921,3447,254,3032,3362,187,3111,2825,189,2578,1604,1034,0,3253,277,2957,3601,359,3207,3557,348,3171,3257,266,2970,3524,334,3169,0.0,19,19167,,,
382,19167070500,705,-96.0061114,42.9631487,307258072.0,307167168.0,90904.0,2801,2591,156,21,22,10,0,3038,2692,265,33,26,25,0,2979,2764,155,45,12,6,0,2868,2547,224,49,26,35,7,3192,2911,200,58,18,6,0,3082,2845,188,16,28,2,0,2049,1930,93,5,13,7,0,2165,2055,74,19,10,4,0,2150,2075,49,24,4,0,0,2069,1893,141,19,6,17,4,2069,1893,141,13,4,1,4,0,13,2344,2267,59,33,10,0,0,2260,2165,68,4,14,4,0,0,1489,404,1044,1458,345,1113,1500,218,1194,1485,151,1282,1212,184,1003,834,576,0,1436,239,1182,1654,326,1307,1649,331,1293,1487,232,1235,1670,237,1401,0.0,19,19167,,,
383,19025950300,9503,-94.5052597,42.3477049,539063704.0,538923847.0,139857.0,1796,1763,10,15,4,5,1,2223,1948,80,111,27,78,7,2140,1905,46,145,21,43,4,2247,1980,56,151,8,46,8,2191,1950,35,162,8,58,3,2243,1949,63,159,9,63,9,1401,1384,3,6,3,5,1,1845,1605,64,74,8,75,0,1795,1615,35,90,10,45,0,1803,1590,41,130,5,37,6,1803,1590,41,121,3,8,6,0,34,1823,1647,27,110,9,18,0,1840,1635,50,120,4,20,0,10,1255,515,664,971,398,573,1018,191,725,1010,154,789,812,202,558,697,477,0,975,234,728,1197,280,890,1187,308,842,1129,276,826,1141,252,867,0.0,19,19025,,,
384,19025950100,9501,-94.550427,42.5096762,178788481.0,176597236.0,2191245.0,2369,2335,19,7,3,7,0,2376,2273,48,51,4,2,0,2416,2293,73,40,10,6,0,2345,2249,45,22,16,18,2,2356,2256,51,32,13,0,0,2388,2324,0,23,20,0,0,1898,1882,9,1,0,6,0,1810,1740,19,40,8,0,0,1800,1725,45,30,8,0,0,1847,1791,23,18,10,6,0,1847,1791,23,7,5,3,0,0,18,1758,1723,13,18,10,0,0,1885,1865,0,10,4,0,0,0,1314,561,729,1337,523,814,1354,321,951,1357,261,1058,1164,347,781,983,782,0,1310,352,928,1443,387,1018,1433,389,1004,1336,356,954,1398,338,1047,0.0,19,19025,,,
385,19025950400,9504,-94.7382826,42.2890374,373740881.0,372360717.0,1380164.0,2398,2348,23,11,9,11,0,2282,2197,9,62,14,2,0,2264,2188,11,52,13,4,0,2354,2252,31,33,12,29,2,2290,2194,10,72,14,0,0,2333,2120,109,93,0,11,0,1880,1857,10,3,6,5,0,1785,1740,8,30,8,0,0,1720,1700,4,10,10,0,0,1860,1799,21,19,5,19,0,1860,1799,21,8,2,1,0,0,29,1778,1739,0,38,10,0,0,1835,1730,29,74,0,10,0,0,1231,617,564,1217,613,604,1138,374,706,1132,277,792,1008,349,599,859,657,0,1068,365,691,1195,374,808,1175,369,765,1132,357,744,1200,350,833,0.0,19,19025,,,
386,19025950200,9502,-94.7588546,42.4675041,390175339.0,388012778.0,2162561.0,3107,3024,38,14,21,16,3,2899,2823,45,7,9,11,0,2925,2798,60,3,10,51,0,2981,2780,104,28,23,47,3,2819,2668,100,12,14,31,3,2929,2781,44,40,30,25,6,2439,2395,23,3,9,9,0,2285,2235,23,4,8,10,0,2315,2215,39,0,8,49,0,2296,2160,64,11,14,35,2,2296,2160,64,5,7,8,2,10,40,2175,2095,74,5,1,23,0,2150,2070,29,29,4,19,0,0,1479,642,779,1630,742,888,1624,449,1086,1611,383,1161,1389,512,802,1146,907,0,1453,469,963,1423,429,973,1417,465,902,1378,439,904,1358,388,961,0.0,19,19025,,,
387,19121060101,601.01,-94.0019217,41.4702639,304221927.0,302084304.0,2137623.0,3234,3154,23,13,33,12,0,3138,2991,83,31,39,13,19,3220,3074,64,44,53,16,24,3565,3325,64,54,35,49,6,3379,3132,0,36,187,27,0,3583,3402,10,94,77,4,0,2302,2266,11,6,16,5,0,2256,2190,39,4,4,14,0,2385,2315,41,14,10,14,0,2580,2442,41,21,14,26,3,2580,2442,41,14,8,2,1,12,60,2566,2426,0,10,94,23,0,2615,2540,10,33,25,4,0,0,1789,683,1056,1857,724,1133,1940,576,1183,1904,459,1360,1730,577,1097,1523,1030,0,1944,614,1287,2262,723,1496,2257,714,1479,2052,634,1374,2300,719,1539,0.0,19,19121,,,
388,19121060102,601.02,-93.8902282,41.3474008,293618288.0,293051460.0,566828.0,3196,3099,44,31,17,12,5,3347,3289,36,10,12,0,0,3328,3214,94,17,3,0,0,3549,3310,44,26,46,65,12,3279,3155,97,4,0,0,0,3689,3294,267,3,79,8,0,2364,2314,25,7,6,7,2,2507,2463,29,4,10,0,0,2488,2384,93,10,0,0,0,2685,2538,32,15,23,42,3,2685,2538,32,7,11,2,0,7,88,2475,2375,91,4,0,0,0,2835,2550,235,4,40,8,0,0,1829,820,952,1768,783,985,1846,588,1126,1822,488,1237,1673,580,1064,1443,983,0,1880,598,1234,2198,664,1493,2175,678,1423,1974,606,1319,2286,631,1610,0.0,19,19121,,,
389,19153010214,102.14,-93.6102691,41.6957065,7825899.0,7825899.0,0.0,7328,6822,179,131,179,30,12,9971,8679,421,446,463,4,0,11659,9244,350,1474,626,24,0,9299,7836,481,379,418,109,16,9455,7839,286,871,532,0,0,9351,7476,764,886,236,5,0,5205,4897,101,73,118,20,8,7271,6574,156,241,309,3,0,8241,7100,196,497,431,23,0,6701,5827,284,217,242,68,10,6701,5827,284,179,218,14,7,28,144,6686,5879,138,260,397,0,0,6250,5385,380,340,135,4,0,0,3087,1498,1532,4034,1929,2105,4597,1962,2229,4521,1580,2750,4296,2207,2015,3792,2817,0,4681,2183,2331,5225,2604,2492,5179,2534,2501,4693,2258,2320,5558,2806,2652,0.0,19,19153,,,
390,19153005102,51.02,-93.6069322,41.5910265,1638424.0,1569937.0,68487.0,1233,513,314,349,49,23,5,1668,456,54,669,489,0,0,1599,483,50,640,426,0,0,1331,879,146,195,101,21,2,1302,724,23,516,39,0,0,1479,1052,123,210,94,0,0,844,424,187,193,34,17,3,970,455,0,484,25,0,0,970,485,0,469,20,0,0,1196,839,111,152,77,18,2,1196,839,111,135,61,6,0,4,40,1024,726,2,254,41,0,0,1300,1050,125,70,54,0,0,0,360,297,59,369,313,56,371,284,67,361,253,95,378,291,78,360,304,0,470,361,95,675,532,122,662,518,123,549,425,111,794,625,154,0.0,19,19153,,,
391,19153010213,102.13,-93.6557261,41.709665,14258211.0,12481990.0,1776221.0,4043,3834,74,54,71,14,3,4089,3824,41,66,158,0,0,4118,3922,37,3,155,0,0,4744,4340,101,100,117,47,17,3708,3708,0,0,0,0,0,4112,4051,0,4,49,8,0,2787,2674,37,25,46,8,3,2665,2620,0,0,45,0,0,2560,2515,0,0,45,0,0,3329,3089,63,59,68,27,11,3329,3089,63,39,52,4,3,8,71,2472,2473,0,0,0,0,0,2860,2825,0,0,30,10,0,0,3159,1444,1671,2429,1067,1362,2595,1030,1366,2571,822,1651,2414,1101,1269,2118,1525,0,2701,1142,1466,3102,1422,1610,3075,1364,1638,2772,1190,1520,3023,1338,1628,0.0,19,19153,,,
392,19153010806,108.06,-93.5142445,41.5304147,40449230.0,39274335.0,1174895.0,3585,2767,432,197,181,32,3,3402,2333,501,168,400,40,0,3584,2240,557,468,319,41,0,4389,2505,1076,430,289,137,4,4159,2721,567,325,546,44,0,4379,3138,688,465,188,118,0,2645,2178,247,95,113,18,1,2310,1810,205,65,225,0,0,2450,1905,245,150,155,0,0,3074,1975,605,216,195,86,1,3074,1975,605,178,182,10,0,5,119,2651,2189,172,95,197,0,0,2815,2450,165,139,60,0,0,0,1394,807,554,1741,1090,651,1779,915,747,1749,810,863,1489,884,570,1351,1067,0,1702,925,724,1910,1024,843,1887,1045,781,1692,915,734,1673,866,778,0.0,19,19153,,,
393,19153010602,106.02,-93.5194354,41.6321097,17270611.0,17144167.0,126444.0,5537,4898,229,172,192,47,11,6366,5050,350,638,330,0,14,7003,5642,484,465,415,0,21,7142,5618,407,553,418,122,17,7241,5515,523,814,390,0,19,7197,5817,553,453,327,3,8,4105,3734,122,91,119,33,9,4880,4100,170,420,160,0,15,5270,4385,255,300,285,0,20,5376,4467,229,304,267,76,11,5376,4467,229,268,236,13,0,9,154,5136,4140,197,503,214,0,19,5105,4370,235,250,230,4,0,10,3225,1798,1356,2848,1672,1176,3209,1500,1488,3161,1276,1752,2777,1492,1216,2453,1887,0,3236,1583,1541,3764,1869,1812,3717,1855,1744,3360,1658,1623,3781,1819,1908,0.0,19,19153,,,
394,19153010215,102.15,-93.6707343,41.7525322,19774036.0,19014106.0,759930.0,2654,2548,29,27,39,7,0,4335,4229,42,20,42,0,0,5019,4851,100,7,51,0,0,7047,6376,197,150,193,72,7,5838,5685,49,0,104,0,0,6565,6416,39,0,70,0,0,1887,1832,18,12,16,5,0,2982,2937,13,0,32,0,0,3470,3388,28,4,50,0,0,4622,4261,104,61,113,43,3,4622,4261,104,47,88,2,0,5,115,3912,3790,11,0,110,0,0,4540,4430,40,0,70,0,0,0,2457,1094,1326,1666,705,961,2513,958,1324,2485,731,1671,2462,1080,1343,2109,1523,0,3116,1299,1724,4412,2017,2302,4387,1929,2363,4028,1731,2219,5395,2485,2815,0.0,19,19153,,,
395,19153010411,104.11,-93.726747,41.6220446,2628123.0,2628123.0,0.0,4532,3842,197,287,187,27,11,4512,3466,412,384,250,25,0,4517,3498,259,535,199,47,0,4501,3295,374,379,371,69,19,4376,2994,793,376,137,111,0,4688,2951,556,775,190,191,0,3687,3228,122,181,139,18,6,3180,2855,100,104,125,0,0,3125,2765,60,180,109,10,0,3620,2812,239,252,249,54,12,3620,2812,239,216,223,5,2,12,111,3372,2405,579,300,50,43,0,3625,2495,469,574,50,35,0,0,2528,1387,1091,2499,1411,1088,2485,1338,956,2460,1141,1231,2161,1286,825,1936,1541,0,2364,1331,955,2494,1486,957,2465,1428,969,2342,1323,965,2335,1307,985,0.0,19,19153,,,
396,19153010216,102.16,-93.6199414,41.7627919,21438459.0,21438459.0,0.0,7619,7055,162,122,260,24,1,12264,11969,125,58,114,0,0,14209,13734,294,24,167,0,0,16172,14053,618,589,555,196,26,15301,14619,289,33,359,1,0,17307,15196,278,56,1379,2,0,5226,4922,83,72,142,8,0,8448,8308,37,0,98,0,0,9815,9572,82,16,150,0,0,11944,10609,370,350,358,127,16,11944,10609,370,287,311,19,8,37,303,10606,10273,90,20,208,2,0,11790,11325,105,25,335,4,0,0,3613,1586,1981,5031,2142,2889,7362,3121,3650,7270,2374,4664,7204,3454,3644,6193,4596,0,8109,3627,4247,9848,4774,4878,9756,4565,4971,8420,3852,4410,11012,5214,5605,0.0,19,19153,,,
397,19153011301,113.01,-93.7990129,41.7242736,13917129.0,13694716.0,222413.0,1982,1862,45,30,42,8,0,4289,3877,223,11,178,0,0,3658,3379,160,8,113,1,0,4278,3868,126,77,124,40,3,3485,3189,149,10,147,0,0,3827,3674,74,4,54,25,0,1364,1301,24,12,25,5,0,2410,2195,130,4,85,0,0,2205,2020,100,0,85,0,0,2770,2534,64,51,65,30,1,2770,2534,64,27,56,2,0,12,75,2348,2181,63,0,106,0,0,2590,2485,45,0,50,10,0,0,1148,512,618,1171,520,651,1580,593,824,1557,451,1034,1543,679,829,1355,983,0,1865,769,1026,2478,1122,1299,2473,1076,1330,2104,884,1165,2489,1095,1354,0.0,19,19153,,,
398,19153011302,113.02,-93.7827657,41.710519,7023242.0,7023242.0,0.0,1800,1690,43,24,39,6,0,2296,2128,112,0,0,168,0,3017,2378,599,0,0,177,0,3128,2760,113,110,99,48,2,2777,2397,352,0,0,110,0,3277,2795,404,59,19,35,0,1243,1179,22,10,22,4,0,1915,1815,45,0,0,55,0,2205,2025,140,0,0,40,0,2202,1983,64,59,64,31,1,2202,1983,64,38,50,1,0,4,62,1796,1690,72,0,0,29,0,2045,1940,100,0,4,0,0,0,889,394,485,1121,498,623,1508,566,788,1481,433,991,1472,639,791,1295,937,0,1595,650,884,1832,825,968,1817,791,984,1631,685,912,2332,1013,1280,0.0,19,19153,,,
399,19103010100,101,-91.4669488,41.7766742,320397065.0,310306165.0,10090900.0,6813,6618,86,41,57,15,7,6976,6694,211,23,28,8,7,7195,6860,187,37,96,10,0,8022,7592,103,48,94,95,6,7435,7135,171,20,93,0,0,7618,7202,221,21,127,0,0,4993,4879,47,21,33,12,4,5455,5315,90,4,24,10,0,5490,5345,70,8,49,10,0,6027,5734,70,18,59,69,6,6027,5734,70,8,41,3,3,11,157,5724,5510,141,6,61,0,0,5820,5570,190,8,44,0,0,0,4140,2492,1567,4351,2509,1842,4689,2369,2019,4622,1925,2521,4313,2379,1865,3844,3000,0,4709,2423,2170,5245,2806,2351,5188,2674,2404,4833,2471,2267,5438,2740,2608,0.0,19,19103,,,
400,19103000100,1,-91.5169607,41.6822789,20032744.0,19556786.0,475958.0,6307,5295,325,201,451,49,8,7171,5630,724,230,514,28,62,7356,5774,775,221,542,27,51,7035,5338,496,511,565,93,10,7493,5921,696,278,445,37,0,6938,5555,533,297,343,0,0,5351,4568,221,140,393,26,6,5270,4705,120,135,220,20,60,5455,4820,150,125,280,15,50,5930,4602,361,370,481,76,8,5930,4602,361,324,390,10,1,25,217,5774,5147,131,187,276,25,0,5375,4865,130,160,225,0,0,0,4544,3430,1039,3994,2954,1040,3949,2863,821,3860,2547,1175,3382,2674,660,3168,2806,0,3914,2969,841,4490,3580,833,4447,3465,908,4263,3278,902,4660,3671,893,0.0,19,19103,,,
401,19103010200,102,-91.707501,41.8178996,160735356.0,156756848.0,3978508.0,4743,4599,45,29,58,11,1,5272,4977,64,3,196,33,0,4936,4664,52,2,184,35,0,4882,4562,72,73,80,52,7,5112,4792,46,15,192,65,0,5098,4787,45,58,159,53,0,3536,3454,23,16,30,11,0,3755,3665,34,4,40,18,0,3675,3595,24,4,40,18,0,3812,3610,40,33,52,45,4,3812,3610,40,13,28,8,0,8,105,3966,3779,13,9,136,43,0,3960,3800,18,24,100,24,0,0,2971,1547,1369,3022,1454,1568,3099,1340,1588,3036,1036,1911,2785,1335,1407,2402,1785,0,3073,1374,1626,3429,1625,1748,3384,1591,1729,3133,1412,1664,3384,1554,1785,0.0,19,19103,,,
402,19103001400,14,-91.4913927,41.6488961,2906778.0,2906778.0,0.0,4546,3942,132,313,143,28,7,4753,3999,25,447,193,10,0,4579,3773,116,411,175,47,0,4927,3683,290,704,158,73,8,4705,3686,215,518,215,1,0,4859,3727,207,667,173,5,0,3528,3155,76,176,109,15,5,3340,2985,25,225,100,10,0,3705,3245,70,250,85,45,0,3908,3075,194,434,129,55,7,3908,3075,194,395,90,7,0,15,132,3685,3150,112,276,122,3,0,3590,3050,115,325,90,4,0,0,3189,2283,855,2928,2148,780,2819,2138,491,2759,1891,762,2546,2045,459,2393,2148,0,2801,2169,550,3100,2485,555,3061,2421,574,2909,2275,572,3069,2453,558,0.0,19,19103,,,
403,19125030101,301.01,-93.0403489,41.446549,379635277.0,360612929.0,19022348.0,4421,4236,46,36,87,18,2,4872,4695,0,24,153,0,0,4820,4660,53,24,83,0,0,5025,4719,70,45,111,35,5,4669,4566,53,19,31,0,0,4451,4370,36,1,44,0,15,3089,2990,27,10,51,13,1,3200,3155,0,0,45,0,0,3235,3185,55,0,0,0,0,3660,3474,48,18,76,23,2,3660,3474,48,13,60,5,0,3,57,3168,3120,54,0,0,0,0,3120,3050,35,4,25,0,0,10,2449,706,1682,2549,699,1850,2710,610,1868,2699,473,2141,2365,570,1748,1933,1272,0,2719,642,2009,3127,799,2265,3104,763,2268,2872,679,2141,3255,796,2398,0.0,19,19125,,,
404,19125030202,302.02,-92.9034267,41.3943801,6797007.0,6797007.0,0.0,3229,3036,53,37,93,17,1,3283,2926,214,103,40,0,0,3299,3045,0,169,85,0,0,3166,2826,95,54,132,38,8,3084,2931,0,98,55,0,0,3163,2927,92,52,77,5,0,2503,2383,33,18,58,11,1,2550,2345,90,75,40,0,0,2420,2240,0,140,35,0,0,2415,2173,65,32,105,29,2,2415,2173,65,23,87,2,0,13,52,2372,2275,0,81,8,0,0,2355,2225,50,50,20,4,0,0,1706,565,1117,1664,546,1118,1845,471,1201,1850,364,1434,1611,461,1123,1304,908,0,1795,489,1249,1942,593,1305,1936,566,1325,1811,509,1270,1951,610,1302,0.0,19,19125,,,
405,19125030201,302.01,-92.9191581,41.4236019,14214144.0,14214144.0,0.0,3473,3265,61,41,98,20,2,3351,3205,0,0,146,0,0,3401,3218,0,0,162,21,0,3811,3505,53,38,150,31,6,3593,3392,0,0,183,18,0,3747,3594,4,0,127,22,0,2666,2539,35,25,64,14,2,2600,2510,0,0,85,0,0,2670,2580,0,0,70,20,0,2886,2699,33,13,95,17,5,2886,2699,33,9,86,0,3,6,50,2670,2591,0,0,65,20,0,2740,2700,4,0,19,23,0,0,2013,642,1340,1852,584,1268,2098,524,1385,2095,396,1646,1896,510,1353,1519,1051,0,2135,553,1513,2421,704,1654,2404,683,1673,2246,603,1595,2464,744,1673,0.0,19,19125,,,
406,19125030102,301.02,-93.2431284,41.4198247,160782327.0,155853226.0,4929101.0,2764,2683,40,12,22,8,4,2728,2595,69,36,11,14,0,2838,2562,196,37,10,30,0,2815,2635,67,29,19,46,1,3334,2812,221,142,68,47,0,3024,2742,48,51,66,47,0,2016,1973,21,3,14,8,2,2045,1995,24,0,10,14,0,2035,1935,70,0,10,30,0,2115,2003,31,19,11,32,1,2115,2003,31,11,5,3,0,1,61,2304,2100,34,109,27,41,0,2180,2095,8,35,14,30,0,0,1376,713,627,1396,724,672,1486,487,896,1460,399,971,1236,523,681,1090,754,0,1433,514,876,1676,573,1063,1654,610,987,1507,534,932,1658,523,1114,0.0,19,19125,,,
407,19073080300,803,-94.4248214,41.992929,261366147.0,260220034.0,1146113.0,2853,2758,52,9,9,10,1,2659,2565,56,19,27,0,0,2780,2668,54,15,44,9,0,2825,2643,92,28,30,26,3,2913,2711,63,33,44,79,0,3076,2764,133,29,46,107,0,2205,2156,27,5,6,8,1,2065,2020,25,14,15,0,0,2155,2080,40,8,20,10,0,2222,2102,56,3,22,25,3,2222,2102,56,0,14,0,0,0,50,2265,2122,44,11,14,80,0,2420,2220,90,4,30,80,0,0,1557,763,753,1524,766,758,1598,592,876,1578,456,1041,1368,571,745,1156,906,0,1513,591,891,1667,668,968,1640,642,950,1567,599,940,1656,615,1025,0.0,19,19073,,,
408,19073080200,802,-94.3251979,42.0417264,301235083.0,300780625.0,454458.0,2575,2491,53,11,13,14,0,2517,2266,148,71,20,12,0,2547,2336,168,25,5,13,0,2422,2230,81,28,26,45,8,2460,2306,127,10,4,13,0,2404,2286,98,6,0,14,0,2014,1965,31,0,7,11,0,1870,1790,60,4,10,10,0,1955,1855,80,4,4,15,0,1862,1750,50,10,16,29,6,1862,1750,50,6,8,3,1,8,36,1919,1853,68,5,4,14,0,1910,1840,50,4,0,15,0,0,1376,669,658,1360,685,675,1358,481,760,1330,395,883,1142,494,601,984,752,0,1270,489,756,1390,524,856,1378,533,816,1289,490,776,1319,472,832,0.0,19,19073,,,
409,19073080500,805,-94.5339719,42.0566907,549735493.0,547332417.0,2403076.0,1849,1800,23,6,5,11,6,1919,1877,14,9,5,14,0,1860,1807,12,7,15,19,0,1770,1668,39,14,10,38,2,1882,1820,23,6,5,11,0,1765,1655,32,5,21,35,0,1441,1408,21,2,4,5,1,1450,1420,4,10,0,10,0,1395,1365,4,4,10,10,0,1354,1297,23,5,3,24,0,1354,1297,23,1,3,1,0,0,29,1358,1335,5,4,3,5,0,1300,1255,4,8,14,24,0,0,1015,462,499,984,442,542,952,250,640,922,228,670,817,246,553,672,524,0,925,264,653,1046,283,755,1032,303,707,968,269,686,995,257,725,0.0,19,19073,,,
410,19073080100,801,-94.219014,42.0364973,367222182.0,366821636.0,400546.0,2059,1968,43,18,12,20,0,1908,1834,34,11,11,10,0,1763,1656,26,44,24,5,0,1754,1647,44,15,11,34,5,1668,1576,51,12,20,2,0,1556,1473,20,20,28,3,0,1520,1472,24,4,7,12,0,1445,1400,18,20,4,10,0,1340,1280,8,50,10,4,0,1380,1312,27,9,8,27,5,1380,1312,27,0,4,7,0,2,28,1266,1220,4,19,18,1,0,1190,1145,10,20,8,4,0,0,957,477,439,885,515,370,926,298,552,916,272,581,736,296,447,679,516,0,854,301,542,954,294,644,942,306,590,902,295,581,911,259,629,0.0,19,19073,,,
411,19057001200,12,-91.2445514,40.7942385,211067762.0,204684688.0,6383074.0,2547,2430,42,47,27,14,3,2502,2350,67,71,54,0,0,2447,2279,70,72,55,0,0,2636,2470,39,46,35,37,7,2466,2284,88,55,67,2,0,2597,2396,26,99,44,32,0,1956,1893,23,18,14,9,1,1850,1795,30,8,14,0,0,1800,1740,35,12,14,0,0,2050,1944,20,22,28,30,2,2050,1944,20,14,20,0,0,6,46,1839,1774,28,4,29,6,0,1995,1865,24,44,24,29,0,0,1432,728,666,1379,686,693,1376,441,837,1358,411,877,1112,487,617,902,664,0,1336,483,816,1569,511,1032,1538,563,908,1405,501,878,1541,467,1051,6617.114392587921,19,19057,,,
412,19061001104,11.04,-90.7041506,42.5331375,9740510.0,9740510.0,0.0,4563,4214,86,174,35,30,28,4325,4223,23,77,0,0,0,4352,4225,26,98,0,0,0,4648,4106,100,256,42,62,66,4413,4192,0,188,0,32,0,4373,4237,6,69,7,16,0,3571,3367,47,92,26,26,21,3366,3296,25,45,0,0,0,3476,3396,25,55,0,0,0,3641,3291,64,151,27,49,42,3641,3291,64,124,23,7,39,9,84,3486,3395,0,59,0,30,0,3445,3345,4,70,4,15,0,0,2342,1418,886,2327,1433,894,2281,1097,1021,2209,923,1189,1944,989,892,1663,1283,0,2238,1076,1074,2553,1226,1273,2514,1226,1194,2295,1095,1132,2393,1114,1238,0.0,19,19061,,,
413,19061001103,11.03,-90.7433979,42.5244556,6402740.0,6402740.0,0.0,1975,1857,42,29,42,5,3,2486,2323,55,35,73,0,0,2578,2434,56,18,70,0,0,2261,2067,55,61,42,19,10,2604,2314,0,242,48,0,0,2813,2270,10,522,21,0,0,1461,1389,23,16,23,3,2,1835,1740,40,20,35,0,0,1870,1790,45,0,35,0,0,1721,1597,36,36,29,12,5,1721,1597,36,29,27,2,5,0,25,1824,1679,0,127,20,0,0,1775,1590,4,160,20,0,0,0,1231,729,484,1148,643,505,1136,532,526,1105,440,625,986,489,472,843,658,0,1151,558,560,1369,705,641,1344,683,630,1241,606,612,1312,629,661,0.0,19,19061,,,
414,19057000400,4,-91.1143446,40.806348,2205557.0,2205557.0,0.0,4290,3310,216,738,21,53,6,3556,2557,227,683,0,88,0,3459,2400,227,771,1,59,0,3728,2541,206,892,13,92,9,3782,2639,451,575,0,117,0,3626,2925,379,255,0,84,0,3040,2496,111,397,11,34,3,2587,1966,124,419,0,65,0,2443,1824,114,473,1,25,0,2728,2020,113,519,8,57,8,2728,2020,113,450,3,10,4,9,119,2738,2065,201,399,0,73,0,2815,2365,225,165,0,55,0,0,1617,1129,440,1809,1306,503,1394,749,515,1345,717,558,971,615,321,872,685,0,1222,700,458,1378,758,562,1349,775,482,1213,694,475,1312,682,598,0.0,19,19057,,,
415,19057000700,7,-91.1373753,40.7845105,18394271.0,17810216.0,584055.0,2897,2627,64,154,42,17,4,3117,2781,75,209,52,0,0,3038,2677,63,224,52,22,0,3018,2633,80,167,63,49,4,3268,2880,89,251,37,11,0,3145,2780,50,157,78,8,0,2287,2142,39,81,28,13,2,2445,2255,35,155,0,0,0,2495,2245,30,185,10,20,0,2448,2219,54,96,35,23,1,2448,2219,54,92,29,4,0,14,36,2604,2332,24,229,5,9,0,2510,2340,4,140,14,10,0,0,1797,1067,707,1495,899,596,1460,692,679,1428,616,762,1160,645,499,980,774,0,1386,701,646,1584,792,755,1546,804,681,1459,730,694,1719,793,892,2513.912500138762,19,19057,,,
416,19057001100,11,-91.2617559,40.9574772,423387152.0,423122248.0,264904.0,3697,3560,34,51,18,20,4,3498,3399,10,26,42,26,0,3535,3437,12,34,21,32,0,3582,3367,53,36,32,54,14,3429,3367,18,10,12,13,0,3284,3213,43,3,6,11,0,2865,2802,15,17,9,14,3,2770,2715,8,4,19,19,0,2845,2785,8,4,14,24,0,2835,2694,32,18,11,44,8,2835,2694,32,13,6,5,5,13,67,2855,2813,5,0,12,17,0,2635,2600,15,0,4,10,0,0,1989,1024,916,2193,1103,1090,2043,684,1259,2007,617,1318,1672,696,953,1341,977,0,1922,687,1198,2116,684,1399,2078,728,1282,1927,670,1230,2072,627,1416,0.0,19,19057,,,
417,19057001000,10,-91.0612389,40.9718908,417460831.0,390538290.0,26922541.0,4537,4439,42,34,9,19,0,4724,4489,94,46,9,88,0,4708,4436,144,23,9,98,0,4657,4383,69,77,25,70,10,4769,4518,99,8,44,103,0,4723,4247,216,205,83,26,55,3499,3452,23,9,5,16,0,3625,3515,29,25,0,60,0,3545,3425,45,10,0,65,0,3541,3380,49,28,13,55,4,3541,3380,49,20,9,1,0,2,80,3618,3485,37,0,40,72,0,3420,3260,45,70,30,8,0,0,2460,1269,1109,2661,1225,1436,2490,769,1563,2435,707,1656,2079,811,1243,1645,1190,0,2398,809,1532,2671,849,1775,2643,897,1667,2426,793,1595,2681,698,1937,33527.915430024674,19,19057,,,
418,19057000300,3,-91.1326286,40.8184472,5662592.0,5662592.0,0.0,3803,3210,109,420,46,34,6,3392,2510,96,697,49,59,0,3428,2710,93,554,30,56,0,3655,2691,156,672,61,60,9,3522,2533,69,718,204,23,0,3282,2323,170,594,245,22,0,3003,2657,69,219,38,24,5,2703,2239,76,314,20,54,0,2682,2281,76,272,3,54,0,2882,2304,104,365,51,43,3,2882,2304,104,326,45,4,0,6,93,2465,2085,39,308,16,14,0,2335,1965,125,215,30,0,0,0,1629,1095,501,1973,1270,703,1639,826,702,1601,759,783,1232,744,463,1071,879,0,1511,809,649,1694,866,777,1653,894,676,1476,789,644,1411,703,684,0.0,19,19057,,,
419,19057000600,6,-91.1025716,40.7843669,4203696.0,3652936.0,550760.0,4063,3730,83,175,53,23,6,3984,3788,76,83,37,0,0,4009,3811,58,102,37,0,0,3564,3120,111,199,43,71,1,3844,3539,158,119,28,0,0,3698,3161,237,170,30,100,0,3179,2980,49,94,25,22,2,3125,3020,50,49,10,0,0,3240,3135,39,54,10,0,0,2900,2621,74,114,32,50,1,2900,2621,74,92,21,1,0,5,86,3064,2860,119,74,2,0,0,2970,2565,160,130,10,100,0,0,2167,1397,731,1220,804,416,1999,922,922,1958,852,1044,1661,960,675,1453,1123,0,1867,956,851,2000,992,954,1966,1035,855,1808,922,845,1935,935,968,2658.176042597008,19,19057,,,
420,19057000500,5,-91.1135298,40.7953521,2890110.0,2890110.0,0.0,4820,4131,160,466,41,43,1,5283,4343,186,711,43,25,25,5108,4174,203,692,40,22,22,4437,3558,169,534,62,108,16,4607,3757,100,724,26,17,17,4628,3747,43,788,19,15,19,3623,3268,89,233,18,20,1,4030,3500,165,325,20,0,0,3845,3325,190,295,20,0,0,3432,2893,98,304,45,83,11,3432,2893,98,263,28,8,2,2,138,3522,3106,65,320,10,0,0,3465,2980,45,425,0,15,0,0,2406,1596,757,1996,1315,681,2166,1060,926,2118,976,1056,1698,1045,625,1495,1184,0,1980,1073,842,2159,1138,975,2136,1185,848,1915,1041,830,1845,908,909,0.0,19,19057,,,
421,19057000900,9,-91.1297679,40.8375906,9894650.0,9849017.0,45633.0,3391,3157,65,115,46,20,3,3521,3441,31,21,28,0,0,3275,3182,52,9,32,0,0,3337,3028,77,130,63,35,2,3302,3250,52,0,0,0,0,3564,3252,56,229,14,13,0,2657,2531,26,50,30,17,0,2570,2540,29,0,0,0,0,2500,2450,55,0,0,0,0,2693,2510,39,64,45,25,1,2693,2510,39,41,35,0,0,5,63,2424,2376,50,0,0,0,0,2665,2420,55,165,15,15,0,0,1990,1136,813,1969,1145,824,1817,773,923,1773,720,979,1475,776,680,1255,966,0,1734,804,877,1969,858,1073,1936,918,943,1769,820,911,1826,792,1010,0.0,19,19057,,,
422,19057000800,8,-91.1671545,40.8205516,14062433.0,14024455.0,37978.0,3121,2740,121,179,67,21,3,3274,2871,40,217,171,6,0,3342,2907,44,245,171,6,0,3456,2820,162,242,167,58,5,3217,2779,67,321,71,6,0,3522,2681,76,617,20,0,0,2487,2245,73,111,47,17,2,2510,2280,35,150,50,0,0,2530,2280,35,165,50,0,0,2752,2324,110,148,109,45,0,2752,2324,110,129,92,3,0,3,91,2476,2242,53,166,14,0,0,2675,2340,28,315,0,0,0,0,1759,1132,593,1806,1144,662,1553,731,713,1524,666,798,1216,729,476,1071,865,0,1446,751,649,1622,818,768,1592,839,677,1465,755,672,1512,718,767,0.0,19,19057,,,
423,19057000200,2,-91.1038043,40.8193419,3882116.0,3328267.0,553849.0,3159,2725,106,262,34,43,3,2749,2212,291,231,14,1,0,3037,2384,300,295,56,2,0,2840,2142,123,430,40,107,3,3021,2520,127,302,46,2,2,2755,2320,168,150,63,0,1,2386,2138,67,134,24,31,2,1985,1790,60,114,4,4,0,2155,1935,40,135,40,4,0,2181,1735,71,257,25,84,3,2181,1735,71,215,13,12,1,7,127,2288,2069,23,159,35,2,0,2125,1970,25,95,40,0,4,0,1410,889,488,1480,961,519,1128,548,471,1107,543,507,850,523,303,757,571,0,1038,566,421,1194,627,522,1179,658,449,1069,584,450,1200,612,562,2563.398126098147,19,19057,,,
424,19103010502,105.02,-91.435044,41.5436255,303596666.0,301814132.0,1782534.0,3023,2671,226,41,66,19,4,2738,2406,289,0,20,23,0,2933,2453,318,156,7,0,0,2992,2528,324,42,27,47,3,2922,2515,267,129,8,3,0,2739,2437,67,168,26,4,0,2287,2084,131,17,45,11,4,2105,1925,155,0,4,25,0,2100,1875,165,55,4,0,0,2339,2037,200,20,15,42,3,2339,2037,200,18,12,5,0,4,63,2180,2001,127,48,5,8,0,2165,2030,39,79,12,8,0,0,1425,861,532,1494,899,595,1545,749,695,1528,641,817,1329,747,566,1169,934,0,1483,754,690,1629,816,768,1605,817,737,1484,746,704,1636,810,791,0.0,19,19103,,,
425,19103010501,105.01,-91.4731591,41.6476828,12465767.0,12465767.0,0.0,4272,3626,296,138,183,35,3,5614,4687,398,144,385,0,0,5646,4810,344,151,340,0,0,5677,4257,631,342,352,95,9,5726,4659,529,205,333,0,0,5615,4142,864,133,452,75,0,3250,2851,172,83,129,20,2,4110,3715,95,40,260,0,0,4110,3725,175,40,170,0,0,4450,3492,438,197,251,66,9,4450,3492,438,168,231,13,4,6,98,4136,3670,175,92,191,0,0,3940,3525,105,85,230,0,0,0,2771,1890,838,2618,1790,828,2858,1898,762,2817,1575,1131,2882,2048,795,2600,2234,0,3058,2081,894,3515,2524,912,3476,2420,994,3161,2180,917,3546,2583,892,0.0,19,19103,,,
426,19103010401,104.01,-91.5580378,41.5826175,82333969.0,80755460.0,1578509.0,3232,2594,383,132,98,46,5,3186,2511,492,170,3,10,0,3127,2395,461,256,5,10,0,3467,2203,819,342,78,45,2,3159,2519,369,213,7,51,0,3524,2602,676,180,5,251,0,2496,2112,219,73,69,30,3,2240,2075,34,120,4,8,0,2205,2015,4,169,4,8,0,2605,1860,486,179,60,30,1,2605,1860,486,155,56,5,1,5,37,2275,2065,8,143,5,56,0,2565,2260,140,108,4,58,0,0,1645,1148,464,1576,1090,486,1571,932,516,1529,780,676,1351,864,443,1203,992,0,1550,939,553,1760,1110,605,1723,1060,594,1580,956,581,1697,1012,655,0.0,19,19103,,,
427,19103001601,16.01,-91.5304023,41.656351,414999.0,414999.0,0.0,3467,3059,107,113,181,18,9,4215,3417,252,46,469,22,0,4600,3716,235,126,487,84,0,4165,3031,300,196,550,46,11,4657,3980,90,136,430,88,0,4484,3719,90,76,586,66,26,3454,3051,105,108,178,18,8,3740,3440,95,30,150,4,0,4115,3740,85,50,160,10,0,4010,2931,290,166,537,37,11,4010,2931,290,130,444,3,1,27,184,4344,3979,72,71,138,20,0,4065,3720,35,25,200,15,0,80,2239,1651,542,1824,1228,596,1753,1163,425,1628,961,566,1282,1006,240,1160,972,0,1636,1168,395,1975,1483,441,1916,1408,460,1781,1267,459,2151,1412,700,0.0,19,19103,,,
428,19103010402,104.02,-91.7186576,41.597219,363813368.0,363702228.0,111140.0,3545,3447,36,37,16,28,8,3600,3600,0,0,0,0,0,3486,3486,0,0,0,0,0,3638,3483,45,35,18,33,2,3388,3304,0,0,84,0,0,3413,3249,0,41,64,40,0,2462,2415,14,12,6,11,3,2485,2485,0,0,0,0,0,2440,2440,0,0,0,0,0,2569,2488,22,17,9,24,1,2569,2488,22,7,3,0,0,3,46,2541,2530,0,0,11,0,0,2585,2495,0,40,4,40,0,0,1444,702,691,1470,725,745,1558,653,795,1529,532,952,1426,671,735,1167,904,0,1522,659,841,1654,744,879,1624,695,898,1529,648,861,1647,713,899,0.0,19,19103,,,
429,19103010303,103.03,-91.7469564,41.7371841,145060153.0,144570369.0,489784.0,4186,3799,114,155,102,37,2,5457,4570,452,198,121,127,0,5724,4883,405,181,106,165,0,7145,6009,354,391,215,125,7,5899,4768,566,346,106,151,0,7254,5863,424,605,169,146,0,3061,2858,65,62,58,22,1,4110,3685,270,84,51,37,0,4200,3770,265,79,62,28,0,5263,4538,215,232,146,87,7,5263,4538,215,187,115,12,4,10,182,4168,3623,358,54,76,45,0,5095,4520,305,150,79,39,0,0,2163,1396,735,2340,1476,864,2776,1433,1124,2718,1159,1428,2771,1694,1016,2487,1981,0,3198,1789,1310,4187,2420,1659,4104,2379,1605,3713,2088,1527,5392,3001,2289,0.0,19,19103,,,
430,19103010305,103.05,-91.624821,41.748672,6997845.0,6997845.0,0.0,4137,3643,142,234,109,25,2,5299,4722,112,181,278,0,10,5628,4754,110,492,259,0,10,5666,4409,350,529,270,66,19,4962,3849,185,601,303,0,24,5679,4459,265,480,455,29,20,2976,2691,86,117,74,16,2,3817,3487,114,109,106,0,11,3675,3433,81,95,67,0,11,4165,3353,228,319,179,45,13,4165,3353,228,269,146,3,12,10,144,3104,2781,85,132,88,0,25,3850,3345,120,75,295,0,20,0,1846,1183,628,2643,1663,980,2814,1622,934,2737,1316,1295,2541,1695,777,2292,1871,0,2815,1731,976,3157,2059,1024,3116,1982,1050,2771,1745,952,3113,2030,1007,0.0,19,19103,,,
431,19103000303,3.03,-91.6245458,41.7084111,9320726.0,9320726.0,0.0,2040,1564,103,186,174,14,3,2647,1959,117,331,240,8,0,2726,1947,278,257,230,18,20,2818,2073,286,296,133,50,8,2252,1478,178,267,288,18,67,2311,1595,100,280,233,40,100,1584,1264,71,120,122,11,1,2140,1755,100,240,45,0,0,2030,1690,80,205,40,10,0,2437,1869,197,242,106,37,8,2437,1869,197,225,81,12,0,0,53,1787,1385,79,220,55,9,0,1875,1445,45,214,95,8,0,65,1152,795,338,1242,851,391,766,489,222,752,407,317,665,458,190,613,501,0,863,563,274,1170,796,350,1157,762,373,1062,690,350,1519,1017,475,0.0,19,19103,,,
432,19051080100,801,-92.300751,40.7428007,665164684.0,661987502.0,3177182.0,4002,3924,38,5,10,23,0,4201,4057,49,24,59,12,0,4214,4068,49,22,62,13,0,4137,3923,87,14,20,54,1,4107,3950,39,0,55,57,0,4067,3781,72,0,42,87,0,2950,2902,18,1,7,16,0,3195,3140,20,8,18,8,0,3210,3160,19,4,14,8,0,3088,2955,54,7,7,37,1,3088,2955,54,4,4,10,0,7,54,3101,3011,19,0,9,34,0,2995,2900,26,0,15,54,0,0,1946,822,1042,1874,753,1121,2037,471,1471,2009,493,1425,1621,494,1091,1374,959,0,1880,502,1351,2089,485,1577,2049,569,1403,1905,497,1369,2003,422,1557,20977.330305250078,19,19051,,,
433,19051080200,802,-92.52631,40.7510406,642401329.0,638674424.0,3726905.0,4751,4632,47,15,36,33,6,4684,4552,75,15,42,0,0,4706,4568,82,17,39,35,0,4973,4812,57,20,29,49,10,4870,4730,98,1,40,39,0,5026,4899,83,0,3,67,0,3253,3195,24,5,13,22,0,3065,3000,15,8,40,0,0,3070,2985,40,8,40,0,0,3296,3183,41,15,12,37,3,3296,3183,41,2,11,1,0,3,55,3243,3157,66,0,19,2,0,3365,3290,40,0,4,30,0,0,1920,857,983,1783,754,1029,1847,465,1275,1826,457,1305,1503,498,963,1251,911,0,1742,503,1214,2013,528,1455,1992,598,1325,1828,509,1283,1951,456,1470,17777.6764080684,19,19051,,,
434,19101090100,901,-91.835752,41.0349212,573136335.0,570438002.0,2698333.0,3708,2707,23,11,947,19,1,3251,3091,112,0,46,2,0,3281,3088,144,0,46,3,0,2634,2502,27,13,19,46,2,3310,2889,28,0,381,4,0,2779,2552,122,1,79,15,0,3123,2143,17,6,942,13,0,2420,2420,0,0,0,4,0,2505,2505,0,0,0,4,0,2062,1976,21,3,6,32,1,2062,1976,21,0,2,3,0,8,52,2388,2404,0,0,0,2,0,2200,2165,14,0,0,15,0,0,1540,662,804,1481,646,835,1542,470,940,1500,403,997,1325,463,790,1089,859,0,1434,472,934,1621,517,1074,1590,568,978,1433,462,942,1555,499,1024,0.0,19,19101,,,
435,19101090200,902,-92.0711394,41.0248956,513866775.0,513551147.0,315628.0,3141,3050,37,23,19,14,1,4155,3831,54,89,145,5,0,4077,3771,58,94,116,4,0,3093,2893,56,44,29,49,5,4285,4048,53,52,116,2,0,3204,3105,14,18,28,20,0,2462,2405,21,13,11,10,0,3175,3070,29,74,0,4,0,3160,3045,34,74,4,4,0,2453,2312,31,34,25,40,1,2453,2312,31,22,18,2,0,5,63,3433,3353,28,33,10,2,0,2575,2540,8,4,4,14,0,0,1760,741,955,1638,686,952,1696,476,1111,1650,456,1110,1413,507,913,1221,971,0,1626,535,1069,1864,584,1251,1844,649,1156,1650,519,1108,1809,486,1292,0.0,19,19101,,,
436,19101090400,904,-91.9419005,41.0021894,25140382.0,24632105.0,508277.0,4650,4040,159,120,310,51,2,5103,3755,32,116,586,519,0,4939,3876,37,117,400,434,0,4887,3890,226,265,334,102,13,5539,3802,94,102,1380,139,0,4940,3717,120,317,681,65,0,3821,3334,117,91,260,44,2,3745,3115,14,55,40,520,0,3820,3250,8,60,55,435,0,4076,3345,154,207,254,68,11,4076,3345,154,191,226,8,1,18,133,3562,3234,63,8,108,130,0,3445,3090,115,95,95,0,0,55,2657,1801,786,2379,1619,760,2540,1523,748,2465,1445,875,2308,1568,661,2151,1844,0,2538,1632,816,2907,1812,1015,2857,1867,902,2608,1659,866,2639,1627,937,0.0,19,19101,,,
437,19143460100,4601,-95.7527312,43.4264839,301765225.0,301728867.0,36358.0,3530,3140,344,16,18,21,1,3123,2802,272,36,6,12,0,3085,2716,303,56,5,9,0,3515,2875,471,48,34,66,38,3063,2682,300,47,4,34,0,3310,2869,295,53,62,29,0,2704,2471,206,8,10,13,0,2304,2224,40,20,4,4,0,2244,2165,35,35,4,4,0,2709,2296,303,24,26,44,26,2709,2296,303,16,16,7,24,3,44,2169,2122,22,29,1,0,0,2375,2225,28,45,60,10,0,0,1713,571,1094,1651,477,1174,1739,307,1343,1704,230,1388,1310,256,1021,896,653,0,1577,300,1256,1820,350,1443,1781,374,1354,1609,291,1296,1707,318,1366,17586.811103444732,19,19143,,,
438,19143460200,4602,-95.5748126,43.366174,732663841.0,730864936.0,1798905.0,2932,2797,86,17,12,15,8,2992,2675,207,56,9,23,21,2967,2676,187,53,14,30,6,2677,2466,132,14,18,34,4,2953,2622,199,38,27,29,4,2839,2443,249,23,31,21,0,2268,2195,43,6,7,14,2,2166,2091,22,15,4,23,4,2186,2075,48,4,12,33,4,2073,1937,86,5,10,21,3,2073,1937,86,3,5,6,0,6,30,2262,2115,89,8,28,29,0,2205,2035,114,10,32,22,0,0,1477,466,933,1405,390,1015,1486,201,1182,1456,166,1218,1126,172,913,829,587,0,1333,219,1105,1508,251,1247,1482,283,1171,1342,213,1114,1522,237,1257,20663.461708217746,19,19143,,,
439,19155031400,314,-95.8881909,41.2018109,20698530.0,19413146.0,1285384.0,3783,3222,385,105,57,47,4,4072,3180,399,203,273,193,0,4095,3159,319,347,237,178,0,3742,2870,491,168,62,136,2,3973,3089,554,216,127,93,0,3973,3042,402,358,229,49,0,2581,2293,201,43,32,22,4,2685,2275,215,65,80,50,0,2670,2200,195,135,85,50,0,2635,2154,284,77,36,77,0,2635,2154,284,51,16,16,0,7,107,2742,2229,387,99,24,0,0,2520,2200,230,45,20,20,0,0,1230,658,556,1143,634,509,1230,504,637,1205,441,659,975,454,500,842,630,0,1200,523,624,1419,651,742,1392,644,690,1220,533,644,1388,579,783,9580.62023466099,19,19155,,,
440,19155030601,306.01,-95.8739043,41.2649704,906083.0,906083.0,0.0,2230,1947,201,43,11,40,2,1866,1644,186,18,6,26,6,2104,1781,271,24,7,38,15,2054,1651,242,61,38,64,3,2411,1983,355,36,5,55,16,2445,1984,363,97,13,53,31,1694,1527,120,21,8,30,1,1480,1355,90,12,4,10,0,1555,1390,140,8,4,18,0,1599,1336,142,41,30,52,0,1599,1336,142,27,19,13,0,0,62,1854,1611,197,8,2,34,0,1915,1675,180,34,15,16,0,0,848,485,344,752,446,306,742,292,398,722,261,398,575,268,285,501,351,0,669,288,342,721,326,368,707,325,332,662,291,345,712,300,400,0.0,19,19155,,,
441,19039960100,9601,-93.7665931,41.0341873,20021020.0,19793894.0,227126.0,4976,4012,863,33,40,53,6,4940,3673,1202,37,14,61,0,5138,3630,1281,2,59,175,0,5454,3774,1411,65,76,149,43,5282,3746,1288,5,0,249,0,5677,3850,1443,23,38,178,0,3681,3108,504,24,22,35,3,3265,2915,285,8,15,50,0,3605,2960,415,4,60,170,0,4067,2999,871,40,64,103,22,4067,2999,871,25,53,6,16,5,92,3822,3163,426,8,0,248,0,4145,3275,645,4,40,180,0,0,2128,1086,973,2084,1115,969,2108,805,1175,2072,671,1292,1678,668,962,1505,1132,0,1939,743,1149,2148,815,1304,2103,815,1215,1934,723,1160,1960,675,1252,0.0,19,19039,,,
442,19039960200,9602,-93.6677015,41.0277724,552899553.0,552683130.0,216423.0,2101,2041,31,6,17,16,0,2147,2145,0,0,2,0,0,2120,2086,0,0,10,23,0,1990,1866,71,4,12,23,4,1985,1956,5,0,5,19,0,1871,1781,36,15,28,18,2,1629,1596,16,0,9,12,0,1635,1635,0,0,0,0,0,1590,1560,0,0,4,25,0,1595,1506,48,1,8,16,4,1595,1506,48,1,5,1,3,6,25,1464,1426,0,0,4,17,0,1325,1290,10,8,4,14,0,4,1182,560,568,1187,560,627,1200,341,813,1185,326,815,1061,306,711,913,637,0,1152,336,796,1276,343,918,1274,380,850,1174,328,825,1268,303,942,0.0,19,19039,,,
443,19039960300,9603,-93.9025284,41.0373654,545177777.0,544096580.0,1081197.0,2209,2155,33,10,7,4,1,2195,2154,25,9,0,7,0,2103,2020,56,6,0,17,0,2304,2197,52,9,13,23,6,2116,1961,132,7,0,11,0,2189,1991,129,5,33,2,0,1630,1600,21,3,5,2,0,1600,1580,10,8,0,4,0,1525,1475,30,10,0,10,0,1670,1611,32,1,10,13,5,1670,1611,32,1,8,0,3,1,14,1403,1337,45,10,0,4,0,1555,1490,55,4,8,4,0,0,1215,572,577,1101,542,559,1092,294,737,1088,250,789,972,263,661,825,588,0,1080,286,772,1246,308,922,1232,325,841,1136,291,820,1251,287,946,0.0,19,19039,,,
444,19081270300,2703,-93.8011285,43.1753752,179196191.0,178168796.0,1027395.0,2684,2455,181,16,22,11,2,2493,2308,149,12,28,0,0,2411,2226,134,21,30,0,0,2649,2365,202,44,13,14,5,2353,2073,164,16,19,10,0,2455,2175,183,10,18,6,0,2068,1955,91,6,10,7,2,1950,1865,74,4,4,0,0,1905,1820,54,15,25,0,0,2104,1928,119,24,10,11,5,2104,1928,119,18,7,0,0,0,32,1847,1734,70,12,16,8,0,1960,1820,110,8,15,8,0,0,1411,612,760,1349,587,762,1350,337,932,1339,297,950,1100,309,753,890,660,0,1263,339,900,1428,375,1026,1413,424,937,1282,330,922,1358,322,1012,0.0,19,19081,,,
445,19081270100,2701,-93.5524893,43.1588523,197922363.0,197540524.0,381839.0,3876,3737,73,38,17,13,4,3901,3748,77,76,0,0,8,3868,3654,84,129,0,0,9,3788,3498,132,49,25,60,3,3835,3617,75,143,0,0,0,3790,3445,151,120,51,8,0,2929,2871,31,10,9,8,4,2980,2915,34,34,0,0,0,2895,2810,34,55,0,0,0,2910,2750,61,29,15,38,1,2910,2750,61,14,7,7,0,1,70,2978,2855,30,79,0,0,0,3020,2865,60,60,25,0,0,10,2102,1044,1017,2065,908,1157,2111,606,1370,2083,495,1514,1732,557,1129,1428,1086,0,1983,605,1336,2192,652,1508,2171,729,1381,2015,603,1376,2182,619,1533,0.0,19,19081,,,
446,19081270400,2704,-93.8811615,43.0521333,547593650.0,547239378.0,354272.0,2189,2069,86,15,12,11,0,2088,1878,129,24,42,38,0,2041,1854,137,19,30,25,0,1981,1757,166,22,4,55,6,2024,1810,153,4,29,46,0,2025,1833,131,3,13,39,3,1690,1632,42,6,5,7,0,1590,1500,33,14,8,33,0,1560,1495,38,14,8,27,0,1528,1379,105,9,4,39,2,1528,1379,105,3,3,10,0,0,28,1626,1507,31,4,4,47,0,1520,1435,40,4,8,34,0,4,1137,509,578,1087,487,600,1086,258,748,1075,205,778,915,234,635,753,536,0,1008,258,739,1103,277,816,1082,297,754,1003,243,744,1044,245,791,0.0,19,19081,,,
447,19081270200,2702,-93.641885,43.0582906,559448419.0,555946357.0,3502062.0,2592,2483,58,16,24,12,0,2406,2245,98,74,0,0,0,2486,2333,121,43,0,0,0,2377,2193,114,21,13,33,7,2497,2372,107,29,0,0,0,2520,2420,96,4,0,2,0,1996,1927,39,7,15,6,0,1850,1770,34,44,0,0,0,1920,1855,45,24,0,0,0,1863,1746,70,6,8,26,6,1863,1746,70,4,0,4,0,2,37,1846,1761,41,0,0,0,0,1885,1830,50,4,0,0,0,4,1380,640,661,1358,573,785,1324,330,879,1320,271,951,1129,308,750,936,687,0,1276,355,901,1449,379,1040,1414,431,932,1304,345,928,1355,337,1000,0.0,19,19081,,,
448,19113001300,13,-91.6664014,41.9981772,5203418.0,4462072.0,741346.0,3655,3109,147,306,74,47,9,3693,2918,55,421,299,71,0,3655,2872,85,629,69,93,0,3720,2853,162,542,78,100,5,3849,2776,80,915,77,201,0,3808,2757,161,727,136,258,0,2955,2615,90,171,56,28,4,3160,2620,40,259,199,0,0,3125,2590,70,395,28,0,0,3148,2518,132,354,52,90,4,3148,2518,132,293,41,9,1,6,148,3364,2591,65,595,33,0,0,3415,2640,135,415,119,25,0,90,1687,1149,506,1619,1153,466,1562,923,472,1532,783,641,1328,868,408,1233,987,0,1522,939,498,1700,1104,537,1683,1091,515,1530,945,521,1536,933,560,0.0,19,19113,,,
449,19113001400,14,-91.6455074,42.0090205,2023329.0,2023329.0,0.0,3488,3091,127,187,65,32,7,3483,2853,123,88,139,40,296,3394,2718,105,153,182,11,312,3375,2722,138,367,59,55,26,3493,2673,72,317,177,16,287,3922,2971,45,356,155,19,376,2785,2546,79,96,48,15,5,2490,2315,69,39,0,30,0,2390,2205,55,75,0,10,0,2682,2280,100,206,38,43,13,2682,2280,100,167,21,4,10,8,92,2546,2309,42,156,0,18,0,2895,2605,14,244,0,12,0,25,1978,1264,672,1902,1255,647,1808,1023,619,1790,853,842,1549,991,501,1429,1161,0,1732,1037,617,1868,1193,631,1859,1178,605,1707,1045,608,1705,1081,595,0.0,19,19113,,,
450,19061010105,101.05,-90.6528911,42.4158639,154015081.0,148634759.0,5380322.0,3586,3483,44,21,26,18,1,3735,3679,40,0,6,10,0,3960,3905,42,0,0,13,0,3701,3546,49,35,29,42,1,4095,3715,269,84,0,27,0,4083,3845,168,68,0,2,0,2653,2607,19,7,12,8,1,2784,2742,24,0,4,10,0,2977,2938,29,0,0,15,0,2867,2767,28,19,19,33,0,2867,2767,28,6,7,7,0,6,46,3025,2857,128,0,0,26,0,2975,2905,69,0,0,4,0,0,1991,1108,849,2025,1029,996,1955,746,1102,1905,612,1223,1724,755,936,1460,1088,0,1961,776,1130,2267,887,1340,2221,913,1254,2042,799,1198,2199,792,1376,17717.789740310953,19,19061,,,
451,19061001205,12.05,-90.733141,42.5031465,3531559.0,3531559.0,0.0,4078,3783,66,80,132,12,7,4138,3823,41,142,132,0,0,3910,3474,0,43,238,0,155,4133,3396,164,211,120,99,170,4336,3761,26,46,290,10,203,4302,3580,13,74,361,6,259,3191,2997,46,51,90,9,4,3115,3000,0,74,40,0,0,2855,2740,0,45,74,0,0,3260,2786,107,121,102,67,93,3260,2786,107,111,84,5,92,15,60,3091,2956,0,45,78,10,0,3245,3000,10,75,155,4,0,0,1998,1203,768,2463,1427,1036,2396,1203,1030,2318,1002,1233,2032,1090,894,1780,1418,0,2233,1138,1022,2325,1243,1037,2281,1202,1015,2098,1078,973,2160,1112,1021,0.0,19,19061,,,
452,19113001500,15,-91.6176451,42.0013593,5189684.0,5189684.0,0.0,2957,2650,57,169,54,16,10,2817,2462,133,104,99,0,0,2805,2430,122,110,129,0,0,2799,2419,65,186,78,24,13,3000,2646,53,86,187,1,0,3025,2675,168,179,41,8,0,2317,2136,35,95,37,13,3,2305,2130,35,85,50,0,0,2293,2083,40,90,85,0,0,2330,2071,41,121,49,21,5,2330,2071,41,106,36,0,3,7,66,2527,2306,15,84,135,0,0,2530,2355,10,115,40,4,0,0,1918,1097,799,1910,1067,843,1835,995,690,1824,793,972,1651,978,641,1504,1176,0,1758,986,713,1795,1121,624,1786,1063,680,1684,973,671,1667,1035,602,0.0,19,19113,,,
453,19113001600,16,-91.6070533,41.9846447,7950522.0,7950522.0,0.0,5656,5219,118,239,60,29,13,5703,5323,105,0,228,47,0,5836,5581,114,24,83,35,0,5826,5133,199,296,85,88,12,5360,5078,147,27,52,31,0,5674,5330,200,55,28,16,0,4324,4081,67,121,30,20,5,4390,4150,90,0,110,50,0,4579,4399,95,25,25,35,0,4586,4155,131,161,51,56,5,4586,4155,131,121,34,8,0,18,119,4235,4032,118,24,26,31,0,4425,4225,120,55,10,14,0,0,3832,2254,1533,3762,2203,1559,3825,2135,1408,3793,1749,1905,3496,2119,1312,3185,2564,0,3735,2169,1452,3933,2495,1348,3911,2403,1426,3681,2183,1418,3648,2312,1263,0.0,19,19113,,,
454,19113001700,17,-91.6422853,41.984905,2723178.0,2723178.0,0.0,6522,4790,298,1337,74,106,16,5515,3902,243,1383,27,92,11,6238,4214,422,1623,33,95,0,6155,4183,291,1431,99,200,12,6853,4814,508,1554,61,26,0,6891,4666,518,1625,1,74,0,4758,3814,163,706,42,67,7,3975,2980,190,775,0,0,0,4330,3220,255,845,0,0,0,4465,3333,152,778,64,139,9,4465,3333,152,634,41,32,6,15,252,4918,3677,266,964,4,3,0,4895,3655,330,870,4,44,0,0,3319,2287,978,3095,2167,928,2791,1782,753,2756,1524,1079,2335,1614,652,2179,1784,0,2703,1786,801,3023,2130,823,2999,2061,820,2815,1884,840,2794,1917,814,0.0,19,19113,,,
455,19113001800,18,-91.6443654,41.997292,1349700.0,1349700.0,0.0,3149,2658,135,295,44,40,5,3337,2862,63,362,34,9,18,3197,2724,91,331,50,14,18,3275,2408,165,553,65,86,16,3228,2514,355,288,81,26,35,3179,2408,306,349,154,34,0,2500,2196,87,171,35,27,4,2520,2230,55,190,35,10,10,2455,2150,85,175,30,15,4,2564,1994,103,355,55,55,8,2564,1994,103,306,37,7,5,1,111,2463,2037,165,173,12,25,35,2485,2060,135,234,55,4,0,0,1689,1190,467,1562,1105,457,1532,953,426,1507,787,636,1316,889,379,1221,990,0,1504,977,452,1677,1178,449,1657,1140,443,1519,997,460,1442,988,421,0.0,19,19113,,,
456,19163010201,102.01,-90.6027421,41.6402175,40216976.0,40216976.0,0.0,5807,5523,126,77,56,46,3,6470,5707,519,213,31,0,0,6605,5777,551,222,56,0,0,6843,6245,254,140,80,119,10,6703,5782,671,195,55,0,0,6988,6036,513,181,176,0,0,4145,4017,61,26,29,18,2,4480,4130,225,105,20,0,0,4600,4230,210,105,60,0,0,5017,4659,150,84,46,73,1,5017,4659,150,53,31,7,0,14,103,4488,4215,177,31,59,0,0,4640,4420,115,45,64,0,0,0,3466,1769,1649,3469,1606,1863,3558,1331,1987,3498,1083,2284,2990,1267,1683,2504,1768,0,3547,1384,2058,4165,1707,2362,4115,1650,2352,3717,1449,2187,4306,1653,2590,0.0,19,19163,,,
457,19163010800,108,-90.5944188,41.5280935,1178514.0,1178514.0,0.0,3284,1934,592,679,91,65,1,2972,2090,393,291,182,16,0,3100,1902,760,265,159,31,0,2871,1496,580,723,54,115,3,2544,1503,546,424,65,35,0,2645,1570,527,437,159,33,0,2388,1559,349,403,63,48,1,2270,1565,330,250,110,15,0,2235,1405,495,210,110,10,0,2162,1241,388,455,45,87,2,2162,1241,388,381,40,12,1,1,98,1862,1251,253,279,66,20,0,1805,1310,150,199,135,14,0,0,1018,766,226,1095,866,229,856,563,222,834,514,282,636,443,173,587,476,0,794,527,241,921,603,300,920,594,276,810,518,271,821,503,301,0.0,19,19163,,,
458,19163010900,109,-90.5867621,41.5197388,3004343.0,2215762.0,788581.0,1997,1098,301,568,42,49,1,1937,1072,312,507,57,25,0,2009,1108,302,540,68,26,0,1912,1160,168,508,39,57,0,1965,1058,128,715,48,53,0,2229,1327,282,506,65,73,0,1518,933,189,363,33,38,1,1510,975,105,400,30,0,0,1565,1005,140,385,35,0,0,1648,1065,136,391,28,42,0,1648,1065,136,364,22,7,0,2,52,1642,956,124,490,50,24,0,1760,1160,200,295,45,54,0,0,630,493,124,746,600,146,630,417,153,599,366,196,446,319,103,402,326,0,538,373,140,589,407,164,581,400,152,498,334,148,509,317,177,2499.082312543331,19,19163,,,
459,19163011000,110,-90.6139664,41.5061918,5986360.0,4022271.0,1964089.0,2714,2023,336,282,57,35,0,2699,1779,324,610,0,0,0,2951,2030,310,602,0,26,0,2545,1692,381,391,28,90,1,3040,2221,307,441,0,71,0,2735,2070,409,160,12,35,0,2008,1613,202,146,34,21,0,1705,1295,175,235,0,0,0,1940,1515,175,230,0,25,0,1876,1306,259,258,17,65,0,1876,1306,259,204,10,13,0,4,80,2198,1783,177,177,0,68,0,2015,1755,110,100,10,33,0,0,1069,756,280,1029,786,243,940,532,313,913,478,391,663,417,225,596,470,0,857,508,318,1006,582,394,1008,590,358,858,492,342,874,466,395,4872.724369947723,19,19163,,,
460,19163011100,111,-90.6078474,41.5355049,2229623.0,2229623.0,0.0,3311,2715,251,251,87,22,3,3278,2799,180,209,70,12,0,3145,2722,180,132,100,0,0,3215,2550,242,275,54,64,10,3006,2465,211,208,113,14,1,2801,2366,106,198,87,33,1,2542,2202,149,124,52,19,3,2695,2375,110,165,25,10,0,2560,2270,110,125,49,0,0,2568,2119,161,176,35,46,10,2568,2119,161,138,18,4,5,12,111,2403,2059,103,160,62,12,0,2175,1875,60,145,60,24,0,4,1699,1075,593,1667,1142,525,1530,816,574,1500,712,689,1128,672,433,1003,779,0,1390,768,571,1574,860,678,1544,863,620,1366,747,587,1473,755,683,0.0,19,19163,,,
461,19163011300,113,-90.5838729,41.5376051,1241239.0,1241239.0,0.0,3969,2753,365,719,153,56,8,4626,2996,466,882,186,96,0,4680,3105,534,851,152,51,0,4025,2600,439,738,186,124,15,4687,3110,638,824,133,26,0,4520,2997,619,902,59,28,0,3102,2342,227,432,96,33,6,3555,2465,415,525,73,80,0,3400,2555,325,435,48,40,0,3384,2375,298,493,149,78,9,3384,2375,298,393,116,7,3,2,190,3443,2563,383,404,73,28,0,3255,2450,370,359,49,24,0,0,1635,1129,474,1773,1286,487,1680,998,533,1640,890,658,1143,723,377,1041,823,0,1405,859,492,1475,924,504,1455,912,487,1312,791,485,1307,733,547,0.0,19,19163,,,
462,19163011400,114,-90.567032,41.535294,970226.0,970226.0,0.0,2676,1627,263,734,77,55,4,2270,1379,285,447,93,17,11,2233,1361,180,557,67,0,12,2642,1392,370,824,68,97,5,2022,983,133,723,94,0,10,2359,1192,197,947,0,21,0,1976,1349,153,428,47,28,2,1640,1140,135,335,0,15,0,1760,1165,134,429,0,0,0,1891,1107,232,486,37,53,5,1891,1107,232,418,24,5,0,5,100,1482,924,111,421,0,0,0,1705,990,135,550,0,20,0,0,1097,807,276,1072,860,212,921,617,233,903,573,291,641,466,157,604,497,0,812,565,217,929,652,244,918,634,235,844,576,239,948,612,315,0.0,19,19163,,,
463,19017004000,40,-92.5078252,42.7355391,6563876.0,6563876.0,0.0,2672,2528,33,59,41,12,3,2548,2221,56,219,60,4,0,2517,2200,43,212,69,16,0,2406,2064,94,132,91,37,4,2647,2300,52,240,66,14,0,2434,2161,83,188,40,8,0,2129,2022,21,39,32,8,1,2165,2036,40,83,8,0,0,2235,2036,40,138,25,15,0,2181,1879,79,122,81,31,4,2181,1879,79,104,60,4,1,0,54,2302,2086,46,140,24,17,0,2115,1960,85,48,19,10,0,0,1222,687,515,1645,892,753,1244,653,484,1209,512,660,951,523,403,843,678,0,1074,555,481,1059,562,461,1041,551,456,992,508,457,1093,541,526,0.0,19,19017,,,
464,19017004500,45,-92.2794943,42.8388695,457900118.0,453506875.0,4393243.0,2511,2464,10,11,9,15,1,2722,2648,33,2,25,14,0,2667,2654,0,1,8,4,0,2362,2283,15,4,15,24,0,2593,2580,0,0,7,6,0,2530,2479,2,0,17,9,13,1919,1890,5,5,7,11,1,2140,2115,4,0,4,14,0,2160,2150,0,0,10,4,0,1859,1803,14,3,6,19,0,1859,1803,14,3,5,0,0,0,34,2188,2172,0,0,4,5,0,2070,2050,4,0,10,12,4,0,1319,674,602,1304,631,673,1341,388,862,1318,349,901,1108,372,711,978,701,0,1252,408,832,1425,455,955,1415,470,918,1288,387,885,1406,385,1004,0.0,19,19017,,,
465,19017004600,46,-92.4406369,42.6780053,116908571.0,114956065.0,1952506.0,4890,4794,35,34,22,8,2,5026,4933,27,21,34,11,0,5180,5044,63,31,31,11,0,5353,5113,81,41,39,39,0,5241,5135,49,47,5,5,0,5192,5030,41,11,73,12,46,3689,3641,20,13,16,5,1,3773,3708,25,8,19,12,0,3758,3693,30,12,8,12,0,3931,3776,49,19,26,30,0,3931,3776,49,0,18,0,0,1,87,3801,3732,25,16,4,9,0,3720,3625,25,10,28,16,0,20,2688,1359,1261,2814,1349,1465,2999,1058,1720,2988,885,1993,2583,1080,1454,2268,1632,0,2930,1099,1765,3284,1240,1976,3274,1246,1958,3018,1117,1842,3342,1147,2138,0.0,19,19017,,,
466,19017004100,41,-92.4636045,42.7451323,29774951.0,28420822.0,1354129.0,3551,3360,48,83,59,16,4,3590,3440,29,103,17,5,0,3583,3446,22,89,19,6,0,3819,3571,85,76,36,38,3,3420,3290,17,79,20,14,0,3482,3231,132,60,33,21,0,2821,2692,33,54,45,6,2,2725,2634,19,54,15,4,0,2560,2469,19,46,20,4,0,2874,2712,52,50,25,23,3,2874,2712,52,44,18,6,0,4,38,2528,2429,16,45,20,13,0,2655,2520,65,35,10,20,0,0,1941,1097,819,1812,982,830,2028,947,942,2016,742,1218,1796,878,876,1595,1238,0,2028,939,1037,2325,1129,1157,2314,1095,1169,2134,985,1106,2342,1081,1210,0.0,19,19017,,,
467,19017004200,42,-92.5133574,42.7075064,35421316.0,35053215.0,368101.0,3895,3684,54,84,65,15,0,4249,3901,94,40,143,68,11,4268,3853,106,53,166,94,13,4463,4060,113,123,103,47,4,4317,3901,152,33,162,74,20,4660,4111,142,194,166,48,1,3103,2955,33,61,51,8,0,3112,2987,0,18,95,15,0,3342,3147,35,12,120,19,0,3296,3071,57,58,75,20,2,3296,3071,57,45,60,1,1,7,54,3085,2906,71,17,68,14,0,3540,3215,80,140,90,8,0,4,2257,1268,951,1973,1068,905,2229,1041,1001,2210,808,1324,1971,985,943,1756,1359,0,2240,1053,1120,2574,1260,1252,2553,1217,1281,2345,1103,1192,2647,1278,1330,0.0,19,19017,,,
468,19017004400,44,-92.3648873,42.7799658,256687951.0,255308407.0,1379544.0,2806,2749,31,14,8,1,1,2831,2704,96,9,34,2,6,2778,2655,98,6,32,2,6,2679,2575,39,22,3,40,1,2752,2585,82,40,45,1,6,2647,2422,14,22,36,0,0,2116,2089,14,2,6,1,1,2180,2110,55,0,20,0,0,2155,2095,50,0,14,0,0,2046,1989,28,6,1,27,0,2046,1989,28,0,0,0,0,1,28,2150,2101,33,0,28,0,0,2095,2050,8,0,30,0,0,0,1448,819,590,1506,879,627,1555,623,820,1541,526,970,1288,577,692,1124,883,0,1478,601,851,1635,638,969,1620,645,927,1503,581,898,1597,551,1023,0.0,19,19017,,,
469,19017004300,43,-92.2288881,42.6929248,217437331.0,216778547.0,658784.0,1892,1861,13,7,4,4,0,1682,1648,31,0,3,0,0,1693,1652,38,0,3,0,0,1839,1782,31,5,1,20,1,1796,1722,41,3,30,0,0,1892,1846,33,5,4,4,0,1382,1372,3,1,1,3,0,1280,1270,10,0,0,0,0,1290,1280,10,0,0,0,0,1380,1343,17,2,1,16,0,1380,1343,17,0,0,0,0,2,18,1345,1282,36,1,24,0,0,1370,1350,4,4,4,8,0,0,1056,524,509,1020,465,555,1065,285,713,1026,248,755,841,261,556,729,488,0,970,284,671,1071,312,739,1064,315,721,965,260,689,1063,248,800,0.0,19,19017,,,
470,19017004700,47,-92.1034979,42.856237,17357932.0,17297771.0,60161.0,2059,2019,15,6,19,6,0,2134,2107,14,13,0,9,0,2177,2128,22,26,0,0,0,2067,1955,53,13,12,33,2,2266,2222,14,18,0,12,0,2175,2096,17,38,7,26,0,1604,1581,8,0,12,2,0,1650,1630,15,0,0,0,0,1660,1635,20,4,0,0,0,1568,1508,23,5,5,26,1,1568,1508,23,2,3,0,0,2,30,1822,1797,15,2,0,4,0,1690,1645,14,12,4,4,0,0,1030,514,494,1092,511,581,1095,323,688,1081,276,760,913,313,590,823,606,0,1049,327,693,1173,362,785,1169,372,766,1065,329,708,1117,340,768,0.0,19,19017,,,
471,19119950200,9502,-96.1603775,43.3794233,251763485.0,251617689.0,145796.0,3319,3228,58,13,7,12,1,3174,3105,34,24,11,20,0,3092,3028,22,27,15,20,0,3429,3224,102,35,10,42,0,3262,3109,99,34,22,26,0,3603,3402,145,22,38,9,0,2453,2397,35,4,6,6,0,2295,2275,14,4,8,0,0,2250,2230,4,4,8,0,0,2453,2347,56,13,8,25,0,2453,2347,56,5,8,5,0,0,32,2172,2141,4,4,8,4,0,2415,2350,35,8,14,8,0,0,1763,514,1222,1783,450,1333,1768,260,1421,1722,218,1453,1434,260,1149,965,634,0,1678,273,1377,1904,315,1557,1890,325,1507,1727,282,1418,1978,303,1644,9514.64435757419,19,19119,,,
472,19113001900,19,-91.6606193,41.983843,1807077.0,1738112.0,68965.0,2891,2173,159,481,75,49,4,2650,1979,165,362,120,54,17,2539,1811,170,450,85,47,21,2700,1598,365,616,94,57,2,2543,1596,231,567,113,58,23,2603,1631,265,553,115,44,30,2504,2000,108,318,67,39,3,2290,1825,120,279,25,35,15,2180,1690,135,285,24,30,20,2446,1504,340,492,90,39,2,2446,1504,340,443,81,8,0,2,68,2022,1502,161,259,27,38,24,2170,1575,205,260,70,22,30,15,1073,816,235,993,802,191,1017,695,221,988,586,326,723,540,154,694,586,0,847,589,205,819,590,200,804,568,183,750,520,195,737,489,228,0.0,19,19113,,,
473,19113002200,22,-91.676311,41.971339,1547269.0,1443306.0,103963.0,1834,1454,84,222,61,25,1,2339,1450,96,780,38,8,8,2276,1429,107,731,36,7,7,2735,1587,192,855,64,74,20,2195,1577,70,504,26,0,0,2606,1658,348,740,16,47,0,1478,1215,61,142,46,19,1,1695,1275,40,360,8,0,0,1695,1255,65,344,14,0,0,2004,1334,123,463,43,43,6,2004,1334,123,401,33,7,3,5,98,1685,1370,50,265,14,0,0,1905,1410,240,245,14,0,0,0,756,552,182,772,602,170,766,462,224,756,382,316,649,451,170,606,494,0,837,530,254,1107,724,340,1084,721,303,931,596,298,947,591,331,0.0,19,19113,,,
474,19119950100,9501,-95.9883445,43.3820284,514203042.0,514190984.0,12058.0,2797,2720,38,10,13,20,0,2684,2537,75,0,38,29,17,2741,2556,99,0,38,26,22,2637,2454,64,24,18,27,45,2439,2303,74,5,12,26,19,2529,2306,106,55,14,24,35,2116,2068,24,4,10,11,0,2040,1990,14,0,19,20,0,2070,2010,14,0,19,25,0,2024,1918,39,5,9,13,32,2024,1918,39,0,4,6,32,0,25,1934,1905,3,4,0,30,0,1955,1890,23,24,4,8,0,4,1493,346,1107,1552,303,1249,1521,130,1301,1502,109,1344,1243,131,1051,810,517,0,1430,169,1251,1592,190,1381,1564,208,1326,1419,161,1240,1580,200,1361,19000.467148187585,19,19119,,,
475,19119950300,9503,-96.3793876,43.3788887,756375007.0,756092588.0,282419.0,5465,5319,116,11,10,19,0,5911,5635,195,9,6,85,31,5943,5655,191,13,5,79,32,5868,5497,241,49,25,50,3,6099,5811,162,10,28,58,37,5891,5668,114,37,24,47,0,3807,3733,61,6,6,9,0,3975,3900,34,4,8,32,10,3985,3915,39,4,8,16,10,4010,3797,146,19,22,25,3,4010,3797,146,8,12,4,0,5,38,4226,4146,26,4,12,5,8,4155,4075,48,4,4,37,0,0,3026,813,2132,3050,641,2409,3072,457,2433,3009,372,2515,2490,406,2035,1615,1110,0,2912,467,2416,3367,562,2769,3297,540,2689,3031,461,2538,3444,520,2894,83037.7031789712,19,19119,,,
476,19113002400,24,-91.7012095,41.9638771,3553248.0,3553248.0,0.0,3655,3154,136,256,94,32,9,3919,2984,199,621,109,43,0,3841,2980,190,586,51,35,0,4119,3147,187,530,120,122,49,3954,2762,167,951,41,34,0,4471,3067,93,1222,64,12,0,2781,2498,83,124,64,19,5,2775,2340,50,280,80,24,0,2740,2315,60,290,55,24,0,3181,2598,107,293,79,69,35,3181,2598,107,236,58,3,35,7,137,2676,2149,32,439,42,29,0,3005,2500,14,469,20,8,0,0,1829,1244,559,1874,1321,553,1899,1037,693,1871,870,891,1614,996,554,1471,1186,0,1852,1060,699,2074,1249,752,2036,1223,724,1870,1084,710,1938,1128,767,0.0,19,19113,,,
477,19113002500,25,-91.6784862,41.960936,2174655.0,2174655.0,0.0,2857,2470,118,193,52,44,1,3101,2526,97,430,39,9,0,2854,2323,102,382,48,44,0,3058,2357,123,463,25,69,11,3175,2391,0,521,65,77,1,3233,2439,80,423,99,137,8,2138,1920,66,96,34,20,1,2330,2010,40,244,20,10,0,2215,1930,35,204,20,0,0,2464,2000,88,276,15,51,9,2464,2000,88,219,13,5,6,5,128,2319,2063,0,197,10,32,0,2370,2125,45,108,35,24,0,30,1318,937,355,1263,947,316,1197,711,361,1185,590,497,994,679,269,928,752,0,1154,719,365,1276,831,402,1261,828,365,1087,682,363,1117,665,428,0.0,19,19113,,,
478,19113002600,26,-91.6491389,41.9604055,2841407.0,2579555.0,261852.0,2416,2084,65,235,25,27,1,2613,1876,160,421,129,48,0,2513,1977,79,337,100,20,0,2612,1906,111,470,39,74,7,2288,1865,4,293,115,11,0,2101,1635,25,383,49,9,0,1843,1666,36,117,16,12,0,1740,1450,79,190,0,50,0,1745,1580,54,90,0,19,0,1963,1543,68,274,23,36,6,1963,1543,68,234,12,1,6,6,93,1556,1447,3,93,0,10,0,1485,1375,25,75,0,8,0,0,1082,784,279,1160,901,259,1141,730,299,1127,633,415,970,672,255,910,744,0,1088,718,311,1177,803,341,1171,798,315,1046,689,321,1068,668,382,0.0,19,19113,,,
479,19113002700,27,-91.6538207,41.9722261,2540596.0,2348311.0,192285.0,1549,1031,78,401,22,36,2,1805,1073,14,612,46,8,0,1720,1157,26,480,21,6,0,1850,1197,83,489,50,66,6,1771,1179,26,497,45,7,0,1902,1137,87,609,47,4,0,1189,879,48,231,16,22,1,1345,1025,14,250,45,10,0,1360,1095,25,208,20,0,0,1551,1082,58,334,38,60,3,1551,1082,58,272,31,3,2,3,100,1415,1130,27,204,43,0,0,1565,1085,90,339,48,0,0,4,669,537,123,668,532,136,734,494,164,725,433,245,624,445,147,579,480,0,721,497,184,804,576,205,792,564,187,724,496,198,768,514,236,0.0,19,19113,,,
480,19113002800,28,-91.6241117,41.9613177,11642926.0,11152843.0,490083.0,4131,3617,113,311,62,43,4,4359,4029,168,134,15,0,0,4387,4041,179,130,21,0,0,4185,3458,132,453,63,81,1,4508,3981,160,348,17,2,0,4248,3758,12,335,18,56,0,3196,2909,67,168,37,24,2,3470,3325,60,64,15,0,0,3460,3305,70,70,20,0,0,3297,2856,84,247,40,52,0,3297,2856,84,199,22,3,0,5,128,3421,3244,46,117,16,6,0,3260,3070,10,135,20,24,0,0,2467,1629,798,2544,1635,909,2428,1393,837,2404,1157,1123,2125,1340,746,1941,1538,0,2331,1375,866,2433,1512,861,2427,1500,863,2247,1339,852,2211,1315,854,0.0,19,19113,,,
481,19113002900,29,-91.6703123,41.9462811,8015225.0,7904947.0,110278.0,4843,4274,143,321,73,49,14,4675,3840,295,555,70,19,0,4730,3862,280,610,77,15,0,4930,3549,229,942,86,106,28,4747,3921,318,581,64,2,0,4990,3984,280,630,190,23,0,3734,3437,79,154,50,26,10,3870,3335,180,285,45,19,0,3870,3350,180,280,50,19,0,3903,2999,150,586,64,70,22,3903,2999,150,511,41,12,19,10,161,3983,3503,197,241,47,3,0,4010,3445,200,180,175,4,0,0,2263,1610,622,2653,1859,794,2373,1358,812,2333,1178,1028,1982,1262,647,1833,1496,0,2242,1325,810,2386,1424,898,2353,1447,815,2171,1280,815,2139,1226,878,0.0,19,19113,,,
482,19193000202,2.02,-96.3831679,42.5532789,7273895.0,7267134.0,6761.0,3210,2538,382,112,133,69,7,3616,2655,368,179,386,28,0,3695,2839,269,222,406,23,0,3385,2610,352,214,154,80,3,3435,3038,247,169,0,24,0,3625,3028,243,282,0,23,93,2477,2088,219,59,84,38,4,2680,2185,84,43,345,28,0,2840,2345,79,43,360,28,0,2793,2232,246,147,116,66,3,2793,2232,246,123,110,37,2,7,36,2627,2507,65,28,0,25,0,2945,2640,80,115,0,23,95,0,1500,739,739,1606,817,789,1577,635,829,1559,547,960,1267,569,677,1073,832,0,1430,616,770,1474,688,751,1428,665,721,1346,586,727,1342,595,722,0.0,19,19193,,,
483,19193003301,33.01,-96.3538552,42.4001696,6646743.0,6645941.0,802.0,4398,4012,145,82,111,62,0,4702,4286,172,25,21,215,0,4835,4275,300,124,20,159,0,5046,4280,320,144,178,144,10,4901,4401,250,107,73,90,0,5007,4455,243,107,208,0,0,2997,2768,84,43,74,31,0,3225,3055,65,0,20,80,0,3165,2990,80,4,20,70,0,3623,3163,178,80,128,81,6,3623,3163,178,59,111,33,5,8,66,3323,3125,102,4,38,45,0,3320,3170,95,4,59,0,0,0,2193,908,1259,2213,878,1335,2356,638,1610,2314,508,1728,2011,683,1278,1628,1126,0,2337,706,1580,2710,851,1824,2675,853,1751,2400,739,1613,2680,859,1774,0.0,19,19193,,,
484,19193003302,33.02,-96.2962252,42.4839301,134482830.0,134260982.0,221848.0,2695,2551,64,24,35,21,4,3812,3640,88,0,16,68,0,3339,3111,53,42,21,112,0,3492,3229,100,43,63,46,6,3543,3433,19,23,16,52,0,3230,3023,19,48,25,68,0,2017,1941,33,9,23,11,1,2809,2749,25,0,15,15,0,2669,2539,19,40,10,65,0,2707,2527,64,24,49,34,2,2707,2527,64,15,42,11,0,0,48,2764,2691,6,23,2,52,0,2705,2600,4,39,10,64,0,10,1734,600,1113,1328,546,782,1548,435,1018,1530,359,1102,1333,454,857,1072,757,0,1574,494,1042,1895,641,1227,1878,635,1187,1771,546,1193,2238,598,1593,0.0,19,19193,,,
485,19163011500,115,-90.5498753,41.5319074,1920265.0,1543041.0,377224.0,2329,1575,197,521,41,37,3,2130,1177,249,625,47,24,7,2049,1257,155,574,33,26,5,2252,1307,245,652,14,82,2,2090,1348,113,589,22,17,0,2094,1581,46,417,1,67,0,1717,1258,108,309,26,25,2,1665,1020,124,469,30,16,4,1585,1030,90,425,8,28,4,1683,1057,160,411,12,61,2,1683,1057,160,346,6,3,2,10,99,1627,1065,78,465,9,20,0,1580,1180,35,333,4,32,0,0,1169,785,356,1084,780,304,954,596,282,940,546,344,724,487,215,650,520,0,862,559,274,953,626,306,932,600,290,894,574,297,1067,659,378,1182.6199912853117,19,19163,,,
486,19163011600,116,-90.5632266,41.5419813,1824407.0,1824407.0,0.0,3529,2854,244,365,58,25,5,3361,2743,238,270,80,32,0,3203,2777,212,202,12,2,0,3459,2617,296,411,73,98,0,3100,2601,189,196,11,1,0,3315,2824,100,260,32,0,0,2758,2346,145,213,33,17,1,2560,2250,130,123,40,14,0,2485,2225,110,143,10,4,0,2582,2070,168,260,40,56,0,2582,2070,168,206,30,6,0,4,98,2408,2184,56,146,11,2,0,2540,2255,65,195,30,0,0,0,1869,1204,628,1666,1116,550,1621,917,566,1583,807,690,1210,773,401,1094,859,0,1462,878,531,1620,1016,562,1609,1001,542,1466,888,537,1466,883,556,0.0,19,19163,,,
487,19163011700,117,-90.5664811,41.5499134,1593349.0,1593349.0,0.0,3115,2663,197,198,42,43,5,3185,2449,220,440,53,38,23,3168,2458,136,473,94,29,34,3290,2536,278,363,60,70,0,3088,2278,181,488,140,4,21,2925,2336,291,262,62,2,7,2362,2122,107,77,31,22,1,2400,1960,165,230,20,0,25,2370,2005,74,240,20,0,35,2525,2094,162,190,38,34,0,2525,2094,162,151,18,3,0,7,90,2450,1976,124,243,35,3,15,2460,2090,210,135,14,4,4,0,1889,1170,687,1754,1131,623,1674,914,609,1634,824,734,1359,850,481,1220,962,0,1576,944,595,1808,1131,644,1785,1105,628,1599,945,630,1607,911,657,0.0,19,19163,,,
488,19163011800,118,-90.5840627,41.5509266,2396977.0,2396977.0,0.0,2348,1942,143,228,34,18,2,2350,1984,112,146,50,59,0,2264,1933,98,104,60,71,0,2306,1876,196,162,44,46,4,2293,1891,208,106,40,51,0,1996,1685,174,36,137,0,0,1861,1615,98,118,20,15,2,1855,1700,45,55,20,25,0,1810,1670,29,45,20,30,0,1879,1601,128,93,36,30,4,1879,1601,128,61,26,4,0,0,59,1895,1691,113,50,13,20,0,1745,1545,95,0,79,0,0,25,1340,835,486,1275,834,441,1188,641,446,1164,565,531,930,555,359,836,641,0,1076,615,428,1157,676,450,1141,669,429,1040,584,430,1072,582,463,0.0,19,19163,,,
489,19163011900,119,-90.5959765,41.5509923,1634485.0,1634485.0,0.0,2584,2234,142,147,42,16,4,2682,2117,151,306,108,0,13,2513,2047,152,215,99,0,10,2638,2071,219,239,61,53,5,2472,2000,133,270,62,0,11,2914,2014,359,335,9,16,9,2052,1853,78,81,23,13,2,2180,1795,100,200,75,0,0,2080,1725,110,170,65,0,0,2090,1703,155,149,47,37,5,2090,1703,155,107,34,3,3,6,79,2082,1715,90,222,24,0,0,2270,1895,225,140,0,4,0,10,1585,944,618,1376,899,477,1235,661,469,1204,571,575,963,570,379,856,652,0,1168,652,474,1363,777,549,1357,775,520,1218,676,515,1281,696,565,0.0,19,19163,,,
490,19163012000,120,-90.6122775,41.5541874,2847555.0,2847555.0,0.0,3552,2650,234,525,143,37,5,3482,2681,346,242,192,46,0,3409,2766,377,115,127,44,0,3527,2705,326,338,100,78,8,3345,2643,278,203,151,0,0,3702,3023,129,376,129,22,0,2644,2141,123,285,85,26,1,2760,2200,215,185,145,20,0,2745,2355,215,95,50,25,0,2756,2233,201,205,67,61,4,2756,2233,201,169,50,12,0,4,87,2525,2245,148,83,52,0,0,2735,2460,45,179,50,4,0,0,1802,1059,724,1805,1127,678,1668,826,703,1634,712,840,1243,678,540,1097,827,0,1504,772,677,1644,881,731,1623,872,695,1467,754,682,1577,755,797,0.0,19,19163,,,
491,19163012100,121,-90.620983,41.5370555,2524868.0,2524868.0,0.0,3569,2963,245,262,92,38,5,3673,2761,411,214,247,66,0,3692,2857,381,257,214,30,0,3482,2686,269,312,138,74,3,3914,2805,353,568,247,21,0,3748,2686,473,536,62,0,65,2758,2408,140,137,67,28,1,2935,2355,240,124,165,49,0,3000,2445,220,165,140,30,0,2781,2247,174,198,95,59,1,2781,2247,174,156,83,12,0,6,103,3268,2474,198,398,184,18,0,3260,2335,430,390,55,0,35,20,1816,1149,645,1820,1235,585,1743,906,686,1707,781,820,1332,772,527,1171,907,0,1610,858,673,1780,963,761,1761,966,704,1577,838,679,1665,840,801,0.0,19,19163,,,
492,19163012200,122,-90.6224769,41.5148539,1229589.0,1229589.0,0.0,2211,1893,179,101,10,45,4,2027,1749,264,5,9,10,9,2099,1749,289,0,15,68,15,2073,1525,236,205,32,82,2,2067,1704,252,73,55,44,0,1961,1445,266,167,95,90,0,1677,1482,111,55,4,30,2,1540,1360,165,4,0,0,0,1620,1365,190,0,0,49,0,1650,1290,150,112,22,68,2,1650,1290,150,79,4,6,1,0,120,1711,1376,208,20,14,25,0,1650,1230,195,65,30,69,0,65,902,607,276,970,674,296,878,445,370,872,403,426,654,360,274,572,427,0,793,421,351,900,478,410,887,485,368,768,398,358,828,373,441,0.0,19,19163,,,
493,19113010200,102,-91.7665048,42.2188577,171450190.0,170363651.0,1086539.0,4745,4618,23,58,32,26,11,4613,4525,29,15,44,0,14,4657,4561,16,17,54,0,9,4715,4454,50,48,36,78,2,4724,4676,0,14,24,2,8,4674,4604,0,28,26,4,9,3317,3260,15,20,7,12,2,3345,3320,4,10,4,0,0,3380,3355,4,10,10,0,0,3472,3321,24,19,19,57,0,3472,3321,24,5,6,3,0,9,104,3472,3464,0,12,0,4,0,3500,3475,0,14,8,4,0,4,2528,1432,1034,2580,1400,1180,2567,1047,1346,2544,799,1644,2222,1049,1138,1975,1481,0,2525,1052,1395,2839,1184,1585,2821,1216,1506,2587,1058,1462,2821,1088,1677,0.0,19,19113,,,
494,19113010300,103,-91.5409629,42.1712354,278610943.0,276336435.0,2274508.0,3730,3625,39,29,26,19,0,3900,3748,25,56,55,16,0,3785,3629,25,55,45,37,0,3686,3471,58,47,23,55,0,3908,3777,20,37,35,44,0,3646,3570,18,16,16,35,0,2768,2719,22,10,12,12,0,2905,2820,25,34,24,10,0,2840,2750,15,34,24,14,0,2843,2701,41,22,7,40,0,2843,2701,41,10,5,3,0,14,69,2963,2872,8,4,20,7,0,2825,2795,0,4,0,12,0,10,2062,1134,874,2062,1071,991,2103,757,1181,2074,619,1343,1829,769,1020,1580,1138,0,2059,784,1222,2323,864,1415,2303,880,1337,2099,783,1269,2310,819,1454,0.0,19,19113,,,
495,19113010400,104,-91.4164753,42.0378253,187798358.0,187700940.0,97418.0,2891,2817,24,11,16,19,1,2726,2563,90,0,62,11,0,2861,2709,97,7,41,7,0,2891,2682,61,23,27,89,3,3076,2878,107,4,77,10,0,2867,2758,29,6,60,14,0,2223,2186,14,5,2,12,1,1970,1935,19,0,10,8,0,2135,2095,29,0,4,4,0,2251,2125,29,8,8,63,0,2251,2125,29,1,6,10,0,0,80,2250,2171,43,0,34,3,0,2155,2080,24,0,35,12,0,0,1600,775,779,1657,797,860,1703,616,946,1675,499,1120,1459,604,804,1261,882,0,1627,608,969,1828,700,1075,1813,696,1056,1671,622,1003,1757,663,1067,0.0,19,19113,,,
496,19163010103,101.03,-90.4275626,41.5809474,19288122.0,17732567.0,1555555.0,3560,3317,80,46,116,23,3,3729,3511,42,63,100,0,0,4332,3720,36,204,356,0,0,4863,4200,148,131,320,48,4,4033,3632,49,158,182,0,0,4595,4285,31,0,279,0,30,2583,2447,43,20,69,11,3,2651,2546,40,15,45,0,0,3001,2651,35,95,215,0,0,3376,2963,88,75,214,31,3,3376,2963,88,54,196,0,0,11,64,2759,2503,53,74,134,0,0,2975,2765,35,0,165,0,0,10,1908,814,1074,2267,886,1381,2920,1115,1620,2888,853,1946,2616,1031,1553,2158,1452,0,2833,1081,1685,3007,1278,1679,2978,1181,1749,2642,1004,1593,3270,1237,1966,3164.0338675043413,19,19163,,,
497,19163010104,101.04,-90.3656379,41.5935036,12731526.0,10624389.0,2107137.0,3575,3358,108,47,28,32,1,3577,3490,0,0,69,18,0,3544,3443,0,1,66,35,0,4022,3595,139,115,62,89,3,3581,3538,0,0,43,0,0,4149,3840,62,196,21,0,0,2693,2573,62,21,15,19,0,2495,2460,0,0,15,20,0,2525,2470,0,0,20,35,0,2998,2740,96,56,27,64,3,2998,2740,96,41,16,3,0,10,92,2264,2244,0,0,16,0,0,2645,2485,25,125,4,0,0,0,1656,787,827,2089,1003,1086,2257,860,1222,2226,724,1375,1927,875,1007,1643,1091,0,2189,895,1227,2456,1048,1361,2434,1002,1365,2153,880,1220,2394,943,1409,6218.361079856262,19,19163,,,
498,19163012400,124,-90.6567877,41.5029836,21507430.0,19561115.0,1946315.0,1367,1227,66,40,9,32,0,1280,1116,137,0,0,27,0,1329,1163,123,0,0,44,0,1281,1097,60,38,12,48,0,1363,1243,82,0,0,38,0,1302,1219,10,42,0,31,0,1073,989,39,19,9,21,0,995,955,15,0,0,25,0,1050,1000,4,0,0,45,0,1050,916,33,25,6,43,0,1050,916,33,21,0,4,0,10,66,1077,1043,1,0,0,40,0,1040,975,10,40,0,10,0,0,620,376,233,690,464,226,601,295,262,591,264,294,450,244,197,393,288,0,547,279,246,602,306,276,589,312,252,523,260,247,576,258,309,3988.0259155170666,19,19163,,,
499,19163012501,125.01,-90.6577003,41.5591947,20477781.0,20477781.0,0.0,4038,3120,286,511,127,37,5,3873,2785,141,769,159,28,0,3895,2668,372,672,130,94,0,4089,2823,299,722,183,80,12,4284,2700,571,863,94,112,0,4169,2561,360,1183,6,138,0,3011,2512,146,262,81,24,5,2730,2255,64,300,80,24,0,2705,2215,105,270,65,45,0,3137,2311,197,407,149,71,8,3137,2311,197,361,133,1,4,0,130,3122,2333,178,449,61,68,0,3365,2290,220,724,4,83,0,30,1997,1201,768,2075,1320,755,2012,1026,832,1968,874,993,1566,868,663,1366,1052,0,1878,986,817,2103,1137,912,2067,1136,857,1882,979,852,1996,970,987,0.0,19,19163,,,
500,19163012502,125.02,-90.6347454,41.5270007,8155851.0,8154140.0,1711.0,3950,3163,242,360,160,54,4,3708,2965,407,170,131,50,0,3802,2935,348,302,175,56,0,4079,3061,305,521,141,72,6,3813,2848,222,486,241,53,0,3822,2889,217,626,134,21,0,3035,2558,143,203,107,33,3,2840,2475,140,135,39,50,0,2860,2525,90,104,80,55,0,3251,2575,188,318,108,53,5,3251,2575,188,267,99,9,5,4,104,2975,2512,39,225,120,55,0,3015,2495,115,300,50,15,0,50,1905,1223,660,1870,1290,580,1743,977,660,1700,830,787,1258,747,487,1111,868,0,1610,892,661,1884,1037,801,1856,1030,761,1669,899,722,1841,907,901,0.0,19,19163,,,
501,19163012601,126.01,-90.6380246,41.5904955,14633833.0,14633833.0,0.0,5205,4076,266,671,180,57,9,5543,4581,131,620,148,78,0,5476,4240,247,836,109,73,0,5484,3859,508,834,171,190,8,5330,4096,407,794,0,59,0,5216,4124,346,625,0,53,0,3766,3129,141,360,116,33,4,4040,3510,40,290,150,55,0,3950,3255,130,410,110,50,0,3988,3033,293,436,117,130,5,3988,3033,293,351,105,7,2,4,193,3765,3085,320,340,0,34,0,3705,2990,315,380,0,28,0,0,2569,1623,918,2552,1731,821,2270,1159,919,2228,1039,1088,1583,877,663,1432,1081,0,2058,1070,894,2336,1215,1061,2305,1224,972,2038,1053,931,2234,1073,1119,0.0,19,19163,,,
502,19061001204,12.04,-90.7492391,42.5054309,2842742.0,2842742.0,0.0,2091,2016,20,17,40,4,1,2723,2504,20,97,103,0,0,2746,2531,58,100,58,9,0,2672,2385,48,104,101,31,1,2981,2689,93,77,110,18,0,2816,2472,86,102,150,13,0,1510,1469,15,6,18,4,1,2041,1962,20,10,50,0,0,2115,2031,30,20,30,0,0,2042,1857,30,44,83,24,0,2042,1857,30,36,78,0,0,6,35,2285,2176,63,3,31,4,0,2185,2000,59,94,29,4,0,0,1071,590,471,1301,706,595,1413,698,630,1366,570,745,1223,650,553,1071,847,0,1366,684,642,1508,790,688,1480,757,683,1375,691,658,1566,788,756,0.0,19,19061,,,
503,19129040202,402.02,-95.6864049,41.1049603,259935961.0,258426672.0,1509289.0,3488,3329,86,22,25,32,6,3542,3377,130,0,35,0,0,3489,3324,119,0,45,0,0,3750,3444,108,45,43,57,6,3794,3520,118,126,29,1,0,3601,3396,52,53,90,45,0,2567,2475,46,8,15,22,1,2630,2555,50,0,29,0,0,2530,2460,40,0,29,0,0,2850,2650,66,19,34,45,3,2850,2650,66,15,21,7,0,9,82,2708,2515,35,108,22,3,0,2545,2405,15,45,28,14,0,35,1995,754,1186,1857,676,1181,2087,511,1427,2005,438,1465,1772,514,1234,1387,802,0,2052,553,1441,2393,677,1672,2364,664,1627,2177,594,1531,2481,703,1747,0.0,19,19129,,,
504,19129040201,402.01,-95.7576292,40.9943302,337506251.0,332703078.0,4803173.0,2287,2158,79,11,13,23,7,2385,2261,85,17,6,16,0,2326,2178,65,43,17,29,0,1828,1651,76,39,8,32,3,2075,1939,51,30,31,27,0,1896,1777,9,20,50,34,0,1742,1668,40,1,8,16,4,1715,1670,24,0,8,12,0,1660,1600,30,0,12,12,0,1364,1258,39,19,8,22,1,1364,1258,39,7,6,0,0,2,52,1509,1459,28,0,24,21,0,1450,1395,10,0,39,4,0,0,1005,413,562,1074,433,641,1201,296,819,1161,263,833,967,336,622,781,482,0,1058,307,731,1107,303,785,1096,314,747,1036,300,710,1107,301,787,33298.10323606067,19,19129,,,
505,19129040100,401,-95.4929679,41.0225528,518272853.0,516298914.0,1973939.0,3023,2957,29,12,7,20,0,2852,2646,70,74,13,46,0,2949,2703,86,102,11,45,0,2777,2620,47,19,15,42,2,2870,2691,117,15,9,40,0,2929,2788,55,3,16,78,0,2303,2264,17,5,5,14,0,2255,2135,50,24,0,48,0,2325,2185,55,29,0,49,0,2138,2040,24,5,8,33,2,2138,2040,24,5,0,4,2,11,52,2339,2205,96,2,0,33,0,2250,2150,44,4,12,48,0,0,1582,621,919,1463,595,868,1547,371,1052,1495,301,1093,1236,385,828,952,645,0,1425,386,1015,1590,414,1149,1575,443,1091,1431,377,1024,1622,424,1172,0.0,19,19129,,,
506,19163012602,126.02,-90.619734,41.5656493,5149624.0,5149624.0,0.0,4161,3106,276,663,125,55,7,3989,2672,493,665,157,28,0,4265,2867,620,649,109,20,0,4202,2733,338,880,163,157,3,4175,2844,497,721,113,0,0,4102,2698,288,809,285,38,0,2966,2444,138,299,74,27,4,2780,2170,160,330,105,8,0,2860,2265,195,320,80,4,0,3028,2182,200,438,122,109,1,3028,2182,200,364,108,13,0,9,152,2824,2263,174,304,76,0,0,2615,2160,98,270,70,20,0,0,1890,1132,733,1944,1225,719,1825,880,801,1786,769,939,1338,703,604,1191,878,0,1651,827,759,1841,962,832,1812,952,793,1651,829,775,1806,879,889,0.0,19,19163,,,
507,19163012701,127.01,-90.6054646,41.5727125,2316289.0,2316289.0,0.0,3194,2543,152,370,111,30,5,3223,2593,149,252,128,101,0,3291,2420,180,516,121,54,0,3083,2206,228,476,139,75,3,2921,2431,187,180,79,44,0,3112,2209,232,561,31,24,0,2458,2068,96,208,69,24,3,2410,1990,75,199,70,75,0,2525,1930,80,404,85,24,0,2338,1798,125,268,105,46,0,2338,1798,125,243,97,7,0,5,63,2281,1983,77,152,34,18,0,2435,1840,120,429,29,15,0,0,1636,960,656,1714,1040,674,1596,787,691,1561,694,808,1247,684,536,1084,848,0,1498,763,682,1669,862,774,1650,861,735,1452,744,676,1390,686,678,0.0,19,19163,,,
508,19163012702,127.02,-90.5929872,41.5679194,2432222.0,2432222.0,0.0,3177,2678,153,269,75,20,2,3014,2669,204,97,44,16,0,3012,2667,214,64,53,14,0,3335,2725,182,273,88,79,3,3021,2483,362,70,97,9,0,3163,2367,420,185,136,25,0,2569,2253,99,157,55,12,0,2515,2245,129,95,45,0,0,2480,2240,115,65,50,14,0,2791,2355,124,190,73,49,3,2791,2355,124,157,61,3,0,12,79,2521,2092,242,68,101,5,0,2565,2070,315,85,94,12,0,0,1826,1093,714,1900,1155,745,1793,914,759,1755,782,905,1441,804,618,1245,993,0,1692,888,747,1855,1022,795,1836,1003,779,1689,896,753,1776,950,802,0.0,19,19163,,,
509,19163012801,128.01,-90.5800633,41.5860676,8109743.0,8109743.0,0.0,4618,3222,227,1027,134,42,12,4649,3049,222,1087,246,15,0,4766,3277,179,1097,175,21,0,5062,3192,388,1256,195,117,4,4978,3426,133,1166,170,22,1,4923,3669,231,1008,55,6,1,3310,2477,129,590,104,24,7,3205,2405,125,585,84,4,0,3435,2630,120,605,74,10,0,3799,2586,232,772,158,74,4,3799,2586,232,677,135,3,3,8,155,3708,2771,118,693,104,15,0,3875,2985,195,655,30,4,0,4,2244,1428,787,2392,1515,877,2341,1194,979,2299,1047,1156,1839,1022,780,1657,1249,0,2242,1193,974,2592,1450,1091,2560,1429,1055,2278,1216,1014,2560,1320,1202,0.0,19,19163,,,
510,19163012802,128.02,-90.5683808,41.5648892,5544660.0,5544660.0,0.0,5117,3967,312,708,134,46,11,5006,3458,613,794,110,0,0,5259,3334,665,1123,109,0,0,4832,3210,359,1058,146,109,5,5730,3937,665,796,191,61,0,5281,3716,511,709,242,20,0,4050,3304,188,452,98,31,5,3505,2675,140,660,35,0,0,3545,2515,170,835,20,0,0,3799,2699,221,672,133,78,4,3799,2699,221,583,94,17,0,11,174,3719,3043,185,461,25,4,0,3630,3065,150,345,55,10,0,0,2481,1542,897,2583,1644,939,2136,1182,792,2118,1025,973,1663,990,643,1490,1183,0,1979,1126,775,2165,1296,816,2134,1260,797,1938,1098,790,2066,1128,902,0.0,19,19163,,,
511,19163012901,129.01,-90.5296757,41.5860595,11865894.0,11865894.0,0.0,3966,3208,181,376,198,24,3,6425,4730,405,1063,227,0,0,6092,4289,377,1151,217,58,0,5596,4148,306,784,308,62,1,6163,4716,347,721,338,41,0,5714,4244,170,974,240,27,0,2958,2488,109,223,131,14,3,4390,3735,185,375,100,0,0,4150,3430,155,410,105,60,0,4270,3349,185,458,206,44,0,4270,3349,185,415,187,1,0,19,114,4431,3859,153,243,151,42,0,4090,3425,95,370,180,24,0,0,1983,931,1032,2403,1110,1293,2565,1156,1232,2530,936,1506,2235,1035,1168,1914,1374,0,2642,1201,1368,3164,1563,1554,3131,1479,1585,2855,1310,1496,3341,1594,1699,0.0,19,19163,,,
512,19053960300,9603,-93.7472134,40.7498688,53371911.0,52577361.0,794550.0,2135,2061,41,13,14,11,0,2172,2102,32,16,14,8,0,2016,1956,31,16,5,8,0,2007,1894,34,29,14,31,6,2030,1959,15,17,8,14,0,1830,1766,30,2,0,14,0,1597,1555,19,8,9,10,0,1550,1510,19,8,4,8,0,1440,1410,19,8,0,8,0,1509,1432,30,17,5,12,4,1509,1432,30,10,4,1,2,3,27,1521,1498,17,8,0,14,0,1465,1420,24,4,0,15,0,0,989,456,481,926,432,494,887,244,586,885,219,637,715,234,456,616,455,0,840,243,579,968,242,709,947,257,649,884,236,625,945,217,712,0.0,19,19053,,,
513,19193000300,3,-96.401074,42.53926,5685551.0,5683990.0,1561.0,6102,5196,498,185,155,90,10,6388,4583,1222,603,146,176,16,6239,4745,827,615,202,138,28,6653,4436,1030,747,261,208,37,5711,3899,1172,582,234,100,42,5904,3983,978,419,194,345,3,4567,4042,270,108,103,57,4,4325,3665,360,175,110,45,15,4460,3750,370,210,110,35,30,4827,3515,589,415,177,104,22,4827,3515,589,363,153,41,21,23,122,4001,3088,525,217,124,20,36,4275,3135,590,270,35,245,0,4,3360,1484,1827,3282,1518,1764,3277,1309,1745,3221,1068,2022,2764,1195,1517,2310,1763,0,3089,1296,1704,3318,1518,1737,3255,1475,1677,3052,1300,1687,2973,1320,1591,0.0,19,19193,,,
514,19193003100,31,-95.8029326,42.3880909,748388914.0,747265829.0,1123085.0,3911,3772,72,12,23,39,0,3781,3637,95,34,9,14,13,4041,3812,149,43,38,7,19,3660,3448,82,37,28,66,5,3992,3632,282,10,44,14,0,3688,3267,296,42,42,19,0,2978,2909,36,3,14,15,0,2880,2805,59,0,8,8,0,3010,2945,44,0,8,8,0,2748,2639,44,19,13,38,3,2748,2639,44,8,7,9,2,0,39,2928,2801,107,0,14,9,0,2625,2515,64,34,8,12,0,4,2050,824,1158,1912,749,1163,1961,398,1441,1943,328,1498,1540,338,1140,1171,851,0,1793,413,1356,1963,464,1481,1940,500,1377,1832,408,1395,2020,409,1583,0.0,19,19193,,,
515,19193000400,4,-96.4188595,42.5434225,9699837.0,9697765.0,2072.0,4579,4008,275,117,123,82,9,4456,3926,104,138,317,6,7,4406,3723,274,150,264,8,29,4799,3821,457,222,185,87,18,4170,3385,167,233,382,8,0,4583,3494,437,263,217,163,0,3397,3077,142,60,83,48,7,3265,3020,30,30,175,0,4,3225,2960,65,35,130,10,30,3581,2972,273,126,132,46,12,3581,2972,273,95,114,17,6,17,87,3036,2741,54,25,212,6,0,3355,2940,160,75,80,94,0,0,2644,1130,1476,2554,1143,1411,2497,971,1352,2464,811,1551,2174,959,1176,1810,1357,0,2400,1009,1316,2598,1206,1331,2562,1166,1300,2397,1019,1316,2422,998,1370,0.0,19,19193,,,
516,19193001300,13,-96.4056444,42.5061573,533248.0,533248.0,0.0,1668,663,650,141,119,137,9,1623,481,614,261,153,267,61,1627,471,649,245,167,231,61,1799,432,528,582,108,172,26,1511,457,708,105,176,194,43,1707,660,700,153,132,104,0,1161,545,383,84,84,82,4,915,435,285,94,65,34,0,885,420,290,99,75,4,0,1252,370,333,361,86,113,16,1252,370,333,341,71,70,13,7,47,903,398,359,34,95,3,0,985,565,330,8,60,24,0,0,434,276,144,387,264,123,365,214,123,353,181,146,285,167,112,257,202,0,337,197,134,397,233,154,372,228,133,344,200,137,351,198,149,0.0,19,19193,,,
517,19193003200,32,-96.1017122,42.4717863,481030396.0,479875904.0,1154492.0,4767,4626,51,37,24,39,3,4662,4481,122,36,30,60,0,4814,4546,140,84,33,79,0,4829,4494,147,50,28,77,6,4745,4548,82,45,19,77,0,4690,4570,43,19,27,27,0,3433,3379,21,4,13,16,3,3415,3350,35,4,0,27,0,3565,3460,50,30,4,31,0,3574,3387,75,25,19,59,1,3574,3387,75,10,11,6,0,2,83,3621,3524,28,20,13,35,0,3605,3550,14,10,14,26,0,0,2630,929,1635,2621,920,1701,2653,535,1942,2640,468,2040,2214,622,1556,1827,1225,0,2541,616,1873,2881,681,2149,2852,715,2033,2636,643,1940,2904,646,2218,0.0,19,19193,,,
518,19193000500,5,-96.4569086,42.5326415,19803063.0,19628439.0,174624.0,3394,2766,347,142,99,67,4,3525,2436,440,110,359,100,142,3278,2326,310,65,372,122,121,3196,2231,531,170,160,121,17,3215,2516,209,55,234,124,106,3240,2512,272,145,267,104,0,2672,2280,215,88,61,39,4,2690,2075,250,49,219,58,35,2610,1990,225,50,249,58,40,2578,1918,323,138,121,78,13,2578,1918,323,88,98,31,9,4,107,2559,2079,178,40,162,55,44,2565,2025,165,103,255,4,0,4,1485,811,652,1420,817,603,1426,627,704,1400,525,794,1103,552,527,945,730,0,1254,581,626,1288,624,637,1261,616,586,1187,544,608,1220,509,680,5529.874872548518,19,19193,,,
519,19193002102,21.02,-96.3600583,42.4415798,11743520.0,11682968.0,60552.0,5972,5441,241,103,123,97,5,6011,5359,478,118,0,16,40,6078,5336,549,119,0,18,56,6591,5447,583,184,196,144,27,6185,5545,466,59,49,18,48,6434,5935,249,102,66,9,0,4472,4188,131,46,71,47,3,4350,4120,175,20,0,15,20,4455,4145,245,25,0,20,25,5065,4333,383,90,124,98,11,5065,4333,383,56,105,27,11,12,138,4759,4424,256,14,29,19,25,4950,4755,130,19,35,10,0,0,3397,1396,1965,3512,1436,2076,3534,1085,2232,3497,896,2468,3057,1151,1841,2505,1841,0,3403,1161,2142,3679,1363,2243,3623,1323,2186,3283,1157,2056,3314,1199,2055,0.0,19,19193,,,
520,19193003500,35,-96.1298036,42.304921,739364410.0,732580047.0,6784363.0,4038,3873,76,9,31,51,2,3896,3518,312,22,5,43,0,3927,3648,211,27,4,42,0,3860,3570,121,31,30,92,12,3970,3701,227,0,5,40,0,4055,3631,233,29,6,108,0,3063,2984,34,1,14,29,1,2945,2735,189,4,8,20,0,3065,2900,158,4,8,16,0,2961,2796,67,12,20,59,7,2961,2796,67,6,13,23,4,3,49,3345,3142,181,0,6,23,0,3170,2940,169,4,8,63,0,0,2149,823,1260,2118,774,1344,2151,466,1586,2114,389,1653,1786,495,1263,1431,962,0,2041,492,1512,2292,549,1704,2262,577,1601,2105,518,1545,2333,517,1772,20203.146971354163,19,19193,,,
521,19193000100,1,-96.356113,42.5160555,24349812.0,24025714.0,324098.0,4481,3338,734,128,177,143,9,4308,3021,969,68,219,129,7,4695,3199,1183,287,65,61,11,4760,3216,940,287,143,215,6,4785,2808,1076,869,54,76,12,5303,2965,1252,681,5,263,151,3136,2543,361,51,124,74,4,2980,2455,350,0,110,43,4,3145,2590,485,0,24,24,10,3358,2479,538,139,85,118,6,3358,2479,538,108,82,54,2,10,85,2850,2233,352,177,19,27,10,3170,2290,510,154,4,60,150,0,1408,838,532,1598,888,710,1640,549,989,1611,521,1020,1311,550,721,1110,803,0,1562,596,916,1801,683,1080,1771,733,961,1524,580,893,1251,481,753,0.0,19,19193,,,
522,19193000700,7,-96.4602729,42.504452,8116707.0,7709125.0,407582.0,3176,2237,587,178,64,140,8,3018,2214,382,195,64,208,0,3099,2036,454,148,236,267,0,3311,2119,596,247,148,239,6,3154,2084,390,107,277,335,0,3030,1854,714,241,170,142,0,2263,1755,318,87,37,77,3,2255,1805,250,84,45,75,0,2250,1660,275,60,140,120,0,2391,1701,347,121,110,110,3,2391,1701,347,90,98,61,2,10,82,2221,1723,139,45,163,157,0,2065,1560,290,80,70,54,0,15,1281,720,531,1207,730,477,1209,516,623,1181,461,669,944,464,454,810,619,0,1135,522,580,1296,614,664,1273,618,605,1154,527,596,1235,529,684,4943.3414142446945,19,19193,,,
523,19131560100,5601,-92.6796502,43.3556912,638551718.0,638440389.0,111329.0,3373,3324,20,11,10,11,0,3412,3243,100,47,4,0,0,3351,3159,101,58,4,0,0,3137,3020,64,14,20,30,8,3243,3156,65,19,3,0,0,3175,3120,39,12,2,2,0,2457,2429,10,5,5,7,0,2445,2350,54,38,4,0,0,2475,2375,44,48,4,0,0,2294,2224,32,11,14,19,8,2294,2224,32,0,2,1,0,7,28,2424,2370,46,14,0,0,0,2285,2255,29,4,0,4,0,0,1670,872,737,1380,693,687,1425,478,861,1423,383,988,1196,441,729,1029,802,0,1381,474,888,1539,509,1012,1530,584,901,1359,454,881,1500,434,1039,20764.949598331375,19,19131,,,
524,19131560300,5603,-92.811991,43.2766285,16122834.0,16122834.0,0.0,3846,3753,51,16,20,14,4,3831,3709,15,32,20,65,0,3791,3646,39,38,21,56,0,3854,3610,84,48,46,60,5,3734,3594,40,53,17,39,0,3730,3491,77,57,76,9,0,2976,2916,35,11,16,10,3,3100,3005,4,14,20,65,0,3020,2910,4,40,24,60,0,3060,2903,56,23,31,47,2,3060,2903,56,10,23,1,0,4,63,2989,2896,1,56,16,38,0,2970,2875,4,59,20,8,0,0,2127,1260,825,2047,1132,915,1971,789,1028,1941,642,1246,1630,664,906,1424,1105,0,1872,746,1081,2113,814,1253,2118,904,1133,1916,748,1123,2103,820,1247,0.0,19,19131,,,
525,19131560200,5602,-92.917722,43.354433,561812151.0,560804989.0,1007162.0,3557,3487,39,8,13,7,2,3388,3328,31,0,29,14,0,3465,3424,17,0,24,6,0,3574,3450,45,24,21,21,9,3611,3489,58,26,42,4,0,3632,3511,70,11,31,3,0,2679,2640,18,4,7,5,2,2540,2500,29,0,15,0,0,2570,2545,12,0,10,0,0,2731,2634,28,22,17,15,7,2731,2634,28,14,11,0,0,6,38,2665,2588,34,20,14,0,0,2680,2635,33,8,10,0,0,0,2024,1043,903,2042,989,1053,2027,597,1251,1998,496,1454,1684,576,1063,1471,1055,0,1923,630,1274,2170,730,1412,2154,794,1313,1980,630,1318,2168,689,1450,17287.35034125026,19,19131,,,
526,19011960200,9602,-92.1692343,42.1446295,679918248.0,678201359.0,1716889.0,3254,3150,41,30,19,17,0,3207,3104,52,0,34,17,0,3284,3211,17,2,41,15,0,3184,3035,69,24,19,30,2,3125,3053,14,1,32,26,0,3086,2964,18,29,21,36,0,2441,2392,22,4,10,14,0,2415,2360,35,0,12,8,0,2495,2450,15,4,12,12,0,2425,2324,40,7,18,28,1,2425,2324,40,7,4,2,0,7,41,2306,2256,11,0,26,22,0,2325,2255,8,8,18,39,0,0,1843,806,965,1852,801,1051,1826,485,1227,1811,398,1388,1526,493,987,1282,922,0,1719,494,1205,1881,537,1310,1859,536,1275,1764,498,1232,1848,490,1330,0.0,19,19011,,,
527,19011960500,9605,-91.928932,41.9634748,277626348.0,277626348.0,0.0,5760,5638,38,47,22,23,1,5771,5559,33,157,13,35,0,5684,5471,32,160,14,26,0,5774,5477,66,84,34,83,2,5748,5575,24,124,14,30,0,5880,5742,19,61,41,24,3,4121,4066,18,14,9,16,0,4180,4090,30,34,4,4,0,4085,4000,24,50,4,4,0,4292,4138,29,28,17,50,1,4292,4138,29,11,11,6,0,5,92,4203,4152,5,14,11,12,0,4335,4270,8,12,18,8,0,8,3224,1660,1492,3187,1530,1657,3355,1181,1945,3300,929,2223,2863,1118,1648,2512,1848,0,3196,1162,1943,3552,1335,2137,3539,1320,2092,3283,1182,2012,3566,1277,2222,0.0,19,19011,,,
528,19011960100,9601,-91.9403294,42.2304022,234569549.0,232244736.0,2324813.0,3011,2929,23,24,14,23,0,2937,2854,34,22,20,7,0,2904,2856,19,0,23,6,0,3100,2946,36,34,16,55,2,2931,2798,30,0,24,7,0,3051,2842,52,36,49,3,5,2171,2131,16,9,11,11,0,2285,2220,24,20,14,0,0,2230,2200,14,0,19,0,0,2284,2192,22,16,8,33,1,2284,2192,22,12,8,0,0,1,49,2260,2222,21,0,19,4,0,2270,2185,29,14,24,4,0,4,1577,869,681,1624,849,775,1663,575,969,1660,471,1096,1415,564,809,1238,885,0,1602,572,987,1843,631,1175,1812,627,1129,1655,571,1046,1837,596,1211,0.0,19,19011,,,
529,19011960700,9607,-92.2665079,41.8983696,42454255.0,42245817.0,208438.0,2731,2652,43,17,12,13,2,2613,2568,3,18,4,38,0,2628,2488,23,20,7,24,0,2521,2355,46,33,25,40,3,2608,2483,23,23,9,21,0,2660,2518,55,14,15,20,0,2094,2056,19,7,6,6,1,2020,1975,0,0,4,25,0,2030,1985,14,0,8,15,0,1974,1886,21,11,16,21,3,1974,1886,21,7,11,0,0,2,47,2108,2067,17,0,10,4,0,2170,2120,25,0,8,8,0,10,1334,750,549,1287,694,593,1239,408,729,1233,354,820,990,417,548,851,652,0,1136,422,691,1270,475,768,1248,485,730,1163,421,716,1233,400,820,0.0,19,19011,,,
530,19011960400,9604,-91.9417642,42.0989952,266553572.0,265720691.0,832881.0,3260,3179,28,32,8,16,3,3332,3199,64,47,22,0,0,3255,3110,51,39,30,24,0,3257,3041,48,44,22,48,2,3346,3208,52,27,47,12,0,3283,3194,59,23,0,7,0,2499,2452,19,15,6,12,2,2555,2485,55,15,0,0,0,2525,2450,44,15,0,4,0,2507,2371,35,15,17,37,2,2507,2371,35,12,8,0,0,6,75,2599,2543,49,0,0,0,0,2620,2565,50,0,0,4,0,0,1714,832,838,1762,886,876,1813,584,1100,1791,498,1207,1505,559,893,1317,923,0,1726,596,1082,1928,664,1226,1907,698,1148,1781,598,1136,1919,617,1292,0.0,19,19011,,,
531,19011960300,9603,-92.0211328,42.1596738,30771444.0,30195167.0,576277.0,5406,5266,46,43,21,27,1,5295,5071,121,35,40,28,0,5343,5108,117,74,29,26,0,5122,4789,90,75,36,92,3,5247,4928,146,124,22,37,0,5144,4756,145,182,27,44,0,4084,4002,26,17,8,20,1,4125,4035,40,14,10,29,0,4185,4055,45,39,10,29,0,3970,3766,54,31,17,72,3,3970,3766,54,20,13,13,0,13,91,4029,3841,63,83,9,34,0,3940,3715,70,113,15,34,0,0,2675,1390,1241,2701,1449,1252,2540,986,1372,2517,758,1644,2139,908,1164,1873,1448,0,2401,953,1396,2673,1072,1549,2646,1068,1482,2455,939,1458,2597,945,1597,0.0,19,19011,,,
532,19011960600,9606,-92.14272,41.932207,328660768.0,328462170.0,198598.0,2642,2561,56,15,2,7,1,2471,2375,64,8,1,23,0,2539,2376,127,14,2,20,0,2617,2434,107,17,5,37,2,2553,2394,105,25,4,18,0,2548,2381,94,24,11,19,0,2011,1960,35,7,2,6,1,1880,1870,8,0,4,4,0,1945,1895,43,0,4,4,0,2006,1900,55,11,3,21,1,2006,1900,55,7,1,3,0,4,36,2004,1945,41,0,0,8,0,2015,1950,38,10,4,8,0,4,1485,749,679,1393,656,737,1420,440,894,1400,359,977,1170,381,744,985,712,0,1329,416,892,1490,444,1020,1476,466,971,1388,418,946,1509,414,1077,0.0,19,19011,,,
533,19169000500,5,-93.6397068,42.0352468,1284657.0,1284657.0,0.0,3105,2372,77,128,519,23,10,3405,2317,244,160,695,0,0,3711,2785,184,202,529,21,18,3741,2206,361,313,812,39,553,4073,3172,147,149,592,21,14,5117,3777,353,278,693,22,6,2708,2074,67,109,448,18,6,2590,2195,135,88,169,0,0,3100,2700,120,109,144,14,0,3667,2189,357,308,773,34,553,3667,2189,357,299,214,23,0,6,579,3524,3126,116,94,158,15,0,4275,3665,330,129,139,8,0,4,1472,934,505,1765,1144,621,1905,1195,462,1837,1025,706,1547,1134,365,1424,1193,0,1673,1134,449,1621,1179,382,1596,1133,416,1580,1088,435,1274,891,352,0.0,19,19169,,,
534,19115450300,4503,-91.1653318,41.1378932,266232837.0,256908433.0,9324404.0,4159,3833,263,33,16,18,2,4278,3901,271,27,53,26,10,4188,3787,274,40,48,45,0,4060,3603,285,53,24,86,4,4008,3661,234,53,65,3,0,3918,3415,277,60,25,149,0,3050,2880,134,18,10,14,2,3190,2995,113,12,35,29,0,3190,2955,148,22,35,44,0,3125,2812,188,24,20,71,4,3125,2812,188,12,7,5,0,3,98,3161,2982,126,18,44,4,0,3180,2895,133,18,20,110,0,0,2062,1004,983,1980,964,1016,2023,584,1333,2003,482,1415,1596,554,961,1254,841,0,1856,567,1258,2123,600,1480,2095,638,1392,1904,561,1310,2027,512,1480,12324.565514200713,19,19115,,,
535,19115450200,4502,-91.3948474,41.2563177,453776527.0,448113912.0,5662615.0,3976,2613,1220,50,97,14,6,4012,2394,1132,61,422,8,2,3975,2450,1075,63,377,8,0,3858,2416,1141,47,212,62,2,4132,2497,1138,69,387,65,0,3856,2506,985,99,217,113,2,2966,2085,758,33,86,8,2,2540,1980,510,34,10,4,0,2485,1965,464,40,14,4,0,2930,1954,763,35,143,44,1,2930,1954,763,28,138,3,0,7,37,2544,1919,539,50,30,18,0,2460,1860,444,49,84,28,0,0,1695,870,766,1561,817,744,1579,625,863,1558,525,939,1253,539,691,1057,787,0,1477,596,853,1691,659,998,1668,680,930,1493,567,896,1595,543,1020,0.0,19,19115,,,
536,19115450100,4501,-91.1798775,41.2398628,361358933.0,335561631.0,25797302.0,3252,2863,314,13,25,35,8,2933,2476,365,60,0,32,0,3015,2498,415,48,0,54,0,2919,2466,302,32,68,59,0,2985,2498,402,40,2,43,0,3049,2458,503,25,12,63,0,2428,2229,160,4,13,19,4,2170,1995,109,59,0,15,0,2320,2035,220,45,0,25,0,2317,2009,190,29,38,53,0,2317,2009,190,15,31,2,0,1,69,2289,2041,175,40,3,22,0,2220,1975,203,0,4,32,0,0,1256,649,565,1385,698,687,1410,426,884,1392,385,931,1019,373,614,840,549,0,1285,423,832,1518,467,1022,1496,486,937,1346,425,896,1520,425,1084,24385.664613427125,19,19115,,,
537,19137960200,9602,-95.2077332,41.012442,8318504.0,8234815.0,83689.0,2568,2414,108,32,17,36,1,2518,2290,162,97,33,27,0,2464,2269,120,1,42,66,0,2412,2255,67,13,22,45,1,2498,2323,83,0,31,144,0,2870,2510,0,5,25,256,43,1952,1873,66,14,10,23,1,1888,1833,25,4,20,0,0,1843,1788,0,4,30,25,0,1863,1758,35,2,17,36,1,1863,1758,35,2,10,8,1,1,48,1829,1756,0,0,20,53,0,2140,1860,0,4,25,205,25,20,1187,534,629,1131,458,673,1214,351,789,1195,284,861,971,329,622,771,556,0,1152,351,763,1294,423,838,1287,395,851,1165,357,771,1224,396,803,0.0,19,19137,,,
538,19137960100,9601,-95.1534533,41.0774013,707506133.0,706699859.0,806274.0,1995,1963,16,2,5,6,0,1980,1937,9,0,0,37,0,1962,1903,42,0,0,20,0,1953,1891,27,5,3,21,1,1955,1827,89,0,5,5,0,1881,1777,46,0,1,13,0,1555,1532,11,0,5,5,0,1562,1527,4,0,0,34,0,1537,1492,30,0,0,18,0,1571,1528,15,1,1,15,1,1571,1528,15,1,1,0,0,0,26,1527,1435,76,0,0,8,0,1480,1430,35,0,4,14,0,0,1061,389,623,962,309,653,1033,216,751,1018,157,811,843,182,607,635,461,0,959,218,734,1125,290,822,1117,264,830,1000,225,757,1066,270,770,0.0,19,19137,,,
539,19137960400,9604,-95.1598585,40.945355,370613982.0,369405846.0,1208136.0,2907,2815,49,6,6,22,8,2685,2631,11,0,0,43,0,2685,2605,14,17,17,32,0,2703,2581,37,18,4,52,0,2651,2560,40,24,9,18,0,2737,2584,42,17,6,75,21,2237,2176,32,1,4,18,5,2065,2025,4,0,0,35,0,2035,1975,4,10,15,24,0,2140,2049,26,14,1,44,0,2140,2049,26,5,1,5,0,0,54,2037,1980,15,16,10,15,0,2050,1965,10,4,4,49,0,15,1508,665,779,1315,499,816,1401,312,1023,1376,241,1041,1102,311,768,864,641,0,1309,320,968,1492,376,1103,1485,374,1072,1341,336,979,1440,387,1040,0.0,19,19137,,,
540,19137960300,9603,-95.2403657,41.0037014,14377598.0,14065251.0,312347.0,3270,3073,132,13,6,17,0,2972,2675,202,92,3,0,0,2942,2646,207,87,3,0,0,3262,2876,240,34,14,85,2,2912,2625,191,89,3,4,0,2797,2603,19,131,13,8,0,2485,2383,59,3,3,8,0,2145,2070,70,0,4,0,0,2210,2125,79,0,4,0,0,2488,2256,129,20,9,62,2,2488,2256,129,17,8,5,1,6,66,2325,2163,135,0,4,2,0,2295,2235,0,34,15,10,0,0,1611,730,847,1427,577,850,1370,417,869,1357,332,945,1042,355,640,853,608,0,1243,407,817,1416,494,896,1412,487,880,1280,412,841,1344,455,873,0.0,19,19137,,,
541,19113001101,11.01,-91.7013497,41.9836077,2943165.0,2943165.0,0.0,4240,3940,80,174,36,26,6,4393,3919,132,273,61,61,0,4298,3785,154,288,61,63,0,4608,3927,146,376,56,84,7,4560,4073,147,267,64,65,0,4220,3762,71,271,66,40,0,3355,3188,46,81,22,16,2,3575,3465,55,35,0,0,0,3495,3355,70,45,0,10,0,3848,3415,89,226,39,62,0,3848,3415,89,177,32,2,0,11,122,3775,3615,69,65,0,10,0,3615,3395,49,115,30,8,0,10,2391,1563,790,2413,1591,822,2492,1346,923,2451,1117,1180,2069,1284,718,1882,1503,0,2311,1321,874,2411,1458,866,2381,1432,846,2168,1261,822,2139,1273,814,0.0,19,19113,,,
542,19153011021,110.21,-93.7465369,41.5766973,2515842.0,2515842.0,0.0,4785,4319,194,133,138,24,4,5102,4436,134,195,221,93,23,5029,4077,360,208,271,79,34,4705,3963,226,195,245,47,7,4967,4046,315,199,316,56,35,5047,4201,433,61,294,22,25,3681,3382,125,77,90,14,3,3845,3475,70,94,120,54,25,3805,3295,140,114,170,44,35,3629,3148,147,111,162,30,2,3629,3148,147,95,134,5,0,12,88,3736,3241,126,87,204,34,35,3630,3205,190,12,175,18,25,0,3133,1662,1431,3054,1632,1422,3026,1564,1218,3002,1251,1630,2748,1621,1084,2514,2001,0,2966,1617,1258,3170,1874,1237,3161,1785,1303,2968,1654,1258,2983,1764,1179,0.0,19,19153,,,
543,19007950200,9502,-92.963839,40.8274886,361869009.0,315828925.0,46040084.0,1868,1835,23,10,2,2,0,1697,1686,7,4,0,0,0,1728,1694,13,8,13,10,0,1723,1670,16,5,6,17,1,1610,1550,35,6,14,31,0,1688,1570,49,33,14,57,0,1514,1492,11,6,2,2,0,1415,1410,8,4,0,0,0,1430,1420,0,10,4,0,0,1412,1382,8,3,3,6,1,1412,1382,8,1,3,0,0,0,18,1327,1314,0,0,4,4,0,1355,1295,0,34,4,19,0,0,996,481,479,999,489,510,975,262,677,962,242,673,865,301,532,724,525,0,947,288,646,1090,296,773,1066,320,714,1003,296,688,1070,250,810,0.0,19,19007,,,
544,19007950500,9505,-92.9104129,40.6535381,527735263.0,527223609.0,511654.0,2352,2293,22,3,16,18,1,2200,2098,35,19,2,46,0,2300,2185,50,27,0,38,0,2164,2085,18,6,12,32,2,2268,2096,61,45,0,66,0,1917,1907,0,0,0,4,0,1776,1744,13,0,10,11,1,1690,1630,14,4,4,39,0,1690,1635,25,4,0,23,0,1629,1565,14,2,11,25,0,1629,1565,14,0,4,2,0,1,43,1569,1506,9,0,0,46,0,1390,1385,0,0,0,4,0,0,1065,482,533,1119,517,602,1082,275,754,1063,254,755,877,277,582,720,527,0,1024,286,730,1157,303,843,1135,321,791,1042,283,742,1143,246,892,38902.752509606304,19,19007,,,
545,19007950400,9504,-92.8797963,40.705031,18186275.0,17584953.0,601322.0,3025,2887,56,41,16,24,1,3089,2959,35,41,12,42,0,2972,2860,42,42,17,11,0,2887,2677,62,43,44,55,8,3059,2889,69,42,39,20,0,3249,2900,153,131,59,31,0,2345,2266,29,21,11,18,1,2330,2210,35,40,4,40,0,2280,2180,45,40,4,10,0,2189,2061,33,29,16,39,3,2189,2061,33,24,12,3,0,7,49,2421,2284,68,39,5,22,0,2485,2350,35,55,14,30,0,0,1415,716,671,1375,718,657,1271,442,744,1243,405,790,987,405,560,853,643,0,1167,421,707,1310,434,841,1285,441,770,1185,416,738,1308,409,872,0.0,19,19007,,,
546,19007950300,9503,-92.8695077,40.7504949,18728059.0,18708146.0,19913.0,3090,2952,58,43,19,30,2,2968,2709,109,73,79,0,0,2899,2676,58,101,65,0,0,2975,2693,109,58,38,65,5,3180,3018,84,36,42,0,0,2985,2793,89,46,24,33,0,2397,2313,31,24,12,21,1,2283,2158,56,70,9,0,0,2300,2144,56,95,9,0,0,2403,2202,76,36,33,44,3,2403,2202,76,26,28,6,0,2,63,2560,2434,80,31,9,0,0,2455,2285,90,40,10,35,0,0,1470,733,693,1437,749,688,1421,472,885,1393,452,896,1170,482,664,1000,767,0,1348,479,830,1479,490,957,1438,487,885,1348,479,838,1421,445,947,0.0,19,19007,,,
547,19007950100,9501,-92.743286,40.7872762,410548258.0,408627624.0,1920634.0,2552,2503,22,6,6,16,0,2556,2486,53,11,4,0,0,2553,2435,87,25,5,0,0,2568,2461,26,19,18,29,4,2345,2275,15,29,24,0,0,2440,2344,0,51,29,14,0,1961,1930,15,1,4,11,0,1977,1947,19,7,7,0,0,1955,1906,34,7,7,0,0,1975,1912,15,5,13,15,1,1975,1912,15,1,7,0,0,0,40,1805,1770,19,5,4,0,0,1825,1790,0,10,14,15,0,0,1316,558,710,1180,486,694,1378,338,945,1354,316,965,1124,343,774,963,700,0,1288,342,931,1480,368,1098,1462,387,1029,1375,355,998,1542,336,1183,0.0,19,19007,,,
548,19015020400,204,-93.9032207,42.0521266,6505798.0,6505798.0,0.0,2555,2448,53,37,25,24,0,2469,2443,8,3,15,0,0,2422,2378,12,5,26,0,0,2464,2302,66,34,17,21,5,2453,2339,77,11,26,0,0,2465,2320,57,56,1,31,0,1956,1892,33,24,17,17,0,1910,1890,4,4,15,0,0,1890,1860,4,4,25,0,0,2012,1899,49,20,14,13,3,2012,1899,49,12,6,0,1,2,43,1802,1770,1,10,24,0,0,1885,1805,4,55,4,15,0,0,1275,700,541,1335,767,568,1322,558,644,1299,476,738,1061,573,453,944,730,0,1211,555,620,1343,559,748,1328,571,702,1248,560,652,1351,533,781,0.0,19,19015,,,
549,19153011111,111.11,-93.7171422,41.5843241,3504805.0,3504805.0,0.0,5316,4193,507,298,300,39,18,5036,3841,455,181,545,14,13,5231,3690,478,312,736,15,12,5205,3642,490,567,409,102,17,5179,3603,623,331,607,13,0,5356,3643,410,615,654,1,0,4304,3532,341,190,231,27,11,3815,3430,190,104,75,0,0,3705,3240,150,164,135,0,0,4235,3120,352,367,309,81,13,4235,3120,352,318,269,5,7,16,148,3550,3040,209,180,127,0,0,3860,3085,295,365,110,0,0,4,2629,1621,963,2610,1652,958,2509,1410,857,2463,1212,1121,2173,1410,704,2007,1619,0,2434,1457,863,2669,1681,906,2623,1617,902,2421,1476,864,2436,1535,855,0.0,19,19153,,,
550,19153011112,111.12,-93.7353335,41.5898088,3581344.0,3581344.0,0.0,3932,3380,262,144,140,30,11,4242,3632,401,109,80,29,0,4142,3525,325,142,97,59,0,4217,3318,356,233,216,79,4,3805,2988,254,410,107,46,0,3717,2852,250,460,68,77,0,3118,2743,167,92,105,16,8,2960,2685,190,55,24,4,0,3040,2755,134,75,45,25,0,3196,2640,214,130,141,55,3,3196,2640,214,108,113,14,2,12,93,2921,2403,122,330,53,15,0,2895,2315,140,338,50,59,0,0,2494,1319,1146,2415,1244,1171,2344,1180,974,2321,984,1250,2153,1229,889,1932,1540,0,2322,1235,1015,2504,1420,1023,2481,1371,1054,2357,1277,1031,2388,1350,996,0.0,19,19153,,,
551,19153011201,112.01,-93.7129898,41.6045423,3765587.0,3765587.0,0.0,4976,4416,190,221,140,19,7,5256,4543,244,156,313,1,0,5145,4535,347,69,183,13,0,5332,4144,356,324,322,73,12,5000,4313,370,104,189,15,0,5308,4188,451,280,373,35,0,3989,3641,113,128,94,13,5,3900,3630,85,103,89,4,0,3975,3660,130,68,99,14,0,4136,3378,219,194,199,52,7,4136,3378,219,164,186,5,2,15,167,3845,3461,173,75,118,20,0,3805,3285,195,180,150,4,0,0,3162,1788,1326,3226,1891,1335,3209,1826,1094,3192,1572,1494,2938,1908,977,2706,2206,0,3151,1905,1134,3322,2126,1125,3303,2065,1149,3118,1923,1129,3099,2007,1037,0.0,19,19153,,,
552,19159950200,9502,-94.2088321,40.647223,519778317.0,516933323.0,2844994.0,3029,2926,49,25,19,19,3,2954,2767,101,3,68,15,0,2859,2654,114,4,72,15,0,2702,2549,54,29,24,45,0,2935,2755,109,5,60,6,0,2774,2635,92,6,18,19,0,2269,2214,22,6,11,12,3,2205,2135,38,4,12,20,0,2170,2110,23,4,18,16,0,2080,1987,30,7,11,37,0,2080,1987,30,0,7,5,0,0,51,2179,2172,18,4,8,8,0,2085,2050,4,4,4,19,0,0,1682,769,827,1435,697,738,1533,424,996,1527,361,1097,1300,453,781,1104,903,0,1416,430,969,1561,428,1112,1553,452,1041,1502,444,1035,1559,389,1154,38572.73668162366,19,19159,,,
553,19159950100,9501,-94.2660679,40.7876307,875877171.0,869999040.0,5878131.0,2102,2040,42,5,5,13,0,2030,2000,18,0,2,10,0,2101,2077,11,0,2,11,0,1961,1898,17,9,10,30,1,1987,1925,20,0,0,42,0,1916,1789,44,4,0,80,0,1619,1582,25,3,4,8,0,1550,1530,8,0,4,12,0,1550,1535,8,0,4,12,0,1543,1502,8,7,9,18,0,1543,1502,8,0,1,2,0,3,27,1497,1442,14,0,0,38,0,1455,1365,19,0,0,65,0,0,1116,467,574,1052,474,578,1115,235,774,1105,170,845,978,258,644,821,634,0,1026,255,763,1153,281,856,1143,280,829,1107,276,814,1127,249,861,0.0,19,19159,,,
554,19029190200,1902,-95.0694159,41.2561577,342517572.0,342436098.0,81474.0,2436,2357,34,20,3,15,8,2325,2178,36,58,52,22,34,2211,2057,72,33,50,16,36,2186,2048,75,17,8,23,3,2214,2039,104,45,29,23,23,2131,1941,122,12,20,38,20,1858,1811,21,11,2,10,4,1730,1695,14,15,4,4,0,1620,1590,12,10,4,4,0,1752,1678,32,3,2,20,2,1752,1678,32,3,1,3,2,9,24,1702,1659,18,15,0,18,0,1635,1580,24,8,0,29,0,0,1287,465,779,676,247,429,1248,273,944,1230,206,959,1054,268,763,810,589,0,1180,280,889,1306,335,954,1295,339,933,1229,292,917,1287,322,944,0.0,19,19029,,,
555,19029190400,1904,-94.9921691,41.4032564,15973374.0,15960662.0,12712.0,4223,4050,111,24,16,26,28,4153,3834,253,13,12,62,21,4195,3840,208,27,48,93,18,4073,3810,113,23,22,58,35,4308,3981,215,6,49,55,17,4542,4239,188,6,62,30,0,3266,3160,70,14,11,17,16,3230,3055,105,8,4,20,20,3260,3060,80,24,24,55,20,3242,3075,71,15,10,43,16,3242,3075,71,7,6,2,14,4,63,3309,3141,84,6,19,42,15,3635,3420,160,0,19,30,0,0,2223,1012,1161,2148,936,1212,2194,654,1423,2133,535,1506,1803,627,1138,1416,1092,0,2077,669,1364,2326,763,1528,2285,772,1455,2088,677,1368,2181,713,1431,0.0,19,19029,,,
556,19029190300,1903,-94.8620535,41.2649496,492797943.0,492323045.0,474898.0,1579,1548,21,3,2,3,1,1478,1457,1,9,10,1,0,1502,1484,16,0,0,2,0,1537,1458,13,11,31,27,6,1555,1526,14,0,12,3,0,1592,1518,29,0,11,34,0,1216,1198,12,1,0,3,1,1115,1105,0,10,0,4,0,1135,1125,4,0,0,4,0,1142,1103,8,10,7,16,2,1142,1103,8,2,0,4,2,2,21,1156,1141,4,0,3,11,0,1215,1165,20,0,4,30,0,0,910,393,474,1387,445,942,832,181,617,826,142,656,717,195,479,561,427,0,790,204,580,868,221,638,857,244,598,836,216,604,898,195,685,0.0,19,19029,,,
557,19095960300,9603,-92.1926806,41.6116196,425816706.0,424982013.0,834693.0,3293,3226,32,8,16,11,0,3142,3066,36,45,4,0,0,3134,3056,52,28,4,2,0,3445,3170,116,61,33,55,5,3437,3316,53,29,50,2,0,3416,3233,81,67,54,11,0,2484,2448,15,2,11,7,0,2285,2255,19,8,0,0,0,2365,2315,34,8,4,4,0,2625,2461,60,37,24,32,1,2625,2461,60,32,15,11,0,3,43,2518,2436,34,4,48,3,0,2470,2350,45,19,58,8,0,0,1706,739,905,1730,755,975,1687,501,1061,1689,408,1238,1470,481,940,1250,891,0,1661,506,1120,1895,579,1286,1869,578,1229,1741,517,1185,1849,550,1254,0.0,19,19095,,,
558,19095960100,9601,-91.942116,41.7726336,358394633.0,357254638.0,1139995.0,3815,3696,66,32,13,15,2,3902,3702,147,34,45,0,0,3946,3773,108,59,17,0,0,3808,3584,77,38,30,43,4,4068,3806,91,16,19,32,0,3931,3711,72,27,0,19,0,2930,2862,41,11,7,11,1,2960,2870,45,35,10,0,0,2995,2890,34,50,15,0,0,3009,2877,44,16,20,27,1,3009,2877,44,9,9,1,0,14,55,3110,3026,40,0,20,20,0,3100,3030,60,0,0,8,0,0,2180,1082,1043,2217,1057,1160,2254,856,1239,2225,641,1459,1969,821,1103,1668,1269,0,2187,846,1294,2448,964,1439,2427,956,1414,2258,867,1343,2424,951,1435,0.0,19,19095,,,
559,19029190100,1901,-94.9039344,41.4324677,574778897.0,573661958.0,1116939.0,2593,2558,11,5,9,10,0,2374,2355,15,0,2,1,0,2399,2374,18,0,2,4,0,2433,2334,17,7,17,36,10,2340,2325,15,0,0,0,0,2395,2366,14,0,0,15,0,2007,1988,8,1,6,4,0,1844,1829,15,0,4,4,0,1904,1899,4,0,4,4,0,1909,1844,14,1,9,30,5,1909,1844,14,1,5,6,4,0,35,1762,1750,1,0,0,0,0,1775,1765,0,0,0,19,0,0,1427,610,747,1356,561,795,1377,380,939,1348,282,1022,1136,353,740,887,698,0,1263,368,877,1318,391,902,1301,416,843,1287,374,889,1430,371,1040,0.0,19,19029,,,
560,19095960400,9604,-91.9571284,41.5962224,381490410.0,381257995.0,232415.0,5190,4986,130,28,27,22,2,5274,5155,0,68,44,7,0,5145,4800,154,153,105,8,0,5505,5019,175,80,73,103,16,4623,4207,226,134,106,21,0,4841,4364,332,110,95,25,0,3807,3700,67,12,18,13,2,4135,4020,0,65,45,4,0,4030,3800,80,80,65,10,0,4098,3811,111,40,41,71,1,4098,3811,111,33,37,13,1,7,85,3690,3426,126,60,67,20,0,3755,3520,170,25,25,15,0,0,2776,1371,1347,2842,1307,1535,2978,1070,1699,2966,815,2045,2602,1050,1501,2202,1650,0,2919,1097,1754,3264,1296,1900,3238,1282,1866,2978,1110,1806,3254,1205,2002,0.0,19,19095,,,
561,19095960200,9602,-92.1686086,41.7836403,355896787.0,355417043.0,479744.0,4057,3910,79,40,20,21,2,3889,3527,247,90,20,4,0,3964,3748,150,38,28,6,0,3904,3621,127,43,26,68,7,4027,3868,113,24,21,15,1,4387,4129,131,79,17,39,1,3117,3027,44,20,15,15,2,3010,2800,149,50,14,0,0,3000,2885,69,24,24,0,0,3031,2883,67,13,16,37,1,3031,2883,67,5,10,2,0,14,50,3089,2946,51,16,12,0,0,3255,3145,33,54,8,14,0,4,1981,1010,893,1955,1056,899,1981,648,1194,1962,544,1345,1597,588,975,1342,1047,0,1869,643,1185,2135,708,1384,2101,725,1285,1935,656,1232,2112,694,1377,0.0,19,19095,,,
562,19061001201,12.01,-90.7063977,42.5053263,3163426.0,3163426.0,0.0,3816,3557,74,106,58,19,8,4179,3934,56,101,77,1,9,4068,3807,80,73,96,6,6,3847,3516,83,128,78,45,1,3906,3567,91,161,78,6,7,3716,3458,118,106,29,5,0,3133,2942,51,82,42,14,4,3288,3183,50,45,0,0,10,3244,3094,69,54,10,4,4,3228,3001,54,76,65,34,1,3228,3001,54,53,60,9,0,5,46,3067,2911,75,67,4,1,2,3070,2925,80,40,25,4,0,0,2065,1302,726,2373,1496,877,2140,1124,858,2085,965,1041,1813,1017,742,1586,1284,0,2003,1072,856,2106,1154,900,2062,1133,854,1924,1024,846,1963,1013,924,0.0,19,19061,,,
563,19061010500,105,-91.1019119,42.4813518,37736945.0,37702497.0,34448.0,4407,4279,54,53,17,2,1,4587,4409,23,117,36,2,0,4573,4359,77,97,62,0,0,4741,4358,162,139,28,36,10,4570,4267,119,151,77,9,0,4578,4184,277,92,43,4,0,3332,3266,31,22,11,2,1,3607,3506,14,50,35,1,0,3536,3400,50,45,40,0,0,3609,3394,102,63,12,24,6,3609,3394,102,50,7,3,6,10,37,3578,3385,79,61,24,8,0,3420,3265,94,25,20,4,0,0,2535,1253,1238,1827,840,987,2444,793,1509,2394,634,1675,2157,699,1413,1798,1351,0,2434,766,1609,2768,874,1842,2737,876,1783,2540,779,1710,2834,814,1965,0.0,19,19061,,,
564,19061000801,8.01,-90.6696,42.4801971,8082919.0,7585599.0,497320.0,4333,4137,66,60,50,18,4,4127,3916,74,22,100,0,15,3988,3773,82,32,100,0,10,4244,3922,124,81,42,47,5,4007,3683,70,175,70,0,13,3976,3565,159,178,7,0,0,3425,3307,41,30,28,14,4,3255,3160,50,0,30,0,10,3105,3020,50,4,20,0,4,3341,3158,72,46,19,25,5,3341,3158,72,32,7,4,5,10,53,2977,2888,40,29,10,0,4,3035,2935,90,19,0,0,0,0,2542,1552,954,2612,1566,1046,2658,1390,1075,2604,1180,1344,2397,1311,1036,2113,1663,0,2570,1356,1131,2701,1515,1143,2668,1445,1150,2541,1361,1127,2717,1500,1165,3087.7952213587378,19,19061,,,
565,19029190500,1905,-95.0369362,41.38707,37141836.0,37040694.0,101142.0,3125,2989,76,10,5,10,10,2861,2791,21,26,21,3,0,2784,2720,40,21,0,3,0,2898,2667,88,29,20,39,40,2573,2461,33,74,0,5,0,2456,2285,49,99,0,23,0,2421,2346,35,5,5,5,5,2236,2171,20,28,20,4,0,2126,2096,10,23,0,4,0,2190,2039,53,16,11,27,23,2190,2039,53,13,9,2,23,3,48,2085,1990,8,84,0,6,0,1915,1780,34,84,0,24,0,0,1603,721,829,1510,659,851,1408,428,880,1333,345,926,1107,406,685,896,687,0,1299,430,847,1458,491,947,1427,488,896,1265,419,824,1421,476,907,0.0,19,19029,,,
566,19061000400,4,-90.6673148,42.5311401,3622346.0,3622346.0,0.0,3783,3393,91,234,22,27,23,3826,3693,21,61,33,18,11,3664,3491,28,87,35,23,13,3966,3520,89,276,26,52,10,3543,3448,19,0,57,19,0,3667,3230,58,287,34,26,0,2954,2774,44,98,12,17,11,3075,2970,23,34,20,20,0,2980,2860,28,39,20,25,0,3207,2942,52,154,22,37,4,3207,2942,52,116,15,6,2,0,74,2902,2810,17,0,56,21,0,3050,2825,8,154,35,25,0,0,1555,1081,441,1224,840,384,1725,919,686,1680,832,764,1421,833,546,1265,1010,0,1582,867,658,1671,885,741,1624,889,670,1496,806,646,1631,816,784,0.0,19,19061,,,
567,19061000100,1,-90.6530999,42.5104645,6933149.0,4821284.0,2111865.0,2591,1892,143,443,35,44,58,3084,1924,148,764,154,36,15,2552,1759,95,530,75,39,15,2661,1807,145,517,42,49,117,2552,1871,96,398,79,5,25,2415,1796,164,306,84,18,1,2029,1593,99,259,28,28,30,2421,1739,116,456,69,37,4,2414,1821,62,420,39,51,4,2215,1640,110,316,32,46,73,2215,1640,110,292,27,11,71,2,62,2128,1747,58,234,73,5,3,2025,1710,10,215,58,20,0,4,764,559,186,881,658,223,809,510,241,777,433,296,656,443,180,600,486,0,775,498,244,904,581,290,890,578,269,791,497,264,811,475,313,5246.253132304169,19,19061,,,
568,19061000802,8.02,-90.7044397,42.4799535,6780788.0,6780788.0,0.0,3477,3312,62,50,56,12,0,3392,3067,122,21,183,11,0,3357,3062,135,22,130,16,0,3492,3261,87,39,54,29,11,3349,3169,129,23,17,21,0,3497,3248,172,27,23,24,0,2687,2591,31,27,38,8,0,2540,2440,10,20,60,10,0,2575,2490,14,20,54,0,0,2817,2680,50,29,32,22,4,2817,2680,50,24,23,1,3,0,36,2585,2544,15,25,5,0,0,2665,2585,34,28,4,15,0,0,1979,1121,836,2270,1237,1033,2219,1070,1014,2192,888,1241,2033,1016,973,1754,1358,0,2167,1050,1057,2284,1184,1060,2263,1126,1087,2116,1034,1036,2207,1131,1040,0.0,19,19061,,,
569,19061010101,101.01,-90.6996241,42.4567662,15442810.0,15442810.0,0.0,2084,2014,29,15,17,11,0,2151,2091,41,0,19,0,0,2184,2117,46,0,20,0,0,2500,2331,87,21,22,30,6,2331,2271,42,0,18,0,0,2306,2202,88,0,16,0,0,1571,1536,16,5,9,5,0,1671,1663,5,0,0,0,0,1693,1677,15,0,0,0,0,1935,1836,47,11,14,17,6,1935,1836,47,4,13,4,0,0,31,1788,1774,13,0,0,0,0,1755,1730,10,0,8,0,0,0,1310,723,571,1335,680,655,1262,520,663,1236,433,757,1104,486,585,936,695,0,1292,544,708,1538,680,830,1520,663,813,1386,585,769,1492,623,850,0.0,19,19061,,,
570,19061010300,103,-90.8552057,42.3564925,374086282.0,374086282.0,0.0,3123,3026,53,18,14,6,5,3159,2954,190,6,0,0,9,3212,3005,193,7,21,14,0,3270,3126,70,26,12,19,5,3262,3064,189,5,13,9,0,3368,3201,149,6,24,16,0,2289,2232,28,4,11,3,2,2295,2260,20,4,0,0,0,2334,2304,15,4,4,0,0,2404,2322,37,12,10,7,4,2404,2322,37,5,6,0,4,3,27,2355,2336,10,4,5,0,0,2480,2400,65,4,10,0,0,0,1548,928,579,1712,952,760,1687,657,940,1661,523,1090,1506,631,850,1242,980,0,1664,637,998,1910,713,1177,1889,734,1110,1720,641,1050,1918,707,1185,0.0,19,19061,,,
571,19061000300,3,-90.6564598,42.5236559,686945.0,686945.0,0.0,2094,1952,35,83,9,17,8,2057,1697,70,205,0,85,0,2190,1646,81,351,0,112,0,2073,1766,64,143,20,49,28,2140,1773,59,184,0,124,0,2094,1725,15,287,18,49,0,1650,1577,19,38,7,9,5,1500,1365,4,85,0,38,0,1600,1375,4,124,0,95,0,1601,1432,29,63,18,29,19,1601,1432,29,58,13,6,19,7,37,1699,1522,0,79,0,104,0,1605,1425,10,113,20,40,0,0,936,630,290,993,688,305,953,490,386,936,441,440,733,439,266,650,522,0,880,482,360,983,529,431,962,546,370,845,468,353,914,474,426,0.0,19,19061,,,
572,19061000701,7.01,-90.6800968,42.5035346,1280113.0,1280113.0,0.0,3709,3185,119,307,61,41,28,3918,3215,239,349,89,17,0,4130,3176,305,501,111,27,4,3436,2406,283,657,28,52,49,3587,2828,234,395,94,26,0,3667,2894,252,158,100,70,197,2941,2630,76,159,45,25,12,3130,2770,115,180,55,15,0,3100,2635,150,225,55,29,0,2801,2080,238,423,17,42,22,2801,2080,238,364,14,10,22,8,65,2914,2442,160,230,55,29,0,2905,2510,165,95,39,65,30,0,1624,1092,500,1788,1168,620,1479,830,510,1437,716,642,1161,732,389,1046,843,0,1340,787,484,1414,879,498,1405,859,487,1278,760,477,1263,726,514,0.0,19,19061,,,
573,19061000702,7.02,-90.6768963,42.4951709,1599301.0,1599301.0,0.0,3338,2906,83,267,48,49,6,3121,2855,110,114,18,6,34,3362,3110,80,140,23,18,7,3194,2570,101,344,51,53,65,3496,3186,51,82,155,1,21,3429,2926,5,201,272,1,19,2590,2349,53,138,30,29,4,2449,2356,34,38,11,6,0,2461,2399,12,34,11,3,0,2472,2113,72,167,33,39,32,2472,2113,72,147,15,4,28,14,79,2639,2585,0,9,49,0,0,2660,2520,4,109,35,0,0,0,1600,1073,501,1603,1061,542,1309,774,416,1276,669,532,1063,707,326,971,786,0,1250,777,413,1396,918,445,1375,886,437,1258,789,431,1280,771,486,0.0,19,19061,,,
574,19061001101,11.01,-90.7097381,42.5195726,2875252.0,2875252.0,0.0,3596,3345,82,82,69,14,3,3389,3165,12,93,94,18,0,3561,3332,0,115,83,31,0,3598,3282,96,125,58,43,3,3274,2998,0,186,90,0,0,3232,2967,0,166,47,52,0,2804,2664,45,40,42,9,2,2675,2540,0,45,80,20,0,2815,2640,0,70,70,30,0,2777,2576,60,57,48,29,3,2777,2576,60,41,44,2,3,3,48,2603,2455,0,85,55,0,0,2380,2280,0,68,8,30,0,0,2124,1271,827,2108,1218,890,2008,1001,866,1961,834,1063,1715,887,777,1465,1165,0,1933,962,899,2106,1085,972,2069,1075,929,1955,976,928,2048,1009,1003,0.0,19,19061,,,
575,19061010103,101.03,-90.6726621,42.5493961,17022962.0,12126362.0,4896600.0,2774,2670,31,44,18,12,3,3166,3082,33,47,0,4,0,3206,3057,37,109,0,3,0,3550,3218,93,123,36,32,30,3331,3193,36,99,0,3,0,3630,3303,36,242,49,0,0,2220,2164,15,16,9,8,2,2565,2520,0,35,0,4,0,2530,2470,0,60,0,4,0,2849,2658,42,57,28,30,17,2849,2658,42,42,23,3,15,9,57,2690,2660,0,24,0,4,0,2875,2750,0,115,10,0,0,0,1641,1019,589,1326,783,543,1560,728,730,1523,640,824,1327,676,620,1141,888,0,1574,766,754,1872,921,910,1834,920,845,1660,815,801,1771,842,895,5796.733016708924,19,19061,,,
576,19061010400,104,-91.056405,42.4850078,374309728.0,374264028.0,45700.0,3898,3810,61,9,10,3,2,3913,3585,216,14,9,89,0,3824,3688,112,14,5,0,6,3887,3754,77,20,14,16,0,3808,3559,209,30,2,13,8,4043,3863,143,11,1,18,8,2868,2813,34,4,7,3,1,2868,2814,0,8,8,39,0,2890,2856,14,8,4,0,4,2988,2905,47,3,13,15,0,2988,2905,47,2,5,0,0,0,29,2726,2687,32,6,0,4,0,2890,2830,34,4,0,8,4,0,1950,993,902,2174,1039,1135,2165,689,1348,2138,556,1498,1912,633,1245,1598,1232,0,2119,679,1404,2347,747,1574,2318,757,1514,2109,662,1416,2257,714,1518,0.0,19,19061,,,
577,19061010600,106,-90.8455705,42.6059032,250119269.0,241946743.0,8172526.0,3208,3160,30,8,4,3,1,2894,2711,107,20,63,2,0,2833,2657,111,16,54,3,0,3322,3222,37,15,18,22,3,3002,2858,75,17,55,3,0,3291,3189,11,19,61,4,4,2396,2375,18,3,1,3,0,2245,2185,30,8,24,4,0,2220,2165,30,8,18,4,0,2548,2499,22,4,10,7,1,2548,2499,22,0,7,0,0,3,17,2322,2256,20,8,27,4,0,2510,2445,8,8,45,4,0,4,1648,902,716,1829,960,869,1869,637,1106,1838,552,1191,1604,593,963,1300,973,0,1842,640,1148,2105,710,1361,2072,760,1258,1884,647,1192,2064,674,1358,23306.64843466599,19,19061,,,
578,19061000500,5,-90.6721758,42.5190443,1202893.0,1202893.0,0.0,3927,3264,130,430,26,53,57,3601,2625,122,466,0,26,314,3544,2609,169,384,0,25,290,3759,2537,164,810,41,88,152,3767,2682,136,600,0,0,282,3696,2820,167,509,42,0,132,2883,2554,77,189,16,32,37,2395,2020,35,260,0,0,80,2380,2035,60,215,0,0,80,2730,2062,108,394,25,64,85,2730,2062,108,355,20,7,75,6,97,2654,2037,112,419,0,0,90,2800,2335,110,310,10,0,30,0,1448,1018,406,1226,874,352,1311,705,505,1268,644,548,1011,610,361,900,708,0,1207,670,478,1336,709,585,1306,735,507,1214,665,501,1370,676,667,0.0,19,19061,,,
579,19125030300,303,-92.923946,41.3934126,6582924.0,6582924.0,0.0,3415,3213,57,45,96,19,1,3242,3034,91,19,94,4,0,3231,2975,133,22,98,3,0,2930,2650,113,74,47,43,11,3072,2762,200,27,79,4,0,3212,2856,236,90,25,5,0,2652,2521,38,21,65,11,1,2830,2695,80,18,30,4,0,2845,2665,115,18,35,4,0,2482,2256,96,49,42,37,11,2482,2256,96,30,34,9,6,3,48,2683,2493,147,16,14,4,0,2780,2495,175,79,18,4,0,0,1576,515,1032,2031,664,1367,1830,525,1106,1778,386,1340,1427,446,952,1169,810,0,1598,467,1070,1564,513,1019,1557,476,1040,1469,437,1006,1667,522,1114,0.0,19,19125,,,
580,19125030700,307,-92.9767988,41.2325692,296322962.0,295180186.0,1142776.0,2787,2698,39,25,10,23,1,2785,2648,23,84,2,30,0,2672,2532,28,84,2,32,0,2527,2392,44,21,28,30,4,2572,2442,7,65,29,33,0,2467,2361,20,39,28,22,0,2111,2064,13,15,6,14,1,2180,2075,20,55,4,25,0,2100,1990,24,65,4,20,0,1978,1912,8,18,10,18,2,1978,1912,8,11,9,2,0,7,29,2040,1926,3,56,21,25,0,1920,1850,4,25,29,18,0,0,1443,690,704,1347,666,681,1366,383,901,1349,370,896,1136,389,726,971,716,0,1297,394,883,1461,387,1052,1435,411,969,1332,389,916,1454,343,1084,0.0,19,19125,,,
581,19125030600,306,-93.2337168,41.2424293,303973536.0,303923881.0,49655.0,2687,2598,53,9,11,13,0,2476,2406,0,30,9,25,6,2338,2280,5,18,6,18,11,2527,2398,37,25,5,38,2,2516,2450,3,17,18,18,10,2460,2341,39,54,3,9,14,2020,1970,26,4,7,9,0,1850,1805,0,12,4,28,0,1830,1785,4,10,4,18,0,1883,1803,18,13,2,32,0,1883,1803,18,6,2,5,0,0,49,1991,1951,4,10,10,23,0,1885,1835,19,4,4,8,0,15,1294,722,522,1331,773,558,1295,460,738,1279,433,772,1128,490,608,989,704,0,1235,481,741,1397,487,901,1389,536,819,1285,473,789,1466,414,1030,0.0,19,19125,,,
582,19125030500,305,-93.0997903,41.3208551,1411264.0,1411264.0,0.0,2006,1924,32,22,5,7,0,1950,1685,186,33,12,107,0,2095,1805,221,33,23,104,7,2000,1797,34,65,30,60,4,2044,1795,158,60,23,102,11,2398,2014,147,107,100,110,10,1503,1457,16,8,5,5,0,1530,1335,135,20,0,59,0,1665,1430,185,30,0,18,4,1476,1344,23,32,17,45,3,1476,1344,23,17,12,14,1,6,59,1659,1483,100,49,0,18,10,1810,1575,70,54,80,24,10,0,987,539,422,964,533,431,889,373,453,871,319,517,711,334,353,644,490,0,845,363,462,954,387,558,940,403,498,914,361,534,1373,432,911,0.0,19,19125,,,
583,19125030402,304.02,-93.0474053,41.3355171,155129682.0,139167292.0,15962390.0,3941,3783,67,47,17,24,5,3887,3837,1,2,34,13,0,3947,3897,3,1,36,10,0,3758,3505,69,32,28,72,0,3881,3743,34,0,97,7,0,3994,3656,113,83,118,7,17,2956,2850,40,26,13,15,5,2890,2840,4,4,35,15,0,2925,2880,4,4,35,10,0,2975,2807,55,15,17,52,0,2975,2807,55,11,13,3,0,0,86,2961,2859,10,0,90,4,0,3005,2850,39,0,110,8,0,0,1857,1014,794,1935,1064,871,2000,688,1160,1970,607,1279,1651,657,951,1444,1034,0,1918,693,1168,2193,766,1371,2164,805,1284,1921,693,1182,1967,710,1229,0.0,19,19125,,,
584,19125030401,304.01,-93.1596152,41.3265353,152758571.0,152380233.0,378338.0,4586,4398,83,61,26,33,7,4633,4414,45,83,68,23,0,4529,4404,0,34,71,20,0,4855,4491,118,103,26,90,1,4428,4400,0,14,0,14,0,4571,4563,0,0,0,8,0,3431,3328,52,36,17,21,3,3470,3370,20,35,25,24,0,3460,3395,0,15,35,24,0,3750,3544,64,48,8,57,1,3750,3544,64,35,8,6,0,8,85,3375,3356,0,3,0,16,0,3660,3650,0,0,0,10,0,0,2393,1315,1016,2289,1265,1024,2285,906,1224,2257,791,1351,1879,850,986,1676,1267,0,2212,904,1229,2497,969,1475,2479,1016,1348,2214,885,1259,2311,834,1434,0.0,19,19125,,,
585,19179960500,9605,-92.3921024,41.0043042,6792918.0,5762888.0,1030030.0,2523,1859,503,128,18,37,8,2147,1393,470,242,38,4,0,2256,1468,513,217,55,3,0,2404,1382,457,345,93,58,80,2182,1385,568,188,22,52,0,2225,1362,571,191,48,105,0,1858,1449,297,85,5,20,3,1410,1140,200,60,10,4,0,1475,1125,290,40,25,4,0,1743,1075,269,242,69,36,43,1743,1075,269,233,62,1,43,11,49,1656,1070,406,146,1,18,0,1635,1025,425,155,0,30,0,0,859,546,274,810,534,276,742,339,350,724,320,355,562,296,236,499,358,0,658,327,316,717,330,376,697,354,319,653,309,327,624,269,359,0.0,19,19179,,,
586,19179960900,9609,-92.42168,41.0035698,1582657.0,1582657.0,0.0,2987,2526,339,75,30,37,12,3102,2153,645,222,70,12,0,3043,2168,603,205,67,0,0,3225,2133,685,131,143,56,104,3256,2208,716,228,104,0,0,3161,2477,528,78,66,0,0,2280,2021,184,43,24,24,6,2095,1750,260,65,4,10,0,2055,1730,250,70,4,0,0,2389,1689,432,78,94,47,63,2389,1689,432,58,78,7,57,0,68,2112,1769,268,62,2,0,0,2135,1910,155,44,25,0,0,0,1189,718,438,1098,699,399,1030,446,531,1006,434,514,785,408,364,711,548,0,940,435,479,1087,454,610,1062,499,514,972,429,509,952,331,602,0.0,19,19179,,,
587,19179961000,9610,-92.3928035,40.9865649,13063505.0,12262024.0,801481.0,3243,2814,316,60,33,29,4,3253,2479,521,158,8,13,95,3425,2546,592,236,9,6,113,3341,2434,493,117,77,130,147,3362,2297,620,343,3,19,160,3607,2725,704,201,4,2,8,2531,2271,184,28,22,21,2,2415,2075,245,54,10,0,10,2435,2145,185,60,10,0,15,2499,1960,282,63,62,91,66,2499,1960,282,49,52,10,59,0,87,2300,1933,198,120,3,2,16,2520,2230,200,75,4,4,0,10,1287,775,452,1275,798,477,1224,481,684,1194,469,654,943,477,432,823,641,0,1115,488,602,1245,466,754,1208,535,623,1104,465,612,1160,394,750,0.0,19,19179,,,
588,19023070100,701,-92.692861,42.7787158,482650924.0,480318090.0,2332834.0,3260,3188,28,11,16,12,8,3353,3243,65,31,35,46,0,3251,3114,73,44,34,38,0,2997,2893,27,5,13,35,6,3143,3016,95,21,29,59,0,3039,2902,60,24,4,0,15,2469,2440,12,3,8,4,3,2545,2505,25,4,15,0,0,2465,2425,20,0,20,0,0,2316,2254,12,2,10,19,4,2316,2254,12,2,8,1,0,0,39,2434,2379,38,0,11,0,0,2330,2270,30,10,4,0,0,15,1531,752,730,1601,810,791,1555,494,998,1546,430,1082,1221,440,778,959,709,0,1459,490,954,1668,553,1098,1646,566,1037,1505,465,1015,1673,486,1162,0.0,19,19023,,,
589,19155030900,309,-95.8515017,41.2591195,807412.0,807412.0,0.0,1632,1292,248,54,26,26,1,1451,1251,168,56,9,0,0,1449,1252,163,25,10,0,0,1417,1089,166,91,27,44,2,1513,1278,202,16,12,7,0,1559,1246,242,25,33,13,0,1273,1052,155,34,18,21,1,1175,1060,90,20,8,0,0,1270,1155,85,20,10,0,0,1207,956,121,64,22,32,2,1207,956,121,47,13,12,0,7,51,1176,1085,58,10,11,4,0,1280,1130,85,25,35,15,0,0,449,249,192,511,320,191,470,237,190,456,200,210,382,212,157,333,256,0,440,229,185,480,261,199,471,242,193,418,223,179,428,233,195,0.0,19,19155,,,
590,19135070100,701,-92.7432941,41.0987248,266190151.0,265142084.0,1048067.0,3154,3052,49,24,20,15,1,3027,2869,2,47,0,0,0,3130,2937,2,13,0,0,0,3052,2885,52,27,33,28,3,3264,3102,57,53,52,0,0,3394,3199,24,25,135,11,0,2396,2351,21,6,9,9,0,2275,2230,4,45,0,0,0,2400,2380,4,10,0,0,0,2318,2231,25,9,14,18,2,2318,2231,25,0,9,0,0,15,38,2584,2459,58,50,29,0,0,2610,2475,25,25,70,10,0,0,1555,707,804,1464,688,776,1569,416,1071,1565,535,971,1269,421,815,1124,797,0,1450,455,978,1621,444,1167,1587,473,1075,1477,446,1015,1631,415,1194,0.0,19,19135,,,
591,19135070200,702,-92.7436241,40.9607162,254953063.0,254788513.0,164550.0,2760,2660,46,27,21,15,1,2793,2469,199,115,10,0,0,2621,2539,75,1,6,0,0,2696,2563,52,50,12,12,2,2485,2300,121,1,17,46,0,2421,2270,0,3,0,148,0,2072,2020,26,10,13,9,0,1995,1925,70,4,0,0,0,1975,1955,15,4,0,0,0,2023,1937,28,32,7,12,2,2023,1937,28,17,4,0,0,0,37,1777,1691,50,0,0,29,0,1735,1685,0,4,0,50,0,0,1321,591,695,1323,614,709,1276,357,864,1268,435,777,1025,362,650,904,664,0,1203,379,805,1352,375,960,1325,387,893,1209,372,821,1374,337,1024,0.0,19,19135,,,
592,19135070300,703,-92.9709783,41.0313705,603700357.0,603390184.0,310173.0,2056,1965,74,8,6,8,0,2043,2014,0,18,0,11,0,2058,2041,0,9,2,6,0,1829,1744,13,9,7,36,4,2012,1952,0,19,5,36,0,1759,1698,0,29,2,29,0,1577,1521,44,5,4,8,0,1610,1595,0,4,0,10,0,1595,1585,0,0,4,4,0,1455,1397,8,3,3,26,1,1455,1397,8,0,3,6,0,5,36,1602,1574,0,0,4,22,0,1415,1395,0,4,4,14,0,4,1050,500,501,1021,464,557,1004,249,710,1002,287,680,885,242,594,760,508,0,987,274,702,1115,259,848,1097,288,774,1014,262,735,1153,250,886,0.0,19,19135,,,
593,19155031200,312,-95.8341626,41.2413836,4379198.0,4353877.0,25321.0,3233,2967,143,52,56,23,6,3296,3120,144,47,26,14,0,3201,3015,150,38,23,0,0,3282,2854,241,59,45,93,3,3400,2960,275,59,19,2,0,3393,3019,230,34,18,2,0,2414,2279,70,22,33,17,3,2517,2422,100,0,0,0,0,2497,2412,70,10,0,0,0,2583,2309,147,30,43,56,3,2583,2309,147,23,30,9,3,6,56,2454,2300,145,10,0,0,0,2410,2365,34,15,0,0,0,0,1813,841,942,1738,787,951,1670,630,914,1632,538,987,1405,614,757,1213,894,0,1628,671,889,1847,822,978,1806,805,939,1644,696,895,1698,748,920,0.0,19,19155,,,
594,19033951600,9516,-93.1804879,43.1525752,3723294.0,3723294.0,0.0,4756,4398,187,108,47,24,0,4467,4102,140,110,107,10,8,4294,3950,116,64,159,10,5,4502,3921,238,189,83,39,6,3981,3701,96,50,107,11,27,4071,3748,67,122,76,12,58,3711,3502,111,55,30,12,0,3535,3350,80,45,45,0,0,3370,3175,45,14,120,0,0,3522,3142,162,96,56,30,4,3522,3142,162,69,54,3,4,13,75,3113,2959,53,15,63,0,0,3195,3065,50,45,24,0,0,10,2597,1612,950,2544,1528,1016,2520,1216,1144,2492,1004,1381,2132,1104,975,1890,1510,0,2358,1173,1108,2465,1277,1146,2438,1329,1048,2283,1140,1097,2392,1150,1184,0.0,19,19033,,,
595,19069360300,3603,-93.3848179,42.7347487,756362918.0,755850796.0,512122.0,2607,2380,210,12,9,9,0,2420,2179,190,45,0,22,0,2427,2224,180,19,0,22,0,2368,1989,315,19,14,51,6,2564,2111,334,108,0,20,0,2504,2074,282,118,0,28,0,1990,1854,125,8,8,5,0,1765,1680,59,18,0,8,0,1810,1725,70,12,0,8,0,1798,1564,187,8,8,32,4,1798,1564,187,0,3,4,0,1,39,1853,1617,117,55,0,16,0,1790,1595,89,80,0,28,0,0,1398,583,742,1200,480,720,1244,286,874,1241,211,951,1032,279,731,880,630,0,1176,286,874,1296,335,937,1289,329,920,1214,297,896,1266,302,935,0.0,19,19069,,,
596,19069360100,3601,-93.1399516,42.7330024,691868745.0,691350994.0,517751.0,3351,3270,34,12,10,24,2,3281,3149,98,0,0,31,3,3278,3216,48,0,0,14,0,3086,2905,59,34,17,51,4,3155,3043,37,0,0,75,0,3071,2933,39,0,0,76,0,2628,2576,20,7,8,17,1,2630,2550,75,0,0,4,0,2600,2580,20,0,0,4,0,2447,2335,48,15,12,24,4,2447,2335,48,7,9,0,0,9,39,2489,2461,15,0,0,8,0,2435,2405,15,0,0,20,0,0,1850,861,899,1588,673,915,1781,462,1223,1773,335,1308,1481,403,1052,1224,949,0,1693,452,1214,1876,492,1362,1865,523,1284,1742,446,1263,1802,423,1360,0.0,19,19069,,,
597,19165960300,9603,-95.3812881,41.6496226,84363750.0,84363750.0,0.0,3474,3330,78,31,38,31,2,3568,3380,34,62,36,64,0,3628,3432,27,62,72,42,52,3327,3040,109,53,48,38,5,3585,3256,85,92,91,70,54,3662,3260,96,80,80,49,80,2624,2534,53,19,23,23,2,2705,2560,35,60,30,20,0,2730,2575,30,60,20,10,0,2554,2386,65,19,29,25,4,2554,2386,65,15,27,6,2,6,47,2645,2410,38,89,35,33,0,2735,2540,35,80,0,30,0,55,1723,762,924,1785,746,1039,1839,532,1205,1783,441,1283,1518,471,1006,1118,851,0,1764,538,1179,1995,640,1312,1964,643,1261,1789,543,1205,1894,606,1264,0.0,19,19165,,,
598,19165960100,9601,-95.1941056,41.6848725,751083269.0,750347964.0,735305.0,3177,3089,62,7,7,10,1,2865,2819,39,4,1,2,0,2888,2839,44,0,2,4,0,2927,2768,85,15,7,40,3,2999,2922,59,0,0,3,0,2894,2728,68,54,3,31,0,2478,2433,37,2,2,8,1,2210,2185,18,4,4,8,0,2245,2225,23,0,4,8,0,2338,2232,55,7,4,26,3,2338,2232,55,5,4,6,0,0,36,2259,2257,15,0,0,12,0,2210,2140,23,20,0,32,0,4,1803,733,1019,1787,618,1169,1717,362,1234,1668,324,1266,1418,365,1004,1027,757,0,1583,391,1168,1781,475,1274,1760,488,1220,1620,402,1193,1706,445,1234,0.0,19,19165,,,
599,19165960400,9604,-95.2763632,41.6541473,107098150.0,107079513.0,18637.0,2413,2319,39,8,7,6,0,2380,2161,117,94,0,8,0,2174,1979,108,71,0,14,0,2409,2151,154,22,11,52,2,2017,1899,79,33,0,6,0,2221,2128,68,25,0,0,0,1827,1765,21,1,2,2,0,1870,1800,25,39,0,8,0,1725,1650,30,29,0,15,0,1853,1677,95,7,9,46,2,1853,1677,95,3,2,10,0,2,64,1728,1685,23,24,0,5,0,1815,1755,35,25,0,0,0,0,1280,554,691,1270,524,746,1128,320,722,1052,264,740,824,268,557,626,444,0,999,297,686,1205,359,818,1193,355,783,1069,303,744,1176,330,825,0.0,19,19165,,,
600,19165960200,9602,-95.4511132,41.7004486,589051483.0,588319300.0,732183.0,3103,3025,40,7,9,23,2,2881,2729,142,0,2,8,0,2917,2724,166,2,0,24,0,3083,2931,64,26,6,62,2,2943,2798,130,3,2,10,0,2960,2776,150,14,3,9,0,2372,2324,22,7,5,12,2,2165,2105,50,0,0,12,0,2205,2115,75,0,0,23,0,2363,2267,33,22,5,41,1,2363,2267,33,4,2,3,0,1,53,2227,2155,46,0,0,10,0,2260,2185,59,12,0,12,0,0,1702,798,838,1573,581,992,1683,419,1190,1626,354,1198,1335,342,957,938,694,0,1574,417,1138,1814,485,1293,1777,503,1225,1612,408,1177,1729,430,1277,0.0,19,19165,,,
601,19157370200,3702,-92.6566314,41.6920164,642273744.0,640624257.0,1649487.0,3048,2966,29,19,17,11,0,3166,2968,152,45,42,0,0,3112,3000,62,52,27,0,0,2863,2706,40,20,26,47,1,2956,2813,100,76,21,0,0,2720,2566,132,82,0,1,0,2399,2346,14,7,9,7,0,2335,2260,60,0,15,0,0,2325,2270,45,0,10,0,0,2286,2186,32,7,16,24,0,2286,2186,32,3,5,6,0,3,51,2312,2237,61,0,9,0,0,2220,2140,79,0,0,4,0,0,1669,713,891,1601,682,919,1563,412,1034,1557,356,1118,1359,405,940,1175,805,0,1568,445,1100,1826,513,1280,1809,545,1219,1648,457,1167,1782,462,1299,0.0,19,19157,,,
602,19157370500,3705,-92.4438514,41.6042354,476154312.0,475545159.0,609153.0,3309,3239,40,16,5,12,0,3011,2922,51,30,11,11,0,2970,2885,57,21,14,6,0,3093,2965,63,12,13,33,1,3030,2873,46,14,14,91,0,3007,2775,113,9,14,97,0,2573,2530,26,11,2,8,0,2300,2245,30,19,0,8,0,2275,2220,35,14,4,8,0,2409,2327,38,5,9,23,1,2409,2327,38,0,5,5,0,0,34,2323,2214,30,0,4,88,0,2310,2190,44,8,4,68,0,4,1671,650,974,1635,661,974,1608,360,1132,1602,281,1259,1307,343,923,1097,807,0,1531,374,1139,1764,403,1342,1741,436,1249,1578,371,1179,1770,399,1343,0.0,19,19157,,,
603,19157370100,3701,-92.4158474,41.7800648,358242339.0,357656347.0,585992.0,3157,3014,102,17,16,9,4,3004,2800,156,43,0,0,5,3151,2951,179,10,0,8,3,3062,2899,72,33,13,36,2,3196,3002,178,7,0,7,2,3307,3210,84,6,2,5,0,2419,2346,53,8,7,7,1,2410,2295,95,19,0,0,0,2485,2395,80,4,0,4,0,2389,2281,40,19,8,31,0,2389,2281,40,8,6,7,0,3,44,2497,2412,66,2,0,3,0,2610,2595,14,4,4,4,0,0,1529,702,765,1534,691,843,1521,420,1019,1473,344,1084,1276,428,804,1085,785,0,1459,443,992,1694,501,1165,1671,532,1083,1519,457,1034,1710,480,1197,0.0,19,19157,,,
604,19157370300,3703,-92.7263831,41.7614674,25487593.0,25487593.0,0.0,5278,4766,158,144,184,50,16,5241,4318,212,296,415,15,0,4907,3960,205,316,416,10,0,5374,4613,226,252,180,67,20,4941,4009,223,271,432,32,0,5140,4300,209,194,456,21,5,4252,3850,125,103,150,39,16,4015,3470,135,200,199,14,0,3840,3260,140,230,199,14,0,4422,3819,163,212,151,45,11,4422,3819,163,198,116,15,11,19,81,3838,3271,155,160,214,12,0,3955,3425,180,108,210,0,0,20,2932,1927,950,2858,1896,962,3106,1994,939,3071,1767,1209,2669,1773,847,2509,2120,0,2834,1790,979,2801,1727,1028,2775,1711,1003,2779,1741,991,2799,1712,1037,0.0,19,19157,,,
605,19157370400,3704,-92.7309832,41.733092,15749128.0,15631808.0,117320.0,4122,3720,127,117,150,31,10,4183,4032,26,85,23,16,9,4248,4056,86,78,16,16,0,4270,3821,128,131,89,101,5,4268,4135,57,47,16,13,0,4434,4138,101,178,4,5,0,3319,3007,105,75,123,25,10,3525,3415,10,54,19,15,10,3510,3375,64,44,14,15,0,3531,3210,97,77,81,59,3,3531,3210,97,62,70,6,3,2,81,3445,3357,51,15,12,14,0,3385,3230,100,40,4,4,0,0,2329,1527,760,2159,1433,726,2015,1086,796,2002,950,945,1714,1009,659,1569,1276,0,1916,1059,787,2055,1162,842,2047,1157,807,1871,1026,793,1952,1014,882,0.0,19,19157,,,
606,19083480400,4804,-93.3952455,42.4123857,509527893.0,509299801.0,228092.0,2892,2790,61,13,14,17,0,2837,2707,89,38,10,6,3,2891,2752,86,48,12,6,5,2768,2577,100,17,13,45,2,2999,2820,96,57,14,15,19,2922,2686,178,0,16,107,5,2224,2165,38,6,7,10,0,2150,2120,20,15,0,0,4,2215,2170,25,15,0,0,4,2112,2006,57,8,1,30,1,2112,2006,57,8,0,3,1,3,34,2415,2338,26,20,0,4,20,2305,2245,39,0,0,19,4,0,1516,702,753,1496,678,818,1489,426,954,1462,374,1045,1280,412,829,1075,807,0,1417,437,959,1593,483,1088,1571,479,1044,1451,425,998,1490,392,1072,0.0,19,19083,,,
607,19083480500,4805,-93.1819112,42.2901356,491293537.0,490746417.0,547120.0,2917,2822,58,19,11,13,0,2772,2688,31,30,14,11,1,2839,2757,30,24,1,33,1,2814,2649,77,21,23,30,1,2850,2769,38,27,8,14,2,2928,2840,47,12,15,14,0,2209,2166,27,4,5,8,0,2095,2070,12,0,4,8,0,2190,2170,12,0,0,18,0,2154,2062,39,6,13,28,1,2154,2062,39,1,8,2,0,0,42,2247,2215,27,0,5,10,0,2265,2225,32,0,8,12,0,0,1567,627,875,1536,615,921,1520,424,1009,1516,362,1088,1334,390,903,1096,807,0,1463,400,1042,1612,433,1148,1597,428,1114,1506,400,1075,1513,364,1131,0.0,19,19083,,,
608,19083480300,4803,-93.304528,42.5049317,37788733.0,37651989.0,136744.0,3889,3586,156,116,34,33,3,3758,3563,114,60,0,4,3,3685,3426,194,47,0,45,0,3819,3392,218,73,77,45,38,3380,3159,173,23,0,37,0,3385,3109,195,46,29,97,0,3044,2841,92,93,19,18,3,3070,2905,114,44,0,4,0,2910,2735,135,39,0,0,0,2963,2647,152,45,65,37,38,2963,2647,152,35,26,8,0,3,92,2733,2598,126,15,0,0,0,2700,2550,115,35,0,0,0,0,1935,1067,839,1914,1007,907,1837,676,1040,1803,548,1189,1539,649,855,1349,1063,0,1758,667,1049,1956,753,1165,1929,730,1136,1770,662,1074,1831,634,1175,0.0,19,19083,,,
609,19083480200,4802,-93.2137068,42.5071974,103362441.0,103216301.0,146140.0,2266,2090,85,56,14,10,2,2316,1949,250,103,0,28,0,2220,2032,70,106,0,37,0,2114,1895,137,36,19,21,0,2302,2066,115,132,0,10,0,2219,2127,82,0,10,0,0,1776,1656,50,49,7,5,2,1745,1640,75,0,0,30,0,1785,1750,0,0,0,35,0,1692,1562,86,13,12,14,0,1692,1562,86,6,8,4,0,3,23,1812,1790,16,0,0,7,0,1930,1905,25,0,0,0,0,0,1077,588,466,1147,600,547,1042,403,566,1010,329,639,878,368,481,770,619,0,972,384,569,1071,419,632,1040,401,617,997,382,597,1043,374,660,0.0,19,19083,,,
610,19083480600,4806,-93.07142,42.3640387,63829820.0,63150386.0,679434.0,2964,2742,106,71,24,26,1,2850,2509,37,90,70,152,0,2821,2463,47,89,13,218,0,2880,2549,106,77,49,75,5,2849,2540,95,95,31,89,0,2918,2414,52,55,80,296,0,2188,2090,61,18,12,7,0,2120,1975,10,15,25,95,0,2120,1950,14,4,15,140,0,2181,2012,55,26,24,41,5,2181,2012,55,22,19,6,0,5,62,2039,1927,18,9,35,47,0,2260,1980,10,20,45,200,0,0,1465,717,709,1338,615,723,1320,410,827,1318,318,919,1137,420,660,950,729,0,1251,414,799,1380,466,880,1355,461,837,1258,417,806,1237,393,825,0.0,19,19083,,,
611,19083480100,4801,-93.1087296,42.4574029,270479371.0,270433142.0,46229.0,2606,2400,185,10,17,6,2,2594,2348,214,8,9,15,0,2607,2241,316,14,11,25,0,2483,2230,180,18,21,31,0,2544,2139,243,25,129,8,0,2489,2206,216,0,71,40,0,2045,1924,110,3,11,2,2,2050,1940,99,4,10,4,0,2005,1860,129,4,10,4,0,1964,1794,119,12,13,21,0,1964,1794,119,4,8,0,0,7,32,1876,1747,107,3,0,4,0,1910,1775,119,0,14,4,0,0,1372,667,659,1360,617,743,1311,404,835,1318,319,923,1108,400,697,960,740,0,1261,406,842,1377,422,937,1347,421,891,1284,408,855,1346,396,927,0.0,19,19083,,,
612,19001960100,9601,-94.4754745,41.4226701,709043443.0,707919434.0,1124009.0,2791,2727,36,8,8,8,4,2887,2739,72,41,31,6,0,2761,2594,88,36,39,7,0,2776,2552,100,49,16,56,0,2696,2512,107,28,41,10,0,2813,2620,162,0,0,21,0,2159,2124,17,2,7,7,1,2125,2085,20,25,4,4,0,2070,2015,25,20,10,4,0,2144,2017,36,28,8,44,0,2144,2017,36,16,4,6,0,1,64,2006,1909,35,20,10,3,0,2180,2065,94,0,0,20,0,0,1664,725,858,1478,677,801,1375,348,914,1349,257,962,1248,363,860,1159,860,0,1383,389,975,1553,424,1105,1537,429,1060,1435,408,1001,1549,411,1107,0.0,19,19001,,,
613,19001960300,9603,-94.5071226,41.2964752,100791427.0,100416281.0,375146.0,3046,2971,50,9,17,8,3,2665,2617,20,7,4,19,0,2751,2686,19,17,6,23,0,3109,2943,63,37,21,41,2,2761,2684,2,15,5,55,0,2929,2764,10,48,9,73,0,2350,2306,26,3,12,6,1,2150,2135,0,8,0,14,0,2180,2145,0,19,0,23,0,2394,2293,32,20,14,25,2,2394,2293,32,16,12,5,1,1,34,2241,2169,0,21,0,41,0,2260,2185,0,44,0,30,0,0,1403,664,682,1569,736,833,1556,487,977,1527,390,1108,1400,511,848,1210,971,0,1514,487,1000,1699,519,1148,1696,521,1111,1617,507,1071,1655,454,1176,0.0,19,19001,,,
614,19001960200,9602,-94.4634803,41.2403358,667167327.0,666068486.0,1098841.0,1845,1809,15,8,4,8,2,1572,1511,43,10,28,5,0,1572,1520,39,9,18,6,0,1611,1571,23,7,6,11,2,1591,1521,48,0,31,0,0,1737,1662,24,0,13,0,25,1448,1430,10,1,1,5,1,1220,1185,29,0,4,4,0,1225,1200,25,0,0,4,0,1296,1267,15,4,1,10,2,1296,1267,15,2,0,0,0,2,10,1285,1225,33,0,0,0,0,1360,1330,10,0,0,0,10,15,1099,535,520,957,435,522,878,252,573,873,183,669,799,233,530,668,535,0,831,239,584,925,255,664,911,257,638,866,246,612,876,221,633,0.0,19,19001,,,
615,19037070400,704,-92.3119511,43.068717,34742407.0,34621023.0,121384.0,3824,3640,142,17,20,13,0,3820,3641,115,7,50,7,0,3808,3560,166,62,20,0,0,3767,3344,280,66,20,49,8,4020,3740,214,30,28,8,0,3997,3739,221,27,0,10,0,2950,2852,76,7,14,9,0,2825,2790,20,4,0,4,0,2860,2750,49,63,0,0,0,2945,2696,166,30,16,34,2,2945,2696,166,21,14,0,0,0,48,2980,2867,69,30,0,11,0,2965,2860,65,29,0,10,0,0,2172,1354,779,2063,1230,833,2061,871,1057,2048,767,1204,1685,779,868,1546,1279,0,1935,817,1064,2101,825,1243,2085,852,1160,1937,793,1101,1980,747,1201,0.0,19,19037,,,
616,19037070100,701,-92.3438952,43.124612,714787625.0,714181582.0,606043.0,3336,3279,22,24,12,7,1,3171,2959,158,17,28,20,0,3141,2984,113,29,5,20,0,3194,3035,95,26,11,30,3,3145,3030,98,10,0,8,1,3151,3062,62,12,2,1,1,2414,2395,6,5,5,3,1,2315,2250,25,4,20,20,0,2230,2170,25,19,4,20,0,2372,2254,77,11,11,21,0,2372,2254,77,8,9,0,0,3,21,2315,2249,2,10,0,4,0,2295,2270,14,10,4,0,0,4,1706,1020,619,1705,948,757,1645,497,1034,1637,424,1120,1309,485,781,1135,915,0,1500,501,978,1694,510,1157,1684,557,1066,1543,489,1021,1602,426,1156,0.0,19,19037,,,
617,19037070200,702,-92.4166328,42.9586343,194224762.0,191642821.0,2581941.0,2499,2457,13,12,13,1,0,2360,2333,12,8,7,9,0,2415,2390,12,8,0,9,5,2362,2263,22,33,6,29,2,2337,2261,12,47,0,9,2,2257,2147,13,79,0,15,2,1885,1866,8,2,6,1,0,1850,1830,14,0,4,0,0,1955,1935,14,0,0,0,4,1779,1731,7,10,1,19,2,1779,1731,7,3,1,0,0,2,35,1810,1763,9,29,0,3,0,1760,1720,15,20,0,10,4,0,1146,638,474,1160,622,538,1203,406,710,1196,338,793,997,358,589,821,619,0,1130,385,722,1270,411,846,1263,408,803,1147,365,756,1210,344,851,0.0,19,19037,,,
618,19037070300,703,-92.195315,42.989552,365893271.0,365747188.0,146083.0,2780,2672,92,6,5,9,0,2748,2676,10,40,15,7,0,2663,2583,13,38,29,0,0,2689,2531,84,17,8,41,3,2468,2377,14,9,68,0,0,2552,2399,67,0,54,22,5,2155,2086,51,4,3,9,0,2115,2080,4,20,4,4,0,2085,2050,8,20,8,0,0,2087,1995,52,5,6,28,0,2087,1995,52,3,4,0,0,2,31,1969,1948,2,0,20,0,0,2025,1965,35,0,14,15,0,0,1596,885,664,1483,754,729,1502,439,932,1496,395,1025,1287,464,786,1112,866,0,1424,467,944,1566,487,1062,1548,507,995,1469,467,973,1447,402,1026,0.0,19,19037,,,
619,19169000101,1.01,-93.5312723,42.0565361,208007730.0,207881703.0,126027.0,1973,1828,30,29,72,14,0,2745,2422,89,62,158,14,0,2171,1949,96,71,41,14,0,2165,1934,96,28,51,39,2,1658,1474,118,54,0,12,0,1833,1677,82,38,0,19,0,1498,1401,21,15,54,6,0,1970,1860,34,0,50,15,0,1620,1540,30,0,40,15,0,1707,1551,66,15,35,29,1,1707,1551,66,9,21,4,1,13,42,1277,1239,21,0,0,11,0,1425,1340,65,0,0,20,0,0,1091,527,531,1236,572,664,1313,527,646,1293,451,803,1193,521,641,1051,736,0,1244,536,670,1270,593,643,1266,572,663,1179,523,632,1271,602,635,0.0,19,19169,,,
620,19169010102,101.02,-93.5445066,41.9052208,98791726.0,98250906.0,540820.0,3837,3644,90,57,33,25,2,3949,3819,40,56,43,5,0,4226,4117,36,34,40,6,5,4622,4242,115,70,48,74,1,4443,4347,28,27,37,3,9,4571,4269,88,122,29,55,6,2646,2550,48,21,19,17,2,2780,2705,40,24,14,8,0,2970,2910,35,4,10,8,0,3248,3006,74,35,36,47,0,3248,3006,74,25,22,4,0,14,103,3012,2970,31,1,9,5,0,3105,2955,45,49,15,25,0,19,2055,974,1032,2024,939,1085,2215,831,1135,2176,674,1371,1997,906,1037,1756,1254,0,2300,929,1271,2751,1140,1517,2738,1124,1520,2442,993,1370,2793,1129,1611,0.0,19,19169,,,
621,19169010101,101.01,-93.6535916,41.9106858,81644362.0,81644362.0,0.0,3382,3277,48,29,8,10,0,3673,3439,208,11,7,7,0,3771,3527,216,12,12,7,0,3613,3370,82,38,35,60,4,3615,3406,163,25,14,7,0,3761,3482,157,37,21,6,0,2421,2367,26,12,2,5,0,2525,2455,65,0,4,4,0,2630,2535,80,0,8,4,0,2704,2543,58,15,20,44,1,2704,2543,58,10,7,5,0,8,73,2673,2564,95,2,10,5,0,2905,2750,110,20,18,8,0,0,1784,817,921,1907,910,997,2033,784,1015,1990,668,1224,1817,872,906,1627,1163,0,2032,856,1095,2298,967,1261,2283,954,1260,2086,884,1150,2362,937,1376,0.0,19,19169,,,
622,19169001101,11.01,-93.6441195,42.0128435,3469158.0,3469158.0,0.0,2782,2438,93,86,155,9,0,3625,3210,70,65,280,0,0,3423,3095,95,106,112,15,0,3353,2751,201,106,254,31,25,2986,2640,52,115,170,9,0,3112,2560,49,192,225,12,0,2602,2311,81,68,139,8,0,3145,2955,65,65,55,0,0,3155,2875,100,105,65,15,0,3067,2533,182,77,240,24,19,3067,2533,182,59,179,7,3,4,100,2723,2415,47,115,134,10,0,2875,2505,50,115,200,10,0,0,1035,664,341,1345,828,517,1737,1020,537,1661,840,741,1420,979,397,1297,1035,0,1561,981,503,1565,1058,460,1544,996,501,1481,933,500,1113,632,456,0.0,19,19169,,,
623,19169001102,11.02,-93.6450708,42.0211148,322575.0,322575.0,0.0,3415,3056,124,63,167,12,2,3042,2678,89,67,191,17,0,3156,2810,78,41,206,27,7,4837,3774,450,184,396,29,219,3593,3287,92,34,167,22,7,3644,3342,70,53,151,15,19,3404,3050,122,61,166,12,2,2845,2650,55,65,55,15,0,2970,2780,55,45,60,24,0,4700,3681,432,165,388,25,219,4700,3681,432,149,156,11,2,4,265,3376,3259,40,35,15,8,0,3600,3350,70,55,95,8,10,10,1420,837,548,1245,709,536,2035,969,868,1886,697,1105,1038,693,312,935,715,0,1487,786,631,1506,888,580,1419,774,611,1391,749,602,1456,741,688,0.0,19,19169,,,
624,19127950802,9508.02,-92.9559493,42.0258326,28782234.0,28733590.0,48644.0,3391,2806,477,54,37,24,1,3436,2670,717,27,22,25,0,3038,2413,596,17,12,0,0,3586,2865,504,65,79,73,9,3135,2294,625,10,11,89,0,3163,2254,688,1,14,88,0,2582,2278,244,31,29,14,1,2525,2245,225,29,20,0,0,2215,2035,160,19,0,0,0,2756,2305,307,34,56,39,6,2756,2305,307,25,48,11,6,8,46,2392,2083,211,16,0,90,0,2445,2080,310,4,0,55,0,0,1893,948,903,1753,917,836,1670,752,818,1655,627,959,1430,720,687,1273,1030,0,1625,759,817,1810,859,896,1771,848,865,1644,763,838,1613,750,834,0.0,19,19127,,,
625,19127950801,9508.01,-92.9210757,42.0163258,3135817.0,3135817.0,0.0,3144,2653,362,43,73,22,0,3182,2385,555,0,202,40,0,3471,2491,528,0,404,48,0,3471,2492,667,65,197,64,4,3018,2437,235,0,346,0,0,3192,2516,221,16,395,66,0,2491,2222,193,20,50,8,0,2360,2070,145,0,105,40,0,2500,2215,115,0,120,50,0,2811,2169,421,46,127,55,4,2811,2169,421,34,121,9,4,3,50,2149,2022,36,0,100,0,0,2210,2020,55,4,105,15,0,15,1728,882,812,1873,954,919,1782,816,861,1772,632,1080,1541,791,725,1351,1125,0,1711,806,857,1829,917,874,1801,883,868,1666,786,846,1640,772,841,0.0,19,19127,,,
626,19103000401,4.01,-91.5797722,41.6511095,1400741.0,1400741.0,0.0,2949,1852,90,341,649,21,3,3636,1645,54,1069,701,134,0,3332,1497,16,1044,648,123,0,3519,1341,139,1474,533,27,6,3488,1578,47,1355,508,39,0,3118,1229,155,1032,702,14,0,2173,1443,61,192,470,13,2,1954,1463,34,251,100,0,0,1935,1305,15,302,223,0,0,2473,1165,99,801,378,23,1,2473,1165,99,758,353,3,0,8,87,1944,1450,13,265,206,0,0,1610,1160,70,85,300,0,0,4,1349,941,387,1537,1039,498,1578,1125,347,1536,951,532,1436,1095,326,1333,1158,0,1556,1136,379,1692,1306,358,1664,1246,393,1523,1124,369,1603,1212,354,0.0,19,19103,,,
627,19103000304,3.04,-91.5976119,41.6889446,1661953.0,1661953.0,0.0,2722,2080,140,252,233,25,3,2876,1622,288,804,155,7,0,2731,1435,321,814,151,12,0,2776,1363,234,927,208,63,1,2877,1410,466,923,148,52,0,2777,1308,502,905,247,61,0,2112,1682,98,160,166,19,3,1963,1407,114,404,34,4,0,1790,1289,160,302,25,10,0,2078,1153,166,573,159,36,1,2078,1153,166,527,140,3,0,6,83,2026,1340,278,299,64,48,0,1780,1150,275,204,90,55,0,10,1190,830,342,1378,946,432,1188,869,231,1157,748,344,1032,815,196,970,841,0,1145,854,246,1229,948,251,1208,922,245,1113,839,244,1127,859,240,0.0,19,19103,,,
628,19049050902,509.02,-93.9692663,41.5615587,166150156.0,164620503.0,1529653.0,3935,3797,53,28,34,20,1,4013,3787,83,15,116,25,0,4260,3967,94,39,152,26,0,5095,4671,122,61,126,59,7,5038,4720,89,22,182,35,3,6076,5489,314,41,173,19,3,2809,2743,22,10,15,13,1,2870,2745,40,4,62,19,0,2965,2795,40,24,73,14,0,3589,3353,50,33,71,44,4,3589,3353,50,14,47,9,4,28,84,3633,3482,52,15,82,22,0,4305,3975,225,20,78,20,0,0,2197,937,1200,2218,939,1279,2181,702,1248,2140,553,1472,2423,964,1395,2144,1497,0,2507,921,1509,3054,1228,1762,3038,1153,1798,2740,1019,1655,3537,1310,2146,0.0,19,19049,,,
629,19049050812,508.12,-93.8491724,41.5359837,47691145.0,46440601.0,1250544.0,1593,1512,17,15,47,5,0,2946,2686,163,58,39,0,0,3135,2874,185,44,30,0,0,4149,3557,148,105,265,41,1,3127,2829,212,37,49,7,0,4154,3437,206,225,246,28,0,1199,1154,7,8,26,3,0,2110,1965,95,30,25,0,0,2255,2100,110,20,25,0,0,3023,2668,82,58,170,20,0,3023,2668,82,38,138,2,0,10,85,2233,2025,144,11,48,0,0,2975,2525,195,130,85,4,0,25,1131,482,624,1181,441,740,1236,521,641,1231,362,822,1688,801,863,1497,1131,0,1831,835,957,2605,1306,1246,2597,1222,1328,2209,1041,1129,3112,1597,1460,0.0,19,19049,,,
630,19049050803,508.03,-93.8471137,41.6308185,12835478.0,12835478.0,0.0,5725,5226,139,80,254,26,2,8780,7353,230,142,951,0,57,9487,8579,275,103,441,29,51,13572,11517,489,389,943,117,24,11097,9929,319,47,722,11,97,13617,11852,516,109,983,12,89,3756,3471,72,46,152,12,1,5570,5070,130,70,265,0,0,6190,5745,145,79,150,30,0,9194,7969,279,211,588,74,13,9194,7969,279,184,521,8,3,21,209,7174,6806,113,34,151,9,0,8945,8330,220,65,285,10,0,35,3926,1608,2272,3643,1293,2350,4330,1773,2203,4295,1227,2918,5152,2335,2746,4481,3309,0,5835,2559,3122,8079,3980,3939,8019,3664,4182,6984,3190,3671,10103,4984,4942,0.0,19,19049,,,
631,19153011304,113.04,-93.7943419,41.6314727,11375562.0,11375562.0,0.0,4319,3826,110,82,299,5,2,5190,5043,0,147,0,0,0,5223,4517,0,139,567,0,0,4972,4310,129,155,315,28,4,5185,4255,0,243,686,1,0,4934,4329,14,222,355,14,0,2960,2666,57,47,187,4,2,3354,3294,0,64,0,0,0,3450,2879,0,64,505,0,0,3486,3078,67,94,205,23,1,3486,3078,67,74,180,1,0,0,86,3475,2918,0,97,452,0,0,3330,3010,15,135,160,18,0,0,2331,1014,1278,2539,1040,1499,2658,1200,1282,2635,920,1646,2454,1176,1249,2105,1629,0,2719,1260,1399,3073,1589,1441,3056,1471,1536,2845,1349,1459,3023,1573,1393,0.0,19,19153,,,
632,19153010410,104.10,-93.7267744,41.63296,1309145.0,1309145.0,0.0,2465,2097,132,165,59,19,4,2341,1970,0,245,126,0,0,2624,2040,133,280,171,0,0,2535,2022,135,160,196,22,1,2814,1991,167,349,303,4,0,2763,2124,189,223,217,4,0,1839,1619,80,88,42,12,0,1655,1470,0,120,65,0,0,1830,1605,35,130,65,0,0,1906,1602,84,82,124,14,1,1906,1602,84,72,109,0,0,5,34,1948,1575,39,198,147,5,0,1970,1685,90,84,95,4,0,0,1355,692,642,1335,699,636,1339,664,554,1318,541,719,1154,659,474,1035,814,0,1300,683,568,1411,799,588,1407,769,598,1328,705,596,1418,743,645,0.0,19,19153,,,
633,19153005101,51.01,-93.6284166,41.5835815,4682565.0,4403556.0,279009.0,3365,2106,140,836,185,54,5,4488,3096,111,878,278,107,80,5586,3913,196,1045,366,52,0,7040,5194,375,907,448,93,14,6055,4383,288,877,472,19,0,6728,4710,567,989,474,74,0,2905,2020,108,574,153,41,2,3975,2945,80,755,55,50,50,4950,3785,120,920,85,50,0,6700,5062,333,773,426,85,14,6700,5062,333,669,342,11,2,37,244,5349,4189,210,759,178,17,0,6195,4650,415,900,225,0,0,10,1683,1304,351,1999,1535,464,2326,1696,451,2280,1437,730,2551,1970,533,2374,2030,0,2784,2060,630,3513,2680,734,3480,2596,792,3075,2296,698,3477,2644,760,0.0,19,19153,,,
634,19153010805,108.05,-93.572301,41.5358384,10139238.0,9484527.0,654711.0,5169,3894,483,315,469,33,3,6959,4225,725,763,1124,134,0,7038,4360,866,833,863,126,0,7148,4200,1054,785,1025,142,3,7754,5053,984,791,884,11,7,7773,5198,1072,486,994,4,3,3604,2856,270,167,300,22,1,4960,3330,495,370,705,55,0,4950,3360,545,410,580,50,0,5256,3346,660,477,708,100,3,5256,3346,660,404,661,7,1,18,159,5470,4008,447,421,591,0,4,5565,4035,490,350,690,0,4,0,2500,1426,1028,2586,1539,1047,2739,1482,1056,2705,1277,1313,2570,1585,931,2350,1888,0,2906,1661,1148,3455,2045,1341,3403,2004,1298,3020,1734,1217,3305,1821,1442,0.0,19,19153,,,
635,19153010601,106.01,-93.5494111,41.6698639,28943040.0,28911070.0,31970.0,2804,2585,102,68,25,28,5,3020,2947,67,9,0,0,0,2782,2710,67,7,0,0,0,2622,2259,182,58,29,72,5,2813,2703,105,15,0,0,0,2738,2583,54,70,56,0,39,2143,2009,62,33,20,22,3,2225,2200,25,0,0,0,0,2150,2090,60,0,0,0,0,2087,1843,113,25,20,64,4,2087,1843,113,21,14,4,4,11,77,2268,2179,88,0,0,0,0,2025,1935,55,0,0,0,0,40,1021,571,420,1379,887,492,1300,536,639,1272,505,687,1033,561,414,924,714,0,1175,550,560,1257,560,655,1230,574,574,1144,530,566,1160,466,670,0.0,19,19153,,,
636,19049050805,508.05,-93.8239787,41.6148898,5192636.0,5192636.0,0.0,5800,5300,152,85,241,28,4,6258,5796,177,99,186,0,0,6240,5685,130,234,191,0,0,6715,5795,222,168,416,82,3,5576,5166,72,246,92,0,0,6785,5768,221,580,186,0,0,3822,3540,79,48,148,19,3,4115,3930,100,20,64,0,0,4025,3830,40,113,45,0,0,4666,4118,138,83,261,47,3,4666,4118,138,66,254,4,0,12,74,3584,3387,28,142,25,0,0,4315,3965,45,280,25,0,0,0,1992,803,1169,3537,1268,2269,3308,1347,1746,3290,953,2268,3675,1550,2080,3177,2358,0,3683,1524,2085,4097,1953,2081,4082,1780,2253,3674,1576,2046,4097,1967,2034,0.0,19,19049,,,
637,19049050807,508.07,-93.8529618,41.6076767,5202216.0,5202216.0,0.0,6248,5749,187,112,195,23,8,8862,7542,660,352,373,16,0,9350,7655,668,571,539,1,1,8483,6640,591,636,483,94,32,7866,6415,603,449,470,0,0,8639,7083,552,578,332,97,0,4247,3961,105,54,122,15,5,5995,5525,220,185,50,15,0,6370,5645,240,340,155,0,0,6166,5045,358,349,315,66,20,6166,5045,358,294,273,13,11,9,163,5638,4995,212,278,156,0,0,5985,5265,210,360,85,65,0,0,2385,1078,1268,3652,1535,2117,3929,1736,1861,3890,1294,2458,4425,2239,2119,3893,3020,0,4320,2039,2139,4631,2439,2093,4597,2295,2174,4003,1948,1971,4536,2333,2114,0.0,19,19049,,,
638,19049050901,509.01,-93.8818612,41.607685,2592410.0,2592410.0,0.0,3445,3176,107,60,108,8,3,3687,3566,101,11,9,0,0,3860,3659,161,18,22,0,0,3403,2994,162,104,84,38,3,3039,2583,55,388,13,0,0,3176,2364,180,446,176,0,10,2348,2188,59,32,65,5,2,2705,2670,20,10,0,0,0,2805,2720,75,10,0,0,0,2525,2282,88,65,51,19,3,2525,2282,88,47,37,2,2,13,54,2185,1981,12,190,0,0,0,2200,1875,69,160,80,0,0,10,948,435,501,2022,864,1158,1542,625,776,1528,504,960,1605,818,749,1463,1121,0,1775,816,902,2226,1095,1081,2204,1054,1089,1980,935,997,2732,1333,1343,0.0,19,19049,,,
639,19103000502,5.02,-91.5652207,41.657225,2404898.0,2404898.0,0.0,2593,2147,88,98,255,16,5,3077,2038,128,269,678,13,9,2933,1939,179,226,621,21,9,3007,1995,116,480,354,39,4,2912,2099,269,231,316,33,21,3137,2157,249,515,208,19,22,2119,1794,65,63,192,11,2,1960,1695,60,105,89,4,0,1880,1605,90,75,94,4,0,2446,1731,100,279,290,33,4,2446,1731,100,264,269,2,4,6,70,1966,1671,103,78,85,10,0,2205,1785,120,180,95,4,0,20,1676,1216,430,1703,1203,500,1625,1180,325,1597,1030,501,1476,1166,293,1374,1220,0,1632,1230,351,1814,1447,323,1791,1393,375,1672,1279,360,1711,1339,341,0.0,19,19103,,,
640,19103010304,103.04,-91.5857225,41.7251365,9417270.0,9417270.0,0.0,5021,4330,182,311,187,33,5,6396,5048,473,457,405,145,0,6237,4990,492,162,599,93,0,6503,5012,502,440,439,79,10,6838,5189,680,96,849,79,0,7208,5386,752,277,645,191,7,3674,3256,117,165,127,17,4,4360,3685,205,235,195,40,0,4295,3635,250,125,260,25,0,4766,3865,302,260,266,54,3,4766,3865,302,203,241,2,0,5,148,4120,3397,309,96,297,24,0,4395,3520,345,140,235,99,0,55,2268,1485,747,2932,1864,1068,3045,1897,903,2979,1541,1297,2663,1840,767,2418,2021,0,3074,1977,990,3582,2429,1070,3520,2306,1124,3234,2106,1050,3664,2463,1124,0.0,19,19103,,,
641,19103010307,103.07,-91.5953373,41.7857589,15198682.0,12191802.0,3006880.0,2879,2561,92,140,79,15,2,4044,3318,279,202,283,0,0,4152,3477,275,193,241,20,0,3770,3106,166,360,69,54,3,4308,3520,293,247,282,60,0,3538,3186,164,188,68,74,0,2099,1920,52,70,55,10,1,2560,2255,125,75,105,0,0,2575,2255,160,65,95,0,0,2701,2290,112,206,45,35,3,2701,2290,112,158,37,7,0,11,86,2638,2289,187,65,99,0,0,2640,2435,125,55,0,0,0,30,1367,887,460,1812,1140,672,2170,1273,690,2123,1042,989,1959,1284,636,1773,1428,0,2096,1281,739,2215,1444,717,2176,1361,770,1946,1205,695,2115,1345,733,0.0,19,19103,,,
642,19103001602,16.02,-91.5231456,41.6568367,655194.0,655194.0,0.0,3799,3388,123,103,164,28,11,3985,3155,133,305,343,49,0,4271,3401,245,286,303,98,0,3286,2608,229,220,178,45,9,3954,3307,271,264,152,45,0,3607,2887,307,210,273,11,0,3587,3210,113,87,158,27,11,3505,3080,130,185,60,50,0,3815,3260,195,150,120,85,0,3050,2484,207,172,146,34,6,3050,2484,207,124,121,1,1,12,100,3630,3147,185,150,115,35,0,3285,2720,200,150,214,0,0,0,2195,1739,404,2252,1699,553,2285,1697,405,2182,1500,563,1782,1487,260,1669,1476,0,1923,1508,339,1777,1456,268,1740,1416,281,1724,1350,323,1884,1405,443,0.0,19,19103,,,
643,19103000501,5.01,-91.5649579,41.6431214,2607579.0,2607579.0,0.0,4614,3542,273,287,498,43,3,4998,3457,261,655,548,47,0,4921,3333,205,733,477,129,0,4606,3163,256,627,474,56,5,4846,3062,237,838,787,135,0,4794,2971,148,1125,577,52,0,3871,3101,170,188,392,29,2,3210,2870,155,95,90,0,0,3095,2665,120,110,110,90,0,3764,2703,190,413,383,54,5,3764,2703,190,360,335,9,1,15,151,3028,2590,126,156,111,61,0,3195,2555,95,349,155,49,0,0,2468,1794,634,2408,1774,634,2318,1681,447,2254,1471,680,1962,1541,385,1830,1600,0,2208,1661,471,2405,1904,447,2372,1836,492,2225,1689,484,2248,1721,466,0.0,19,19103,,,
644,19065080100,801,-91.7977037,42.953958,30453922.0,30453922.0,0.0,2644,2528,49,32,25,12,8,2682,2435,68,112,59,8,0,2679,2443,107,114,9,6,0,2655,2433,93,67,21,24,2,2709,2522,139,27,18,3,0,2630,2432,162,20,7,5,0,2042,1972,28,22,11,10,4,2110,1995,30,65,20,4,0,2105,2005,34,70,0,4,0,2122,1963,61,41,20,24,0,2122,1963,61,34,16,6,0,4,38,2071,2012,27,28,0,4,0,1960,1905,50,8,0,8,0,0,1408,765,619,1348,699,649,1259,449,737,1262,369,854,1077,453,597,931,778,0,1192,447,721,1322,494,799,1306,491,778,1240,453,755,1277,444,808,0.0,19,19065,,,
645,19113001005,10.05,-91.7210027,41.9657204,1638754.0,1638754.0,0.0,2723,2211,115,303,76,23,16,2902,1672,286,1188,243,0,0,2705,1558,395,846,270,0,0,2639,1354,227,870,62,42,81,2831,1796,114,650,124,148,0,2698,1422,259,649,254,152,123,2116,1812,75,163,53,14,7,1729,1271,129,334,0,0,0,1601,1263,100,224,20,0,0,2030,1191,135,586,48,29,42,2030,1191,135,556,34,2,39,11,62,1785,1445,88,145,23,81,0,1640,1185,90,205,35,90,0,45,1093,739,341,1427,962,465,1267,699,482,1247,597,599,980,589,350,885,700,0,1140,657,438,1192,735,437,1184,723,419,1067,616,416,1013,588,410,0.0,19,19113,,,
646,19113003005,30.05,-91.7198885,41.9438121,10238786.0,10238786.0,0.0,5092,4311,237,347,176,44,6,5027,4325,0,206,496,0,0,5206,4514,28,187,477,0,0,6263,4530,517,818,288,101,23,5646,5005,120,227,294,0,0,6301,5565,167,392,164,13,0,3870,3379,147,201,116,29,4,3705,3250,0,205,250,0,0,3820,3370,0,185,260,0,0,4695,3636,292,443,212,85,15,4695,3636,292,387,178,11,10,23,158,4128,3753,0,226,147,0,0,4620,4150,20,340,89,15,0,0,2602,1707,850,2589,1742,847,2504,1343,981,2455,1127,1215,2060,1237,759,1874,1481,0,2444,1370,978,2844,1669,1115,2819,1653,1064,2588,1460,1053,2963,1658,1267,0.0,19,19113,,,
647,19113003006,30.06,-91.7502457,41.9311412,10464917.0,10439832.0,25085.0,4120,3734,156,159,62,25,1,5413,4933,94,374,12,0,0,5872,4963,581,319,11,0,0,5303,4374,274,499,106,64,6,5135,4319,427,193,134,1,0,4967,4060,424,206,78,74,0,3114,2880,102,87,39,13,1,3746,3331,35,370,10,0,0,4276,3761,190,315,10,0,0,4058,3510,171,270,66,40,6,4058,3510,171,212,50,2,2,3,108,3638,3231,90,189,135,6,0,3735,3355,100,145,75,55,0,0,2144,1356,751,2257,1344,913,2664,1279,1183,2633,1016,1516,2341,1252,1021,2086,1627,0,2725,1360,1263,3174,1693,1414,3149,1649,1409,2828,1421,1333,3032,1563,1428,0.0,19,19113,,,
648,19113010802,108.02,-91.4170189,41.9326391,31934392.0,31918217.0,16175.0,6090,5793,96,82,95,37,1,6552,5789,433,148,163,36,31,6276,5826,157,138,143,38,28,6180,5612,184,137,136,79,6,6133,5734,109,131,168,31,24,6075,5631,163,146,96,25,0,4575,4357,72,55,74,23,1,4733,4372,175,86,55,16,4,4697,4413,101,93,45,20,4,4741,4316,142,90,108,59,2,4741,4316,142,68,88,13,1,11,102,4557,4309,76,57,73,20,4,4310,4080,100,68,39,18,0,4,3343,2224,1065,3542,2358,1184,3394,1980,1123,3344,1691,1527,2947,1876,967,2668,2200,0,3245,1954,1174,3483,2155,1243,3459,2133,1233,3273,1971,1211,3527,2112,1339,0.0,19,19113,,,
649,19113000103,1.03,-91.5670276,41.9947799,22097378.0,21936391.0,160987.0,2298,2130,60,75,35,13,1,3425,2664,145,459,31,157,0,2546,2247,155,0,0,144,0,2316,1949,92,161,51,58,9,3032,2499,357,0,0,176,0,2842,2558,241,0,23,36,0,1700,1610,30,34,21,9,1,2445,2215,95,55,0,80,0,1910,1760,70,0,0,80,0,1725,1519,48,84,33,38,6,1725,1519,48,66,20,5,0,5,62,2132,1910,116,0,0,110,0,2095,2010,65,0,0,20,0,0,1071,620,433,1279,690,589,1211,567,536,1200,455,694,1049,556,478,943,719,0,1177,578,557,1294,679,581,1286,663,583,1171,586,558,1135,594,518,0.0,19,19113,,,
650,19113003003,30.03,-91.6084745,41.9224375,25382798.0,25018360.0,364438.0,3708,3288,92,221,84,33,11,4235,3880,67,114,74,99,0,4093,3601,122,205,58,110,0,5216,4217,334,468,132,72,7,4075,3687,125,30,169,64,0,4529,3836,110,439,0,16,0,2935,2660,67,134,59,22,7,3455,3229,15,111,0,100,0,3302,2944,55,188,0,110,0,3939,3178,232,371,114,43,3,3939,3178,232,308,89,8,2,1,121,3111,2970,50,30,0,65,0,3405,3185,65,140,0,15,0,0,1570,1092,449,1650,1119,531,1937,913,841,1890,750,1035,1524,883,588,1363,1053,0,1902,976,839,2312,1235,1019,2275,1209,972,2019,1044,909,2390,1219,1138,0.0,19,19113,,,
651,19113003004,30.04,-91.6784453,41.9232151,21312731.0,21273949.0,38782.0,3614,3181,95,228,88,34,10,3547,3106,32,332,44,14,0,4332,3266,27,983,32,21,0,4052,2854,129,864,87,60,46,4085,2873,389,734,49,41,0,4412,3080,422,656,18,38,0,2884,2594,71,141,66,17,6,2410,2246,0,129,15,15,0,2608,2306,4,267,10,19,0,2880,2121,70,531,66,48,28,2880,2121,70,491,54,7,27,12,98,2465,2154,96,152,19,33,0,2615,2370,80,134,8,24,0,0,1118,781,309,1510,1050,460,1521,776,577,1493,666,735,1187,735,408,1084,846,0,1391,775,547,1504,876,595,1477,856,564,1288,729,519,1387,728,635,0.0,19,19113,,,
652,19113010801,108.01,-91.4204061,41.8893523,61304851.0,60123821.0,1181030.0,1240,1181,19,15,17,8,0,1245,1174,29,25,11,8,0,1278,1213,27,23,9,9,0,1318,1227,36,17,21,22,1,1223,1163,9,0,24,45,0,1322,1312,0,0,0,10,0,928,885,13,9,13,6,0,882,853,15,12,0,4,0,943,912,14,15,0,5,0,980,921,18,11,9,16,0,980,921,18,4,1,0,0,6,30,960,937,0,0,0,25,0,960,950,0,0,0,10,0,0,714,474,228,667,442,225,689,336,299,680,277,379,607,340,251,539,433,0,679,347,312,798,418,362,785,410,355,722,367,337,775,383,375,0.0,19,19113,,,
653,19113000211,2.11,-91.6485436,42.0667325,7009133.0,7009133.0,0.0,4421,3886,80,73,376,7,1,5013,4046,72,66,814,15,0,5327,4195,51,358,722,0,0,5672,4488,165,195,705,75,6,5417,4367,55,323,672,0,0,5680,4761,83,295,463,65,0,2951,2634,45,28,235,4,1,3365,2860,65,40,400,0,0,3725,3040,50,325,305,0,0,4106,3359,97,112,463,45,6,4106,3359,97,84,440,1,0,12,113,3750,3190,51,265,237,0,0,4120,3440,85,270,304,30,0,0,2509,1235,1243,2504,1177,1327,2796,1321,1258,2770,991,1683,2611,1335,1211,2330,1760,0,2917,1435,1382,3357,1853,1428,3344,1757,1501,3012,1515,1424,3365,1787,1521,0.0,19,19113,,,
654,19113000209,2.09,-91.6275113,42.0480623,3120175.0,3120175.0,0.0,4358,3909,111,102,213,26,5,5458,4546,228,69,249,77,0,5066,4409,235,40,165,40,0,4971,4181,167,175,357,48,1,4633,4153,222,19,170,0,0,4535,3933,247,142,213,0,0,2975,2723,59,50,134,13,2,3515,3165,140,35,130,45,0,3295,3050,100,25,95,25,0,3383,2914,94,87,227,29,0,3383,2914,94,65,212,3,0,6,89,3171,2920,124,19,96,0,0,2930,2630,85,85,125,0,0,0,2501,1229,1240,2429,1158,1271,2648,1217,1189,2624,878,1659,2432,1198,1184,2153,1604,0,2682,1261,1320,2990,1594,1322,2970,1500,1406,2768,1344,1358,3031,1664,1304,0.0,19,19113,,,
655,19113000101,1.01,-91.5703349,42.0737062,19900298.0,19884720.0,15578.0,3724,3528,53,63,69,16,5,4427,4298,59,59,10,0,0,4827,4652,2,160,13,0,0,6372,5727,191,137,211,63,6,5716,5431,0,171,114,0,0,6421,6143,0,96,182,0,0,2777,2669,26,29,38,9,1,3387,3313,59,2,11,0,0,3668,3613,2,38,13,0,0,4708,4360,97,53,130,40,2,4708,4360,97,42,120,5,0,10,74,4301,4269,0,15,10,0,0,4800,4630,0,65,100,0,0,0,2701,1320,1343,2414,1131,1283,2950,1363,1372,2918,1003,1819,2786,1391,1338,2435,1882,0,3260,1548,1619,4078,2108,1884,4047,2005,1950,3770,1806,1883,4454,2221,2155,0.0,19,19113,,,
656,19113000210,2.10,-91.6780881,42.0669303,17620869.0,17582032.0,38837.0,3112,2895,40,47,112,4,4,3327,3080,72,102,72,0,0,3389,3164,74,35,118,0,0,3418,3150,67,53,60,50,3,3638,3345,63,99,131,0,0,3672,3291,53,128,159,19,0,2213,2082,23,25,74,4,3,2549,2464,30,45,4,0,0,2533,2429,35,25,40,0,0,2644,2476,43,41,38,29,3,2644,2476,43,27,30,0,1,8,59,2930,2754,32,90,60,0,0,2925,2650,55,125,75,20,0,0,1892,895,970,1920,825,1095,1961,796,1004,1950,603,1284,1782,791,954,1568,1142,0,1970,823,1085,2196,1015,1132,2189,966,1174,2028,866,1116,2176,996,1138,0.0,19,19113,,,
657,19113000102,1.02,-91.564999,42.0430532,3838220.0,3838220.0,0.0,6508,6109,121,88,155,41,6,6283,5927,83,53,170,51,0,7341,6850,48,101,247,95,0,6663,5905,191,234,214,75,13,6457,6257,54,89,36,21,0,6199,5759,126,204,0,52,0,4727,4502,69,47,91,23,6,4838,4672,81,17,74,0,0,5417,5232,52,27,112,0,0,5102,4624,120,137,135,56,12,5102,4624,120,105,110,6,2,16,119,4854,4715,49,47,35,0,0,4695,4420,95,130,0,55,0,0,3678,1987,1646,3725,1952,1773,3696,1709,1654,3658,1348,2155,3175,1677,1426,2836,2165,0,3583,1751,1681,3891,2090,1694,3864,2013,1731,3591,1813,1677,3953,2148,1721,0.0,19,19113,,,
658,19113000208,2.08,-91.6198627,42.0749413,15821043.0,15821043.0,0.0,3181,2859,75,144,91,36,1,3648,3537,87,71,0,0,14,4091,3670,97,110,204,40,13,4884,4250,153,161,233,63,5,4220,3861,107,125,92,82,24,4643,4004,54,202,192,78,21,2283,2102,39,78,58,21,1,2550,2515,10,25,0,0,0,2850,2630,15,55,105,40,0,3379,3020,75,97,138,33,5,3379,3020,75,71,116,0,2,0,95,3000,2795,14,52,46,81,0,3275,3030,20,74,90,65,0,0,2023,1009,978,1678,828,850,2065,893,995,2034,708,1246,1977,989,941,1759,1274,0,2268,1068,1119,2794,1459,1262,2774,1381,1323,2498,1203,1234,2973,1531,1392,0.0,19,19113,,,
659,19113000212,2.12,-91.6535547,42.0434298,1857042.0,1857042.0,0.0,3032,2544,78,183,218,14,4,3654,2754,66,330,507,0,0,3266,2459,41,309,457,0,0,3206,2174,88,430,460,51,1,2936,2004,62,597,272,1,0,3013,1761,95,327,595,1,0,2268,1971,49,93,148,10,2,2469,2174,55,133,102,0,0,2322,2058,32,131,96,0,0,2506,1826,74,252,309,45,1,2506,1826,74,215,293,3,0,8,87,2111,1669,55,279,101,4,0,2105,1555,65,290,200,4,0,0,1603,902,673,1642,917,725,1542,828,587,1519,643,814,1345,780,523,1222,951,0,1497,824,612,1630,978,603,1624,947,623,1481,826,611,1574,916,631,0.0,19,19113,,,
660,19113000213,2.13,-91.6527064,42.033937,4061938.0,4061938.0,0.0,2374,1893,103,179,192,15,3,2242,1361,254,210,414,0,0,2167,1279,233,201,454,0,0,2661,1568,165,413,480,44,20,2576,1529,63,452,532,0,0,2628,1608,81,563,366,0,0,1818,1515,68,90,140,10,3,1406,1111,80,162,53,0,0,1368,1102,68,149,49,0,0,2033,1333,113,222,333,30,11,2033,1333,113,191,327,4,10,2,53,1568,1353,46,136,39,0,0,1750,1530,64,109,50,0,0,0,1271,758,495,1255,712,543,1209,607,495,1203,463,682,1034,555,452,932,709,0,1210,624,535,1397,795,552,1384,772,566,1242,654,546,1302,740,530,0.0,19,19113,,,
661,19113001004,10.04,-91.7336921,41.9658949,2644743.0,2644743.0,0.0,3956,3333,113,410,72,31,15,3363,2682,197,413,1,72,0,3500,2648,171,555,113,66,0,4148,2496,170,1280,73,65,60,3245,2541,95,565,79,0,0,3643,2633,87,900,65,0,0,3038,2682,72,209,53,22,8,2406,2284,31,61,0,30,0,2609,2282,60,186,45,30,0,3154,2089,101,801,66,45,42,3154,2089,101,745,51,12,28,3,125,2395,2139,35,180,40,0,0,2670,2240,85,325,15,0,0,0,2147,1431,686,2097,1389,708,1871,1053,659,1836,858,882,1539,970,523,1419,1140,0,1780,1046,660,1973,1224,698,1958,1214,671,1806,1073,680,1795,1080,682,0.0,19,19113,,,
662,19065080300,803,-91.9693212,42.7375818,359117912.0,359004793.0,113119.0,2470,2431,27,5,1,3,0,2398,2288,15,33,14,48,0,2448,2351,7,38,6,49,0,2333,2244,31,20,9,31,0,2414,2221,19,39,13,35,0,2403,2246,15,18,9,9,0,1859,1835,14,4,1,0,0,1845,1795,4,10,4,30,0,1900,1850,8,10,0,30,0,1783,1737,9,8,9,19,0,1783,1737,9,0,2,3,0,3,29,1869,1823,10,7,0,18,0,1865,1830,4,19,0,4,0,0,1293,734,513,1340,740,600,1307,455,778,1310,368,862,1099,449,626,930,791,0,1224,445,761,1361,461,878,1353,496,816,1266,448,793,1359,417,926,0.0,19,19065,,,
663,19065080200,802,-91.7297484,42.7760826,568974255.0,568269550.0,704705.0,3609,3384,56,117,42,10,2,3216,2937,87,153,33,8,4,3105,2853,74,143,35,2,5,3280,3030,74,76,50,28,1,3183,2857,104,134,86,3,1,3415,2900,176,112,82,73,1,2936,2744,43,108,32,8,2,2640,2445,70,120,0,8,0,2575,2405,55,109,8,4,0,2682,2496,58,63,31,22,1,2682,2496,58,55,25,6,0,6,36,2580,2444,60,85,7,4,1,2575,2410,45,30,12,78,4,0,1721,908,748,1723,918,805,1691,549,1008,1681,440,1147,1395,492,826,1181,953,0,1559,528,996,1676,573,1066,1666,570,1050,1575,525,1012,1695,539,1114,0.0,19,19065,,,
664,19065080400,804,-91.91204,42.6892913,13205298.0,13205298.0,0.0,3093,2905,85,44,23,21,9,2912,2789,0,109,0,6,0,2968,2750,0,156,49,7,0,2811,2476,111,105,41,81,4,2884,2684,0,97,92,4,0,3109,2768,0,155,99,29,0,2380,2269,48,23,20,13,3,2215,2140,0,79,0,4,0,2300,2150,0,120,25,4,0,2126,1922,73,52,23,54,1,2126,1922,73,36,11,7,0,2,75,2298,2181,0,62,40,2,0,2510,2395,0,25,64,28,0,0,1420,937,457,1381,919,462,1303,603,582,1283,517,682,964,507,423,880,718,0,1144,565,539,1245,620,598,1239,636,537,1132,538,556,1165,499,648,0.0,19,19065,,,
665,19065080600,806,-91.710413,42.998555,318660481.0,318533334.0,127147.0,2526,2466,29,7,10,7,2,2227,2156,38,8,20,5,0,2176,2118,14,14,25,5,0,2360,2273,31,6,13,22,2,2055,2013,7,10,19,3,0,2088,2053,3,7,20,2,0,1939,1910,11,2,4,7,2,1755,1695,35,0,20,8,0,1700,1655,10,4,25,8,0,1821,1784,1,2,3,14,2,1821,1784,1,2,1,1,0,0,32,1630,1598,1,0,9,10,0,1655,1630,0,4,20,4,0,0,1338,636,649,1300,586,714,1344,376,882,1340,295,993,1132,380,717,981,754,0,1260,379,861,1414,436,955,1398,435,941,1302,380,892,1362,372,962,0.0,19,19065,,,
666,19181020702,207.02,-93.5519721,41.3722207,3901344.0,3901344.0,0.0,3088,2955,47,31,33,20,4,3663,3557,57,38,11,0,0,3616,3500,82,24,10,0,0,3698,3376,113,66,54,65,6,3540,3419,82,27,12,0,0,3413,3124,66,32,13,27,0,2348,2271,26,17,19,14,2,2745,2685,15,40,10,0,0,2695,2615,55,25,10,0,0,2704,2505,68,30,27,50,4,2704,2505,68,11,21,3,4,0,92,2687,2588,52,25,11,0,0,2505,2435,20,30,15,10,0,0,1780,963,785,1506,807,699,1925,853,925,1890,712,1111,1718,873,816,1483,1153,0,1892,870,953,2059,969,1039,2041,953,1022,1902,886,970,2126,959,1124,0.0,19,19181,,,
667,19181020701,207.01,-93.5623884,41.3658548,522304.0,522304.0,0.0,1224,1172,16,10,10,6,1,1042,952,60,0,51,0,4,1053,978,58,0,32,0,3,1035,911,55,41,14,21,4,964,890,34,22,35,0,3,853,760,37,41,12,3,9,929,902,9,4,6,4,1,865,795,45,0,25,0,4,865,805,45,0,15,0,4,905,801,46,34,11,19,2,905,801,46,19,5,5,1,0,28,853,789,30,20,16,0,4,780,690,35,30,10,4,0,10,500,270,219,750,403,347,721,337,324,701,282,389,609,323,271,526,417,0,619,301,296,554,276,265,544,269,260,518,253,253,579,256,312,0.0,19,19181,,,
668,19065080700,807,-91.9584738,42.9574786,582451019.0,582262740.0,188279.0,2952,2901,29,12,5,6,0,3102,2992,82,72,0,11,0,3148,3038,83,56,0,13,0,2699,2564,33,24,10,39,1,3151,3016,108,86,0,12,0,2898,2763,71,14,0,38,0,2275,2252,15,3,3,3,0,2390,2345,35,0,0,8,0,2400,2365,27,0,0,12,0,2124,2041,26,15,3,21,1,2124,2041,26,4,0,0,0,2,51,2327,2283,27,15,0,15,0,2180,2110,34,4,0,27,0,0,1529,807,665,1497,764,733,1468,421,960,1459,345,1062,1211,398,780,1021,816,0,1354,406,930,1548,447,1073,1536,460,1033,1434,404,1000,1524,408,1087,0.0,19,19065,,,
669,19035080101,801.01,-95.5466665,42.7885888,29697766.0,29694469.0,3297.0,3075,2901,87,47,33,21,8,2963,2810,0,92,27,34,0,2885,2790,0,45,22,28,0,2983,2647,202,45,31,23,7,3024,2816,5,57,43,34,0,3512,3087,275,33,25,20,13,2451,2345,54,28,18,12,4,2270,2159,0,75,0,35,0,2243,2171,0,45,0,26,0,2382,2177,122,24,12,14,5,2382,2177,122,22,12,6,5,6,32,2198,2133,2,35,0,35,0,2615,2430,119,4,25,19,0,15,1517,774,714,1512,727,785,1442,464,872,1428,361,1020,1177,497,661,995,793,0,1358,484,837,1517,540,955,1490,566,862,1402,472,897,1663,367,1267,0.0,19,19035,,,
670,19035080102,801.02,-95.5734666,42.7524847,23295450.0,23221036.0,74414.0,2580,2431,79,34,21,15,4,2368,2199,12,69,48,42,0,2333,2152,8,53,66,57,0,2619,2315,168,63,29,28,3,2128,1910,9,67,82,63,0,2153,2098,1,39,0,15,0,2058,1975,43,17,14,9,2,1879,1790,4,39,0,40,0,1722,1629,0,35,0,59,0,2016,1818,107,42,19,16,2,2016,1818,107,33,19,5,1,3,30,1595,1490,0,39,0,64,0,1670,1620,0,35,0,15,0,0,1322,671,620,1221,591,630,1245,383,763,1234,303,882,1035,390,623,870,680,0,1172,394,749,1307,443,842,1288,465,774,1217,397,799,1342,330,998,0.0,19,19035,,,
671,19193001801,18.01,-96.3684458,42.4815273,2409457.0,2409457.0,0.0,4521,3720,522,116,83,97,8,4025,3638,269,80,45,0,7,4089,3387,541,101,139,7,7,4714,3451,663,289,96,216,42,3661,3071,421,97,120,12,7,4077,3129,624,182,175,84,8,3437,2976,280,54,52,61,5,3190,2930,205,30,25,0,0,3200,2685,420,35,45,0,0,3647,2824,425,171,80,149,29,3647,2824,425,111,54,41,25,28,139,2830,2409,351,52,30,0,0,3120,2435,475,90,55,65,0,4,1893,1019,835,1906,1083,823,1828,719,965,1795,621,1069,1382,642,700,1185,884,0,1629,708,868,1784,797,929,1743,803,862,1576,673,854,1546,637,872,0.0,19,19193,,,
672,19193000201,2.01,-96.3568808,42.5524432,5532530.0,5532530.0,0.0,3302,2866,287,58,57,49,2,2944,2215,541,12,161,15,0,2767,2008,564,13,167,15,0,3445,2486,653,151,71,110,9,3345,2286,975,19,35,0,0,3462,2375,1052,17,0,0,0,2436,2191,169,21,32,23,0,2030,1675,295,10,30,15,0,2015,1605,345,15,40,15,0,2501,1949,365,65,50,76,0,2501,1949,365,41,39,17,0,4,86,2076,1669,387,21,0,0,0,1875,1725,135,15,0,0,0,0,1412,717,675,1389,733,656,1366,504,768,1331,450,813,1065,479,540,933,711,0,1251,523,690,1416,592,787,1393,629,701,1255,520,697,1344,513,796,0.0,19,19193,,,
673,19193001802,18.02,-96.3443658,42.4809655,4603516.0,4590472.0,13044.0,2251,1829,293,57,53,37,4,2459,1997,314,36,73,47,8,2100,1785,163,46,74,39,8,2363,1470,490,205,43,74,40,2690,2116,51,88,256,49,138,2580,2059,116,245,18,19,129,1722,1497,154,30,38,21,2,2046,1806,140,14,25,44,0,1836,1576,165,19,30,39,0,1913,1287,331,134,38,59,20,1913,1287,331,119,38,30,20,47,41,2115,1842,39,22,149,49,0,2080,1890,75,89,8,20,0,0,947,496,434,961,532,429,931,363,489,917,310,551,704,324,365,605,448,0,835,351,453,919,400,486,902,399,459,823,342,455,837,337,484,0.0,19,19193,,,
674,19153010205,102.05,-93.6168461,41.7197844,11385498.0,11385498.0,0.0,4741,4444,91,80,96,18,5,5515,4917,229,198,193,6,0,5862,4989,253,380,249,21,0,7864,6827,330,274,239,96,15,7587,6841,244,342,115,59,0,8295,7397,289,300,248,38,0,3525,3347,56,43,56,8,3,4069,3776,79,83,126,5,0,4294,3920,109,86,154,21,0,6092,5391,240,162,144,61,8,6092,5391,240,137,111,9,3,74,127,5596,5219,108,158,32,58,0,6100,5740,155,139,35,39,0,0,2422,1191,1185,2797,1351,1446,2875,1266,1349,2831,1070,1647,2664,1405,1198,2371,1781,0,3287,1586,1590,4392,2217,2077,4355,2161,2066,3877,1884,1904,4668,2317,2270,0.0,19,19153,,,
675,19153010500,105,-93.627618,41.6612998,39944683.0,38543217.0,1401466.0,6479,5520,461,357,103,49,7,6323,5404,549,329,49,8,8,6362,5255,599,334,182,8,8,6297,5143,546,355,141,87,7,6633,5495,608,340,199,0,0,6772,5595,509,322,266,11,0,5253,4508,337,313,63,36,5,5015,4500,180,275,50,0,0,4935,4385,185,275,85,0,0,5162,4287,362,314,92,74,5,5162,4287,362,306,70,25,2,9,101,5472,4823,277,284,84,0,0,5730,5035,270,295,130,14,0,0,2950,1531,1353,2967,1574,1393,2953,1176,1560,2897,1064,1715,2625,1280,1289,2346,1721,0,2904,1259,1548,3205,1362,1780,3163,1387,1677,2941,1271,1595,3173,1257,1858,0.0,19,19153,,,
676,19147960100,9601,-94.5506608,43.0752871,715884779.0,713432005.0,2452774.0,1970,1932,21,6,3,15,1,1835,1808,20,0,3,4,0,1745,1665,68,0,3,11,0,1907,1783,75,12,13,26,1,1729,1632,69,0,18,10,0,1843,1613,167,10,17,32,0,1535,1516,9,3,2,8,1,1425,1410,10,0,4,4,0,1335,1320,10,0,4,8,0,1486,1394,54,11,10,21,0,1486,1394,54,6,4,3,0,0,25,1222,1209,10,0,9,2,0,1225,1160,50,0,10,8,0,0,1079,378,642,1087,373,714,1016,221,755,1016,140,792,862,226,604,668,478,0,972,218,744,1107,248,840,1101,276,795,1028,236,771,1093,225,842,0.0,19,19147,,,
677,19147960400,9604,-94.8453779,43.0896933,375175243.0,365612679.0,9562564.0,1640,1589,23,3,13,7,4,1585,1549,10,2,12,12,0,1582,1554,8,3,15,2,0,1517,1435,35,16,17,9,0,1548,1430,37,0,68,2,0,1411,1232,42,47,64,14,0,1253,1224,14,1,9,4,1,1185,1175,0,0,12,4,0,1190,1180,0,0,12,4,0,1190,1144,14,13,13,8,0,1190,1144,14,7,6,0,0,5,14,1162,1142,0,0,21,4,0,1080,1040,0,15,14,8,0,0,750,359,340,801,396,405,768,212,499,759,165,529,603,216,362,476,374,0,672,225,443,789,255,526,779,282,481,693,216,468,793,201,586,0.0,19,19147,,,
678,19147960200,9602,-94.7456553,43.0753006,338551565.0,338397456.0,154109.0,1831,1783,27,7,4,15,2,1830,1759,65,4,0,2,0,1903,1790,74,36,0,2,0,1727,1635,42,3,4,33,5,1880,1614,62,120,0,4,0,1854,1630,19,130,0,0,0,1393,1362,16,3,1,9,0,1331,1295,35,0,0,4,0,1391,1341,19,25,0,4,0,1282,1240,20,1,2,11,1,1282,1240,20,0,0,0,0,1,21,1412,1287,11,103,0,5,0,1400,1270,14,114,0,0,0,0,983,502,438,915,386,529,868,222,615,854,166,641,705,224,462,557,412,0,803,225,573,938,262,671,933,295,619,859,237,613,988,233,745,0.0,19,19147,,,
679,19103001801,18.01,-91.5017138,41.6171193,14683797.0,14083000.0,600797.0,4920,3342,516,817,254,44,2,5210,3456,622,941,104,87,0,5160,3785,316,960,99,0,0,5570,3106,845,1239,318,69,8,4594,3462,224,778,130,0,0,5149,3583,546,933,175,154,0,3822,2834,357,430,191,34,2,3420,2775,100,400,60,85,0,3610,3080,45,415,75,0,0,4440,2802,598,721,257,55,4,4440,2802,598,645,218,8,0,21,148,3356,2884,36,327,116,0,0,3855,3135,240,305,180,0,0,0,2396,1748,592,2429,1914,515,2282,1668,426,2227,1454,649,2068,1636,378,1935,1674,0,2320,1735,493,2657,2035,566,2618,1988,544,2308,1730,508,2389,1759,578,0.0,19,19103,,,
680,19155031000,310,-95.8453143,41.2527634,1704549.0,1704549.0,0.0,2352,1972,282,61,25,34,3,2200,1959,153,80,7,0,0,2092,1864,140,75,11,0,0,2217,1861,156,58,44,68,0,2021,1847,69,76,25,4,0,2107,1860,72,30,91,27,0,1755,1514,170,34,20,23,3,1648,1508,55,80,0,0,0,1588,1468,40,75,4,0,0,1703,1477,100,30,27,42,0,1703,1477,100,21,22,17,0,14,52,1640,1536,15,80,3,4,0,1635,1510,30,30,39,29,0,0,842,464,359,855,503,352,853,397,381,825,335,413,680,364,290,593,430,0,798,392,363,885,448,406,873,439,381,802,392,372,821,405,406,0.0,19,19155,,,
681,19155031100,311,-95.8312599,41.2637703,2133545.0,2133545.0,0.0,2707,2409,152,100,19,38,5,2563,2155,325,46,8,21,8,2541,2084,363,72,0,7,15,2586,2175,192,96,35,71,9,2590,2170,333,60,0,20,7,2590,2259,288,2,0,41,0,2104,1892,96,86,13,22,4,1755,1635,80,4,10,20,0,1780,1605,150,10,0,4,0,1941,1682,115,51,24,50,6,1941,1682,115,35,14,12,2,13,68,1772,1607,139,5,0,9,0,1865,1700,125,4,0,30,0,0,1125,588,521,1142,609,533,1164,514,549,1134,445,603,939,484,423,806,575,0,1082,509,513,1167,580,560,1158,569,527,1060,512,509,1126,555,550,0.0,19,19155,,,
682,19009070200,702,-94.9351263,41.7098511,48664643.0,48664643.0,0.0,2354,2314,17,8,7,8,1,2108,2011,1,8,26,61,0,2081,1966,0,60,15,41,0,2248,2121,57,36,14,22,4,2144,1981,11,69,2,81,0,2222,2091,20,80,2,19,0,1838,1818,11,2,2,5,1,1753,1668,4,4,20,60,0,1671,1611,0,4,15,40,0,1739,1671,33,14,4,17,0,1739,1671,33,5,1,0,0,2,27,1727,1628,0,2,0,80,0,1775,1745,4,10,0,20,0,0,1378,644,704,1316,577,739,1311,388,856,1279,295,952,1039,336,665,783,617,0,1207,358,823,1345,380,932,1334,385,904,1247,356,861,1253,356,877,0.0,19,19009,,,
683,19169000104,1.04,-93.6759668,42.064324,21073906.0,21070881.0,3025.0,1070,996,28,21,23,6,1,827,826,0,0,1,0,0,778,777,0,0,1,0,0,1408,1246,25,27,52,33,2,1477,1477,0,0,0,0,0,1786,1497,25,0,261,3,0,792,744,19,9,17,5,1,625,625,0,0,0,0,0,590,590,0,0,0,0,0,1002,903,19,15,28,19,2,1002,903,19,10,25,5,0,7,33,1095,1096,0,0,0,0,0,1075,1050,25,0,0,4,0,0,730,363,356,672,321,351,715,302,335,710,257,424,681,317,351,602,431,0,776,348,398,933,463,443,933,440,472,862,400,443,963,471,473,0.0,19,19169,,,
684,19169000105,1.05,-93.648799,42.0496559,2369913.0,2369913.0,0.0,3181,2312,82,111,668,17,2,3093,2174,173,0,746,0,0,3329,2222,135,50,922,0,0,3606,2409,143,125,874,33,3,3212,2034,194,27,957,0,0,3091,2004,135,41,882,12,29,2490,1829,65,91,506,11,2,1805,1680,55,0,65,0,0,2075,1755,60,50,210,0,0,2886,2033,110,87,625,13,2,2886,2033,110,65,591,0,0,5,82,1871,1586,74,24,200,0,0,1990,1520,50,40,345,0,0,30,1417,798,589,1788,1040,748,1894,1100,611,1857,911,889,1756,1079,650,1582,1279,0,1918,1136,721,2134,1355,728,2129,1298,787,2014,1211,764,2048,1305,702,0.0,19,19169,,,
685,19169000102,1.02,-93.6443698,42.0654055,7450716.0,6769451.0,681265.0,3220,2732,61,67,346,13,2,3960,3093,78,33,722,33,0,4241,3267,272,50,651,1,0,4044,3340,92,96,442,22,6,3987,3006,273,71,637,0,0,3843,2757,242,157,659,10,0,2484,2120,39,48,265,6,2,2486,2415,12,4,54,1,0,2685,2529,82,43,30,1,0,3130,2656,61,55,302,17,6,3130,2656,61,41,282,0,0,13,77,2493,2328,96,72,0,0,0,2650,2340,60,135,104,8,0,0,2158,1204,917,1848,1020,828,2346,1274,868,2305,1033,1211,2277,1312,940,2059,1652,0,2466,1369,1027,2805,1674,1065,2790,1593,1159,2585,1442,1098,2951,1710,1191,0.0,19,19169,,,
686,19169000103,1.03,-93.6568693,42.1108849,37500901.0,37500901.0,0.0,1463,1382,33,17,28,7,3,1291,1158,95,28,15,0,0,1468,1307,104,42,20,2,0,1630,1451,72,35,22,30,4,1516,1414,37,45,20,5,0,1570,1422,17,43,55,33,0,1070,1024,19,6,19,5,2,855,790,50,14,8,0,0,890,820,45,14,8,0,0,1157,1049,50,12,19,14,1,1157,1049,50,12,11,3,0,2,30,956,906,17,21,5,4,0,1080,985,10,29,24,34,0,0,830,397,424,895,408,487,947,373,462,937,326,579,905,398,491,792,561,0,973,413,524,1077,504,546,1074,477,574,997,427,546,1082,464,588,0.0,19,19169,,,
687,19153011704,117.04,-93.7293162,41.6589761,5114258.0,5114258.0,0.0,2805,2524,60,75,140,12,3,2494,2325,62,64,44,0,0,2531,2300,63,62,105,0,0,2719,2376,79,69,150,26,5,3035,2858,72,54,51,0,0,2974,2917,0,0,57,0,0,1974,1813,34,36,82,6,2,1803,1665,58,41,39,0,0,1811,1660,63,43,48,0,0,1961,1735,53,31,105,21,2,1961,1735,53,25,96,3,0,7,42,2109,1976,72,39,14,0,0,2080,2045,0,0,35,0,0,0,1113,526,570,1598,727,871,1626,726,784,1618,561,1010,1498,707,775,1303,984,0,1620,738,840,1755,891,823,1745,835,882,1627,760,839,1696,864,798,0.0,19,19153,,,
688,19153011406,114.06,-93.7060077,41.7082432,27456135.0,18018990.0,9437145.0,5094,4570,105,137,259,15,4,6212,5506,107,422,189,22,10,6747,6001,101,420,219,25,13,6751,5405,256,690,306,73,11,6234,5054,142,720,313,28,23,6300,5078,208,737,177,32,23,3575,3281,55,63,163,9,4,4167,3889,48,185,23,17,0,4596,4289,68,175,42,17,0,4850,4098,156,326,196,49,8,4850,4098,156,296,169,14,5,7,105,4508,3968,82,305,115,12,0,4715,4175,135,285,90,14,0,25,2438,1103,1302,3164,1372,1792,3307,1477,1580,3281,1199,1963,3076,1519,1511,2722,2043,0,3452,1646,1707,4018,2127,1816,3993,2029,1872,3708,1828,1808,4103,2201,1831,0.0,19,19153,,,
689,19153010707,107.07,-93.4935014,41.6313534,11018980.0,11018980.0,0.0,2584,2410,72,42,42,8,8,3675,3423,0,123,119,10,0,3854,3437,3,255,150,8,0,3892,3196,194,292,141,73,8,4016,3343,61,451,153,65,0,4159,3511,49,332,208,103,0,1815,1730,39,18,25,6,5,2760,2610,0,105,35,10,0,2795,2575,4,170,40,10,0,2885,2507,109,141,75,52,4,2885,2507,109,112,62,3,3,6,83,3128,2727,16,347,35,11,0,3275,3005,29,165,50,29,0,0,1510,758,721,1557,809,748,1828,781,894,1788,662,1033,1584,823,733,1389,1076,0,1800,844,889,2025,981,990,2011,1000,957,1893,909,935,2245,1112,1103,0.0,19,19153,,,
690,19153011303,113.03,-93.7829706,41.6672138,19427722.0,19382124.0,45598.0,4628,4331,114,71,98,16,3,6571,5945,79,78,514,0,58,7049,6491,242,165,194,0,48,7426,6260,439,407,189,120,15,7125,6591,97,65,372,0,34,7528,6717,270,149,329,45,52,3183,3026,65,28,61,11,2,4726,4380,80,0,216,0,0,5097,4823,89,72,70,0,0,5428,4723,266,212,128,83,9,5428,4723,266,188,101,14,5,13,118,5146,5028,27,39,20,0,0,5460,5150,110,135,0,35,0,50,1839,830,973,2896,1316,1580,3404,1418,1709,3349,1111,2060,2952,1450,1425,2630,1990,0,3415,1558,1728,3941,1967,1876,3896,1927,1866,3429,1588,1751,4089,1912,2099,0.0,19,19153,,,
691,19153011405,114.05,-93.7467657,41.7171415,32340003.0,32340003.0,0.0,988,912,16,18,34,4,0,1352,1236,11,27,62,12,6,1526,1397,16,25,72,12,6,2970,2544,76,52,244,38,0,2731,2216,56,1,378,23,0,2970,2390,58,1,448,9,0,684,641,10,9,18,3,0,928,891,1,10,12,8,0,1054,991,12,10,23,8,0,1977,1724,47,27,135,25,0,1977,1724,47,18,132,3,0,4,49,1612,1540,20,5,44,15,0,1770,1665,59,4,48,8,0,0,1006,450,539,649,275,374,831,357,402,820,286,502,760,364,377,673,501,0,1049,500,519,1587,838,715,1580,798,743,1491,714,745,2164,987,1139,0.0,19,19153,,,
692,19153011703,117.03,-93.7461459,41.6733681,5378277.0,5378277.0,0.0,5872,5264,120,160,311,17,6,6308,5379,145,171,598,14,0,5845,4855,161,255,564,11,0,6601,5496,211,221,588,44,10,5886,4602,254,349,681,0,0,5698,4437,215,353,693,0,0,4121,3776,71,73,190,13,2,4147,3585,97,39,416,15,0,3904,3440,92,107,257,10,0,4740,4037,139,114,391,29,6,4740,4037,139,104,372,0,4,5,79,3802,3170,191,75,358,0,0,3890,3185,155,150,405,0,0,0,2336,1068,1245,3362,1458,1904,4120,1840,1927,4073,1386,2575,3847,1872,1924,3339,2539,0,3918,1810,1993,3831,2006,1752,3800,1886,1854,3533,1697,1777,4216,2260,1885,0.0,19,19153,,,
693,19153010708,107.08,-93.4665079,41.6204549,13552579.0,13552579.0,0.0,3369,3145,97,52,52,12,10,4535,4228,170,4,0,25,124,4920,4631,69,39,11,26,160,5990,5198,289,267,127,78,5,5224,4510,238,39,202,42,207,5901,5096,240,157,383,25,0,2375,2255,50,24,30,8,6,3035,2895,75,4,0,10,50,3450,3310,25,24,10,10,60,4311,3846,165,135,82,59,0,4311,3846,165,111,63,4,0,5,117,3750,3454,140,22,44,21,71,4155,3765,140,55,180,25,0,0,2312,1157,1112,1792,926,866,2480,1015,1282,2452,780,1564,2405,1162,1197,2124,1613,0,2794,1200,1500,3525,1570,1888,3510,1530,1880,3097,1341,1687,3990,1732,2192,0.0,19,19153,,,
694,19153010709,107.09,-93.4543197,41.6426947,4643629.0,4643629.0,0.0,4529,4229,134,81,77,19,14,4622,4378,142,95,7,8,0,4561,4336,148,71,6,6,0,4423,3928,165,165,97,55,7,4341,4110,199,25,7,0,0,4326,3863,330,0,84,0,0,3178,3028,65,31,41,10,8,3265,3140,75,50,0,0,0,3120,3015,70,40,0,0,0,3295,3014,90,89,53,37,0,3295,3014,90,71,40,5,0,2,73,3095,3012,81,10,0,0,0,3080,2955,95,0,35,0,0,0,1720,866,815,2508,1311,1197,2677,1102,1352,2630,904,1623,2351,1213,1093,2084,1581,0,2527,1140,1298,2608,1213,1338,2603,1224,1290,2412,1112,1247,2775,1252,1473,0.0,19,19153,,,
695,19153011305,113.05,-93.7606771,41.6770177,2027607.0,2027607.0,0.0,852,765,18,22,45,1,0,1354,1293,15,14,41,0,0,1434,1311,36,54,39,0,0,3193,2143,220,572,243,34,5,2149,1756,132,127,154,0,0,3611,2109,139,1354,9,0,0,598,547,12,12,28,0,0,930,891,15,0,24,0,0,1028,968,11,33,15,0,0,2277,1645,136,319,157,26,2,2277,1645,136,294,145,4,0,8,45,1530,1280,31,95,134,0,0,1800,1460,20,310,10,0,0,0,1130,515,602,559,240,319,793,362,360,783,286,471,752,381,359,659,502,0,1037,509,496,1590,853,703,1568,799,733,1376,685,659,1387,771,586,0.0,19,19153,,,
696,19139050500,505,-91.0740238,41.4297044,5036391.0,5036391.0,0.0,4807,3813,704,223,57,50,2,4728,3603,771,259,93,31,0,4851,3692,745,303,104,53,0,4683,3512,786,281,35,111,1,5134,3824,785,362,187,110,0,4979,3769,824,298,132,96,0,3489,2920,395,117,43,31,1,3275,2910,295,10,45,10,0,3370,2985,265,45,50,20,0,3512,2781,481,161,33,75,0,3512,2781,481,146,23,6,0,3,72,3416,2877,367,40,96,35,0,3375,2825,365,75,80,25,0,0,2214,1339,838,2175,1322,853,2141,958,1007,2103,821,1162,1575,815,719,1377,1082,0,1928,923,922,2088,1054,982,2067,1051,930,1868,901,910,1968,899,1036,0.0,19,19139,,,
697,19139050100,501,-90.8961517,41.5133919,314559354.0,303663720.0,10895634.0,3464,3172,223,24,16,42,0,3313,2946,278,0,38,51,0,3420,3173,149,0,47,51,0,3586,3279,178,25,40,39,0,3377,2996,276,0,50,31,0,3598,3181,288,0,48,45,0,2670,2519,111,10,10,24,0,2695,2500,115,0,24,49,0,2765,2645,40,0,24,49,0,2791,2624,97,10,14,33,0,2791,2624,97,6,11,5,0,7,41,2693,2570,65,0,28,20,0,2680,2590,35,0,24,24,0,0,1839,868,920,1750,831,919,1669,519,1045,1643,424,1129,1492,511,951,1204,797,0,1739,559,1141,2123,684,1403,2105,696,1349,1859,585,1232,2091,636,1417,20267.66074491082,19,19139,,,
698,19139050300,503,-91.2974975,41.5173179,228850639.0,227512310.0,1338329.0,5313,3087,2079,50,108,17,4,5309,3246,1771,126,197,3,28,5327,2926,2013,188,200,12,24,5382,2791,2375,74,106,121,0,5343,2977,2099,159,109,21,35,5331,3046,2062,194,18,23,0,3800,2443,1271,19,72,11,2,3550,2430,1015,14,90,4,0,3445,2320,960,49,110,8,0,3895,2237,1522,26,76,82,0,3895,2237,1522,11,67,1,0,8,49,3608,2381,1095,34,78,12,0,3535,2455,1025,39,20,8,0,0,1960,1180,728,2111,1391,720,2118,1174,794,2102,991,1017,1676,1015,624,1525,1267,0,2003,1150,801,2316,1352,918,2294,1349,873,2047,1148,855,2226,1184,1009,0.0,19,19139,,,
699,19139050800,508,-91.046003,41.4334898,1765690.0,1765690.0,0.0,3228,2448,641,97,22,32,3,3459,2225,1029,352,69,17,0,3176,2272,684,214,80,15,0,3063,2004,838,150,24,61,0,3258,2182,851,187,82,7,0,3242,2027,869,268,18,62,0,2304,1867,365,44,13,25,1,2105,1660,395,25,15,15,0,2090,1590,445,25,15,15,0,2249,1589,531,66,18,41,0,2249,1589,531,58,17,3,0,4,47,2186,1597,504,81,0,3,0,2110,1565,380,135,0,29,0,0,1304,824,460,1286,838,448,1213,613,521,1195,523,597,868,487,360,779,610,0,1090,561,489,1230,629,567,1216,629,528,1080,553,498,1120,544,545,0.0,19,19139,,,
700,19139050400,504,-91.2062791,41.3913797,271502798.0,264942190.0,6560608.0,3918,3339,519,22,29,24,12,3892,3454,413,5,24,0,0,3974,3443,515,16,8,7,0,3903,3323,412,57,33,50,0,3970,3313,621,19,7,10,0,3934,3322,520,21,45,19,0,2949,2616,290,9,21,18,7,2945,2700,240,8,4,0,0,2930,2665,260,8,0,0,0,3046,2685,255,23,17,35,0,3046,2685,255,18,16,0,0,12,60,2948,2643,305,11,0,0,0,3050,2710,310,10,8,8,0,0,1867,1034,785,1834,1039,795,1864,671,1052,1821,536,1195,1434,593,803,1212,858,0,1755,648,1048,2039,724,1270,2009,755,1171,1795,632,1112,1979,604,1344,7031.83476402522,19,19139,,,
701,19139050200,502,-91.1180598,41.5244908,296846087.0,288474623.0,8371464.0,5192,4909,185,35,37,25,4,5209,4998,67,100,47,44,0,5339,5076,118,99,61,46,0,5330,4857,233,86,34,125,3,5270,4771,346,129,44,24,0,5222,4684,347,159,73,21,0,3908,3750,103,13,15,19,1,4065,3920,49,28,0,39,0,4110,3950,65,22,0,39,0,4040,3776,138,35,21,69,0,4040,3776,138,15,17,1,0,3,90,3910,3707,135,8,0,18,0,4035,3790,170,14,4,18,0,35,2619,1370,1182,2629,1384,1245,2703,961,1528,2657,773,1746,2129,840,1224,1788,1273,0,2512,944,1493,2826,1113,1654,2794,1109,1582,2501,922,1516,2770,985,1724,0.0,19,19139,,,
702,19169001303,13.03,-93.6888634,42.0179335,2086147.0,2077977.0,8170.0,4608,3746,159,191,501,24,1,4891,3677,183,355,672,67,0,4973,3636,194,384,752,41,0,5007,3678,247,306,702,56,13,4638,3427,283,271,641,69,0,4198,3335,234,104,433,14,0,3884,3232,125,131,387,20,1,3983,3295,100,335,246,58,0,3924,3159,102,371,287,30,0,4286,3181,215,227,616,40,9,4286,3181,215,164,552,0,5,4,165,3610,2932,209,216,241,16,0,3280,2850,130,60,235,4,0,0,2516,1507,958,1986,1160,826,2274,1226,798,2209,1001,1093,1891,1268,574,1744,1399,0,2184,1338,742,2438,1668,685,2402,1605,721,2177,1366,740,2414,1495,856,0.0,19,19169,,,
703,19169001304,13.04,-93.6668056,42.0146536,2824335.0,2819065.0,5270.0,4939,3926,270,351,379,38,11,5907,4721,191,468,503,67,0,5566,4177,174,566,636,34,0,5509,3872,368,493,709,94,3,5562,3663,115,674,871,53,0,6272,4217,124,441,1169,87,0,4382,3628,188,211,341,29,11,5002,4335,145,310,189,67,0,4516,3831,123,384,163,30,0,4927,3581,305,363,632,77,3,4927,3581,305,293,572,6,0,14,156,4370,3405,73,459,425,56,0,5050,3910,60,244,810,64,0,0,1932,1252,623,2231,1428,803,2451,1398,753,2365,1192,1035,2007,1361,578,1844,1451,0,2305,1441,737,2508,1687,718,2479,1643,751,2192,1392,716,2088,1305,733,0.0,19,19169,,,
704,19093090200,902,-95.5846303,42.267954,671941850.0,670862108.0,1079742.0,2167,2122,23,9,10,2,0,2097,2028,6,13,38,12,0,2155,2092,22,6,18,16,0,2110,2033,36,6,4,7,9,2125,2036,66,7,6,4,0,2228,2059,101,21,13,28,0,1661,1636,15,2,5,1,0,1561,1531,8,0,14,10,0,1591,1546,8,4,19,14,0,1611,1568,15,0,4,3,7,1611,1568,15,0,0,0,3,7,18,1566,1560,7,0,8,8,0,1630,1550,34,14,8,29,0,0,1105,447,608,1112,390,722,1135,176,919,1132,114,950,956,140,738,726,566,0,1065,167,885,1225,231,973,1215,235,944,1116,201,894,1143,209,911,0.0,19,19093,,,
705,19093090300,903,-95.4919067,42.3449439,81131653.0,80942258.0,189395.0,2372,2324,20,10,5,13,1,2283,2249,34,2,0,13,0,2205,2167,38,1,0,0,0,2281,2171,56,13,13,24,8,2205,2155,49,1,0,0,0,2231,2138,68,4,0,14,0,1801,1783,8,5,2,4,1,1799,1769,25,0,0,0,0,1729,1694,30,4,0,0,0,1792,1721,38,8,10,18,2,1792,1721,38,2,3,0,0,0,28,1653,1644,11,4,0,0,0,1725,1670,35,4,0,15,0,0,1167,459,687,1171,427,744,1144,275,836,1128,210,882,922,258,680,720,544,0,1097,277,808,1235,324,901,1220,339,859,1117,277,829,1194,291,890,0.0,19,19093,,,
706,19093090100,901,-95.574122,42.4965687,365932802.0,365809973.0,122829.0,2550,2461,57,5,14,17,1,2536,2344,112,19,0,65,0,2541,2321,109,51,0,65,2,2614,2350,163,33,26,28,4,2532,2308,76,128,0,13,1,2510,2288,81,48,15,40,2,1929,1879,30,4,8,10,1,1890,1765,50,15,0,59,0,1920,1775,50,29,0,65,0,1996,1830,104,25,18,19,1,1996,1830,104,18,15,0,0,3,26,1936,1805,38,78,0,14,0,1880,1760,50,24,4,30,0,0,1325,548,741,1317,489,828,1275,302,912,1268,221,1027,1032,247,782,806,620,0,1211,292,904,1389,362,1006,1382,390,954,1253,304,934,1318,326,970,0.0,19,19093,,,
707,19145490300,4903,-95.3748839,40.746666,6689534.0,6689534.0,0.0,2877,2701,113,18,18,23,1,2812,2564,76,91,12,69,0,2757,2521,50,60,12,112,0,2812,2598,93,31,45,50,4,2889,2633,20,160,14,58,0,2980,2825,3,55,2,68,0,2233,2138,60,6,6,10,1,2270,2055,55,90,10,50,0,2195,2020,40,60,10,65,0,2218,2070,63,15,27,38,4,2218,2070,63,10,20,5,0,1,49,2314,2096,13,134,11,38,0,2305,2245,4,34,0,35,0,0,1363,601,730,1660,703,957,1351,419,871,1332,323,960,1063,380,665,881,657,0,1265,412,835,1434,491,924,1426,476,916,1287,416,853,1415,509,892,0.0,19,19145,,,
708,19145490400,4904,-95.0390781,40.7588339,27347368.0,27347368.0,0.0,3458,3031,112,217,72,60,5,3141,2721,125,185,53,87,10,3218,2675,168,273,47,82,22,3189,2597,128,324,64,73,7,3310,2792,173,278,45,63,24,3168,2783,99,200,59,67,2,2726,2420,70,151,53,47,5,2375,2180,65,94,14,25,0,2420,2160,70,159,14,20,0,2632,2145,98,295,40,45,5,2632,2145,98,283,23,22,0,0,61,2507,2256,45,159,14,17,0,2515,2300,50,135,12,18,0,0,1323,532,769,990,408,582,1068,276,739,1049,231,790,885,331,536,741,562,0,1008,304,685,1111,328,769,1096,320,747,1022,316,685,1083,309,759,0.0,19,19145,,,
709,19145490500,4905,-95.0561451,40.7255963,19653681.0,19568118.0,85563.0,2236,1952,69,132,49,33,5,2402,2146,51,15,108,82,0,2310,2090,42,27,93,58,0,2319,2082,63,50,69,58,1,2192,1933,67,44,118,30,0,2319,1987,127,62,131,12,0,1767,1571,46,97,29,25,5,1910,1795,35,0,0,85,0,1850,1755,30,0,10,60,0,1795,1634,45,30,50,41,1,1795,1634,45,18,26,3,0,2,67,1734,1642,50,0,11,30,0,1825,1690,115,0,4,14,0,0,965,385,556,642,267,375,1082,323,714,1058,267,758,854,342,506,730,560,0,1009,320,670,1152,342,788,1139,347,756,1055,341,693,1132,344,769,0.0,19,19145,,,
710,19045001000,10,-90.7442059,41.8325544,442526832.0,442036373.0,490459.0,4009,3888,66,24,15,30,0,3942,3724,151,16,26,31,7,3844,3571,153,16,89,31,8,3840,3625,72,36,25,54,1,3826,3488,157,13,97,51,9,3760,3438,124,25,134,21,7,3002,2932,32,10,9,18,0,2895,2820,43,4,4,24,4,2875,2755,75,4,23,24,4,2971,2835,52,14,15,39,0,2971,2835,52,7,11,6,0,3,57,2767,2628,58,4,12,47,0,2740,2615,75,8,29,14,4,4,2160,1078,1028,2108,1050,1058,2170,681,1332,2125,567,1452,1752,670,1039,1413,966,0,2040,669,1317,2331,718,1568,2300,748,1482,2113,683,1385,2334,655,1643,0.0,19,19045,,,
711,19045001100,11,-90.7235642,41.9665488,383487854.0,383443287.0,44567.0,2445,2361,27,36,10,15,1,2257,2217,13,13,12,2,0,2151,2100,27,7,11,3,3,2293,2160,30,59,11,31,1,2270,2192,26,33,11,4,4,2284,2120,119,33,1,3,3,1837,1802,16,9,5,8,1,1725,1715,4,0,0,4,0,1695,1680,10,4,0,4,0,1764,1676,21,27,7,20,1,1764,1676,21,18,5,3,0,5,36,1828,1799,11,7,0,4,0,1860,1780,70,8,4,8,0,4,1275,661,563,1273,660,613,1234,395,752,1220,337,817,1032,409,600,874,615,0,1172,411,743,1345,441,881,1337,470,814,1219,417,776,1295,374,897,0.0,19,19045,,,
712,19045000100,1,-90.189533,41.8450624,2183865.0,1955377.0,228488.0,3352,2893,128,271,32,46,1,2655,2255,125,241,14,36,0,2578,2162,111,286,7,35,0,2641,2054,163,309,25,93,0,2564,2075,163,313,25,14,0,2678,2084,118,419,0,30,0,2568,2281,75,164,23,33,0,2190,1915,70,180,15,20,0,2075,1785,95,170,4,20,0,2045,1677,95,185,14,65,0,2045,1677,95,163,8,9,0,3,90,2079,1788,86,176,25,0,0,2115,1825,60,215,0,19,0,0,1326,909,400,1457,1045,412,1169,637,435,1160,578,519,828,492,316,737,579,0,1034,572,418,1123,615,482,1108,616,434,956,524,404,931,487,429,1191.5445132478003,19,19045,,,
713,19045000700,7,-90.1961987,41.8853633,22350113.0,19387095.0,2963018.0,4126,3832,112,138,33,25,0,3906,3587,133,149,0,37,0,3807,3482,89,194,0,42,0,3644,3245,110,137,65,86,1,3474,3244,55,128,0,47,0,3721,3376,148,114,0,87,0,3192,3034,60,73,20,17,0,2908,2774,35,69,0,40,0,2863,2725,4,94,0,45,0,2843,2591,58,80,40,69,1,2843,2591,58,47,24,3,0,7,113,2706,2600,0,59,0,45,0,2835,2675,40,60,0,55,0,0,2059,1292,742,2103,1347,756,1946,928,883,1914,817,1021,1538,802,720,1341,1031,0,1823,876,890,2013,949,1026,1987,963,958,1786,841,908,1891,799,1057,4151.909065971255,19,19045,,,
714,19045000300,3,-90.2060998,41.8366003,2376153.0,2376153.0,0.0,5416,4661,226,441,43,77,3,5228,4565,210,426,54,0,23,5286,4602,248,396,41,0,20,4725,3724,288,548,28,109,6,4852,4113,227,512,0,0,0,4466,3520,251,633,0,55,0,4053,3616,132,254,31,50,0,3840,3490,65,285,0,0,0,3940,3590,75,280,0,0,0,3450,2898,140,286,17,76,4,3450,2898,140,234,5,13,0,11,149,3697,3201,73,435,0,0,0,3365,2820,90,450,0,10,0,0,2267,1555,668,2109,1528,581,1767,935,675,1739,853,796,1256,747,487,1130,877,0,1654,898,677,1960,1058,850,1922,1041,779,1704,912,733,1725,847,838,0.0,19,19045,,,
715,19045000400,4,-90.2836496,41.8292416,39360204.0,39360204.0,0.0,3764,3435,105,158,42,23,5,3658,3454,8,136,44,16,0,3619,3456,9,104,32,18,0,3857,3375,138,207,63,72,4,3749,3598,7,124,20,0,0,3571,3305,115,78,31,0,12,2919,2731,51,83,26,18,5,3015,2865,10,80,45,15,0,2980,2855,10,65,30,20,0,3027,2733,83,110,40,50,1,3027,2733,83,98,35,8,1,2,67,3148,3046,3,72,20,0,0,3075,2930,65,40,33,0,0,10,2027,1284,714,1880,1266,614,1693,836,724,1656,729,847,1329,745,561,1168,894,0,1639,833,749,1947,962,932,1904,963,880,1718,845,827,1961,849,1073,0.0,19,19045,,,
716,19045000200,2,-90.1951551,41.8176146,14673491.0,10433197.0,4240294.0,2100,1835,95,141,16,24,1,1795,1671,69,60,5,3,0,1803,1665,79,65,4,4,0,1621,1339,117,101,16,30,4,2050,1689,180,94,17,98,0,1764,1601,93,36,0,49,5,1570,1421,50,76,11,18,0,1315,1250,25,38,0,0,0,1405,1295,60,48,0,0,0,1273,1094,73,54,5,25,4,1273,1094,73,44,4,5,1,2,50,1576,1330,92,69,0,85,0,1430,1305,75,18,0,24,0,0,753,521,211,865,629,236,763,387,304,742,345,361,571,318,233,509,382,0,669,342,300,717,345,358,713,350,331,613,297,295,688,287,384,9221.759944659476,19,19045,,,
717,19045000500,5,-90.2311687,41.8489817,10036619.0,10019836.0,16783.0,4447,3963,143,252,61,29,4,4819,4034,59,443,116,141,12,4870,4021,135,506,89,107,9,4376,3784,125,269,80,77,7,4940,4385,132,229,145,40,0,4832,4492,213,85,6,89,0,3497,3209,88,151,34,20,1,3780,3330,40,208,40,145,0,3580,3120,99,214,30,105,0,3539,3128,84,165,62,62,7,3539,3128,84,133,46,14,7,1,126,3868,3626,92,59,22,39,0,3770,3570,130,20,4,50,0,0,2428,1607,788,2422,1644,778,2146,1156,851,2129,990,1040,1639,942,668,1437,1132,0,2003,1070,865,2264,1187,1021,2219,1209,932,2014,1061,904,2247,1109,1095,0.0,19,19045,,,
718,19045000800,8,-90.3382553,41.7825186,127111970.0,120706216.0,6405754.0,5264,5063,95,58,27,24,3,5182,4923,167,63,10,6,0,5370,5160,82,14,55,43,0,5322,4930,122,90,48,101,4,5264,5027,91,18,91,31,0,5491,5349,4,44,23,37,0,4093,3978,52,28,15,16,3,3915,3865,35,8,4,4,0,4195,4070,35,4,49,39,0,4193,3956,66,47,27,61,2,4193,3956,66,30,13,10,1,12,105,4007,3856,32,4,80,32,0,4170,4090,0,19,25,34,0,0,2797,1759,986,2812,1791,1021,2820,1238,1404,2776,1082,1558,2216,1111,1069,1940,1412,0,2651,1188,1382,3004,1261,1679,2973,1309,1569,2692,1157,1463,3007,1133,1826,8977.375848342743,19,19045,,,
719,19045001200,12,-90.3633666,41.9501628,646478937.0,622774891.0,23704046.0,4025,3889,69,28,21,20,2,3789,3650,66,17,43,13,0,3829,3677,96,29,23,4,0,3911,3727,70,25,5,55,7,3787,3542,51,170,8,2,0,3992,3657,60,214,0,19,0,3059,2974,44,13,16,15,2,2842,2776,0,13,34,15,0,2872,2825,10,25,19,4,0,3006,2886,45,12,2,39,7,3006,2886,45,4,0,5,0,6,60,2727,2664,26,21,2,4,0,2820,2750,35,24,0,10,0,0,2236,1142,1033,2185,1096,1089,2198,652,1368,2173,573,1494,1787,676,1090,1467,1062,0,2092,674,1375,2378,722,1625,2346,730,1539,2144,678,1433,2348,641,1669,15336.337232132813,19,19045,,,
720,19045000900,9,-90.4839804,41.8116219,141301034.0,140832764.0,468270.0,6481,6235,106,78,48,22,5,6427,6048,319,4,137,9,0,6313,5984,254,8,143,0,0,6633,6122,194,149,52,87,1,6281,6075,199,7,71,0,0,6417,5989,110,76,256,0,0,4850,4735,51,34,24,16,2,4675,4465,200,8,0,0,0,4610,4455,150,12,0,0,0,5012,4720,106,83,29,51,0,5012,4720,106,68,14,2,0,6,96,4453,4333,112,12,0,0,0,4655,4430,80,60,85,0,0,0,3614,1982,1572,3631,1926,1705,3607,1458,1867,3580,1275,2150,3007,1432,1539,2576,1922,0,3470,1487,1883,3882,1667,2133,3849,1645,2099,3503,1484,1945,3822,1549,2195,0.0,19,19045,,,
721,19045000600,6,-90.1980365,41.8630627,7458579.0,6609303.0,849276.0,3687,3399,71,144,42,30,2,3560,3017,123,380,34,24,0,3439,2873,189,368,12,23,0,3597,3141,110,211,62,61,1,3677,3031,203,413,32,30,0,3512,2873,236,394,29,35,0,2886,2703,44,89,30,18,2,2900,2585,115,145,15,25,0,2820,2540,90,160,10,25,0,2764,2491,51,98,48,42,1,2764,2491,51,82,40,6,0,8,86,2947,2657,101,122,27,31,0,2765,2470,120,115,29,34,0,0,1877,1228,619,1748,1182,566,1561,762,689,1544,688,766,1253,688,534,1099,846,0,1489,773,680,1723,887,806,1693,898,742,1530,776,724,1629,742,858,2688.7142566107204,19,19045,,,
722,19145490600,4906,-95.1492758,40.6595965,660581069.0,660232487.0,348582.0,2334,2247,31,30,9,11,1,2295,2234,0,0,16,45,0,2323,2286,5,0,16,21,0,2162,2048,26,8,12,52,2,2331,2303,6,0,19,9,0,2146,2097,15,14,3,21,0,1855,1815,15,7,4,8,1,1790,1745,0,0,8,39,0,1810,1790,4,0,8,14,0,1694,1604,13,6,11,43,2,1694,1604,13,6,8,0,0,2,61,1853,1867,4,0,0,5,0,1780,1735,12,15,8,14,0,0,1307,433,818,963,243,720,1261,204,1014,1232,148,1034,1025,234,750,821,599,0,1176,233,932,1333,292,1030,1311,276,1005,1207,262,931,1277,284,985,38822.10093502929,19,19145,,,
723,19145490100,4901,-95.1525181,40.8175645,661184378.0,660259509.0,924869.0,2623,2570,19,11,6,14,1,2507,2447,16,0,0,44,0,2455,2429,16,0,10,0,0,2463,2357,21,14,18,50,1,2461,2366,88,4,11,0,0,2627,2492,106,13,21,54,0,1985,1960,10,3,1,10,1,2110,2075,14,0,0,25,0,2100,2075,14,0,4,0,0,1918,1841,14,8,11,35,0,1918,1841,14,7,7,9,0,0,40,2137,2040,75,0,5,0,0,2245,2140,75,0,4,23,0,0,1393,451,890,1345,394,951,1325,234,1003,1287,172,1076,1087,247,799,849,612,0,1241,243,984,1458,304,1136,1439,313,1087,1317,272,1030,1433,275,1118,0.0,19,19145,,,
724,19145490200,4902,-95.3673207,40.7714492,11400626.0,11400626.0,0.0,2404,2266,94,22,22,23,1,2206,1908,244,18,0,36,0,2212,1905,251,13,0,44,0,2266,2004,133,20,20,56,2,2022,1761,200,33,0,21,7,1985,1616,211,151,0,113,2,1860,1790,52,11,11,14,0,1630,1510,80,20,0,25,0,1655,1550,75,15,0,20,0,1764,1587,71,12,18,46,2,1764,1587,71,7,15,9,0,6,69,1574,1404,107,35,0,13,0,1585,1305,125,45,0,4,4,110,1097,490,584,1355,576,779,918,284,600,912,233,636,709,270,424,584,428,0,884,291,569,1040,329,672,1027,335,641,903,295,584,982,339,630,0.0,19,19145,,,
725,19139050600,506,-91.0640553,41.4598117,20482465.0,20482465.0,0.0,4869,4432,290,47,88,18,2,4965,4381,382,98,79,59,0,4972,4160,523,181,84,92,0,5458,4723,398,131,122,75,0,4811,4208,186,232,100,65,0,4728,4139,60,368,52,18,0,3666,3403,172,26,57,13,1,3780,3420,300,35,0,25,0,3750,3165,485,55,15,25,0,4212,3733,261,78,76,54,0,4212,3733,261,60,67,8,0,10,73,3534,3258,171,65,21,10,0,3560,3360,30,130,25,8,0,0,2954,1486,1439,2885,1401,1484,2996,1226,1537,2950,960,1881,2513,1066,1414,2090,1567,0,2925,1210,1624,3325,1493,1761,3305,1448,1763,2991,1246,1681,3144,1371,1724,0.0,19,19139,,,
726,19069360200,3602,-93.218695,42.7382159,60498482.0,60090009.0,408473.0,4722,3684,965,49,24,33,4,4544,3419,983,110,0,32,0,4457,3378,1068,11,0,0,0,4565,3140,1260,42,46,98,5,4372,3394,934,44,0,0,0,4440,3359,1042,11,31,10,0,3515,2922,556,17,16,19,3,3255,2780,415,65,0,0,0,3085,2720,355,10,0,0,0,3423,2599,723,17,23,63,3,3423,2599,723,10,21,4,0,10,56,3054,2786,239,44,0,0,0,3030,2740,255,0,34,0,0,0,2034,1131,860,2259,1119,1140,1931,716,1072,1927,561,1271,1572,645,902,1378,1091,0,1784,696,1054,1958,799,1123,1912,787,1066,1790,678,1074,1832,668,1136,0.0,19,19069,,,
727,19103001802,18.02,-91.5242066,41.6366549,3418274.0,3294886.0,123388.0,3774,2484,518,558,209,33,13,4543,2309,792,1184,224,134,0,4455,2296,675,1177,288,42,0,4498,2028,649,1450,330,62,0,4362,2165,675,1169,352,90,0,4653,2062,664,1236,658,56,0,2879,2088,336,292,154,24,7,2655,1905,230,405,85,115,0,2545,1930,205,330,75,39,0,3328,1696,441,896,256,48,0,3328,1696,441,854,239,7,0,10,81,2531,1793,205,446,79,65,0,2595,1740,240,445,154,15,0,0,2004,1527,441,1786,1403,383,1704,1223,359,1668,1070,517,1582,1228,323,1468,1257,0,1780,1314,405,2080,1592,441,2049,1545,451,1836,1357,430,1684,1210,439,0.0,19,19103,,,
728,19153011028,110.28,-93.7383557,41.5317761,43416978.0,41102909.0,2314069.0,5020,4357,309,188,141,25,8,4872,4342,186,132,212,0,0,4927,4225,312,22,352,15,0,5322,4219,429,361,227,68,10,4811,4280,354,40,127,10,0,5163,4154,589,176,274,6,0,3786,3378,184,109,103,14,5,3670,3335,114,100,110,0,0,3675,3285,175,0,195,15,0,4152,3419,287,220,157,49,8,4152,3419,287,181,125,0,1,10,129,3645,3426,113,3,93,10,0,3650,3225,119,140,155,4,0,0,2879,1475,1363,2856,1384,1472,2862,1463,1203,2821,1166,1560,2605,1412,1156,2310,1794,0,2877,1507,1301,3204,1843,1307,3187,1731,1404,2986,1589,1346,3501,1970,1470,0.0,19,19153,,,
729,19153011206,112.06,-93.7582217,41.6072125,4867101.0,4867101.0,0.0,3488,2850,342,121,173,17,1,3805,3309,39,268,178,0,5,3818,3139,160,258,250,0,8,3657,3115,178,153,151,34,4,3976,3332,264,133,235,2,7,3588,2960,350,141,122,15,0,2584,2181,215,69,117,13,1,3020,2755,20,123,115,0,0,2945,2625,40,125,160,0,0,2838,2496,101,85,104,25,3,2838,2496,101,59,91,0,0,12,79,3180,2794,174,52,157,2,0,2870,2485,235,53,75,14,0,0,1959,930,1000,2118,982,1136,2386,1162,1063,2359,921,1372,2159,1157,977,1919,1481,0,2294,1172,1063,2371,1368,974,2360,1276,1031,2232,1179,1023,2273,1305,924,0.0,19,19153,,,
730,19153011113,111.13,-93.7808947,41.5924476,2874925.0,2874925.0,0.0,2288,1757,102,226,200,10,0,2530,2101,13,175,241,0,0,2558,2068,6,176,308,5,0,2397,1607,181,290,264,39,2,2536,2160,57,170,149,7,0,2421,1948,212,98,145,13,0,1748,1415,67,123,138,9,0,1695,1560,15,90,30,0,0,1725,1585,4,90,45,0,0,1797,1278,105,188,186,26,2,1797,1278,105,165,171,2,0,12,64,1840,1651,34,105,51,0,0,1730,1480,105,60,70,10,0,0,1158,623,517,1180,642,538,1078,577,408,1057,457,560,752,454,283,673,526,0,987,550,400,1160,701,432,1146,665,451,998,564,412,1087,626,442,0.0,19,19153,,,
731,19139050700,507,-91.0245409,41.4495207,14943347.0,13652412.0,1290935.0,5714,4629,908,93,70,35,4,5582,4152,967,360,91,0,0,5475,4083,1059,237,82,0,0,5635,4051,1052,312,152,88,1,5273,3869,1127,214,63,0,0,5374,3722,1364,61,212,29,0,4286,3648,538,42,48,23,3,3980,3200,600,130,50,0,0,3965,3295,555,90,20,0,0,4331,3310,679,165,104,72,0,4331,3310,679,137,88,6,0,13,98,3845,3029,692,83,32,0,0,3835,2835,910,4,55,0,0,30,2303,1382,877,2505,1553,952,2523,1176,1140,2450,1001,1338,1739,925,761,1519,1182,0,2223,1076,1051,2465,1212,1184,2438,1214,1112,2164,1045,1060,2396,1064,1276,2192.8097586886242,19,19139,,,
732,19031450200,4502,-91.2543143,41.8488828,429170775.0,426482491.0,2688284.0,3733,3615,54,20,28,16,0,3555,3458,20,77,73,1,0,3603,3559,37,7,0,1,0,3671,3462,73,33,27,56,2,3574,3512,20,6,0,38,0,3435,3320,22,6,5,40,0,2804,2737,29,8,14,14,0,2720,2690,4,4,0,0,0,2790,2765,19,4,0,0,0,2828,2697,41,10,13,45,2,2828,2697,41,6,11,9,1,5,58,2823,2758,9,4,0,43,0,2780,2725,18,4,4,43,0,0,2023,1077,877,1915,1003,912,1914,704,1067,1882,539,1257,1624,635,920,1408,1010,0,1823,682,1100,2111,789,1282,2069,787,1220,1911,690,1178,2072,723,1307,0.0,19,19031,,,
733,19031450500,4505,-91.184507,41.6729816,487233881.0,483536332.0,3697549.0,5423,5186,105,47,60,41,1,5479,5205,145,0,41,96,4,5235,4972,150,60,53,0,0,5731,5283,207,77,62,85,10,5365,5034,146,101,81,3,1,5746,5375,184,103,39,4,55,4120,3987,60,16,33,27,0,4220,4035,74,0,20,90,0,4020,3930,54,0,35,0,0,4408,4121,127,45,50,56,9,4408,4121,127,16,22,0,1,11,110,4166,4022,54,15,61,8,0,4385,4190,75,40,20,8,0,44,2928,1715,1151,2936,1684,1252,2960,1328,1436,2909,1097,1709,2628,1369,1216,2279,1799,0,2991,1424,1488,3486,1682,1727,3437,1665,1668,3151,1481,1594,3598,1681,1857,0.0,19,19031,,,
734,19031450300,4503,-91.1196629,41.7823924,63967122.0,63967122.0,0.0,3459,3358,39,20,16,23,2,3606,3439,89,49,0,29,0,3460,3233,129,59,0,39,0,3377,3162,87,36,21,62,3,3521,3233,141,96,0,45,0,3543,3322,102,76,0,32,0,2606,2550,23,8,11,15,2,2760,2675,34,24,0,30,0,2670,2565,44,24,0,40,0,2605,2468,53,22,17,35,3,2605,2468,53,11,5,7,0,5,56,2619,2526,44,20,0,36,0,2720,2650,25,29,0,25,0,0,1739,958,738,1749,944,805,1671,696,865,1639,537,1046,1434,678,712,1244,956,0,1608,709,876,1836,850,955,1793,822,927,1637,721,887,1740,771,940,0.0,19,19031,,,
735,19031450100,4501,-91.0082382,41.8650591,345754383.0,345754383.0,0.0,2907,2836,42,16,10,9,1,2951,2808,32,106,5,10,0,3173,2997,15,157,4,9,0,2873,2747,34,14,13,31,2,3025,2988,29,0,8,8,0,2867,2815,43,0,5,0,0,2232,2193,30,3,3,5,1,2280,2245,24,0,4,0,0,2375,2360,8,0,4,0,0,2256,2174,15,7,6,18,2,2256,2174,15,7,3,6,0,1,50,2366,2344,12,0,10,0,0,2270,2235,28,0,4,0,0,0,1571,774,744,1455,693,762,1474,418,964,1463,341,1022,1226,415,774,970,702,0,1411,442,947,1657,528,1101,1633,542,1039,1464,442,996,1612,450,1134,0.0,19,19031,,,
736,19031450400,4504,-90.9555694,41.6874747,181058403.0,181058403.0,0.0,2977,2902,44,13,16,9,1,2854,2733,72,2,47,5,0,2986,2874,46,0,42,0,24,2853,2680,61,25,22,49,0,2990,2845,62,0,64,0,19,2888,2640,94,17,106,2,21,2200,2163,22,2,13,6,1,2200,2115,50,0,29,0,0,2230,2175,29,0,29,0,0,2186,2063,47,9,13,42,0,2186,2063,47,5,9,11,0,11,40,2306,2199,51,0,53,0,0,2165,2055,54,15,29,4,0,10,1519,697,779,1504,677,827,1504,440,967,1479,366,1087,1230,413,788,1021,705,0,1419,423,969,1613,488,1096,1609,484,1081,1456,427,998,1622,450,1152,0.0,19,19031,,,
737,19059450800,4508,-95.0422058,43.3032037,186767484.0,186468399.0,299085.0,3453,3345,53,12,34,9,0,3293,3169,80,21,2,16,0,3278,3130,98,11,3,33,0,3511,3219,149,41,15,49,3,3488,3318,106,18,2,20,0,3443,3210,161,29,0,3,0,2683,2618,36,3,17,9,0,2435,2370,44,10,4,12,0,2415,2330,49,4,4,29,0,2656,2493,67,21,9,33,2,2656,2493,67,16,7,1,0,5,67,2546,2474,49,15,1,15,0,2550,2465,75,10,0,4,0,0,1709,851,811,1539,657,882,1923,526,1280,1903,411,1411,1603,542,1019,1316,955,0,1807,547,1220,1980,606,1328,1967,661,1248,1806,546,1223,2172,618,1516,0.0,19,19059,,,
738,19059450200,4502,-95.2790993,43.3787181,476171849.0,470760456.0,5411393.0,2153,2120,11,11,2,7,0,2236,2154,35,7,28,14,0,2337,2233,42,7,30,27,0,2300,2201,32,15,10,17,1,2241,2094,82,6,24,38,0,2417,2240,106,0,59,12,0,1719,1706,4,2,0,6,0,1735,1685,25,4,20,14,0,1805,1730,30,4,20,25,0,1790,1724,21,10,7,7,1,1790,1724,21,6,4,4,0,2,29,1745,1657,45,5,8,38,0,1900,1820,50,0,14,12,0,0,1318,581,685,1252,505,747,1276,310,866,1250,230,956,1055,313,722,835,650,0,1210,324,868,1395,393,988,1382,417,928,1260,335,908,1440,329,1089,16801.059715583622,19,19059,,,
739,19059451000,4510,-95.0230569,43.4226116,319875488.0,286959640.0,32915848.0,2567,2532,14,2,14,3,0,2708,2667,34,0,0,7,0,2742,2684,43,0,7,8,0,2446,2363,22,9,21,9,5,2617,2446,86,0,78,7,0,2630,2490,7,0,124,1,0,2141,2123,10,0,6,3,0,2195,2160,30,0,0,4,0,2220,2170,35,0,4,10,0,2080,2031,13,6,10,5,3,2080,2031,13,3,10,0,0,0,23,2209,2121,65,0,4,5,0,2175,2155,4,0,10,4,0,0,1741,792,909,1729,676,1053,1648,499,1075,1640,399,1210,1432,476,936,1114,860,0,1577,492,1066,1704,556,1136,1695,551,1113,1600,501,1080,1660,492,1146,21437.318023953547,19,19059,,,
740,19059451100,4511,-95.1332444,43.388082,45215788.0,26074619.0,19141169.0,3419,3347,37,14,13,10,0,3831,3555,75,91,109,4,0,3687,3458,59,60,113,0,0,3914,3742,63,20,49,22,4,3826,3622,101,13,96,3,0,3882,3758,51,2,58,6,15,2980,2927,27,5,10,8,0,3260,3135,49,60,18,4,0,3155,3080,30,39,18,0,0,3428,3312,45,5,28,20,2,3428,3312,45,1,20,2,0,3,45,3310,3210,55,5,36,4,0,3325,3275,30,8,8,8,0,10,2766,1198,1530,2521,971,1550,2473,767,1570,2437,606,1757,2172,780,1375,1718,1307,0,2468,813,1617,2819,958,1840,2818,976,1795,2585,842,1707,2535,802,1698,0.0,19,19059,,,
741,19163013706,137.06,-90.4787714,41.5785176,11882290.0,11874708.0,7582.0,4079,3712,110,75,168,20,3,5325,4092,194,397,642,0,0,5647,4583,159,152,752,0,0,7830,6068,298,236,1106,67,18,7099,5593,319,120,1029,32,0,8395,6033,339,158,1801,55,0,2905,2682,63,42,102,8,1,3435,2900,105,210,215,0,0,3805,3370,65,65,305,0,0,5552,4458,167,149,685,51,8,5552,4458,167,129,648,6,3,26,115,4505,3863,84,68,449,31,0,5395,4390,110,90,780,59,0,0,3289,1406,1852,2587,1042,1545,2958,1225,1555,2933,931,1943,2681,1121,1532,2247,1560,0,3465,1451,1946,4793,2250,2478,4763,2060,2630,4286,1824,2403,5197,2402,2703,0.0,19,19163,,,
742,19163013705,137.05,-90.4919044,41.5582491,2743572.0,2743572.0,0.0,4991,4368,179,183,239,33,4,5786,4824,393,117,452,24,0,5718,4657,451,89,521,17,0,5165,4084,295,290,417,73,4,5425,4696,327,16,364,37,0,5481,4677,413,106,237,38,0,3894,3500,115,118,146,23,2,4145,3745,250,50,85,0,0,4185,3685,325,35,120,0,0,4048,3349,190,177,263,44,3,4048,3349,190,135,250,4,1,17,102,4088,3699,267,0,89,19,0,4350,3845,260,65,145,19,0,20,3036,1637,1372,3361,1564,1797,3262,1464,1553,3199,1181,1900,2712,1315,1343,2317,1678,0,3045,1423,1520,3203,1662,1475,3180,1587,1507,2901,1387,1447,2996,1522,1414,0.0,19,19163,,,
743,19155031900,319,-95.7857392,41.198358,80700614.0,75057790.0,5642824.0,3751,3474,197,37,21,27,1,3600,3334,151,37,93,8,0,3737,3464,90,26,128,43,0,3732,3404,134,41,49,57,3,3674,3466,80,7,61,60,0,3613,3236,184,19,48,137,0,2926,2764,105,21,13,17,1,2675,2555,40,25,33,0,0,2775,2670,14,20,47,10,0,2956,2750,90,20,43,35,2,2956,2750,90,12,26,4,2,4,68,2591,2517,10,3,42,20,0,2520,2470,0,0,20,35,0,0,1932,818,1086,1907,771,1136,2029,662,1260,1982,549,1318,1690,591,1055,1356,897,0,2020,699,1262,2431,912,1488,2393,897,1429,2152,757,1342,2259,839,1386,7810.116951749252,19,19155,,,
744,19153003901,39.01,-93.5878033,41.5620619,3407844.0,3278011.0,129833.0,3722,1775,951,696,312,60,11,3971,1388,1516,856,193,221,0,3941,1403,1436,691,379,150,0,3784,1345,1394,675,387,134,11,3812,1142,1239,529,897,96,0,3927,1145,943,650,1144,316,0,2452,1357,544,343,201,30,9,1950,1040,420,295,105,44,0,2035,1140,360,255,190,49,0,2650,1112,860,388,286,89,7,2650,1112,860,333,260,14,1,3,67,2012,929,311,175,540,22,0,2200,975,230,170,670,44,0,105,1079,745,311,1104,832,272,1046,673,292,1034,577,392,804,555,231,741,615,0,997,654,297,1161,799,337,1135,771,306,1010,660,314,1026,657,358,0.0,19,19153,,,
745,19153004702,47.02,-93.6111049,41.5191753,3895112.0,3895112.0,0.0,2614,1847,405,268,88,33,5,2527,1612,267,318,157,165,0,2555,1560,379,298,172,162,30,2990,1691,535,558,150,74,4,2948,1928,276,506,208,59,33,2810,1642,434,595,170,30,34,2012,1519,233,185,64,26,5,1840,1380,160,185,50,70,0,1900,1335,245,200,55,70,0,2271,1438,318,366,112,58,2,2271,1438,318,332,103,12,0,7,61,2172,1428,188,439,66,40,0,1985,1315,275,385,4,4,0,0,848,550,274,853,631,222,674,402,231,670,365,262,555,377,163,525,438,0,661,419,215,771,502,250,753,499,218,674,432,221,774,475,280,0.0,19,19153,,,
746,19153010804,108.04,-93.474351,41.5683143,44418043.0,43033916.0,1384127.0,4268,3888,161,84,111,27,5,4621,4161,279,140,41,14,0,4714,4126,486,87,23,38,0,5390,4683,323,138,141,102,9,5213,4854,246,88,28,49,0,5643,5072,477,23,27,82,0,3200,2986,87,40,72,11,3,3555,3280,150,85,25,0,0,3520,3135,305,65,0,0,0,3991,3557,195,72,83,73,8,3991,3557,195,51,69,0,0,1,118,3762,3480,186,75,0,1,0,4010,3690,270,25,4,8,0,15,2749,1288,1402,2529,1202,1327,2672,986,1500,2642,843,1688,2410,1139,1234,2098,1565,0,2736,1118,1533,3190,1308,1819,3148,1310,1744,2942,1215,1664,3633,1441,2141,0.0,19,19153,,,
747,19153010212,102.12,-93.5819503,41.7117181,6303657.0,6303657.0,0.0,4040,3743,121,80,90,9,2,4619,4212,185,181,8,33,0,4631,4100,301,182,18,30,0,4190,3573,270,153,95,76,1,5198,4154,484,195,338,27,0,4846,4011,454,89,284,8,0,3008,2824,70,49,55,7,1,3175,3010,75,60,10,15,0,3070,2930,35,70,20,10,0,3066,2721,152,77,58,37,1,3066,2721,152,54,47,3,1,22,66,3451,3125,111,57,131,10,0,3250,2975,120,35,114,10,0,0,1858,928,894,2103,1043,1060,2083,937,954,2055,777,1175,1940,1037,870,1739,1354,0,2168,1045,1041,2512,1264,1188,2497,1243,1197,2206,1084,1076,2328,1142,1144,0.0,19,19153,,,
748,19153010208,102.08,-93.6220386,41.7406365,2709280.0,2709280.0,0.0,3886,3649,93,59,77,23,3,5390,4926,148,206,121,3,0,4689,4213,142,191,151,4,26,4379,3821,167,239,80,76,3,4467,4006,170,83,164,4,70,4334,3955,219,37,99,3,64,2942,2794,51,35,52,15,2,3715,3450,69,114,75,4,0,3260,2985,63,115,75,4,0,3297,2972,85,124,53,47,3,3297,2972,85,92,33,4,2,4,105,3242,3028,115,34,39,4,0,3205,3000,160,4,20,4,0,25,1494,700,758,2273,1009,1264,2404,1018,1145,2385,818,1462,2145,1054,1037,1865,1380,0,2305,1038,1165,2376,1147,1166,2343,1114,1152,2201,1017,1123,2633,1259,1329,0.0,19,19153,,,
749,19153010407,104.07,-93.7461625,41.6405874,4032307.0,4032307.0,0.0,4552,4185,115,121,118,15,1,4497,4131,40,131,195,9,86,4372,3909,55,168,239,6,84,4418,3782,174,204,182,53,6,4391,3946,21,176,248,4,76,4356,3874,61,257,119,0,0,3455,3249,60,63,73,9,1,3430,3275,20,85,50,0,0,3260,3030,35,105,85,0,0,3399,2998,92,125,123,35,2,3399,2998,92,108,112,5,2,2,80,3272,3046,10,108,93,0,0,3335,2980,40,225,95,0,0,0,3096,1474,1589,2779,1267,1512,2708,1314,1193,2685,1002,1588,2515,1314,1166,2229,1728,0,2714,1334,1297,2933,1570,1297,2916,1487,1362,2735,1371,1307,2753,1503,1202,0.0,19,19153,,,
750,19153011026,110.26,-93.7813514,41.5499371,6794628.0,6633690.0,160938.0,5719,5145,145,123,286,15,7,5342,4897,116,0,305,24,0,5315,4868,170,48,197,32,0,5644,4803,205,192,369,41,7,5755,5173,168,224,146,33,0,5799,5104,129,366,135,0,0,4112,3760,87,78,180,8,5,3940,3785,70,0,65,24,0,3965,3715,110,50,65,29,0,4536,3941,137,120,281,22,6,4536,3941,137,92,232,2,4,14,114,4346,4008,98,186,26,35,0,4545,4105,105,315,15,0,0,0,3232,1407,1793,3584,1409,2175,3527,1561,1720,3489,1136,2246,3221,1580,1614,2761,2089,0,3502,1608,1808,3805,1994,1741,3787,1823,1909,3511,1667,1787,3545,1877,1597,0.0,19,19153,,,
751,19153011114,111.14,-93.7564455,41.5936907,3973868.0,3973868.0,0.0,4048,3037,372,264,360,22,6,3965,2709,494,447,315,0,0,3940,2634,447,500,359,0,0,4048,2782,480,424,287,92,9,4125,3342,227,456,100,0,0,3836,3176,129,351,176,4,0,3343,2653,235,172,274,15,5,2960,2430,225,265,35,0,0,2865,2365,160,290,40,0,0,3342,2442,326,290,208,64,4,3342,2442,326,256,178,8,0,24,108,3358,3058,10,260,23,0,0,3195,2795,55,235,105,4,0,0,2079,1231,831,2075,1199,876,2045,1139,749,2024,945,982,1981,1233,719,1822,1451,0,2007,1175,759,2003,1262,688,1995,1218,713,1934,1152,734,1873,1146,695,0.0,19,19153,,,
752,19153011702,117.02,-93.6903119,41.666222,10398625.0,9004056.0,1394569.0,3112,2789,64,85,159,9,3,3902,3654,25,50,173,0,0,3893,3715,29,54,95,0,0,3906,3216,142,142,353,62,2,4123,3749,100,33,216,2,0,4345,3465,148,299,388,11,0,2183,1999,35,39,103,5,3,2950,2845,24,55,30,0,0,2895,2810,30,55,10,0,0,3144,2694,92,81,239,45,1,3144,2694,92,66,218,3,0,1,70,2863,2766,59,30,10,0,0,3075,2700,80,205,75,4,0,4,1384,629,734,2295,993,1302,1997,1022,843,1980,823,1082,1844,1033,775,1639,1292,0,1975,1042,871,2105,1194,863,2084,1147,879,1931,1036,848,2152,1231,873,0.0,19,19153,,,
753,19153010406,104.06,-93.7623155,41.634266,9571421.0,9534348.0,37073.0,3905,3508,104,136,139,11,7,3782,3108,296,225,145,31,0,3731,3241,118,167,218,8,0,3870,3093,249,237,227,57,7,3854,3331,91,154,272,6,0,3736,3239,65,117,280,26,0,3025,2751,72,90,101,7,6,2745,2505,50,75,85,30,0,2755,2490,60,75,130,8,0,3070,2568,153,142,159,36,5,3070,2568,153,126,136,3,1,4,79,2851,2561,44,79,158,6,0,2730,2480,45,34,145,24,0,0,2239,1093,1111,2516,1194,1322,2495,1199,1093,2467,977,1408,2271,1234,1004,2010,1566,0,2396,1213,1111,2449,1347,1059,2435,1291,1095,2294,1193,1059,2400,1306,1047,0.0,19,19153,,,
754,19153011203,112.03,-93.7967113,41.6083879,5035895.0,4802971.0,232924.0,3596,2939,349,121,174,18,0,4027,3751,99,45,132,0,0,4001,3747,120,43,91,0,0,3628,3104,108,52,251,37,3,4089,3814,97,44,134,0,0,3768,3428,226,17,48,26,0,2667,2247,221,67,118,14,0,3035,2885,35,24,90,0,0,3060,2935,34,25,60,0,0,2880,2538,61,31,196,18,1,2880,2538,61,23,185,5,0,0,68,3123,2996,32,36,61,0,0,2865,2715,80,20,35,14,0,0,1941,924,992,2088,966,1122,2561,1181,1224,2556,879,1619,2380,1123,1242,2053,1590,0,2553,1176,1330,2733,1445,1255,2720,1302,1389,2586,1220,1338,2581,1381,1153,0.0,19,19153,,,
755,19153011025,110.25,-93.7663842,41.5782394,2439247.0,2439247.0,0.0,3852,3437,123,80,193,20,7,3751,3046,293,113,287,12,0,3695,3051,275,48,309,12,0,3791,3155,221,183,183,36,1,4005,3463,121,59,347,15,0,3942,3308,200,71,357,22,0,2785,2520,73,44,139,11,4,2690,2230,190,80,185,4,0,2650,2250,170,20,205,4,0,2833,2433,138,99,121,21,0,2833,2433,138,86,107,4,0,12,53,2683,2379,96,29,189,10,0,2645,2340,120,25,150,10,0,0,2379,1115,1221,2438,1121,1317,2273,1145,930,2273,925,1252,2144,1210,895,1930,1515,0,2290,1219,993,2457,1454,955,2439,1382,1015,2258,1235,977,2126,1237,856,0.0,19,19153,,,
756,19153011027,110.27,-93.7648537,41.5564266,6761346.0,6761346.0,0.0,6703,5781,239,189,465,24,7,7590,5791,679,509,613,18,0,7549,6259,473,521,308,12,0,6809,5306,328,511,531,101,1,7493,6120,342,419,620,13,0,6787,5555,89,416,690,16,0,4993,4409,151,121,298,12,3,5060,4275,120,273,370,19,0,5305,4760,85,299,155,14,0,5225,4259,199,288,365,69,1,5225,4259,199,249,326,4,1,15,172,5398,4811,78,244,252,14,0,5310,4670,55,299,280,14,0,0,3586,1753,1783,3979,1862,2117,3923,1967,1652,3886,1575,2188,3501,1913,1535,3089,2401,0,3840,2005,1723,4139,2405,1669,4103,2260,1755,3897,2075,1751,4372,2427,1870,0.0,19,19153,,,
757,19153011205,112.05,-93.731155,41.6072289,2331531.0,2331531.0,0.0,3573,2917,348,123,174,22,2,3675,2207,775,206,455,107,0,3710,2172,385,277,826,127,0,3669,1614,836,542,632,72,6,3542,2173,441,325,588,60,0,3484,1607,818,356,717,12,0,2649,2231,217,68,119,18,1,2050,1705,200,85,35,25,0,1950,1700,55,135,40,25,0,2582,1331,497,327,379,43,6,2582,1331,497,307,360,9,6,13,59,2029,1695,92,179,33,16,0,1850,1375,155,174,125,10,0,15,1964,932,1001,2110,979,1131,1376,735,536,1348,630,667,1145,689,439,1045,831,0,1288,724,518,1367,810,520,1354,798,506,1278,724,522,1247,689,537,0.0,19,19153,,,
758,19153010207,102.07,-93.6394155,41.730031,3826408.0,3826408.0,0.0,4620,4362,85,48,102,22,5,5038,4668,218,22,109,21,0,4628,4342,91,35,149,18,0,4531,3971,149,177,136,81,2,4636,4284,89,30,199,42,0,4791,4186,143,186,217,47,0,3276,3122,45,29,66,17,3,3775,3510,160,14,85,8,0,3400,3200,65,19,93,8,0,3481,3097,95,111,98,60,2,3481,3097,95,94,77,14,0,16,88,3462,3228,60,7,125,37,0,3570,3280,90,40,120,33,0,0,1766,791,946,3043,1324,1719,3296,1347,1634,3259,1066,2065,3071,1448,1559,2648,1952,0,2957,1281,1559,2539,1204,1276,2517,1168,1279,2352,1045,1250,2811,1253,1511,0.0,19,19153,,,
759,19153010209,102.09,-93.5855241,41.739053,3957657.0,3957657.0,0.0,5494,5106,118,118,132,29,5,6559,5837,161,349,183,14,0,6279,5730,115,179,249,7,0,6225,5278,324,263,224,111,3,6272,5726,115,180,212,41,0,5913,5470,229,34,141,81,0,4091,3867,62,63,86,16,3,4845,4510,60,225,40,18,0,4555,4315,50,175,15,12,0,4804,4208,192,156,147,67,2,4804,4208,192,130,121,11,0,13,129,4703,4444,60,163,20,18,0,4475,4275,140,20,30,8,0,0,3070,1470,1542,3126,1451,1675,3179,1375,1524,3138,1103,1881,2832,1390,1366,2503,1817,0,3188,1476,1579,3608,1827,1679,3566,1783,1685,3217,1520,1601,3356,1632,1656,0.0,19,19153,,,
760,19153010211,102.11,-93.5769384,41.7256041,3967400.0,3967400.0,0.0,3797,3527,96,76,90,19,4,3809,3380,238,78,96,6,0,3694,3274,229,107,60,7,0,3871,3341,131,194,101,77,10,3911,3679,70,78,53,8,0,3850,3620,57,72,58,1,0,2958,2790,64,43,57,12,2,3015,2715,185,65,50,4,0,2950,2640,190,94,24,4,0,3105,2777,84,105,69,56,10,3105,2777,84,76,50,7,0,7,104,3089,2946,55,65,19,7,0,3205,3080,24,50,60,4,0,0,2062,1022,993,2209,1066,1143,2235,1011,1022,2212,835,1279,2021,1055,925,1783,1404,0,2203,1053,1067,2384,1201,1119,2361,1169,1128,2189,1063,1071,2220,1114,1075,0.0,19,19153,,,
761,19153010703,107.03,-93.4654778,41.6589289,5687662.0,5687662.0,0.0,4593,4290,132,81,78,21,18,5311,4917,254,71,58,21,0,4977,4458,417,64,28,84,0,5264,4335,317,330,138,139,22,5317,4633,275,365,29,61,0,5454,4802,294,331,8,49,0,3217,3063,68,32,43,12,10,3800,3590,125,15,50,24,0,3455,3280,120,15,20,19,0,4016,3437,190,194,87,89,18,4016,3437,190,161,74,12,12,13,117,3369,3250,72,3,20,19,0,3700,3560,90,25,10,10,0,0,2046,1032,970,2650,1392,1258,2443,1107,1133,2404,937,1350,2160,1153,960,1896,1482,0,2436,1179,1155,2719,1353,1291,2691,1351,1229,2477,1209,1192,2784,1326,1407,0.0,19,19153,,,
762,19153004603,46.03,-93.6353514,41.5337456,2580193.0,2580193.0,0.0,3683,3094,251,191,130,31,4,3656,2715,363,550,37,0,11,3818,3010,348,396,40,33,11,3667,2639,539,281,149,77,3,3961,2915,454,546,28,24,0,4100,2717,338,834,190,21,0,2827,2478,142,106,87,18,2,2735,2260,140,324,15,0,0,2910,2525,140,204,15,35,0,2814,2192,316,149,96,63,3,2814,2192,316,107,70,16,2,13,98,2971,2448,277,210,20,23,0,3020,2320,250,344,85,20,0,0,1853,1102,710,1754,1130,624,1702,912,660,1673,778,814,1478,913,524,1371,1064,0,1641,925,646,1750,1001,703,1737,1014,660,1608,910,650,1489,817,644,0.0,19,19153,,,
763,19153010408,104.08,-93.7107005,41.6268204,2464411.0,2464411.0,0.0,3726,3203,184,213,109,19,4,3736,2948,401,291,10,22,67,3646,3153,266,136,11,11,72,3943,2889,343,327,299,52,5,3716,2981,422,131,170,5,0,4002,2761,513,300,408,8,0,2843,2549,107,109,69,11,3,2720,2475,90,110,0,24,25,2740,2595,65,49,0,14,25,2956,2377,200,158,163,32,4,2956,2377,200,148,152,4,0,8,67,2789,2501,117,31,134,2,0,2850,2340,165,104,250,8,0,0,2138,1136,956,2123,1156,967,2121,1080,860,2095,914,1095,1800,1013,736,1612,1258,0,2023,1076,866,2166,1231,893,2149,1205,887,1987,1079,867,2023,1109,873,0.0,19,19153,,,
764,19153010803,108.03,-93.5148421,41.5916558,5105047.0,5105047.0,0.0,5037,4449,225,184,159,49,2,5190,4417,264,277,204,86,10,4915,4140,185,296,271,63,0,5021,4048,343,297,202,112,13,4776,3864,133,359,379,79,0,5173,4359,143,300,379,21,0,3661,3321,121,93,111,26,0,3800,3400,130,135,59,59,0,3520,3155,100,130,95,43,0,3838,3206,216,172,135,85,11,3838,3206,216,150,115,13,6,11,121,3330,2935,87,139,116,62,0,3655,3265,110,145,115,20,0,0,2150,1104,1009,2679,1423,1256,2696,1177,1282,2668,1021,1532,2458,1290,1115,2184,1652,0,2660,1253,1309,2853,1371,1421,2824,1343,1393,2642,1250,1331,2870,1302,1528,0.0,19,19153,,,
765,19153004701,47.01,-93.6492133,41.5190345,6229633.0,6229633.0,0.0,4278,3307,573,239,133,58,5,4378,3484,687,74,123,10,0,4324,3359,763,89,104,9,0,4272,2729,975,329,142,126,2,4635,3457,800,283,89,6,0,4142,3085,716,248,44,45,0,3099,2566,309,113,92,33,3,2760,2570,88,23,60,10,0,2730,2520,93,34,64,10,0,3170,2187,611,185,100,79,2,3170,2187,611,139,92,8,0,14,119,3125,2715,213,115,63,5,0,3050,2510,355,123,18,45,0,0,1864,1127,687,1868,1230,638,1804,954,713,1771,817,841,1462,887,544,1356,1079,0,1702,932,698,1869,1030,796,1841,1045,726,1668,925,698,1675,881,764,0.0,19,19153,,,
766,19153011600,116,-93.6624439,41.5345552,5150985.0,5145841.0,5144.0,0,0,0,0,0,0,0,0,0,0,0,0,0,0,0,0,0,0,0,0,0,0,0,0,0,0,0,0,0,0,0,0,0,0,0,0,0,0,0,0,0,0,0,0,0,0,0,0,0,0,0,0,0,0,0,0,0,0,0,0,0,0,0,0,0,0,0,0,0,0,0,0,0,0,0,0,0,0,0,0,0,0,0,0,0,0,0,0,0,0,0,0,0,0,0,0,0,0,0,0,0,0,0,0,0,0,0,0,0,0,0,0,0,0,0,0,0,0,0,0,0,0,0,0,0,0,0,0.0,19,19153,,,
767,19149970100,9701,-96.143973,42.7950433,27054269.0,27031568.0,22701.0,6415,5918,339,67,75,46,6,6047,5653,178,120,85,35,0,6352,6046,181,50,75,0,0,6973,6027,480,249,87,79,58,6514,5970,201,288,55,0,0,6836,6126,285,388,20,17,0,4750,4487,183,33,46,33,1,4730,4485,139,19,55,10,0,4905,4695,110,34,70,0,0,5217,4639,285,142,60,52,36,5217,4639,285,122,40,9,29,12,81,4851,4582,122,92,57,0,0,4900,4580,85,205,20,15,0,0,3026,1178,1809,3110,1085,2025,3380,860,2337,3313,664,2560,2859,797,2012,2168,1639,0,3267,878,2328,3691,1083,2547,3659,1092,2495,3328,896,2372,3609,968,2580,0.0,19,19149,,,
768,19149970300,9703,-96.3956749,42.8309451,513861040.0,513641016.0,220024.0,3333,3224,47,31,7,24,3,3399,3255,122,19,3,14,0,3274,3140,92,31,11,23,0,3333,3102,131,29,3,57,2,3367,3233,99,20,12,16,0,3450,3260,107,13,11,89,0,2478,2421,26,9,4,12,2,2490,2435,59,0,4,0,0,2419,2349,59,0,4,0,0,2456,2330,73,11,3,39,2,2456,2330,73,0,0,2,1,6,44,2476,2388,85,0,0,4,0,2530,2410,75,4,4,39,0,4,1651,601,991,1379,466,913,1719,375,1291,1698,278,1391,1414,324,1036,1080,783,0,1598,343,1242,1800,384,1393,1773,400,1330,1658,351,1287,1838,377,1439,37985.299168634694,19,19149,,,
769,19149970600,9706,-96.3810061,42.6669146,626827654.0,624941751.0,1885903.0,5392,5265,47,18,30,32,5,5380,4977,272,28,77,12,16,5387,4973,242,72,82,24,0,5419,5020,189,39,31,74,23,5585,5080,361,42,88,35,0,5459,4963,207,48,104,88,0,4030,3977,24,7,11,18,2,4080,3945,115,19,4,4,4,4090,3935,105,29,14,14,0,4155,3887,133,18,20,55,13,4155,3887,133,7,13,15,11,11,78,4198,4048,111,14,4,17,0,4205,4040,65,8,68,27,0,4,3067,1078,1944,3023,976,2047,3160,652,2362,3121,566,2459,2689,674,1950,2009,1375,0,3059,709,2300,3428,815,2558,3406,838,2487,3106,703,2353,3268,681,2542,49768.55018505417,19,19149,,,
770,19149970200,9702,-96.195974,42.7768772,27059188.0,27059188.0,0.0,3625,3343,195,29,31,17,1,3891,3346,440,30,38,50,0,3670,3064,460,72,19,62,0,3824,2984,539,159,53,68,40,3550,2919,501,37,32,76,0,3816,3065,538,62,17,37,97,2684,2532,100,5,14,6,0,2550,2395,84,15,14,50,0,2470,2270,80,50,4,60,0,2764,2284,305,87,34,37,27,2764,2284,305,74,30,8,20,3,40,2448,2266,93,9,10,77,0,2640,2405,150,43,15,39,0,0,1670,650,990,1734,604,1130,1457,353,1003,1420,277,1097,1147,327,782,889,650,0,1410,397,982,1677,516,1129,1649,542,1056,1457,415,1014,1674,465,1184,0.0,19,19149,,,
771,19149970400,9704,-96.0319251,42.8456303,391816779.0,391778895.0,37884.0,3149,3055,68,9,8,13,0,3210,3081,56,46,0,42,0,3264,3033,145,43,0,51,0,3052,2886,73,31,9,37,13,3254,3003,171,35,0,52,0,3143,2891,204,26,0,27,0,2286,2241,32,1,6,6,0,2295,2275,4,4,0,10,0,2246,2221,4,4,0,15,0,2321,2217,44,15,7,22,13,2321,2217,44,5,5,0,11,0,39,2224,2197,0,4,0,26,0,2200,2190,14,4,0,4,0,0,1600,595,965,1819,505,1314,1697,259,1380,1685,231,1411,1373,270,1077,1018,785,0,1593,283,1295,1796,326,1453,1776,339,1408,1622,284,1321,1795,290,1488,0.0,19,19149,,,
772,19149970500,9705,-96.0274883,42.6706004,650273178.0,650262839.0,10339.0,3072,2977,46,8,13,7,21,3112,2778,176,105,27,9,48,3121,2733,191,131,44,7,52,3097,2922,84,40,20,16,4,2871,2724,20,63,52,2,53,2917,2651,149,37,79,1,5,2274,2222,25,2,6,7,10,2225,2115,50,29,0,4,0,2250,2090,65,60,0,4,0,2302,2204,54,17,10,6,2,2302,2204,54,10,9,2,2,3,18,2145,2059,19,24,0,0,0,2150,2060,50,8,29,4,0,4,1637,527,1066,1691,496,1195,1725,313,1301,1707,235,1413,1353,275,1037,1023,755,0,1580,304,1262,1796,370,1412,1776,376,1369,1637,309,1312,1787,323,1428,0.0,19,19149,,,
773,19005960500,9605,-91.5066694,43.179367,261910490.0,261910490.0,0.0,3170,2391,648,80,34,21,19,3483,2352,829,154,50,23,80,3440,2356,803,167,54,18,44,3474,2241,1034,121,28,100,2,3461,2370,865,175,56,25,0,3522,2282,936,231,65,120,0,2236,1784,352,59,21,15,11,1995,1715,170,50,35,8,10,2005,1735,180,40,30,10,0,2378,1682,576,65,25,63,1,2378,1682,576,63,21,0,1,3,32,1913,1633,224,37,30,5,0,1940,1640,180,75,40,4,0,0,1229,605,587,1147,522,625,1147,385,680,1129,323,772,924,335,564,760,566,0,1097,370,705,1290,432,847,1272,419,808,1146,375,748,1286,383,892,0.0,19,19005,,,
774,19063070400,704,-94.8494527,43.4012124,17877881.0,17877881.0,0.0,3229,2815,342,32,24,29,3,2548,2135,408,10,0,0,0,2583,2062,460,53,0,0,0,3066,2543,376,75,20,55,3,2583,2121,363,79,0,0,0,3147,2109,687,281,0,0,20,2498,2259,185,19,13,17,3,1960,1770,180,8,0,0,0,1930,1675,230,23,0,0,0,2320,2005,215,38,14,39,0,2320,2005,215,22,14,11,0,2,51,1952,1732,181,43,0,0,0,2270,1895,250,118,0,0,10,0,1558,834,687,1362,665,697,1459,455,911,1446,396,978,1145,479,645,965,713,0,1358,485,840,1502,524,957,1502,560,883,1394,492,872,1491,460,1010,0.0,19,19063,,,
775,19063070100,701,-94.5321705,43.3635187,367528012.0,365991621.0,1536391.0,1929,1886,18,4,5,16,5,1902,1877,23,2,0,3,0,1843,1792,45,6,0,8,0,1728,1660,29,6,2,25,8,1741,1684,39,18,0,0,0,1611,1509,18,38,2,44,0,1515,1488,12,2,1,11,3,1485,1475,10,0,0,0,0,1440,1425,15,0,0,0,0,1390,1343,19,5,2,18,1,1390,1343,19,0,2,2,0,3,21,1333,1313,26,0,0,0,0,1320,1275,8,8,4,25,0,0,1045,496,515,919,382,537,990,228,749,985,200,756,709,206,520,618,443,0,905,224,669,1016,244,762,1003,273,689,912,216,680,1006,218,780,9530.956740196232,19,19063,,,
776,19063070200,702,-94.7578992,43.3886259,647996968.0,632357794.0,15639174.0,1833,1739,47,21,2,24,1,1641,1530,48,30,5,28,0,1638,1523,68,45,3,0,0,1566,1516,39,5,2,13,0,1683,1490,108,38,8,0,0,1631,1457,98,41,0,12,0,1367,1335,20,3,0,5,0,1270,1235,34,8,0,0,0,1295,1250,50,4,0,0,0,1220,1191,22,5,2,7,0,1220,1191,22,2,2,0,0,0,3,1276,1198,63,3,0,0,0,1275,1205,60,0,0,10,0,0,952,417,494,888,344,544,932,195,683,929,152,723,808,220,571,603,452,0,883,205,671,989,236,743,977,258,692,931,223,691,1001,211,774,28603.99673936229,19,19063,,,
777,19063070300,703,-94.8144688,43.3996984,9122029.0,9122029.0,0.0,3311,2879,356,43,35,41,1,3460,2821,434,155,35,27,0,3374,2841,347,139,26,39,0,3028,2415,443,81,31,71,3,3315,2769,397,117,23,28,0,2960,2695,119,117,21,28,0,2552,2310,194,32,23,27,0,2565,2260,120,142,24,24,0,2565,2325,65,117,24,39,0,2400,2017,265,52,19,50,3,2400,2017,265,42,14,7,3,4,48,2499,2282,73,94,25,24,0,2505,2275,100,88,14,24,0,0,1530,823,677,1452,711,741,1346,465,799,1343,390,882,1056,461,555,890,664,0,1240,478,718,1346,516,803,1315,546,701,1228,465,724,1300,426,858,0.0,19,19063,,,
778,19053960200,9602,-93.9188731,40.753208,537350219.0,535233518.0,2116701.0,3825,3454,118,150,53,42,32,3494,3053,171,181,24,58,36,3685,3218,187,194,41,60,30,3325,2897,166,122,44,67,25,3609,3185,135,180,46,45,19,3691,3212,148,186,82,49,17,3068,2760,91,124,41,34,27,2800,2520,85,119,10,54,14,2885,2600,95,113,14,54,0,2632,2292,128,89,39,60,24,2632,2292,128,67,28,16,19,8,74,2828,2558,80,125,14,51,4,2740,2435,105,125,25,50,4,0,1908,1007,841,1721,876,845,1679,632,890,1651,535,1001,1302,505,735,1098,820,0,1492,571,886,1634,622,977,1605,624,929,1496,547,915,1536,512,1003,6585.972549172456,19,19053,,,
779,19053960100,9601,-93.6923295,40.7229313,790985904.0,789758529.0,1227375.0,2497,2431,22,9,15,25,0,2378,2321,24,6,20,11,2,2277,2221,21,6,26,9,3,2313,2219,11,23,7,41,3,2269,2112,102,1,33,14,2,2163,2037,78,1,14,9,0,1874,1838,12,3,7,18,0,1825,1785,15,4,15,12,0,1780,1745,14,0,15,12,0,1732,1677,9,3,2,25,1,1732,1677,9,2,1,0,0,2,41,1737,1660,43,0,24,11,0,1655,1610,33,0,10,8,0,0,1279,520,697,1074,471,603,1164,286,796,1158,244,854,914,249,668,800,565,0,1073,261,799,1202,256,929,1188,284,861,1131,261,842,1258,228,996,32212.931941558094,19,19053,,,
780,19005960100,9601,-91.2647941,43.3464049,360102288.0,337816128.0,22286160.0,2146,2110,17,5,6,11,0,1843,1794,12,7,27,6,0,1885,1804,11,25,34,21,0,2083,1996,21,17,21,22,3,1965,1860,11,21,21,63,0,1977,1934,16,15,0,28,0,1741,1718,11,3,4,9,0,1504,1474,10,0,15,8,0,1564,1519,4,15,20,8,0,1698,1650,8,5,12,18,3,1698,1650,8,2,5,1,1,3,28,1687,1612,0,20,14,36,0,1620,1590,4,15,0,10,0,0,1224,742,456,1164,670,494,1156,486,591,1133,440,650,959,410,509,797,613,0,1092,459,601,1246,520,709,1236,515,675,1135,466,636,1253,508,722,31163.901706582816,19,19005,,,
781,19005960300,9603,-91.4897802,43.2661193,30633161.0,30633161.0,0.0,4113,4012,55,26,6,18,2,3842,3772,43,0,0,27,0,3889,3775,89,0,0,25,0,3989,3777,105,40,16,46,1,3865,3697,58,1,6,72,0,4161,3972,86,1,45,26,0,3263,3209,33,7,2,9,2,3075,3040,15,0,0,27,0,3060,2995,45,0,0,27,0,3110,2974,70,26,11,35,1,3110,2974,70,19,7,6,0,1,33,3038,2933,32,3,1,70,0,3170,3050,55,4,45,24,0,0,2145,1271,825,2090,1161,929,2037,736,1190,2033,653,1314,1695,680,970,1442,1084,0,1918,712,1154,2105,758,1303,2079,777,1224,1924,698,1181,2106,699,1370,0.0,19,19005,,,
782,19005960400,9604,-91.2844216,43.1719126,486939236.0,462449190.0,24490046.0,2345,2297,20,18,0,6,2,2179,2151,0,23,0,5,0,2147,2120,0,21,0,6,0,2108,2058,23,7,6,8,1,2149,2134,0,8,0,5,0,2072,2061,5,0,0,2,0,1836,1802,15,13,0,6,2,1715,1685,0,19,0,8,0,1690,1665,0,19,0,8,0,1679,1649,10,0,3,5,0,1679,1649,10,0,3,0,0,5,12,1700,1697,0,4,0,4,0,1695,1690,4,0,0,4,0,0,1182,642,501,1112,560,552,1182,382,729,1151,337,780,992,342,608,830,596,0,1138,376,737,1320,428,873,1308,438,829,1168,374,766,1242,384,834,23046.516969762568,19,19005,,,
783,19005960200,9602,-91.4741746,43.3971626,566624527.0,562306669.0,4317858.0,2556,2515,17,8,5,12,0,2533,2533,0,0,0,0,0,2452,2441,11,0,0,0,0,2407,2329,38,8,3,25,5,2321,2310,11,0,0,0,0,2314,2260,4,16,0,17,0,1944,1917,14,3,4,7,0,2006,2006,0,0,0,0,0,1961,1946,10,0,0,0,0,1917,1851,33,5,1,20,5,1917,1851,33,1,0,4,3,4,21,1920,1885,10,0,0,0,0,1910,1880,4,4,0,15,0,0,1344,711,596,1322,635,687,1407,426,892,1373,354,981,1110,382,689,898,631,0,1293,403,870,1461,438,1003,1441,453,942,1311,392,889,1431,376,1039,36559.128933531785,19,19005,,,
784,19169000200,2,-93.6121448,42.043614,3095479.0,3095479.0,0.0,3593,3087,127,134,238,19,1,4178,2662,107,633,773,28,0,3915,2536,90,494,808,9,17,3454,2869,166,145,215,57,3,3718,2675,105,350,598,7,17,3293,2929,29,122,214,8,17,2951,2587,84,76,194,13,0,2885,2185,100,370,220,20,0,2625,2105,85,255,174,0,0,2820,2398,105,82,183,44,1,2820,2398,105,63,159,5,0,15,75,2624,2253,95,179,107,0,0,2580,2435,30,80,44,0,0,0,2200,1375,776,2146,1386,760,2223,1358,637,2194,1172,928,2019,1341,632,1855,1493,0,2157,1357,708,2239,1477,701,2218,1428,737,2101,1343,709,2060,1359,654,0.0,19,19169,,,
785,19169000300,3,-93.6297446,42.0512644,1743924.0,1743924.0,0.0,3014,2402,73,83,447,13,1,3408,2801,131,79,386,39,0,3159,2562,114,111,367,30,0,2953,2283,149,136,323,57,5,3199,2480,113,105,487,25,0,2745,2035,135,146,390,18,0,2467,1980,46,49,386,9,1,2329,2150,58,36,46,19,0,2220,2051,48,27,64,19,0,2410,1912,100,83,268,43,5,2410,1912,100,64,257,5,4,3,65,2194,2030,46,25,62,19,0,1965,1725,60,85,90,8,0,0,1762,1045,690,1744,1023,721,1723,997,552,1693,837,795,1592,1004,560,1451,1175,0,1663,998,603,1705,1095,568,1688,1050,594,1594,981,581,1639,1067,533,0.0,19,19169,,,
786,19103001200,12,-91.5108113,41.6608064,1224067.0,1224067.0,0.0,1928,1767,65,37,50,12,1,1929,1723,90,5,85,36,4,2079,1742,145,36,136,41,8,2015,1712,82,69,102,35,2,2134,1730,146,49,162,71,3,2238,1855,109,67,147,55,8,1662,1532,53,23,43,12,1,1490,1410,24,0,25,29,0,1555,1395,50,29,45,30,0,1587,1380,58,43,71,24,2,1587,1380,58,27,66,0,1,11,44,1630,1462,44,50,39,45,0,1750,1530,90,65,25,39,0,10,1412,1145,237,1266,1011,255,1293,1027,181,1267,948,277,1171,1000,160,1105,1028,0,1250,1043,182,1346,1164,161,1327,1133,174,1280,1074,188,1285,1066,195,0.0,19,19103,,,
787,19177950200,9502,-92.0201548,40.6992386,673292508.0,665590613.0,7701895.0,3361,3251,53,11,28,13,4,3224,3111,20,39,64,8,6,3208,3094,19,33,74,5,0,3277,3147,56,24,16,48,1,3176,3065,20,12,72,3,0,3324,3206,26,8,46,18,0,2492,2432,25,2,19,10,3,2350,2320,4,4,4,10,0,2375,2325,4,4,34,4,0,2438,2354,24,8,13,36,1,2438,2354,24,3,10,1,0,0,46,2343,2278,19,0,30,7,0,2445,2365,24,4,45,16,0,0,1564,671,823,1457,607,850,1498,352,1068,1477,300,1104,1230,338,838,1014,758,0,1420,366,1038,1637,374,1238,1606,449,1111,1472,368,1075,1484,319,1132,40138.27657273749,19,19177,,,
788,19177950100,9501,-91.8775306,40.8248686,597193705.0,590015101.0,7178604.0,4209,4122,35,20,21,21,1,3999,3865,87,21,0,26,0,3940,3792,94,23,0,31,0,3926,3731,58,49,21,58,11,3928,3758,97,22,0,40,0,3883,3701,92,53,0,18,0,3256,3203,23,8,13,16,1,3140,3070,34,8,0,23,0,3090,3010,39,16,0,33,0,3047,2917,32,20,18,44,4,3047,2917,32,11,14,4,0,0,69,3110,3015,59,28,0,35,0,3085,2985,44,52,0,26,0,0,2095,875,1163,2009,799,1210,2040,468,1465,2027,416,1530,1734,468,1204,1384,1035,0,1940,493,1419,2154,501,1621,2146,616,1472,1959,476,1448,2141,459,1653,0.0,19,19177,,,
789,19193000600,6,-96.4814488,42.5155293,2276204.0,2161876.0,114328.0,2712,2391,220,55,20,40,3,2631,2221,315,107,0,86,0,2773,2306,283,204,12,67,0,2742,2149,359,109,45,93,4,2905,2357,414,131,15,14,0,3187,2479,568,94,72,12,0,2054,1871,111,33,12,27,2,1960,1770,115,25,0,30,0,2060,1815,155,40,10,25,0,2099,1748,195,62,39,59,1,2099,1748,195,40,29,17,0,5,65,2237,1946,228,32,14,14,0,2280,1950,255,30,25,8,0,0,1176,781,372,1187,831,356,1167,536,562,1158,473,623,907,470,414,786,610,0,1064,516,521,1198,562,618,1189,597,536,1078,502,545,1145,496,636,4263.008278711304,19,19193,,,
790,19111490800,4908,-91.4121165,40.4048832,13010683.0,11809094.0,1201589.0,2226,2036,34,113,21,18,6,2232,2002,13,205,0,12,0,2014,1801,0,198,0,15,0,2106,1868,37,133,14,62,1,1967,1713,0,240,0,14,0,1937,1692,0,245,0,0,0,1683,1567,19,52,16,16,2,1605,1495,0,90,0,10,0,1525,1420,0,85,0,15,0,1555,1421,12,72,9,39,1,1555,1421,12,59,8,7,0,5,43,1441,1338,0,94,0,15,0,1455,1355,0,100,0,0,0,0,1116,670,420,906,571,335,851,383,387,834,396,371,593,355,223,531,418,0,732,379,319,797,359,404,775,418,317,709,355,323,745,302,420,5785.369606929374,19,19111,,,
791,19111490600,4906,-91.4860262,40.4857337,233682472.0,221016813.0,12665659.0,3558,3397,37,80,21,29,6,3668,3577,39,9,43,0,29,3569,3475,31,7,56,0,26,3299,3156,44,24,6,58,4,3384,3241,24,20,63,36,33,3037,2851,36,24,84,42,0,2766,2672,24,45,15,21,5,3005,2930,34,4,10,0,0,2860,2790,29,4,4,0,0,2637,2527,32,9,5,48,4,2637,2527,32,5,5,5,2,3,58,2773,2658,20,24,4,37,0,2485,2315,35,29,70,39,0,0,1812,975,795,2061,1156,905,1814,553,1122,1779,585,1054,1421,608,754,1188,796,0,1689,615,1002,1910,596,1270,1884,708,1086,1719,616,1048,1794,507,1253,45098.31637805754,19,19111,,,
792,19111491100,4911,-91.3261366,40.6524593,18150381.0,18127795.0,22586.0,3008,2601,184,182,23,34,3,3247,2972,166,53,0,39,11,3331,3051,179,55,0,40,0,3193,2723,151,196,29,62,4,3373,3192,77,73,0,23,0,3441,3236,41,113,0,32,0,2385,2096,120,133,12,22,2,2405,2220,140,10,0,40,0,2445,2255,135,8,0,40,0,2437,2129,91,140,17,43,3,2437,2129,91,117,7,0,2,10,81,2467,2355,60,18,0,25,0,2545,2460,15,55,0,15,0,0,1540,922,582,1457,876,581,1201,518,573,1166,525,561,957,541,385,839,655,0,1176,579,552,1419,627,745,1410,701,646,1263,612,607,1339,557,743,0.0,19,19111,,,
793,19111490500,4905,-91.578115,40.6348153,437309072.0,435892669.0,1416403.0,3587,3499,29,31,11,14,1,3540,3415,33,87,0,7,0,3560,3446,15,102,0,1,0,3352,3189,52,31,6,49,0,3306,3200,10,97,0,6,0,3096,3002,11,44,23,26,0,2800,2745,18,22,4,6,1,2815,2745,14,54,0,4,0,2850,2790,0,55,0,4,0,2649,2547,35,18,2,34,0,2649,2547,35,9,2,1,0,3,52,2604,2552,0,48,0,5,0,2420,2360,10,30,10,8,0,0,1748,798,876,2282,1165,1117,1852,527,1224,1826,561,1140,1454,565,845,1204,837,0,1707,579,1093,1911,550,1328,1908,671,1175,1717,565,1121,1913,472,1402,11929.295202480072,19,19111,,,
794,19033950201,9502.01,-93.2510298,43.1193732,27340318.0,27071950.0,268368.0,2724,2453,138,67,41,29,2,2899,2350,379,7,71,164,0,2940,2608,260,63,0,83,0,2737,2295,221,98,61,39,7,2580,2304,210,50,0,74,0,2826,2310,381,131,0,20,0,2136,1972,75,34,33,19,2,2285,1926,197,6,70,80,0,2302,2123,169,7,0,8,0,2295,2005,143,49,49,31,5,2295,2005,143,37,43,7,5,4,51,2195,2041,123,19,0,11,0,2475,2140,265,60,0,4,0,0,1426,855,551,1375,805,570,1428,672,676,1406,573,779,1226,596,605,1098,864,0,1374,669,671,1513,764,719,1485,802,646,1382,668,683,1432,678,723,0.0,19,19033,,,
795,19033950202,9502.02,-93.2548727,43.1727287,32107539.0,31539360.0,568179.0,3693,3311,201,102,66,39,2,3584,3339,210,13,23,11,25,3590,3153,330,54,25,80,67,3664,3102,216,139,104,70,32,3901,3633,93,75,74,100,0,4084,3737,86,166,65,79,0,2895,2666,126,35,46,24,1,2816,2691,100,0,25,0,0,2839,2661,110,0,25,27,0,2929,2598,121,67,79,41,19,2929,2598,121,50,66,0,17,0,77,3082,2973,1,0,60,25,0,3255,3010,84,80,29,30,0,10,2052,1296,718,2070,1228,842,1981,935,909,1963,796,1082,1665,892,749,1483,1181,0,1886,961,870,2050,1110,918,2028,1143,835,1875,970,870,1939,998,906,0.0,19,19033,,,
796,19151780200,7802,-94.6277785,42.7871612,426672129.0,425883513.0,788616.0,3152,3059,49,26,11,10,5,3046,2852,129,12,53,0,0,2988,2827,107,5,51,0,0,3059,2896,57,50,15,36,2,2987,2736,121,81,46,0,0,3027,2830,59,76,37,9,0,2481,2437,22,10,4,5,3,2350,2265,35,4,50,0,0,2290,2205,35,4,50,0,0,2379,2272,33,25,13,24,0,2379,2272,33,14,7,4,0,5,44,2254,2096,44,78,44,0,0,2315,2200,20,59,35,4,0,0,1826,822,947,1701,679,1022,1706,445,1124,1691,347,1246,1397,442,888,1219,952,0,1534,433,1082,1678,440,1216,1661,470,1130,1579,442,1099,1532,361,1142,0.0,19,19151,,,
797,19151780300,7803,-94.6890704,42.6518838,739609347.0,736778724.0,2830623.0,2186,2066,89,15,4,10,4,2039,1909,72,3,0,42,24,2012,1830,84,5,5,36,65,2103,1834,175,22,14,45,28,1994,1868,64,4,4,18,41,2114,1815,182,7,3,39,62,1693,1623,49,8,3,9,3,1555,1480,20,4,0,40,0,1510,1440,20,4,0,28,0,1602,1428,110,15,5,31,11,1602,1428,110,10,2,2,10,7,33,1506,1436,23,4,0,14,0,1535,1420,89,4,0,23,0,0,1187,494,618,1116,413,703,1125,205,842,1123,158,867,1009,256,677,838,644,0,1064,234,820,1165,261,883,1152,269,847,1114,256,839,1123,217,889,0.0,19,19151,,,
798,19151780100,7801,-94.7299686,42.8565946,332432263.0,332384972.0,47291.0,1972,1918,28,6,10,11,7,1813,1668,52,37,56,0,0,1797,1656,69,30,42,0,0,1916,1653,122,38,29,55,2,1744,1627,88,20,9,0,0,1920,1812,80,8,6,9,0,1567,1538,14,3,8,6,3,1380,1295,25,35,25,0,0,1365,1310,8,30,20,0,0,1492,1348,65,22,13,29,0,1492,1348,65,16,9,4,0,8,42,1335,1318,3,20,0,0,0,1510,1480,20,0,0,4,0,10,1094,478,566,1042,397,645,1017,228,704,1002,198,738,769,213,517,643,488,0,891,234,639,980,232,727,967,264,664,896,223,652,927,218,696,0.0,19,19151,,,
799,19183960500,9605,-91.6144089,41.284209,528355479.0,527420192.0,935287.0,3156,2913,197,17,15,16,1,3127,2940,133,23,31,0,0,3232,2978,205,30,19,27,0,3207,2882,197,42,12,38,2,3254,2818,389,21,12,25,0,3341,2833,434,23,7,71,0,2343,2202,111,5,8,10,1,2345,2290,25,0,25,0,0,2475,2355,95,15,8,0,0,2395,2206,108,17,6,25,2,2395,2206,108,11,6,0,0,13,51,2364,2200,120,4,8,15,0,2370,2195,130,15,4,25,0,0,1575,695,815,1533,747,786,1581,523,946,1566,399,1070,1350,499,818,1143,847,0,1529,514,989,1754,588,1135,1731,602,1082,1577,516,1031,1686,555,1099,0.0,19,19183,,,
800,19183960300,9603,-91.6807147,41.308256,15462990.0,15462990.0,0.0,3419,2966,348,60,20,18,4,3868,3271,400,148,49,0,0,3661,3011,474,137,39,0,0,3473,2748,503,72,60,61,2,3607,2898,539,145,25,0,0,3500,2757,521,206,16,0,0,2596,2344,198,29,12,8,2,2690,2495,139,55,0,0,0,2440,2240,149,50,10,0,0,2650,2205,317,35,35,35,2,2650,2205,317,30,26,0,1,13,58,2350,2116,165,43,3,0,0,2210,1935,180,85,4,0,0,0,1701,889,780,1640,846,794,1658,664,885,1632,509,1052,1323,580,710,1136,888,0,1530,621,868,1695,711,944,1678,692,925,1535,607,895,1645,626,993,0.0,19,19183,,,
801,19183960200,9602,-91.8403115,41.328666,669553071.0,665981438.0,3571633.0,4790,4607,103,28,21,32,1,4562,4290,132,87,51,26,0,4624,4393,117,75,25,25,4,4867,4565,122,33,27,77,0,4700,4475,108,74,30,29,6,4806,4599,74,57,23,57,10,3560,3461,54,9,9,27,1,3400,3270,60,49,4,23,0,3415,3290,69,39,4,27,4,3630,3453,62,14,16,56,0,3630,3453,62,7,4,8,0,14,82,3600,3502,67,18,4,20,2,3610,3475,57,22,4,28,8,10,2357,1027,1252,2380,931,1449,2442,707,1542,2381,565,1728,2024,660,1287,1653,1190,0,2280,702,1537,2544,796,1706,2517,801,1659,2309,701,1564,2453,737,1689,0.0,19,19183,,,
802,19183960400,9604,-91.6871594,41.2793708,16623750.0,16586336.0,37414.0,3985,3457,405,93,38,37,12,3996,3372,483,83,29,37,29,4029,3425,390,85,87,38,0,4033,3273,548,85,60,71,4,4047,3583,264,70,75,36,0,4115,3515,440,33,84,6,0,3037,2734,224,48,31,24,5,3020,2580,300,70,0,35,0,3020,2625,250,85,25,40,0,3098,2662,301,39,37,57,4,3098,2662,301,29,29,5,1,11,60,3068,2799,127,68,28,36,0,3295,3030,184,30,34,4,0,0,1980,1031,904,1944,997,947,2007,761,1095,1980,586,1314,1637,702,890,1396,1106,0,1883,754,1070,2049,888,1120,2038,855,1106,1894,758,1086,2055,853,1167,0.0,19,19183,,,
803,19111490300,4903,-91.2808728,40.6906595,241570177.0,228820795.0,12749382.0,2260,2192,39,13,5,7,4,2032,1907,81,0,0,51,0,2025,1908,68,0,0,53,0,2239,2122,73,24,2,17,1,2144,2072,33,22,22,40,0,2444,2328,84,17,25,28,0,1792,1754,23,6,2,4,1,1680,1590,65,0,0,25,0,1630,1555,50,0,0,25,0,1795,1736,44,4,0,14,1,1795,1736,44,0,0,2,0,0,13,1712,1661,26,0,0,0,0,1900,1835,45,0,10,0,0,15,1278,647,599,1967,983,984,1278,408,797,1264,418,761,1048,465,588,859,620,0,1224,462,739,1377,452,904,1369,520,824,1225,445,760,1374,406,942,15507.965520248874,19,19111,,,
804,19111490200,4902,-91.4008803,40.5924716,49442301.0,27639096.0,21803205.0,5493,4744,339,343,45,52,7,4859,3936,431,448,5,66,0,4752,3812,418,467,6,68,6,4340,3484,292,393,48,128,4,4659,3638,497,480,6,36,6,4559,3719,372,377,33,36,5,4357,3816,220,261,31,41,2,3810,3155,215,414,0,29,0,3800,3125,210,429,0,34,0,3476,2817,215,297,33,94,4,3476,2817,215,274,23,18,0,14,115,3697,3007,221,443,0,38,0,3520,2940,179,354,30,25,0,4,2065,1241,772,2414,1538,876,2001,858,963,1949,863,943,1579,895,645,1403,1075,0,1800,889,844,1914,860,1000,1886,949,864,1718,828,838,1846,746,1045,16663.28277306712,19,19111,,,
805,19111490400,4904,-91.5278802,40.7500774,361332509.0,360821842.0,510667.0,2824,2781,19,15,4,5,0,2755,2688,45,2,22,0,0,2659,2587,44,2,28,0,6,2703,2597,24,19,9,36,0,2623,2524,30,4,30,39,6,2559,2492,36,0,27,4,13,2231,2207,12,7,3,3,0,2215,2160,40,0,20,0,0,2140,2085,30,0,19,0,0,2170,2099,23,9,6,23,0,2170,2099,23,4,1,0,0,5,38,2086,2014,18,0,24,40,0,2020,1980,20,0,18,8,0,0,1493,776,667,2154,1114,1040,1478,483,922,1463,486,894,1215,535,669,1025,743,0,1412,526,859,1625,522,1074,1609,609,955,1440,521,892,1675,503,1138,0.0,19,19111,,,
806,19111490100,4901,-91.3717939,40.6354628,11603638.0,11603638.0,0.0,3761,3215,242,250,31,35,7,3583,3365,111,79,2,26,0,3547,3368,135,26,3,0,15,3990,3477,242,153,37,80,3,3571,3424,88,35,4,0,8,3838,3461,206,114,37,8,0,2974,2584,160,187,22,26,4,2880,2775,35,40,4,25,0,2900,2795,75,20,4,0,0,3205,2845,177,86,29,68,3,3205,2845,177,56,25,7,0,0,95,2864,2755,92,18,3,0,0,3150,2895,165,43,39,10,0,0,1878,1151,687,1625,1057,568,1736,818,782,1701,817,764,1407,835,545,1277,1012,0,1692,885,733,1975,952,951,1940,1050,804,1752,904,790,1869,816,1007,0.0,19,19111,,,
807,19111490700,4907,-91.4108805,40.450864,24347317.0,21474117.0,2873200.0,4592,4201,80,229,50,43,12,4472,3983,56,247,174,12,9,4536,4036,50,260,176,14,9,4298,3855,97,187,62,102,9,4665,4167,192,280,160,14,16,4352,3738,259,436,90,40,0,3472,3246,47,130,41,34,8,3400,3155,15,155,65,10,0,3410,3175,10,160,50,15,0,3448,3141,62,126,48,68,4,3448,3141,62,82,37,1,2,1,122,3602,3320,145,99,25,19,0,3330,2995,129,150,10,38,0,0,2264,1358,857,1871,1168,703,2282,916,1235,2231,928,1186,1828,930,865,1549,1169,0,2088,938,1096,2239,922,1273,2217,1017,1142,2081,918,1113,2194,779,1359,3807.120580082703,19,19111,,,
808,19111490900,4909,-91.3766527,40.401695,3608890.0,1584814.0,2024076.0,2357,2160,51,115,35,26,2,1971,1658,166,125,25,14,0,2101,1786,191,119,0,22,0,2091,1756,54,182,12,82,2,2136,1813,178,155,0,4,0,2180,1930,104,100,6,69,6,1778,1665,30,66,23,18,0,1515,1320,105,64,15,15,0,1585,1380,120,64,0,20,0,1547,1340,32,106,8,56,0,1547,1340,32,79,4,4,0,4,84,1575,1388,103,86,0,2,0,1760,1565,75,43,0,54,0,20,1100,665,417,882,549,333,873,363,441,863,375,434,646,336,291,557,413,0,775,370,377,873,391,448,859,428,394,785,369,391,817,333,465,4662.752214573926,19,19111,,,
809,19193000900,9,-96.4165536,42.5181408,1667435.0,1667435.0,0.0,2090,1432,363,139,91,95,8,2322,1541,437,94,158,130,13,2207,1499,457,48,203,30,12,2078,1486,384,93,66,74,4,2270,1538,506,34,194,0,14,2297,1580,332,174,206,0,17,1540,1149,211,83,60,49,5,1515,1195,155,40,39,70,0,1430,1190,155,24,29,10,0,1583,1188,254,58,47,46,1,1583,1188,254,39,37,21,0,6,38,1484,1255,155,9,50,0,0,1580,1285,150,65,74,0,0,10,852,484,354,797,482,315,775,388,327,765,328,394,637,339,284,568,433,0,718,370,319,761,414,328,740,404,307,703,359,318,677,348,321,0.0,19,19193,,,
810,19193001000,10,-96.4061674,42.5155743,756772.0,756772.0,0.0,1774,1131,382,120,89,85,5,2025,1133,418,374,52,48,0,1932,1060,401,385,41,45,0,1833,814,456,284,129,156,37,1872,984,459,277,106,46,0,1759,940,423,212,152,62,0,1259,881,215,66,58,48,4,1220,885,95,190,20,24,0,1235,860,100,230,15,30,0,1308,650,290,170,100,89,24,1308,650,290,155,94,59,23,6,31,1238,823,188,164,41,34,0,1215,710,295,85,84,45,0,0,720,400,311,697,417,280,661,334,272,650,285,329,553,289,245,490,374,0,609,318,277,657,366,280,635,358,265,588,306,273,582,303,266,0.0,19,19193,,,
811,19193001100,11,-96.3944597,42.5156797,1463556.0,1463556.0,0.0,4355,2508,1217,247,273,199,18,4486,2117,1592,241,361,220,0,4862,1895,2363,159,235,285,0,4578,1876,1721,461,310,259,35,4923,1792,2633,100,137,376,0,4752,1946,2242,216,270,350,0,3062,1991,670,127,183,109,9,2585,1505,710,105,190,80,0,2700,1350,1020,95,150,90,0,3047,1414,1040,231,234,145,27,3047,1414,1040,205,218,61,22,7,80,2508,1224,999,53,85,110,0,2720,1510,870,110,140,25,0,60,1566,890,638,1443,883,560,1303,660,550,1280,575,651,1033,553,440,891,699,0,1222,640,552,1425,765,633,1387,746,583,1277,651,596,1270,617,629,0.0,19,19193,,,
812,19089960200,9602,-92.1975694,43.3570861,575572607.0,575084132.0,488475.0,2856,2796,30,8,9,8,6,2802,2784,7,3,4,0,0,2747,2734,12,1,0,0,0,2816,2638,94,9,15,40,4,2844,2838,5,1,0,0,0,2796,2695,32,0,13,13,0,2146,2115,14,2,5,3,2,2150,2130,4,4,10,0,0,2060,2045,10,4,0,0,0,2133,2024,58,7,14,19,4,2133,2024,58,0,5,10,0,2,34,2007,1971,1,0,0,0,0,2005,1980,14,0,12,4,0,0,1434,849,528,1419,817,602,1365,457,819,1361,410,879,1124,396,683,976,744,0,1305,450,831,1522,498,1014,1512,569,885,1338,437,873,1502,424,1056,18549.39711596169,19,19089,,,
813,19089960300,9603,-92.4306228,43.3565362,632697384.0,632254379.0,443005.0,2717,2657,28,18,4,9,4,2598,2533,59,6,0,0,0,2638,2503,111,3,20,0,1,2627,2524,50,5,9,20,7,2546,2376,134,3,26,5,2,2719,2514,104,53,24,64,7,2002,1980,12,5,2,5,1,1915,1895,14,4,0,0,0,1875,1825,25,4,20,0,4,1899,1843,26,0,5,7,5,1899,1843,26,0,1,1,4,7,17,1858,1807,36,0,7,5,4,1955,1885,34,0,19,14,4,10,1342,780,512,1129,643,486,1241,402,758,1227,338,831,1013,337,620,871,666,0,1144,393,739,1341,427,895,1322,501,782,1174,361,783,1277,356,898,19700.104018811013,19,19089,,,
814,19089960100,9601,-92.1131381,43.374086,18364330.0,18364330.0,0.0,3993,3861,60,32,27,20,0,3864,3636,80,40,32,76,0,3841,3667,25,59,58,32,0,4026,3728,114,63,47,76,2,3811,3650,14,59,60,28,0,3964,3810,35,61,18,23,0,3006,2938,33,12,16,13,0,2870,2750,24,4,15,79,0,2910,2855,4,14,10,34,0,3061,2884,64,24,26,47,2,3061,2884,64,17,17,12,1,4,62,2977,2923,0,18,2,31,0,3030,2985,4,15,4,20,0,0,2031,1304,681,2000,1294,706,1943,799,1023,1923,694,1138,1516,682,773,1369,1091,0,1819,776,998,2095,847,1218,2072,944,1049,1857,777,1030,2071,839,1203,0.0,19,19089,,,
815,19193001200,12,-96.3964327,42.5045653,976662.0,976662.0,0.0,3556,1128,1611,310,280,328,31,2876,682,1654,249,101,225,22,3145,608,1858,399,46,225,84,3545,581,2143,343,284,247,65,3351,464,1940,431,303,151,96,3330,544,1874,201,570,162,298,2450,947,964,189,200,192,16,1560,585,650,140,35,144,0,1720,510,780,235,15,144,0,2310,483,1289,202,216,154,32,2310,483,1289,161,205,74,29,3,66,1881,446,835,206,230,110,0,1720,555,760,100,220,84,0,0,672,469,184,599,444,155,548,353,161,528,310,185,405,252,133,368,291,0,508,317,171,597,365,220,579,360,176,516,310,186,547,289,249,0.0,19,19193,,,
816,19193001400,14,-96.4319774,42.4993793,1744893.0,1744893.0,0.0,4410,2421,1345,309,134,289,4,4448,2309,1519,474,108,82,0,4252,2239,1458,380,174,184,0,4125,1625,1775,306,173,380,60,4185,1978,1414,552,221,154,0,4031,1736,1891,170,109,297,0,2966,1866,731,159,89,157,1,2555,1765,455,245,35,55,0,2520,1645,585,194,80,20,0,2880,1314,1108,159,133,233,29,2880,1314,1108,110,123,107,27,7,84,2527,1482,564,333,93,38,0,2450,1280,945,90,65,70,0,0,1367,922,411,1335,990,345,1177,676,431,1149,602,496,873,522,319,790,644,0,1042,619,404,1192,701,481,1159,698,410,1031,595,411,985,524,450,0.0,19,19193,,,
817,19193001500,15,-96.4172581,42.4945225,2472831.0,2207166.0,265665.0,2304,852,856,287,112,305,5,2150,792,822,286,101,208,0,2277,809,851,279,86,285,0,1968,634,713,236,125,267,85,2174,878,827,147,56,295,0,2068,877,711,164,175,184,0,1567,707,478,159,78,192,4,1340,670,265,170,75,140,0,1425,660,345,160,90,180,0,1426,551,449,136,101,168,51,1426,551,449,114,97,122,50,4,39,1363,665,394,78,55,170,0,1325,670,335,94,100,104,0,25,530,404,110,520,420,100,452,294,130,440,252,158,310,197,106,284,221,0,380,247,123,428,278,134,408,265,121,363,222,130,366,205,151,2210.105431659971,19,19193,,,
818,19193000800,8,-96.429304,42.5091654,2511800.0,2511800.0,0.0,4036,2282,1125,299,192,260,12,3757,1870,1350,331,104,192,0,3599,2054,859,365,204,222,0,3912,1810,1237,410,258,255,61,3638,2269,686,462,124,193,0,4347,2052,1469,330,192,294,0,2802,1776,634,159,129,146,10,2165,1410,410,155,65,120,0,2175,1490,255,180,105,155,0,2719,1451,724,212,190,142,37,2719,1451,724,158,178,75,35,2,96,2310,1708,161,236,48,167,0,2655,1785,380,165,95,220,0,0,1378,887,462,1252,848,404,1204,631,491,1187,564,556,920,521,381,811,644,0,1096,593,476,1257,686,542,1213,662,494,1108,587,490,1089,553,515,0.0,19,19193,,,
819,19041080400,804,-95.2794692,43.0761415,682304948.0,680390536.0,1914412.0,3110,3010,49,10,31,11,1,3064,2840,184,124,7,19,3,2991,2734,201,146,14,27,2,2891,2744,73,15,24,35,1,2902,2769,89,13,9,19,0,2993,2770,117,45,11,9,0,2364,2316,26,3,14,3,1,2295,2275,4,4,0,12,4,2205,2175,12,8,4,12,4,2259,2170,42,11,13,19,1,2259,2170,42,8,8,7,0,0,24,2286,2181,85,4,4,15,0,2350,2210,114,24,8,12,0,0,1722,716,940,1649,614,1035,1734,320,1315,1688,253,1345,1365,381,961,1063,799,0,1595,366,1202,1761,375,1355,1749,436,1256,1637,383,1222,1719,370,1318,0.0,19,19041,,,
820,19041080200,802,-95.1241292,43.150316,21683275.0,21507145.0,176130.0,5358,5052,188,51,42,25,2,4916,4432,202,131,82,37,0,4769,4334,204,102,98,0,0,5217,4576,348,84,79,75,2,4877,4357,344,79,61,3,0,4763,4238,406,55,0,25,0,4131,3958,104,17,27,17,2,3781,3596,10,59,80,35,0,3596,3401,50,53,100,0,0,4028,3642,192,46,54,56,0,4028,3642,192,37,43,15,0,7,92,3519,3326,77,46,58,0,0,3540,3310,150,59,0,24,0,0,2565,1239,1286,2648,1108,1540,2516,747,1598,2461,645,1710,1961,782,1133,1617,1248,0,2318,805,1446,2544,883,1600,2502,947,1463,2242,781,1406,2366,764,1568,0.0,19,19041,,,
821,19041080100,801,-95.0226461,43.0761421,732788564.0,721818730.0,10969834.0,2057,2002,32,5,6,9,1,2025,1962,60,0,0,3,0,2016,1940,66,0,0,10,0,1912,1823,52,13,2,17,1,1982,1880,81,0,0,21,0,2009,1968,27,0,0,13,0,1608,1576,20,1,2,8,1,1625,1610,10,0,0,4,0,1575,1550,10,0,0,14,0,1487,1438,23,8,0,13,1,1487,1438,23,3,0,2,0,0,21,1464,1422,25,0,0,18,0,1450,1430,8,0,0,12,0,0,1081,468,558,1114,466,648,1142,227,814,1103,196,827,913,262,628,701,551,0,1052,269,772,1161,279,865,1143,323,788,1080,277,789,1106,248,856,0.0,19,19041,,,
822,19123950100,9501,-92.4955664,41.3464181,572792974.0,571268037.0,1524937.0,3234,3157,31,13,17,11,0,3151,2961,60,96,6,28,0,3101,2887,73,111,0,30,0,3141,3005,36,31,8,37,2,3090,2944,67,62,0,17,0,3207,3029,110,40,0,23,0,2452,2404,17,5,13,11,0,2340,2225,30,55,4,29,0,2350,2215,35,64,0,29,0,2410,2326,17,19,4,27,2,2410,2326,17,10,1,3,0,7,46,2313,2224,33,34,0,19,0,2455,2405,20,29,0,8,0,0,1734,645,1034,1609,535,1074,1678,316,1267,1648,278,1292,1383,303,1071,1137,834,0,1603,319,1260,1834,358,1448,1810,377,1383,1669,324,1315,1775,324,1422,0.0,19,19123,,,
823,19123950700,9507,-92.6521974,41.2782762,6137112.0,6137112.0,0.0,2552,2363,61,72,54,13,1,2731,2395,139,68,129,0,0,2721,2428,95,76,122,0,0,2573,2207,120,115,70,42,5,2629,2308,188,66,57,10,0,2589,2235,77,166,86,25,0,1961,1832,33,43,29,9,0,1900,1775,85,4,39,0,0,1865,1790,45,4,30,0,0,1945,1733,70,43,44,36,3,1945,1733,70,39,40,1,0,3,59,1966,1764,133,4,58,10,0,1955,1710,50,85,85,22,0,0,1181,559,592,1125,515,610,1124,341,726,1094,283,761,850,286,542,717,527,0,1022,322,677,1166,357,782,1138,372,724,983,301,660,920,276,634,0.0,19,19123,,,
824,19123950200,9502,-92.7376797,41.4301935,417104719.0,416915875.0,188844.0,3415,3365,22,7,22,10,0,3121,3104,0,7,6,4,0,3054,3024,0,8,8,14,0,3353,3221,36,22,17,37,2,3009,2944,0,9,12,44,0,3067,3017,0,0,5,45,0,2443,2416,12,2,10,9,0,2400,2390,0,0,4,4,0,2380,2355,0,0,10,14,0,2446,2361,21,9,15,25,2,2446,2361,21,7,8,3,0,1,45,2358,2319,0,0,10,28,0,2415,2390,0,0,4,29,0,0,1773,547,1183,1747,513,1234,1758,319,1351,1740,289,1411,1476,275,1173,1153,794,0,1714,321,1370,1967,353,1584,1938,367,1526,1779,315,1435,1922,290,1607,0.0,19,19123,,,
825,19123950300,9503,-92.7237594,41.2380154,459589196.0,454709276.0,4879920.0,3528,3425,37,24,29,13,3,3703,3482,158,19,30,14,0,3792,3576,139,25,37,14,0,3614,3448,32,20,49,44,10,3839,3625,94,32,74,13,1,3779,3469,71,68,155,15,1,2715,2657,19,16,18,8,1,2900,2810,59,10,8,15,0,2960,2850,70,20,14,15,0,2775,2659,19,8,34,39,6,2775,2659,19,4,27,3,5,3,55,2945,2869,40,25,7,16,0,2770,2635,40,55,29,12,0,0,1885,647,1183,1811,632,1179,1782,332,1338,1766,297,1366,1517,316,1150,1217,881,0,1738,351,1360,1946,364,1558,1933,379,1496,1763,337,1398,1882,333,1523,0.0,19,19123,,,
826,19123950500,9505,-92.623449,41.2806926,11006115.0,11006115.0,0.0,3284,3047,65,72,67,29,3,3355,3025,62,58,150,38,23,3246,2949,10,36,172,30,52,3226,2888,59,126,86,60,1,3309,2995,14,21,209,19,51,2999,2757,32,24,174,8,1,2503,2343,49,53,48,19,1,2525,2370,50,25,22,39,15,2440,2325,10,4,34,29,50,2467,2249,44,68,56,46,1,2467,2249,44,54,46,10,0,4,60,2370,2242,17,3,43,18,51,2165,2060,20,20,59,12,0,4,1543,694,816,1468,671,797,1540,451,986,1514,380,1068,1195,394,757,988,711,0,1430,434,954,1627,490,1103,1593,499,1031,1402,416,953,1410,386,1002,0.0,19,19123,,,
827,19123950400,9504,-92.6229894,41.3227839,12157564.0,12156945.0,619.0,3026,2797,70,82,66,22,4,2808,2708,0,56,23,21,0,2896,2730,54,66,29,17,0,2960,2668,85,61,50,57,4,2907,2649,58,162,38,0,0,2889,2614,87,170,16,2,0,2312,2159,50,54,47,18,2,2110,2030,0,44,20,19,0,2225,2070,55,54,30,15,0,2280,2096,60,34,28,39,3,2280,2096,60,27,22,4,0,3,68,2285,2076,58,111,33,0,0,2280,2095,65,100,15,4,0,0,1377,644,699,1342,607,735,1447,442,915,1428,383,987,1199,437,729,1009,761,0,1384,461,875,1535,531,964,1510,525,921,1358,458,865,1428,481,925,0.0,19,19123,,,
828,19123950600,9506,-92.6578718,41.3092435,6304972.0,6304972.0,0.0,3342,3088,74,84,69,25,2,3339,3082,56,164,37,12,4,3354,3060,125,141,36,24,12,3323,2822,112,215,99,58,17,3568,3253,89,180,46,23,11,3529,3281,156,81,8,46,3,2554,2377,48,59,46,20,2,2545,2325,40,134,30,10,0,2490,2255,75,118,24,10,0,2610,2244,76,157,79,44,12,2610,2244,76,139,56,8,7,2,78,2635,2364,60,165,35,3,0,2615,2415,115,73,4,0,0,4,1529,728,764,1507,695,812,1294,403,823,1269,351,856,941,334,576,810,599,0,1165,386,742,1329,441,858,1306,450,779,1217,399,787,1609,487,1094,0.0,19,19123,,,
829,19047070402,704.02,-95.351984,42.0045913,34577562.0,34577562.0,0.0,5466,3026,2222,142,53,49,8,5228,1927,3007,260,0,34,0,5082,1765,2920,308,48,41,0,5285,1839,2960,246,210,157,6,5919,2131,3313,364,64,47,0,5848,1886,3402,273,268,10,0,3898,2469,1291,83,38,25,8,2415,1680,600,114,0,29,0,2440,1575,665,130,35,39,0,3627,1557,1767,139,132,116,2,3627,1557,1767,127,110,3,0,8,55,3268,1916,1079,176,39,44,0,3520,1775,1475,100,150,0,0,10,1849,998,810,1785,907,878,1743,628,989,1699,556,1057,1332,537,761,1068,824,0,1540,618,894,1679,708,951,1649,712,870,1485,570,884,1465,532,925,0.0,19,19047,,,
830,19047070401,704.01,-95.3420185,42.0350264,23361627.0,23150538.0,211089.0,3411,1900,1388,85,45,44,10,3715,1987,1217,232,315,66,0,3871,2016,1390,211,293,69,0,3666,1982,1382,155,110,102,3,3001,1716,836,191,311,54,0,2999,1804,827,136,69,7,203,2428,1549,798,53,33,24,9,2210,1690,355,70,75,8,0,2160,1680,350,60,60,10,0,2635,1619,776,123,86,55,1,2635,1619,776,115,82,18,0,4,21,1757,1422,177,67,79,0,0,1935,1435,295,60,0,0,0,145,1303,708,579,1188,595,593,1306,440,802,1259,372,833,1043,359,656,805,640,0,1229,424,771,1385,507,859,1360,505,795,1258,430,794,1276,425,826,0.0,19,19047,,,
831,19021960100,9601,-95.022919,42.8292289,335334743.0,334611915.0,722828.0,1570,1509,39,13,6,9,0,1508,1337,103,48,11,3,0,1420,1273,105,28,4,2,0,1445,1288,110,10,7,29,1,1379,1299,32,40,2,5,0,1322,1184,86,30,1,12,0,1222,1192,22,6,3,7,0,1155,1100,50,0,4,4,0,1110,1050,40,20,4,4,0,1124,1027,69,6,3,15,1,1124,1027,69,4,3,2,0,0,19,1093,1047,4,31,0,4,0,1045,985,35,24,0,4,0,4,850,351,459,777,273,504,789,163,599,771,118,617,672,183,453,526,404,0,741,177,556,820,198,613,806,212,580,748,188,548,706,135,565,0.0,19,19021,,,
832,19021960400,9604,-95.1761169,42.6294801,50194460.0,45743521.0,4450939.0,6361,3273,2169,293,611,46,64,6134,2045,2410,212,1373,0,94,5995,2096,2284,248,1077,0,291,6745,1759,3043,396,1130,127,397,5761,1892,2290,177,1070,0,332,6099,2101,2097,248,1359,23,204,4717,2779,1305,175,431,35,45,2965,1710,680,144,415,0,20,2820,1760,595,109,324,0,30,4782,1524,1979,235,784,83,245,4782,1524,1979,214,760,7,233,10,55,2684,1683,639,22,267,0,54,3245,1885,735,24,470,25,119,0,2333,1247,1050,2164,1098,1066,1984,965,886,1892,815,1003,1451,770,655,1251,1073,0,1748,868,834,1918,947,941,1875,943,870,1734,840,858,1705,768,910,0.0,19,19021,,,
833,19021960600,9606,-95.2793765,42.6544921,329376097.0,325314959.0,4061138.0,3512,2841,504,67,91,10,10,3545,2946,449,100,73,13,3,3580,2926,495,117,47,11,8,3734,2904,591,52,81,52,78,3473,2729,408,111,250,9,0,3888,2867,479,145,379,19,10,2636,2245,286,32,64,8,7,2585,2335,155,30,49,15,4,2620,2315,225,45,18,10,10,2755,2273,350,29,47,32,43,2755,2273,350,24,36,1,42,1,28,2392,2116,203,29,22,8,0,2600,2230,264,55,37,4,0,0,1689,749,901,1725,708,1017,1821,505,1212,1800,397,1360,1501,532,936,1172,971,0,1688,524,1129,1831,564,1236,1789,587,1142,1708,526,1143,1759,493,1247,0.0,19,19021,,,
834,19021960200,9602,-95.2620352,42.8326421,357917016.0,357680942.0,236074.0,1936,1792,126,11,11,5,0,1799,1672,106,15,1,0,0,1774,1567,176,25,2,3,0,1849,1579,216,16,5,25,2,1828,1620,159,36,2,5,0,1683,1433,223,5,6,20,0,1458,1388,61,4,7,2,0,1365,1335,24,4,0,0,0,1295,1245,45,4,0,0,0,1410,1249,127,8,0,14,2,1410,1249,127,3,0,3,0,2,26,1324,1288,39,8,0,0,0,1230,1155,70,0,0,8,0,0,945,387,532,868,342,526,892,196,664,882,152,687,771,210,506,577,456,0,852,208,632,948,224,712,946,243,670,892,217,649,924,207,694,0.0,19,19021,,,
835,19021960300,9603,-95.025673,42.6583082,405119385.0,405015927.0,103458.0,1940,1856,62,6,8,3,0,1979,1752,215,0,9,3,2,1846,1672,143,0,19,2,11,1939,1686,151,3,24,26,39,1718,1543,138,0,21,1,7,1986,1791,120,0,50,6,12,1488,1442,30,3,6,3,0,1455,1410,35,0,8,4,0,1410,1375,20,0,14,4,0,1410,1277,75,0,11,15,23,1410,1277,75,0,8,3,22,3,22,1270,1228,18,0,14,5,0,1365,1290,50,0,23,8,4,4,1018,414,564,951,318,633,993,213,731,972,163,790,849,223,605,635,507,0,929,223,697,1016,244,756,1000,259,716,951,229,710,976,215,746,0.0,19,19021,,,
836,19021960500,9605,-95.2392605,42.6585608,24838306.0,20614603.0,4223703.0,4941,2485,1708,226,491,33,43,5295,2474,1824,297,787,0,0,5443,2414,1909,254,939,0,0,5111,2161,1814,205,769,59,123,5791,2473,2152,332,844,7,0,5709,2102,2568,343,487,32,221,3683,2128,1039,139,354,18,28,3140,2120,555,209,260,0,0,3035,2055,550,199,240,0,0,3846,1894,1206,152,478,40,77,3846,1894,1206,125,463,5,77,29,47,3408,2145,801,241,201,4,0,3370,1950,1015,114,195,4,85,0,1673,927,717,1708,907,801,1752,807,816,1697,684,947,1367,705,638,1164,994,0,1556,744,763,1634,784,798,1578,778,746,1500,705,758,1467,644,800,0.0,19,19021,,,
837,19111491000,4910,-91.3954351,40.3997642,1657888.0,1657888.0,0.0,2196,2007,38,115,18,9,1,2182,1892,91,152,14,39,0,2133,1812,106,158,18,45,0,1944,1661,44,168,19,54,7,2118,1781,112,160,32,41,0,1999,1754,102,110,15,19,0,1663,1545,13,65,6,4,0,1555,1365,70,94,4,12,0,1515,1300,85,99,10,24,0,1479,1293,28,104,14,38,7,1479,1293,28,72,6,0,0,2,78,1616,1413,74,92,15,23,0,1570,1420,70,46,15,12,0,4,1030,618,390,853,531,322,767,361,344,752,374,333,521,300,193,464,366,0,637,332,286,694,310,376,695,374,282,623,316,293,632,238,378,0.0,19,19111,,,
838,19153002700,27,-93.6450694,41.5904661,1764376.0,1764376.0,0.0,3476,2430,180,676,150,48,5,2847,2144,151,436,138,41,0,2960,2329,139,338,169,50,0,3857,2134,236,1244,189,74,19,3089,2565,131,158,223,20,0,3283,2040,263,800,265,24,0,2986,2239,126,471,119,34,3,2535,1945,130,295,134,8,0,2610,2115,120,195,159,14,0,3086,1947,171,760,152,53,5,3086,1947,171,688,118,14,3,14,131,2792,2307,107,148,217,8,0,2505,1850,80,415,154,8,0,4,1440,1133,278,1778,1411,367,2071,1609,290,2018,1389,534,2060,1706,312,1970,1723,0,2055,1623,355,2068,1693,328,2054,1654,348,1864,1480,340,1803,1409,365,0.0,19,19153,,,
839,19153002800,28,-93.6647634,41.5966169,1368783.0,1368783.0,0.0,3473,2598,232,425,199,48,6,3781,2633,217,828,111,34,0,3481,2612,213,651,25,32,0,3210,2379,192,426,142,72,11,3536,2713,179,596,26,71,0,3422,2725,135,480,42,64,0,2776,2157,153,275,169,29,4,2775,2210,74,419,50,20,0,2620,2175,79,314,25,14,0,2569,2029,119,270,93,56,7,2569,2029,119,225,76,4,0,12,104,2712,2254,59,295,27,15,0,2815,2410,70,250,14,8,0,55,1805,1348,414,1793,1383,410,1804,1315,323,1766,1190,499,1656,1315,307,1580,1341,0,1755,1330,358,1830,1437,348,1821,1413,367,1700,1304,351,1502,1192,278,0.0,19,19153,,,
840,19153003001,30.01,-93.6884535,41.5963479,2178291.0,2178291.0,0.0,1997,1803,78,74,36,19,2,2056,1936,47,44,25,6,0,1988,1906,26,27,25,4,0,2105,1824,94,90,73,24,9,1934,1796,10,15,107,1,0,2044,1815,16,103,94,1,0,1552,1435,51,45,15,11,2,1590,1520,24,25,14,4,0,1490,1455,4,15,8,4,0,1644,1453,62,59,45,21,7,1644,1453,62,45,24,2,1,9,48,1463,1400,0,11,56,5,0,1580,1440,8,70,60,4,0,0,1314,941,354,1282,900,382,1287,892,307,1283,786,449,1251,939,293,1196,1012,0,1301,935,328,1358,1040,299,1345,1006,317,1296,954,319,1319,1016,278,0.0,19,19153,,,
841,19153003002,30.02,-93.6909051,41.5880666,2462060.0,2462060.0,0.0,3316,3088,72,84,75,16,1,3552,3294,103,53,74,2,0,3440,3230,128,33,21,1,0,3354,3025,97,73,96,27,1,3501,3092,124,31,193,2,0,3888,3325,87,23,411,6,0,2554,2415,40,49,43,10,0,2550,2435,85,19,10,0,0,2485,2375,75,19,10,0,0,2530,2324,65,46,50,17,1,2530,2324,65,29,46,2,1,7,56,2659,2436,80,14,134,0,0,2865,2540,35,24,269,12,0,0,2313,1576,707,2154,1427,727,2105,1468,492,2085,1241,784,2030,1520,472,1912,1648,0,2129,1527,548,2271,1736,504,2268,1680,554,2161,1591,539,2212,1756,419,0.0,19,19153,,,
842,19153004300,43,-93.6162357,41.5563695,2905911.0,2905911.0,0.0,4982,3960,512,326,171,40,10,4753,3718,371,519,183,0,11,5038,4078,494,323,189,0,10,4723,3241,749,376,247,97,9,4945,3867,558,345,193,0,13,4570,3734,522,75,227,67,0,3641,3050,302,161,113,29,6,3350,2740,225,240,150,0,0,3715,3120,250,190,160,0,0,3583,2635,463,233,164,63,5,3583,2635,463,194,143,13,1,9,125,3660,3024,261,205,165,0,0,3510,3115,270,10,105,10,0,0,2098,1353,709,2272,1578,694,2156,1236,754,2126,1095,927,1791,1187,559,1661,1329,0,2072,1250,731,2301,1393,846,2271,1411,749,2030,1234,726,1914,1154,731,0.0,19,19153,,,
843,19153004800,48,-93.6074949,41.601745,1503977.0,1427755.0,76222.0,3187,1124,1252,530,282,61,4,3263,784,1116,1253,122,39,0,3086,831,1366,906,27,0,0,3055,879,1363,570,252,88,2,2703,701,1307,728,0,4,0,2783,777,1068,846,36,106,0,2118,909,676,331,202,39,2,1685,760,370,480,55,24,0,1565,770,425,375,0,0,0,2139,751,855,334,186,57,2,2139,751,855,279,176,9,0,3,66,1345,653,414,275,0,0,0,1510,750,395,325,35,0,0,0,784,595,172,904,750,154,890,646,181,870,566,250,642,491,131,607,518,0,782,569,178,859,619,210,832,614,179,778,558,191,853,584,253,0.0,19,19153,,,
844,19153004900,49,-93.6185229,41.6046082,1995581.0,1825688.0,169893.0,2159,797,651,515,195,56,1,2106,759,563,576,236,5,0,2219,765,550,591,325,23,0,1687,502,471,526,178,44,1,2115,788,419,570,338,28,0,1686,607,292,574,184,13,0,1580,680,404,338,152,34,1,1295,740,135,235,175,4,0,1380,775,130,230,225,19,0,1183,444,276,322,134,31,1,1183,444,276,303,131,10,0,1,18,1436,791,128,232,249,24,0,1185,580,120,340,135,10,0,4,459,371,81,614,515,99,493,383,80,481,334,122,399,306,86,374,324,0,426,323,91,407,306,90,402,295,93,385,282,93,433,313,112,0.0,19,19153,,,
845,19153005000,50,-93.6305012,41.6041031,1513863.0,1513863.0,0.0,4076,1027,945,1613,476,78,12,3776,788,1031,988,1012,57,0,3552,809,1163,830,862,28,0,3717,865,846,1425,543,97,11,3554,929,954,1198,642,32,0,2907,898,641,906,445,41,19,2782,867,576,988,327,51,7,1985,620,360,615,359,40,0,1830,710,355,505,255,20,0,2559,717,545,887,366,75,11,2559,717,545,831,356,16,6,6,82,1778,763,232,570,192,23,0,1670,745,175,585,140,14,0,0,1209,1013,177,1181,1037,144,1070,862,151,1036,752,218,846,683,145,793,693,0,978,776,179,1082,859,209,1056,834,196,967,758,191,948,695,231,0.0,19,19153,,,
846,19153004400,44,-93.6028884,41.5602736,2330043.0,2330043.0,0.0,3964,2578,765,436,166,77,2,3919,2332,834,597,108,265,0,3614,2330,607,522,81,263,0,4170,2063,1102,572,370,124,8,3830,1788,1416,315,95,241,0,4028,2327,1126,155,250,32,0,2825,2040,445,218,110,42,2,2570,1875,274,335,70,159,0,2460,1760,280,355,34,134,0,2966,1681,669,306,255,86,6,2966,1681,669,259,238,12,0,9,98,2297,1522,504,205,45,112,0,2570,1945,340,110,180,8,0,0,1556,1044,476,1527,1101,426,1490,918,474,1467,811,572,1203,843,332,1141,928,0,1396,894,452,1530,974,530,1522,972,493,1364,869,458,1343,809,523,0.0,19,19153,,,
847,19153004501,45.01,-93.6112503,41.5445245,1942165.0,1942165.0,0.0,4091,2897,434,392,350,54,5,3903,2523,800,278,326,114,0,3840,2392,906,285,277,108,0,4092,2320,707,478,528,98,8,3683,2270,902,278,216,0,17,4062,2256,1063,468,224,4,6,2994,2281,247,200,248,31,4,2425,1950,210,110,155,0,0,2445,1850,255,175,170,0,0,2998,1919,393,246,359,90,7,2998,1919,393,209,335,15,3,9,115,2193,1742,180,139,124,0,1,2530,1730,385,180,225,4,4,4,1768,1124,614,1645,1129,516,1514,865,545,1484,744,668,1206,774,406,1119,910,0,1432,842,532,1573,942,602,1563,943,554,1395,824,537,1473,856,595,0.0,19,19153,,,
848,19153004502,45.02,-93.6389962,41.5446005,1774993.0,1774993.0,0.0,2470,2045,216,109,86,29,4,2727,2364,283,14,24,42,24,2619,2266,271,12,31,39,31,2577,1918,285,209,84,81,5,2491,1989,258,145,0,35,2,2485,1931,290,245,11,100,1,1935,1676,124,61,60,15,3,2150,1920,170,4,0,40,0,2140,1920,160,4,0,40,0,2123,1663,183,143,70,57,3,2123,1663,183,115,50,5,3,10,94,1933,1694,146,59,0,39,0,1790,1670,65,55,0,4,0,4,1238,763,445,1361,871,490,1269,681,508,1250,589,602,1096,677,393,1004,777,0,1197,684,471,1262,747,481,1240,745,457,1160,671,454,1150,679,449,0.0,19,19153,,,
849,19153005200,52,-93.5919216,41.5843925,5437167.0,5062774.0,374393.0,3164,1540,865,606,122,60,16,3063,1101,1281,580,151,122,0,3031,963,1198,692,161,179,0,3207,1275,1170,585,172,83,7,2695,934,1011,622,46,175,0,3153,1400,971,574,15,148,0,2195,1250,509,334,83,39,11,1520,910,310,190,45,50,0,1435,830,220,220,65,95,0,2263,1047,743,335,107,67,2,2263,1047,743,281,90,5,1,9,87,1382,756,295,232,20,100,0,1790,1245,255,255,15,44,0,0,860,666,173,905,755,150,884,652,183,865,572,244,851,654,173,811,695,0,1001,749,224,1330,998,297,1311,982,270,1056,785,240,1151,828,300,0.0,19,19153,,,
850,19153005300,53,-93.5511818,41.5812513,15015145.0,13034236.0,1980909.0,2749,1900,488,227,119,45,4,2526,1349,724,408,144,65,0,2569,1355,727,440,154,66,0,2633,1463,606,331,186,69,2,2547,1430,719,366,109,50,0,2406,1383,654,241,97,19,0,1983,1474,277,134,84,29,3,1630,1150,235,179,48,12,0,1665,1170,225,194,48,18,0,1940,1182,391,185,133,51,2,1940,1182,391,152,118,8,0,11,78,1654,1197,219,187,50,12,0,1530,1185,180,85,70,0,0,4,908,625,262,830,630,200,791,466,272,774,404,321,627,416,185,581,479,0,754,457,268,894,529,342,879,539,302,766,453,285,789,405,374,0.0,19,19153,,,
851,19127950300,9503,-93.0482463,41.9274591,427748515.0,427423070.0,325445.0,3443,3287,69,48,19,18,2,3468,3212,199,15,5,31,0,3472,3267,149,11,5,34,0,3384,3114,115,71,32,44,2,3395,3208,114,8,1,58,0,3547,3442,53,37,0,29,0,2622,2513,38,43,14,12,2,2475,2380,53,16,4,29,0,2505,2430,32,12,4,34,0,2558,2392,59,47,13,31,2,2558,2392,59,41,6,1,1,1,57,2548,2459,12,8,4,56,0,2610,2520,44,30,0,22,0,0,1920,950,916,1850,936,914,1817,594,1127,1789,525,1202,1581,653,915,1377,1018,0,1751,611,1108,1952,623,1295,1931,672,1193,1837,633,1167,1903,542,1330,0.0,19,19127,,,
852,19127950100,9501,-92.8891013,42.1342123,368209929.0,367969312.0,240617.0,2933,2814,54,11,36,6,3,3064,2855,167,0,0,42,0,2981,2751,179,0,0,51,0,2750,2580,87,22,22,45,4,3201,2752,222,0,193,34,0,2915,2572,51,14,237,44,0,2304,2242,28,5,22,5,2,2365,2245,79,0,0,40,0,2315,2185,73,0,0,50,0,2229,2113,59,12,16,30,1,2229,2113,59,4,10,8,1,0,34,2456,2262,115,0,50,21,0,2360,2210,34,10,79,23,0,0,1711,794,828,1720,805,915,1683,488,1023,1672,446,1127,1404,550,827,1199,947,0,1582,553,996,1743,623,1090,1728,644,1030,1627,570,1023,1635,525,1079,0.0,19,19127,,,
853,19127950200,9502,-93.1329208,42.0975801,403244147.0,402620330.0,623817.0,3091,2950,83,22,21,16,7,3076,2958,21,30,57,10,0,3188,3006,69,40,65,8,0,2942,2745,119,17,15,46,3,3124,2826,203,44,53,6,0,2889,2639,210,13,22,14,0,2286,2210,38,6,14,10,5,2265,2215,14,10,18,10,0,2270,2190,44,10,18,10,0,2240,2122,67,11,10,26,1,2240,2122,67,2,7,0,1,0,41,2221,2093,80,26,10,3,0,2145,2020,109,4,10,4,0,0,1622,755,805,1672,772,900,1687,476,1059,1675,425,1190,1404,520,861,1189,889,0,1560,502,1032,1684,537,1123,1662,546,1063,1589,512,1050,1712,504,1177,0.0,19,19127,,,
854,19127950400,9504,-92.8376082,41.9434642,190948646.0,190727174.0,221472.0,3208,3016,147,23,16,19,2,2994,2851,52,19,32,39,1,2931,2792,62,21,34,20,2,3004,2713,155,32,34,59,1,2856,2636,163,11,33,7,2,2887,2680,166,43,4,5,0,2438,2350,67,6,10,11,1,2305,2240,4,15,10,30,4,2220,2170,4,15,14,15,4,2309,2139,90,15,16,43,1,2309,2139,90,6,12,8,0,4,50,2138,2111,1,4,14,0,0,2215,2080,110,8,4,8,0,0,1702,867,783,1715,837,878,1679,517,1056,1650,459,1113,1388,553,822,1190,911,0,1570,544,983,1698,555,1094,1685,600,1028,1562,526,995,1654,474,1147,0.0,19,19127,,,
855,19163010101,101.01,-90.4212947,41.6763493,214057811.0,205846809.0,8211002.0,3701,3532,76,31,20,27,0,4141,3933,45,66,11,86,0,4050,3815,32,57,51,94,0,3695,3451,80,37,14,72,2,3723,3510,31,5,121,57,0,3456,3167,3,4,193,39,0,2861,2773,34,10,11,17,0,3315,3120,39,65,10,84,0,3245,3075,29,55,10,73,0,2899,2755,40,16,7,51,2,2899,2755,40,7,4,2,2,11,78,2991,2878,26,4,44,55,0,2740,2640,4,4,75,28,0,0,2345,1097,1193,2279,1044,1235,2284,759,1348,2245,644,1509,1944,750,1170,1587,1001,0,2191,772,1365,2421,875,1504,2403,859,1478,2190,762,1390,2395,804,1550,13683.159794875852,19,19163,,,
856,19163012300,123,-90.6263977,41.5061352,1185559.0,1185559.0,0.0,1656,1462,105,57,6,34,2,1477,1192,176,76,8,25,0,1524,1215,204,85,5,15,0,1546,1262,149,87,6,54,1,1538,1004,408,41,3,82,0,1454,943,415,20,0,60,0,1283,1169,60,23,6,21,2,1155,980,120,23,10,24,0,1150,965,125,43,4,14,0,1219,1045,89,44,2,47,1,1219,1045,89,31,1,9,0,1,43,1092,783,197,24,4,81,0,1055,780,200,15,0,64,0,0,717,452,244,785,531,254,745,353,336,737,324,377,579,298,260,495,360,0,684,343,326,761,385,369,745,392,334,658,324,324,734,326,393,0.0,19,19163,,,
857,19163010202,102.02,-90.5780509,41.6891876,240717684.0,240504821.0,212863.0,5789,5493,145,95,39,26,8,6455,5892,162,474,114,15,13,6364,5901,138,398,97,6,9,5866,5255,176,295,31,97,5,6300,5743,156,487,161,9,15,5632,4961,386,323,244,56,9,4188,4046,76,35,24,18,3,4735,4485,80,145,0,14,0,4640,4450,70,105,0,4,0,4318,3968,107,144,23,69,4,4318,3968,107,110,11,3,1,10,108,4535,4316,41,140,20,10,0,4050,3810,85,94,29,28,0,10,3007,1495,1460,3306,1567,1739,3290,1158,1895,3242,985,2116,2740,1116,1578,2252,1526,0,3165,1176,1898,3563,1366,2133,3539,1370,2067,3189,1179,1947,3557,1222,2272,0.0,19,19163,,,
858,19163010300,103,-90.7931876,41.6793846,342619251.0,341888432.0,730819.0,2586,2498,34,24,16,14,1,2420,2310,0,17,57,36,7,2526,2379,9,13,69,55,8,2393,2208,59,26,24,46,3,2469,2328,9,1,38,45,0,2195,2059,35,29,16,10,0,1965,1923,16,8,8,13,0,1905,1865,0,15,12,10,0,1940,1885,10,10,12,10,0,1861,1762,20,7,9,25,3,1861,1762,20,3,2,0,2,10,62,1909,1854,12,0,13,14,0,1745,1685,29,19,4,8,0,0,1463,630,795,1433,613,820,1413,423,896,1406,375,979,1214,421,768,983,631,0,1353,443,895,1486,478,985,1463,476,962,1367,423,925,1406,389,996,0.0,19,19163,,,
859,19127950500,9505,-92.8977859,42.0603021,6396984.0,6375579.0,21405.0,4464,2052,2087,230,80,54,28,4331,1426,2552,83,270,20,0,4107,1417,2379,105,206,19,0,3945,1266,2104,202,331,125,6,4085,1583,2260,35,207,19,0,4141,1365,2333,242,189,12,0,3007,1661,1146,130,60,29,16,1905,1185,655,45,0,0,0,1910,1130,705,49,0,0,0,2710,1051,1286,115,218,88,3,2710,1051,1286,97,207,18,1,6,44,1928,1212,687,14,0,0,0,2010,1065,830,100,0,10,0,0,975,733,226,1087,899,188,1016,682,264,983,578,346,646,462,170,613,526,0,831,555,246,872,585,277,861,577,241,791,512,256,821,448,358,0.0,19,19127,,,
860,19127950700,9507,-92.9687992,42.0630549,19558927.0,19376059.0,182868.0,4513,3659,684,117,39,28,3,4473,3095,803,288,311,32,0,4641,3092,858,319,390,37,0,4309,2878,1047,154,148,65,2,4900,3179,1182,270,258,6,0,4904,3124,1214,44,330,53,0,3435,2975,353,62,28,16,3,2980,2665,235,33,10,30,0,3120,2685,305,43,45,35,0,3248,2407,604,93,83,49,1,3248,2407,604,70,71,17,0,7,72,3611,2773,714,40,68,0,0,3595,2820,600,45,85,55,0,0,2139,1158,934,2056,1198,858,1904,941,823,1856,817,951,1491,809,644,1331,1081,0,1738,895,779,1856,994,815,1836,984,789,1698,877,780,1761,877,849,0.0,19,19127,,,
861,19127950600,9506,-92.9198122,42.0421212,3203640.0,3203640.0,0.0,4767,3229,1242,182,97,49,14,4243,2473,1453,120,197,54,0,4381,2519,1581,145,136,60,0,4592,2311,1740,236,221,166,9,4434,2538,1471,300,125,48,0,4476,1928,1987,356,205,171,0,3499,2638,664,109,71,23,11,2460,2085,315,40,14,0,0,2620,2105,455,50,20,0,0,3291,1913,1016,148,141,118,6,3291,1913,1016,120,139,10,5,1,87,2807,2158,456,186,20,0,0,2650,1695,795,115,10,0,0,35,1839,1041,766,1748,1067,681,1590,810,672,1569,678,816,1236,652,550,1100,898,0,1473,755,660,1612,870,705,1580,840,669,1485,759,690,1664,824,806,0.0,19,19127,,,
862,19127950900,9509,-92.8888577,42.0479651,12678586.0,12553214.0,125372.0,3307,2059,1097,108,37,49,7,3518,1740,1186,176,383,34,13,3529,1598,1456,193,245,39,13,3393,1503,1454,87,295,72,13,3690,1587,1608,313,259,37,13,3733,1737,1545,473,181,0,0,2372,1689,594,57,20,26,1,2065,1475,345,118,74,25,15,2060,1330,500,154,30,30,15,2372,1248,856,58,174,46,5,2372,1248,856,45,160,15,4,2,42,1872,1208,394,159,52,30,15,1995,1210,555,145,79,0,0,0,1212,791,396,1251,817,434,1190,626,493,1176,555,561,925,542,364,833,723,0,1076,592,454,1174,655,502,1154,649,454,1068,583,465,1067,540,507,0.0,19,19127,,,
863,19127951000,9510,-92.8887045,42.0211532,20671725.0,20658285.0,13440.0,4387,3282,715,125,234,49,4,4486,3209,876,291,82,28,0,4225,2989,914,216,86,21,0,4729,2971,1148,200,332,99,3,3966,2679,967,178,120,22,0,4202,2700,1246,49,155,68,0,3308,2639,397,77,170,29,4,2985,2550,185,203,24,29,0,2800,2390,220,150,24,20,0,3493,2447,657,121,213,60,3,3493,2447,657,97,199,13,3,8,69,2647,2147,347,111,23,19,0,2740,2190,430,49,70,4,0,0,2046,1104,909,2039,1080,959,1935,896,906,1923,784,1075,1590,843,725,1413,1161,0,1801,880,866,1906,958,900,1863,944,857,1766,871,859,1800,878,887,0.0,19,19127,,,
864,19163010600,106,-90.5653483,41.5271969,1810671.0,1517436.0,293235.0,2399,1249,253,877,45,58,1,2901,1635,241,1031,38,75,0,2901,1769,113,1024,37,73,0,2679,1423,265,874,58,137,5,2947,1597,279,1016,42,41,0,2757,1286,658,797,49,46,0,1824,1062,162,560,37,39,1,2190,1440,180,550,10,10,0,2305,1605,105,575,10,10,0,2101,1260,160,561,54,91,5,2101,1260,160,484,34,6,0,5,152,2239,1406,137,654,16,21,0,2075,1230,195,619,15,12,0,0,991,808,165,869,718,151,778,524,195,756,489,237,510,385,112,488,395,0,688,489,175,844,592,210,832,586,205,746,515,201,804,527,264,1194.025996159193,19,19163,,,
865,19163011200,112,-90.5962736,41.5367571,920331.0,920331.0,0.0,2281,1591,286,326,77,38,2,2179,1303,446,414,16,0,0,2159,1312,414,423,0,10,0,2228,1297,374,500,61,52,0,2257,1168,461,466,154,8,0,2347,1398,395,409,143,2,0,1683,1273,163,187,60,26,0,1600,1090,245,263,0,0,0,1610,1105,195,299,0,10,0,1602,1056,207,280,50,29,0,1602,1056,207,233,39,3,0,0,64,1679,978,165,376,156,8,0,1720,1145,160,289,120,4,0,0,946,646,276,983,685,298,977,537,353,957,476,421,730,439,275,646,506,0,891,504,355,1016,576,406,1013,572,388,895,502,366,913,487,406,0.0,19,19163,,,
866,19163013100,131,-90.535673,41.5323139,1401467.0,1271193.0,130274.0,1853,1611,89,118,17,16,2,1937,1674,52,176,35,15,0,1814,1651,58,69,38,12,0,1857,1574,161,65,21,45,1,2041,1882,75,37,47,17,0,1939,1763,98,0,65,0,13,1433,1287,52,77,12,9,0,1510,1375,55,50,29,0,0,1440,1330,60,14,35,0,0,1484,1296,100,34,14,35,1,1484,1296,100,21,14,5,1,3,44,1663,1537,79,6,47,0,0,1630,1485,80,0,55,0,0,15,1180,683,472,1199,694,505,1230,657,482,1211,580,599,1094,618,453,949,705,0,1171,657,490,1254,760,478,1250,730,495,1130,645,469,1048,638,388,671.9446911876656,19,19163,,,
867,19163010700,107,-90.5806963,41.5293036,898620.0,898620.0,0.0,1527,835,172,494,32,40,0,1566,974,147,410,29,15,0,1326,689,119,391,114,21,0,1320,570,194,511,25,52,4,1273,650,185,336,106,11,0,1240,658,149,332,74,84,0,1219,740,114,331,25,26,0,1115,825,60,200,25,4,0,885,535,35,185,110,15,0,999,488,133,338,16,36,4,999,488,133,301,13,8,2,7,47,907,574,58,165,100,0,0,1015,610,85,230,75,25,0,0,440,333,88,464,377,87,432,283,113,417,258,139,282,193,68,260,212,0,357,248,104,389,273,116,383,267,108,346,234,109,368,236,116,0.0,19,19163,,,
868,19163013702,137.02,-90.4603408,41.5480008,19157594.0,16225628.0,2931966.0,5875,5284,140,91,343,23,6,5606,4512,130,253,625,44,0,5477,4400,173,223,595,46,0,6507,5413,226,162,588,101,5,5314,4232,262,183,554,36,0,5743,4783,221,152,418,33,0,4253,3891,85,52,218,14,3,3844,3409,90,200,99,47,0,3744,3279,140,164,124,47,0,4911,4217,128,96,388,67,2,4911,4217,128,73,340,9,2,5,137,3918,3366,227,164,144,29,0,4375,3895,165,104,189,19,0,0,3264,1485,1739,3714,1729,1985,3459,1536,1667,3382,1252,1997,2899,1376,1467,2472,1749,0,3344,1534,1706,3756,1857,1826,3729,1796,1831,3450,1590,1787,3945,1805,2062,7481.179882290917,19,19163,,,
869,19033950700,9507,-93.3333323,43.1392285,66760227.0,65588393.0,1171834.0,4046,3830,90,44,67,20,1,3886,3726,50,98,11,0,0,4019,3778,141,82,19,0,0,4030,3666,146,85,67,63,6,3939,3723,166,50,0,2,0,3928,3470,228,186,0,50,0,3215,3097,49,20,32,14,0,3060,2959,45,45,0,0,0,3090,2914,126,55,0,0,0,3262,3034,103,44,44,32,2,3262,3034,103,26,36,1,0,0,62,3094,2927,148,32,0,0,0,3175,2915,195,35,0,35,0,0,2278,1147,1092,2255,1039,1216,2243,836,1262,2222,709,1420,1844,759,1040,1570,1124,0,2147,847,1247,2449,981,1421,2422,1037,1331,2202,862,1296,2336,889,1410,0.0,19,19033,,,
870,19033950900,9509,-93.36309,43.0627104,266827207.0,260101594.0,6725613.0,1584,1537,17,12,19,6,0,1802,1770,0,0,17,12,3,1735,1700,0,0,16,17,2,1659,1562,35,15,23,19,4,1706,1665,20,0,7,10,4,1852,1726,111,0,0,9,1,1262,1237,13,4,11,3,0,1484,1454,0,0,14,8,0,1444,1409,0,0,14,20,0,1382,1324,18,8,9,18,2,1382,1324,18,2,3,0,0,4,31,1455,1411,20,0,4,8,0,1545,1460,75,0,0,10,0,4,1015,493,492,993,439,554,978,299,618,964,253,659,843,290,534,722,520,0,965,325,623,1091,376,699,1087,403,657,1013,342,646,1071,349,701,0.0,19,19033,,,
871,19033950800,9508,-93.4302921,43.196304,181184564.0,172769263.0,8415301.0,4985,4752,96,43,75,20,6,5022,4555,191,0,216,35,8,5052,4539,171,0,261,57,8,4785,4443,112,98,90,19,8,4953,4488,164,0,261,15,8,4681,4323,33,2,321,0,2,3972,3849,54,17,40,14,3,4021,3777,80,0,120,34,10,4066,3752,104,0,145,54,10,3873,3640,76,46,73,14,4,3873,3640,76,34,58,0,0,3,62,4026,3805,78,0,117,15,2,3760,3580,19,0,159,0,4,0,2815,1383,1371,2929,1333,1596,2954,1021,1760,2927,814,1970,2526,934,1546,2154,1532,0,2808,1002,1751,3043,1140,1860,3019,1173,1795,2806,998,1758,2979,1059,1878,0.0,19,19033,,,
872,19033950300,9503,-93.2101798,43.1259938,10166920.0,10109180.0,57740.0,4742,4265,274,139,47,30,7,4556,4154,245,149,0,24,0,4483,4077,188,187,23,33,0,4422,3614,391,236,100,87,25,4396,3836,290,370,14,69,4,4331,3750,331,348,12,50,1,3742,3448,175,64,38,23,5,3649,3333,158,148,0,10,0,3639,3306,116,187,25,19,0,3534,3007,242,126,80,71,17,3534,3007,242,94,63,12,13,3,100,3445,3010,163,230,11,39,0,3465,3105,130,195,10,30,0,8,2359,1601,714,2326,1547,779,2186,1045,965,2161,851,1157,1716,960,733,1558,1267,0,1986,1024,891,2136,1121,975,2114,1204,831,1934,1001,887,2084,1029,1014,0.0,19,19033,,,
873,19033950600,9506,-93.0983092,43.0705394,419723269.0,419534867.0,188402.0,2180,2110,29,16,18,8,2,2122,2015,45,23,37,2,0,2034,1926,45,27,33,2,0,2145,2029,39,25,9,19,1,2140,2009,53,20,19,2,0,2071,1977,26,25,7,2,0,1749,1708,20,5,8,5,1,1713,1653,29,8,29,4,0,1603,1538,29,8,24,4,0,1702,1624,23,14,2,15,1,1702,1624,23,9,0,3,0,5,38,1632,1558,38,3,15,3,0,1530,1490,25,8,4,4,0,0,1389,753,582,1327,724,603,1318,469,785,1288,383,839,1091,463,621,930,682,0,1235,471,745,1335,478,841,1326,541,740,1257,464,770,1348,466,862,0.0,19,19033,,,
874,19033951000,9510,-93.2671157,42.9621996,434944485.0,434871170.0,73315.0,2864,2795,38,15,9,5,1,2457,2417,25,13,9,2,0,2385,2340,24,12,13,5,0,2763,2599,81,22,16,32,1,2539,2460,60,9,12,4,0,2725,2574,117,11,7,10,0,2211,2177,18,6,5,5,1,1885,1865,10,8,4,0,0,1800,1775,15,8,8,4,0,2084,1982,41,8,10,29,1,2084,1982,41,5,3,3,0,4,46,1954,1921,22,4,9,3,0,1855,1805,45,8,8,8,0,0,1622,888,666,1581,829,752,1468,504,903,1432,404,963,1202,470,738,1061,773,0,1394,505,870,1538,514,1000,1519,569,898,1411,477,909,1531,478,1029,0.0,19,19033,,,
875,19163012902,129.02,-90.5326625,41.5665866,6876352.0,6876352.0,0.0,5016,4295,221,383,121,35,3,5533,4565,271,490,224,0,0,5758,4675,243,621,202,0,29,5555,4634,262,380,172,93,9,5972,5037,248,499,102,0,86,6183,4777,311,895,81,122,79,3809,3348,133,241,80,23,2,4330,3820,140,235,135,0,0,4445,3885,110,265,150,0,0,4456,3821,188,248,114,62,5,4456,3821,188,206,97,4,2,17,121,4661,4105,104,310,45,0,0,4835,3990,215,445,55,15,0,115,2912,1410,1479,3074,1468,1606,3203,1418,1563,3163,1145,1882,2864,1343,1476,2419,1748,0,3154,1433,1612,3436,1740,1617,3405,1650,1664,3050,1426,1553,3121,1580,1484,0.0,19,19163,,,
876,19163013000,130,-90.5384891,41.5475344,4880813.0,4880813.0,0.0,4984,4145,278,427,129,39,8,5318,4643,490,124,71,51,0,4986,4484,379,136,0,61,0,5242,4200,358,424,187,87,10,4770,4148,312,312,0,52,0,4780,3759,411,450,125,93,0,3940,3386,176,265,104,26,5,3945,3650,250,45,0,0,0,3890,3550,280,65,0,0,0,4205,3463,242,286,143,67,7,4205,3463,242,235,124,0,0,7,134,3591,3263,228,99,0,2,0,3790,3145,315,215,60,25,0,25,3080,1789,1250,2990,1749,1241,2872,1540,1080,2820,1345,1340,2343,1338,952,2059,1549,0,2727,1515,1098,2996,1795,1117,2971,1724,1137,2760,1539,1143,2956,1626,1266,0.0,19,19163,,,
877,19163013200,132,-90.523141,41.5272899,2111257.0,1733292.0,377965.0,1699,1538,74,60,13,18,3,1608,1443,149,10,10,0,0,1694,1570,98,14,11,0,0,1715,1454,100,99,27,28,5,1580,1511,31,25,12,2,0,1574,1519,20,19,0,15,0,1364,1265,44,44,8,11,2,1210,1165,30,4,4,0,0,1275,1235,25,10,4,0,0,1384,1213,59,60,21,21,4,1384,1213,59,51,12,4,2,4,39,1264,1210,36,15,3,1,0,1320,1270,20,15,0,15,0,0,971,487,469,1118,586,532,1054,481,484,1026,413,581,916,461,435,763,559,0,1008,484,496,1087,556,518,1080,536,511,951,458,475,996,495,486,1759.3438672227867,19,19163,,,
878,19163013300,133,-90.5065423,41.5292031,4121100.0,3397265.0,723835.0,3402,3098,147,109,35,21,4,3403,3150,107,146,0,0,0,3216,2981,79,156,0,0,0,3676,2979,248,288,90,80,2,3212,2725,102,343,35,3,0,3273,2622,172,385,73,65,9,2671,2492,72,58,25,14,3,2505,2440,30,30,0,0,0,2495,2425,35,40,0,0,0,2844,2401,152,157,63,68,2,2844,2401,152,110,46,4,0,8,123,2416,2243,34,102,35,4,0,2485,2255,65,80,65,23,0,10,2084,1129,926,2022,1088,934,1866,850,859,1818,721,1017,1533,756,738,1315,933,0,1827,861,896,2111,1042,1016,2079,1017,987,1856,882,928,2020,979,1003,1990.7904076660109,19,19163,,,
879,19163013400,134,-90.486222,41.5295971,3344046.0,2883025.0,461021.0,2945,2617,158,112,41,39,1,3470,2733,231,466,64,0,0,3053,2450,132,422,70,0,0,2975,2437,216,221,58,78,5,2927,2259,133,424,71,16,0,2901,2436,106,265,0,21,0,2256,2050,104,57,24,22,1,2540,2180,85,230,45,0,0,2385,2055,90,200,45,0,0,2313,1962,150,122,47,57,5,2313,1962,150,80,31,7,1,4,78,2218,1911,83,159,46,0,0,2340,2165,80,80,0,8,0,0,1462,861,577,1726,911,815,1659,769,752,1625,648,902,1339,663,644,1155,835,0,1522,737,747,1647,844,776,1630,828,766,1501,729,747,1684,839,810,1192.5862099586616,19,19163,,,
880,19163013500,135,-90.511664,41.5465962,2621144.0,2621144.0,0.0,3326,2808,150,249,107,36,9,3263,2694,159,284,129,12,15,3453,2944,172,230,112,17,9,3481,2553,246,511,123,52,7,3566,2983,308,209,76,17,9,4116,3500,357,108,62,16,11,2404,2121,81,115,78,17,5,2460,2100,105,150,90,0,0,2460,2125,125,115,95,0,0,2554,2016,141,272,86,28,5,2554,2016,141,234,69,5,0,9,80,2678,2231,265,115,65,0,0,2990,2595,245,84,53,0,0,4,1807,1001,773,1735,975,760,1626,752,726,1590,638,860,1229,657,542,1066,774,0,1543,764,705,1785,944,790,1763,926,766,1599,797,749,1720,827,864,0.0,19,19163,,,
881,19163013600,136,-90.5096084,41.5566296,1589992.0,1589992.0,0.0,2580,2353,112,44,56,11,0,2994,2493,157,115,60,176,0,2639,2333,157,97,0,66,0,2597,2146,192,109,82,86,2,2520,2278,148,76,1,28,1,2592,2191,254,131,5,26,1,1958,1814,71,27,30,9,0,2110,1830,95,75,35,80,0,1890,1705,90,55,0,35,0,1921,1668,100,55,49,54,2,1921,1668,100,31,35,5,0,7,75,1777,1634,79,44,0,14,0,1820,1635,130,40,0,20,0,4,1582,838,723,1589,820,769,1504,632,741,1495,530,903,1250,582,646,1060,746,0,1432,638,741,1559,761,763,1537,734,756,1400,636,732,1384,641,720,0.0,19,19163,,,
882,19163013703,137.03,-90.5091009,41.5650366,1885024.0,1885024.0,0.0,2755,2506,104,48,97,7,2,2645,2437,97,17,81,13,0,2706,2522,90,16,80,0,0,2857,2425,167,107,106,45,3,2706,2350,81,12,263,0,0,2880,2458,106,39,292,23,0,1981,1835,62,27,59,4,2,1905,1785,75,4,35,4,0,1985,1890,70,0,30,0,0,2073,1812,115,49,59,31,0,2073,1812,115,29,55,2,0,8,52,1825,1717,36,0,64,0,0,1920,1760,55,14,95,0,0,0,1532,689,828,1722,762,960,1657,675,838,1642,550,1036,1386,615,748,1174,819,0,1592,685,850,1740,834,865,1720,805,869,1584,698,851,1647,761,856,0.0,19,19163,,,
883,19185070100,701,-93.2149563,40.8074633,400048128.0,397979366.0,2068762.0,2574,2503,41,7,10,13,2,2610,2541,31,19,2,17,0,2586,2499,61,15,6,5,0,2534,2451,16,27,11,24,7,2834,2663,76,12,5,4,0,2782,2587,67,19,13,15,0,2036,1989,23,5,8,11,0,2050,1990,20,20,4,18,0,1995,1935,40,14,8,4,0,1971,1916,8,13,7,16,5,1971,1916,8,3,4,4,1,4,31,2152,2076,50,8,4,4,0,2120,2040,45,4,14,18,0,0,1262,540,670,1187,514,673,1207,307,827,1207,258,888,974,299,672,816,636,0,1128,311,802,1266,315,931,1240,336,871,1151,300,831,1286,271,989,0.0,19,19185,,,
884,19185070200,702,-93.451394,40.7641069,539388904.0,538422178.0,966726.0,1737,1690,11,14,10,12,0,1629,1591,8,16,5,9,0,1735,1651,26,10,5,43,0,1582,1500,25,17,24,25,5,1536,1477,15,16,5,23,0,1549,1415,50,36,33,36,0,1350,1323,7,7,8,6,0,1245,1235,0,0,4,8,0,1325,1300,0,0,4,30,0,1262,1214,9,5,20,14,5,1262,1214,9,0,7,0,0,2,30,1244,1210,0,0,2,20,0,1220,1165,10,0,10,35,0,0,890,407,420,839,380,459,850,189,586,848,163,605,692,205,471,576,447,0,775,205,563,862,209,639,854,228,606,809,208,590,845,186,651,9748.347633258583,19,19185,,,
885,19185070300,703,-93.2647626,40.6450105,425792979.0,424556009.0,1236970.0,2092,2051,17,14,6,6,1,2174,2039,16,75,38,6,0,2107,2026,15,15,35,16,0,2381,2277,20,16,17,30,3,2056,1956,14,21,35,30,0,2153,2107,0,0,0,28,0,1517,1504,7,1,1,6,0,1505,1430,10,49,10,8,0,1450,1410,10,4,4,15,0,1559,1497,11,4,9,24,0,1559,1497,11,0,7,5,0,1,38,1421,1372,5,4,4,27,0,1430,1405,0,0,0,29,0,0,933,409,473,801,337,464,857,168,628,849,146,640,687,166,489,565,428,0,805,180,617,981,203,768,961,220,709,924,206,697,993,186,786,29141.225778188746,19,19185,,,
886,19141490100,4901,-95.5162624,43.1237786,558715701.0,558651820.0,63881.0,2859,2703,105,15,25,10,10,2623,2389,154,52,16,41,0,2688,2465,168,47,9,26,0,2711,2438,160,50,25,25,0,2529,2262,215,71,8,17,0,2547,2320,89,18,6,56,0,2175,2098,53,8,10,5,2,1990,1890,39,24,4,38,0,1995,1910,39,20,4,18,0,2084,1934,87,22,11,14,0,2084,1934,87,12,4,4,0,5,38,1881,1759,79,36,0,9,0,1930,1865,55,0,0,12,0,0,1437,586,798,1369,464,905,1452,303,1037,1431,215,1159,1071,307,767,889,677,0,1312,314,977,1453,348,1077,1430,377,1024,1314,311,992,1462,315,1132,0.0,19,19141,,,
887,19141490200,4902,-95.7345362,43.1180526,548093290.0,548078471.0,14819.0,3877,3741,78,20,18,13,1,3885,3615,155,55,38,17,16,3842,3651,91,45,27,9,23,3859,3572,150,61,25,60,1,4002,3717,147,101,29,11,0,4057,3874,20,76,40,6,0,2913,2842,39,9,10,11,1,2855,2760,40,18,25,12,0,2828,2753,34,14,19,8,0,2938,2760,96,32,19,37,1,2938,2760,96,26,14,11,0,0,31,2914,2811,48,19,14,10,0,2905,2865,12,12,14,4,0,0,2151,605,1480,1971,495,1476,1997,322,1569,1992,220,1702,1648,304,1320,1226,906,0,1924,346,1561,2139,403,1705,2125,429,1661,2031,346,1665,2174,363,1783,0.0,19,19141,,,
888,19141490400,4904,-95.6157612,42.9496492,354228680.0,353895616.0,333064.0,2617,2556,30,19,1,10,1,2489,2413,29,38,2,10,4,2369,2280,47,38,1,4,4,2418,2303,49,32,6,20,2,2273,2172,54,32,13,9,4,2259,2185,32,7,26,2,0,2068,2033,14,12,0,8,0,1945,1895,12,18,0,8,8,1865,1815,18,24,0,0,8,1917,1849,29,14,2,13,0,1917,1849,29,9,0,1,0,4,25,1812,1740,20,22,5,0,0,1830,1800,14,8,12,4,0,0,1354,511,790,1325,413,912,1382,232,1107,1381,191,1140,1108,256,801,850,640,0,1274,264,992,1402,309,1068,1386,318,1034,1270,264,983,1367,272,1074,0.0,19,19141,,,
889,19141490300,4903,-95.843391,43.1816809,23563734.0,23528050.0,35684.0,5045,4605,332,40,65,16,2,4914,4490,313,24,119,0,0,4945,4403,376,61,155,1,0,5194,4296,626,113,83,81,16,4992,4559,295,52,163,0,0,5275,4407,672,131,142,19,0,3849,3593,198,23,36,9,1,3630,3510,90,29,15,0,0,3732,3477,200,39,25,0,0,3945,3422,358,55,45,55,6,3945,3422,358,50,40,9,6,4,56,3806,3607,142,39,26,0,0,3820,3505,205,89,10,10,0,0,2500,636,1826,2517,549,1968,2550,416,2013,2502,334,2108,2014,400,1584,1461,1019,0,2347,427,1883,2557,509,2011,2521,516,1956,2324,426,1864,2522,478,2009,0.0,19,19141,,,
890,19099040500,405,-93.047594,41.6955331,4141194.0,4141194.0,0.0,5125,4899,86,58,43,34,3,4348,4234,64,31,16,3,0,3973,3695,137,87,18,36,0,5122,4502,201,214,54,122,12,4208,3561,228,336,24,59,0,4274,3348,469,339,113,69,98,3962,3840,42,25,24,18,2,3615,3525,45,35,4,4,0,3355,3195,50,90,10,19,0,4027,3640,120,121,34,88,11,4027,3640,120,88,29,25,8,4,113,3267,3035,90,93,10,24,0,3360,3005,239,75,0,44,0,0,2622,1599,972,2688,1694,994,2407,1146,1055,2372,1021,1179,1890,1077,771,1741,1392,0,2217,1115,1005,2391,1170,1162,2353,1187,1059,2188,1090,1036,2344,1041,1258,0.0,19,19099,,,
891,19099040600,406,-93.0669455,41.6914425,2649238.0,2649238.0,0.0,2942,2809,48,35,25,20,0,3018,2902,71,0,7,38,0,3182,3023,47,75,8,29,0,3059,2713,118,109,60,44,2,3137,2983,71,73,0,10,0,3384,3190,14,118,26,23,0,2271,2200,24,16,16,13,0,2210,2185,4,0,8,14,0,2340,2250,4,60,8,14,0,2327,2092,84,73,53,17,1,2327,2092,84,63,42,0,0,0,46,2274,2211,7,57,0,4,0,2475,2365,18,64,25,19,0,0,1561,948,577,1474,929,545,1642,735,790,1626,614,924,1382,726,626,1261,983,0,1546,731,762,1668,811,834,1658,798,801,1529,722,772,1618,751,835,0.0,19,19099,,,
892,19099040200,402,-93.2253436,41.7742733,403056586.0,402378127.0,678459.0,3924,3816,52,27,11,23,0,3858,3742,62,28,12,14,0,3956,3773,82,66,15,2,0,3989,3787,40,42,20,53,0,4063,3918,79,42,6,5,0,3992,3825,84,40,5,7,0,2947,2896,26,11,5,14,0,2970,2930,19,4,0,10,0,3010,2920,49,34,0,4,0,3012,2892,31,19,10,30,0,3012,2892,31,10,10,4,0,10,55,3093,3020,42,22,0,12,0,3115,3025,55,25,0,16,0,0,2232,1158,1006,2189,1125,1064,2207,761,1272,2200,678,1425,1916,855,1056,1728,1258,0,2198,830,1313,2476,851,1587,2457,906,1467,2317,857,1414,2512,807,1667,0.0,19,19099,,,
893,19195690300,6903,-93.1461544,43.3349828,344498406.0,344375806.0,122600.0,2840,2757,43,14,20,14,1,2837,2664,106,34,35,6,0,2702,2577,71,29,31,6,0,2693,2534,57,33,20,43,3,2660,2454,113,110,29,4,0,2625,2392,134,125,5,8,0,2170,2118,25,5,13,10,1,2225,2110,70,18,22,0,0,2150,2055,64,18,14,0,0,2117,1997,39,24,13,31,0,2117,1997,39,13,8,5,0,6,49,2100,1934,78,49,14,2,0,2080,1915,109,58,0,8,0,0,1637,1077,505,1498,942,556,1524,636,807,1520,513,948,1254,542,665,1134,894,0,1421,582,811,1549,619,897,1541,692,787,1455,583,827,1516,590,899,0.0,19,19195,,,
894,19195690200,6902,-93.3840078,43.3788589,516409635.0,511970670.0,4438965.0,2317,2223,58,9,18,18,1,2107,2032,26,2,14,25,8,2162,2035,84,27,10,0,6,2220,2047,83,35,20,16,4,2161,2031,81,28,14,0,7,2182,2094,54,27,0,7,2,1780,1727,35,1,10,10,1,1675,1660,8,4,8,0,4,1720,1670,34,14,4,0,4,1704,1622,39,10,7,12,0,1704,1622,39,2,5,0,0,3,33,1700,1622,40,13,4,0,0,1720,1685,19,14,0,4,0,0,1346,700,588,1286,672,614,1328,443,814,1323,344,893,1115,400,671,1008,736,0,1266,436,808,1402,464,910,1394,534,812,1293,428,831,1356,436,907,18211.586239412656,19,19195,,,
895,19195690100,6901,-93.1520135,43.4535564,180116018.0,179968456.0,147562.0,2441,2355,46,24,3,12,0,2545,2374,86,78,17,0,0,2587,2412,67,81,28,11,0,2530,2365,71,40,13,25,1,2601,2503,32,31,23,12,0,2610,2481,53,20,31,22,0,1891,1843,28,8,3,9,0,1975,1870,65,23,14,0,0,2000,1880,50,39,18,10,0,1939,1841,39,25,9,16,1,1939,1841,39,17,7,2,1,5,27,2092,2010,28,24,19,8,0,2060,1980,40,15,8,18,0,0,1348,790,519,1297,730,567,1390,503,813,1378,389,907,1139,419,690,1017,783,0,1307,468,820,1467,513,931,1442,577,826,1347,471,845,1415,482,909,19985.163249098496,19,19195,,,
